"Product Label","Name","Type","SKU","Categories","Images","Product Video","Short description","Description","Variations","Published","Is featured?","Visibility in catalog","Tax status","In stock?","Stock","Product Assets","Product Attributes","Product Meta","Linked Sites","Needs export","Product SKU Key","Corrected Variations","Site Brand Mapping","Default Brand","Product URL Mapping","Condition","Currency","Product Type","Google Product Category","GTIN","MPN","Identifier Exists","Material","Color Options","Texture Options","Length Options","Width Options","Height Options","Depth Options","Projection Options","Diameter Options","Sides Options","Primary Image URL","Additional Image URLs","PIM Review Status","PIM Issues"
"Round Column Set - Tuscan Cap & Base — 0081E","Round Column Set - Tuscan Cap & Base","variable","0081E","Architectural Сolumn kits","","","Increase the value of your home and transform ordinary to interesting with over 100 designs, we have something to match every décor style.","test ","Variation — recKl8HY8OgzjbMBw","1","0","visible","none","1","10","","","","decorativearchitecturalshapes.com","","0081E","Variation — recKl8HY8OgzjbMBw","{""decorativearchitecturalshapes.com"": ""Decorative Architectural Shapes""}","Decorative Architectural Shapes","{""decorativearchitecturalshapes.com"": """"}","new","USD","Architectural Сolumn kits","","","","","","","","","","","","","","","","","NEEDS_REVIEW","Description contains test/placeholder text | Image is missing"
"test airtable 334 — TEST-VARIABLE11-004","test airtable 334","variable","TEST-VARIABLE11-004","Architectural Сolumn kits","architectural-shapes-catalog.webp (https://v5.airtableusercontent.com/v3/u/57/57/1789048800000/mPe1-NExmURwtLk5WIWCmw/kp5gAZUKNi3JkBaGy1mFlXFrIXGuTB8rv6KR9xNW0lq_ng8lml8l4e0lJ0yZoS57dT8lg82PSrmMrt3zukamNFkL6hjHiZhd8arYYq2OpYE5WfBWeLfWn-Q0wyGSYoxNnxYDxVmhgaN6vr-XCRfWVGezE4LKo3LFcxPTyH_ty9IRIFD7OtcVNGSoJKLzOF1d/dPaT3K5_fR8r9Mb_SKl8KdN8qq7NNPwBinqOM9fhnqc),Aesthetics.webp (https://v5.airtableusercontent.com/v3/u/57/57/1789048800000/CbTt4qxz9zVc1n3pJ8DpFQ/iERn8wpXZcGaFDXu9tBSoWtlpkvYW8VNYCqW1q390sF-D1GC1NHSQ9fDWrTjYrZ_FzZRVPWugFN8k9GAcsm1uP9jzFQNR6TwbgFre94YnQ2X3rJv0vKnK12yVRvpl5c2MIbfN4PT3D_KnM_9GUuSuf4BroLGGo-nLYotzU3QnX0/7cP4QXdenlgGwDgqPBBXaGPD8uEVCZsXwSvHTWTFU6k)","","test 2","test 2","TEST-VARIABLE-055-test","1","0","visible","none","1","14","","","","decorativearchitecturalshapes.com","","TEST-VARIABLE11-004","TEST-VARIABLE-055-test","{""decorativearchitecturalshapes.com"": ""Decorative Architectural Shapes""}","Decorative Architectural Shapes","{""decorativearchitecturalshapes.com"": """"}","new","USD","Architectural Сolumn kits","","","","","","","","","","","","","","","https://v5.airtableusercontent.com/v3/u/57/57/1789048800000/mPe1-NExmURwtLk5WIWCmw/kp5gAZUKNi3JkBaGy1mFlXFrIXGuTB8rv6KR9xNW0lq_ng8lml8l4e0lJ0yZoS57dT8lg82PSrmMrt3zukamNFkL6hjHiZhd8arYYq2OpYE5WfBWeLfWn-Q0wyGSYoxNnxYDxVmhgaN6vr-XCRfWVGezE4LKo3LFcxPTyH_ty9IRIFD7OtcVNGSoJKLzOF1d/dPaT3K5_fR8r9Mb_SKl8KdN8qq7NNPwBinqOM9fhnqc","https://v5.airtableusercontent.com/v3/u/57/57/1789048800000/CbTt4qxz9zVc1n3pJ8DpFQ/iERn8wpXZcGaFDXu9tBSoWtlpkvYW8VNYCqW1q390sF-D1GC1NHSQ9fDWrTjYrZ_FzZRVPWugFN8k9GAcsm1uP9jzFQNR6TwbgFre94YnQ2X3rJv0vKnK12yVRvpl5c2MIbfN4PT3D_KnM_9GUuSuf4BroLGGo-nLYotzU3QnX0/7cP4QXdenlgGwDgqPBBXaGPD8uEVCZsXwSvHTWTFU6k","NEEDS_REVIEW","Description contains test/placeholder text | Images use temporary Airtable URLs"
"test airtable 1 — TEST-VARIABLE1","test airtable 1","variable","TEST-VARIABLE1","Acoustic Ceiling Systems","Durability.webp (https://v5.airtableusercontent.com/v3/u/57/57/1789048800000/VfqZozGACVHi8rJLHp5DrA/lpptXDBlg7jvuccuB7ENWzUoAgjXWHtST3CRijkOD2zS9udl4fIT2k90b-31jXefq99wZh0AepJgbQI20wTVOcgU8d8xYzLHXC-24JcxAsTQDMm6hRruDzuLjnV_jHjxLvlnDMZWdpEgu9ztEJHwlkxG4MUqlZdmRnsvMNh5EAA/JYe4reawIc2MOnKg3rMaUlf0whBwygR78SIp7o3qPZo),Sandpebble-3.webp (https://v5.airtableusercontent.com/v3/u/57/57/1789048800000/zDH0nfEVr8t6zaOnOkvBHg/mmpQvuvP5_db0revP2YsdySVpsvlu6TF6_jopoXjubN0t_XYvH4o89ZWn33trsPg2SwqkVEgLz3BCcje1oqB10hOVd7qUH5JnV65ZSb5oX9xIYmjk3f7GXhB6wzs6kOndezlL5bIpH1xTlVkCU_dHA8ru6gt5Qh5w7NNveXIDxs/2bcBdpOvxG3-0jLxoy7RubcvpEIkjXeg-Vio-fiw328),Aesthetics.webp (https://v5.airtableusercontent.com/v3/u/57/57/1789048800000/8TWBmbeuky-U3CktqPKC2Q/Imm1lNrz7Fh_ivcz1QgVr_zPEm0J7VEBBB-QPEfZYYVfUFwxhGdBI7ra6kuG-G__RywSyTcxwUSIRDOlMmlO7CUteHmBqvjuAUP-kGJNUDKMWtlUxTX8Ux8nXbWaAERw6wPjR1KhvxfHW98hjQAfxicPzahxcQrtJtAUse2qM-I/WWSWvegTxqtTAM26ctBDvYfxpnlyV5PQcdx_MLA-l2Q)","","dfsdfsdfsf","hjghjgh","TEST-VARIABLE-1,TEST-VARIABLE-999","1","0","visible","none","1","1","","","2,3,4","decorativearchitecturalproducts.com","","TEST-VARIABLE1","TEST-VARIABLE-1,TEST-VARIABLE-999","{""decorativearchitecturalproducts.com"": ""Decorative Architectural Products""}","Decorative Architectural Products","{""decorativearchitecturalproducts.com"": """"}","new","USD","Acoustic Ceiling Systems","","","","","","","","","","","","","","","https://v5.airtableusercontent.com/v3/u/57/57/1789048800000/VfqZozGACVHi8rJLHp5DrA/lpptXDBlg7jvuccuB7ENWzUoAgjXWHtST3CRijkOD2zS9udl4fIT2k90b-31jXefq99wZh0AepJgbQI20wTVOcgU8d8xYzLHXC-24JcxAsTQDMm6hRruDzuLjnV_jHjxLvlnDMZWdpEgu9ztEJHwlkxG4MUqlZdmRnsvMNh5EAA/JYe4reawIc2MOnKg3rMaUlf0whBwygR78SIp7o3qPZo","https://v5.airtableusercontent.com/v3/u/57/57/1789048800000/zDH0nfEVr8t6zaOnOkvBHg/mmpQvuvP5_db0revP2YsdySVpsvlu6TF6_jopoXjubN0t_XYvH4o89ZWn33trsPg2SwqkVEgLz3BCcje1oqB10hOVd7qUH5JnV65ZSb5oX9xIYmjk3f7GXhB6wzs6kOndezlL5bIpH1xTlVkCU_dHA8ru6gt5Qh5w7NNveXIDxs/2bcBdpOvxG3-0jLxoy7RubcvpEIkjXeg-Vio-fiw328 | https://v5.airtableusercontent.com/v3/u/57/57/1789048800000/8TWBmbeuky-U3CktqPKC2Q/Imm1lNrz7Fh_ivcz1QgVr_zPEm0J7VEBBB-QPEfZYYVfUFwxhGdBI7ra6kuG-G__RywSyTcxwUSIRDOlMmlO7CUteHmBqvjuAUP-kGJNUDKMWtlUxTX8Ux8nXbWaAERw6wPjR1KhvxfHW98hjQAfxicPzahxcQrtJtAUse2qM-I/WWSWvegTxqtTAM26ctBDvYfxpnlyV5PQcdx_MLA-l2Q","NEEDS_REVIEW","Description contains test/placeholder text | Images use temporary Airtable URLs"
"Smooth Wood Beams — TEST_SWB-001","Smooth Wood Beams","variable","TEST_SWB-001","Faux Wood Beam Systems","Image-Container-3.webp (https://v5.airtableusercontent.com/v3/u/57/57/1789048800000/8p4fcLrfr2B0823QC6xBBw/B1-3hrhQVtpyjiSrw4zaJO18xaPJ-BxVP_PgXIiWzg7kXWRryhLrLu0xSU-kPvu7lnKWl6F6ZiLvQ91FxJLkME1yPJJn9Y3TYvGyJP4IKK-jA2SdY9o-DRxPziZwceAvBJ9IUj6qJda4jjAwP5vjPom6iqIq9wNV6SivBOpC5dg/0Vhn4_9KrtszY_El8ZsHnCp-Q4bRfEs4AeEMcjq8hdA),Image-Container-5.jpg.webp (https://v5.airtableusercontent.com/v3/u/57/57/1789048800000/aNl83jpSdxmhpajioWOMxw/lBLgpVzYlWSOgLAYzgxYPnAPVVA7xmUFgIzkOhJxQyaL5QUzSn4drhCWVMrvFhgNyRQAdtEF-qxH17oJNxH2ELhX40GLSp2glRtn_OHKmjP2171OSOZizDW7VuRrhcHN0drqQCR0bbkfpOOw6RHppyDQ8MI8exQwXKmhLGGrl5xUoHayS7DbrBjtbNZG80Fy/gOIkLXkHpmB1OOJ00ZvKlbM11c6bHUbEHkgKtyBrsjk)","","Order handcrafted Smooth Wood Beams , which offer a sleek contemporary look, incredible durability, and consistency across lengths, widths, and finishes.","Smooth Real Wood Beams are handcrafted from high-quality cedar to offer a clean, contemporary alternative to heavily textured or rustic styles. Designed for those who prefer a sleek, refined look, these smooth real wood beams feature an even surface with subtle grain movement and minimal surface variation, free from heavy distressing or deep grooves. The result is a soft, elegant texture that feels natural yet sophisticated.

","Variation — rec8RJYXJQRGwM9EW","","","","","","","","","","decorativearchitecturalproducts.com","","TEST_SWB-001","Variation — rec8RJYXJQRGwM9EW","{""decorativearchitecturalproducts.com"": ""Decorative Architectural Products""}","Decorative Architectural Products","{""decorativearchitecturalproducts.com"": """"}","new","USD","Faux Wood Beam Systems","","","","","","","","","","","","","","","https://v5.airtableusercontent.com/v3/u/57/57/1789048800000/8p4fcLrfr2B0823QC6xBBw/B1-3hrhQVtpyjiSrw4zaJO18xaPJ-BxVP_PgXIiWzg7kXWRryhLrLu0xSU-kPvu7lnKWl6F6ZiLvQ91FxJLkME1yPJJn9Y3TYvGyJP4IKK-jA2SdY9o-DRxPziZwceAvBJ9IUj6qJda4jjAwP5vjPom6iqIq9wNV6SivBOpC5dg/0Vhn4_9KrtszY_El8ZsHnCp-Q4bRfEs4AeEMcjq8hdA","https://v5.airtableusercontent.com/v3/u/57/57/1789048800000/aNl83jpSdxmhpajioWOMxw/lBLgpVzYlWSOgLAYzgxYPnAPVVA7xmUFgIzkOhJxQyaL5QUzSn4drhCWVMrvFhgNyRQAdtEF-qxH17oJNxH2ELhX40GLSp2glRtn_OHKmjP2171OSOZizDW7VuRrhcHN0drqQCR0bbkfpOOw6RHppyDQ8MI8exQwXKmhLGGrl5xUoHayS7DbrBjtbNZG80Fy/gOIkLXkHpmB1OOJ00ZvKlbM11c6bHUbEHkgKtyBrsjk","NEEDS_REVIEW","Images use temporary Airtable URLs"
"3dsignfactory-test — 3D-MOD001","3dsignfactory-test","variable","3D-MOD001","Full Window Surround kits","cbe30916da755faa4b5b0684747d618add472fb9.png (https://v5.airtableusercontent.com/v3/u/57/57/1789048800000/yn6TlJXPIHS2ORum0C2eKA/p5W13h6Tz47mrFu_09MBsUdxxtdtVxhbYPhmH_MD3ciy70qu88ESlGYLc-7NDP4NTAZRdn0vjqCC1MLXcw8OX8s40k6mmlhN2UJb5E1THeCCDmXav33IW2Mv5FvOUEzgzJdO10EwqGw7f2CGp4Op22FWKE0l9FVJO_OaChLMijTBsAJGl37t05uiX4rxJeZk68AAajRb2gTAfV_a7sWWqQ/uXUeUK1272dj-8rsir6HMVFVZ5UuHeHlzWiY3HxFspQ)","product.mp4 (https://v5.airtableusercontent.com/v3/u/57/57/1789048800000/PWvDAbJNZyEJOajcF_eP3w/g-EV-GsMdAGr0jUnj2j5Y62jJgXk4T1gzXleb0MF82N_0pF4YQlzYjpV1nEi-kTpkgpOJt4xP2NwVRVei5Xj9gcoER3BUOvcH3kUvS81FJJuY5TP05RKfkmYA3c2DmBWlMU6M3DG_RPaFM2do3S5_3KEFtKAqs9H95jof4v3jWo/I0wZJlj2OILeOdnx6hvSSoOlnIQxjPb6CuA1Hvu9GlE)","test monument sign","test monument sign","3D-MOD001-1,3D-MOD001-2","1","","visible","none","5","5","","color — Green,color — Dark","","3dsignfactory.com,decorativearchitecturalproducts.com,3dsignfactory.us","","3D-MOD001","3D-MOD001-1,3D-MOD001-2","{""3dsignfactory.com"": ""3D Sign Factory"", ""3dsignfactory.us"": ""3D Sign Factory"", ""decorativearchitecturalproducts.com"": ""Decorative Architectural Products""}","","{""3dsignfactory.com"": """", ""3dsignfactory.us"": """", ""decorativearchitecturalproducts.com"": """"}","new","USD","Full Window Surround kits","","","","","","Green | Dark","","","","","","","","","https://v5.airtableusercontent.com/v3/u/57/57/1789048800000/yn6TlJXPIHS2ORum0C2eKA/p5W13h6Tz47mrFu_09MBsUdxxtdtVxhbYPhmH_MD3ciy70qu88ESlGYLc-7NDP4NTAZRdn0vjqCC1MLXcw8OX8s40k6mmlhN2UJb5E1THeCCDmXav33IW2Mv5FvOUEzgzJdO10EwqGw7f2CGp4Op22FWKE0l9FVJO_OaChLMijTBsAJGl37t05uiX4rxJeZk68AAajRb2gTAfV_a7sWWqQ/uXUeUK1272dj-8rsir6HMVFVZ5UuHeHlzWiY3HxFspQ","","NEEDS_REVIEW","Description contains test/placeholder text | Images use temporary Airtable URLs"
"Ceiling Faux Wood Plank MOD001 — CFWP-MOD001","Ceiling Faux Wood Plank MOD001","variable","CFWP-MOD001","Ceiling Faux Wood Planks","Ceiling Faux Wood Planks-1.webp (https://v5.airtableusercontent.com/v3/u/57/57/1789048800000/uuXcYX9xHvF7SqtM-aB6mw/NiNiudycJ3G6MX61cfzBeCcRu2-S9sp91VqE6E2ch6WWaeuPgyxOoqhNiXZYAiN3fzHijlgANey9kbqmhHhSUkIl2nSshj540lqyaocF8g047NqTdI3cjcixeTBwI-ZcPAY1xhr1VYZFZ82TGjRztZbMcga-5AC3uonyol2_qtOZejcvGCZrk2P6utEcgOd2/kYUvei7AfIj2-9qN5SS8CV03N0-GyKMiM8KwfolPRe4)","","Sanded Style SS-FWP","Our sanded texture represents a treated wood surface, refined to a smooth finish. This process preserves and accentuates the natural patterns and unique grain of the wood, creating an elegant combination of smoothness and natural beauty. This texture perfectly balances a refined finish with the organic essence of the material, maintaining its authenticity and natural charm.","CFWP-MOD001-0001,CFWP-MOD001-0002,CFWP-MOD001-0003,CFWP-MOD001-0004,CFWP-MOD001-0005,CFWP-MOD001-0006-1,CFWP-MOD001-0007,CFWP-MOD001-0008,CFWP-MOD001-0009,CFWP-MOD001-0010,CFWP-MOD001-0011,CFWP-MOD001-0012,CFWP-MOD001-0013,CFWP-MOD001-0014,CFWP-MOD001-0015-1,CFWP-MOD001-0016,CFWP-MOD001-0017,CFWP-MOD001-0018,CFWP-MOD001-0019,CFWP-MOD001-0020,CFWP-MOD001-0021,CFWP-MOD001-0022,CFWP-MOD001-0023,CFWP-MOD001-0024,CFWP-MOD001-0025,CFWP-MOD001-0026,CFWP-MOD001-0027,CFWP-MOD001-0028,CFWP-MOD001-0029","1","","visible","none","10","10","","""Height — 1"""""",""Width — 6"""""",""Width — 8"""""",""Width — 10"""""",""Width — 12"""""",""Width — 16"""""",""Width — 20"""""",""Width — 24"""""",Width — Any Custom Size,""Length — 8' (96"""")"",""Length — 10' (120"""")"",""Length — 12' (144"""")"",""Length — 16' (192"""")"",Length — Any Custom Size","","decorativearchitecturalproducts.com","","CFWP-MOD001","CFWP-MOD001-0001,CFWP-MOD001-0002,CFWP-MOD001-0003,CFWP-MOD001-0004,CFWP-MOD001-0005,CFWP-MOD001-0006-1,CFWP-MOD001-0007,CFWP-MOD001-0008,CFWP-MOD001-0009,CFWP-MOD001-0010,CFWP-MOD001-0011,CFWP-MOD001-0012,CFWP-MOD001-0013,CFWP-MOD001-0014,CFWP-MOD001-0015-1,CFWP-MOD001-0016,CFWP-MOD001-0017,CFWP-MOD001-0018,CFWP-MOD001-0019,CFWP-MOD001-0020,CFWP-MOD001-0021,CFWP-MOD001-0022,CFWP-MOD001-0023,CFWP-MOD001-0024,CFWP-MOD001-0025,CFWP-MOD001-0026,CFWP-MOD001-0027,CFWP-MOD001-0028,CFWP-MOD001-0029","{""decorativearchitecturalproducts.com"": ""Decorative Architectural Products""}","Decorative Architectural Products","{""decorativearchitecturalproducts.com"": """"}","new","USD","Ceiling Faux Wood Planks","","","","","","","","8' (96"") | 10' (120"") | 12' (144"") | 16' (192"") | Any Custom Size","6"" | 8"" | 10"" | 12"" | 16"" | 20"" | 24"" | Any Custom Size","1""","","","","","https://v5.airtableusercontent.com/v3/u/57/57/1789048800000/uuXcYX9xHvF7SqtM-aB6mw/NiNiudycJ3G6MX61cfzBeCcRu2-S9sp91VqE6E2ch6WWaeuPgyxOoqhNiXZYAiN3fzHijlgANey9kbqmhHhSUkIl2nSshj540lqyaocF8g047NqTdI3cjcixeTBwI-ZcPAY1xhr1VYZFZ82TGjRztZbMcga-5AC3uonyol2_qtOZejcvGCZrk2P6utEcgOd2/kYUvei7AfIj2-9qN5SS8CV03N0-GyKMiM8KwfolPRe4","","NEEDS_REVIEW","Images use temporary Airtable URLs"
"Ceiling Faux Wood Plank MOD002 — CFWP-MOD002","Ceiling Faux Wood Plank MOD002","variable","CFWP-MOD002","Ceiling Faux Wood Planks","Ceiling Faux Wood Planks-2.webp (https://v5.airtableusercontent.com/v3/u/57/57/1789048800000/7o9FhOKVcgzkSdA6WdHQfA/xm0JMVLIDFWMz0x1zSNedKfY3_pqJoTK2ZEb-4rHMspPNqIvfiE6VEqcFGPEDU03BkCtGq0NQb7xleg_vYniQrbiEXgpeVakSTKCkM_8kJQhqC4F-ldyrAhLI1zIYkoG1JivxrZKBE9O-6QXaIZGZMM8jipszaKxb6MiXsFkgqRogiKH_67fvWIvna-EPRc3/529LHCH83QCykcwmObvO91z1cCU3Ip48XiZ1--Kxz30)","","Hand Hewn Style HH-FWP","Our Faux Wood Wall Panels Hand Hewn Style replicate the artisanal craftsmanship of hand-worked wood, where each panel reflects the natural, irregular texture created by axes or specialized tools. This process preserves the distinctive marks of the craftsman, enhancing the tactile and visual appeal of the material, while emphasizing its authenticity.","CFWP-MOD002-0001,CFWP-MOD002-0002,CFWP-MOD002-0003,CFWP-MOD002-0004,CFWP-MOD002-0005,CFWP-MOD002-0006,CFWP-MOD002-0007,CFWP-MOD002-0008,CFWP-MOD002-0009,CFWP-MOD002-0010,CFWP-MOD002-0011,CFWP-MOD002-0012,CFWP-MOD002-0013,CFWP-MOD002-0014,CFWP-MOD002-0015,CFWP-MOD002-0016,CFWP-MOD002-0017,CFWP-MOD002-0018,CFWP-MOD002-0019,CFWP-MOD002-0020,CFWP-MOD002-0021,CFWP-MOD002-0022,CFWP-MOD002-0023,CFWP-MOD002-0024,CFWP-MOD002-0025,CFWP-MOD002-0026,CFWP-MOD002-0027,CFWP-MOD002-0028,CFWP-MOD002-0029","1","","visible","none","10","10","","""Height — 1"""""",""Width — 6"""""",""Width — 8"""""",""Width — 10"""""",""Width — 12"""""",""Width — 16"""""",""Width — 20"""""",""Width — 24"""""",Width — Any Custom Size,""Length — 8' (96"""")"",""Length — 10' (120"""")"",""Length — 12' (144"""")"",""Length — 16' (192"""")"",Length — Any Custom Size","","decorativearchitecturalproducts.com","","CFWP-MOD002","CFWP-MOD002-0001,CFWP-MOD002-0002,CFWP-MOD002-0003,CFWP-MOD002-0004,CFWP-MOD002-0005,CFWP-MOD002-0006,CFWP-MOD002-0007,CFWP-MOD002-0008,CFWP-MOD002-0009,CFWP-MOD002-0010,CFWP-MOD002-0011,CFWP-MOD002-0012,CFWP-MOD002-0013,CFWP-MOD002-0014,CFWP-MOD002-0015,CFWP-MOD002-0016,CFWP-MOD002-0017,CFWP-MOD002-0018,CFWP-MOD002-0019,CFWP-MOD002-0020,CFWP-MOD002-0021,CFWP-MOD002-0022,CFWP-MOD002-0023,CFWP-MOD002-0024,CFWP-MOD002-0025,CFWP-MOD002-0026,CFWP-MOD002-0027,CFWP-MOD002-0028,CFWP-MOD002-0029","{""decorativearchitecturalproducts.com"": ""Decorative Architectural Products""}","Decorative Architectural Products","{""decorativearchitecturalproducts.com"": """"}","new","USD","Ceiling Faux Wood Planks","","","","","","","","8' (96"") | 10' (120"") | 12' (144"") | 16' (192"") | Any Custom Size","6"" | 8"" | 10"" | 12"" | 16"" | 20"" | 24"" | Any Custom Size","1""","","","","","https://v5.airtableusercontent.com/v3/u/57/57/1789048800000/7o9FhOKVcgzkSdA6WdHQfA/xm0JMVLIDFWMz0x1zSNedKfY3_pqJoTK2ZEb-4rHMspPNqIvfiE6VEqcFGPEDU03BkCtGq0NQb7xleg_vYniQrbiEXgpeVakSTKCkM_8kJQhqC4F-ldyrAhLI1zIYkoG1JivxrZKBE9O-6QXaIZGZMM8jipszaKxb6MiXsFkgqRogiKH_67fvWIvna-EPRc3/529LHCH83QCykcwmObvO91z1cCU3Ip48XiZ1--Kxz30","","NEEDS_REVIEW","Images use temporary Airtable URLs"
"Ceiling Faux Wood Plank MOD003 — CFWP-MOD003","Ceiling Faux Wood Plank MOD003","variable","CFWP-MOD003","Ceiling Faux Wood Planks","Ceiling Faux Wood Planks-3.webp (https://v5.airtableusercontent.com/v3/u/57/57/1789048800000/CPNIhiNal2U05G4F8VhWpg/Wt9xoNm8qGWphIoXDAUA6PLfb1f6O9_hBZIAmOLK2JiPtZoVDbvOEmTZ7lTmxeezICFqAO4DKhD-SvyztEtVsF-h56djYx6vMktjknnwa_apP9Tp3hB0kKJO4ub0rCfdFuTuwwV1AdEV5imuDxZgmOJO6tSU--X07ZaNId3XImyo8g7MOZwE7GIcb5brevED/jGx25UytHQigS1qPG05HX5obfYrdBKJQc_KQk-M0tus)","","Rough Sawn Style RS-FWP","Rough Sawn Style panels have a distressed, aged appearance, often with visible grain, knots, and cracks. Unfinished logs or roughly treated planks are often used in interiors to create a ""wild nature"" or rustic style. This type of texture is ideal for spaces that value the raw, untreated look of wood, evoking a natural, earthy atmosphere.","CFWP-MOD003-0001,CFWP-MOD003-0002,CFWP-MOD003-0003,CFWP-MOD003-0004,CFWP-MOD003-0005,CFWP-MOD003-0006,CFWP-MOD003-0007,CFWP-MOD003-0008,CFWP-MOD003-0009,CFWP-MOD003-0010,CFWP-MOD003-0011,CFWP-MOD003-0012,CFWP-MOD003-0013,CFWP-MOD003-0014,CFWP-MOD003-0015,CFWP-MOD003-0016,CFWP-MOD003-0017,CFWP-MOD003-0018,CFWP-MOD003-0019,CFWP-MOD003-0020,CFWP-MOD003-0021,CFWP-MOD003-0022,CFWP-MOD003-0023,CFWP-MOD003-0024,CFWP-MOD003-0025,CFWP-MOD003-0026,CFWP-MOD003-0027,CFWP-MOD003-0028,CFWP-MOD003-0029","1","","visible","none","10","10","","""Height — 1"""""",""Width — 6"""""",""Width — 8"""""",""Width — 10"""""",""Width — 12"""""",""Width — 16"""""",""Width — 20"""""",""Width — 24"""""",Width — Any Custom Size,""Length — 8' (96"""")"",""Length — 10' (120"""")"",""Length — 12' (144"""")"",""Length — 16' (192"""")"",Length — Any Custom Size","","decorativearchitecturalproducts.com","","CFWP-MOD003","CFWP-MOD003-0001,CFWP-MOD003-0002,CFWP-MOD003-0003,CFWP-MOD003-0004,CFWP-MOD003-0005,CFWP-MOD003-0006,CFWP-MOD003-0007,CFWP-MOD003-0008,CFWP-MOD003-0009,CFWP-MOD003-0010,CFWP-MOD003-0011,CFWP-MOD003-0012,CFWP-MOD003-0013,CFWP-MOD003-0014,CFWP-MOD003-0015,CFWP-MOD003-0016,CFWP-MOD003-0017,CFWP-MOD003-0018,CFWP-MOD003-0019,CFWP-MOD003-0020,CFWP-MOD003-0021,CFWP-MOD003-0022,CFWP-MOD003-0023,CFWP-MOD003-0024,CFWP-MOD003-0025,CFWP-MOD003-0026,CFWP-MOD003-0027,CFWP-MOD003-0028,CFWP-MOD003-0029","{""decorativearchitecturalproducts.com"": ""Decorative Architectural Products""}","Decorative Architectural Products","{""decorativearchitecturalproducts.com"": """"}","new","USD","Ceiling Faux Wood Planks","","","","","","","","8' (96"") | 10' (120"") | 12' (144"") | 16' (192"") | Any Custom Size","6"" | 8"" | 10"" | 12"" | 16"" | 20"" | 24"" | Any Custom Size","1""","","","","","https://v5.airtableusercontent.com/v3/u/57/57/1789048800000/CPNIhiNal2U05G4F8VhWpg/Wt9xoNm8qGWphIoXDAUA6PLfb1f6O9_hBZIAmOLK2JiPtZoVDbvOEmTZ7lTmxeezICFqAO4DKhD-SvyztEtVsF-h56djYx6vMktjknnwa_apP9Tp3hB0kKJO4ub0rCfdFuTuwwV1AdEV5imuDxZgmOJO6tSU--X07ZaNId3XImyo8g7MOZwE7GIcb5brevED/jGx25UytHQigS1qPG05HX5obfYrdBKJQc_KQk-M0tus","","NEEDS_REVIEW","Images use temporary Airtable URLs"
"Ceiling Faux Wood Plank MOD004 — CFWP-MOD004","Ceiling Faux Wood Plank MOD004","variable","CFWP-MOD004","Ceiling Faux Wood Planks","Ceiling Faux Wood Planks-4.webp (https://v5.airtableusercontent.com/v3/u/57/57/1789048800000/YSJHs2IyeLsMFtApRYH0yw/Iz4JHn2_Tt0jpD_fcmaLJsRJXmAAgOPa51CiMKHm4IeYhe_ylmJWnhh4Db0dOT9EoCxitJTPr5vDj4Q3M2jKwx8P54E2Nlh0hHvImyL7HacBS6asGrUCNnhnbZ7F3YTG7KbmOX13nhMdNfWvPVSTYu0UctTPiNVGeaTBqemuocWSyVeq2_jbVo6WdZBZQ1OH/X_gZ7NxZOaFPYFds740se092h7XyfLTyN_6EDVUa3vs)","","Brushed texture Style BR-FWP","Brushing is a wood treatment process where stiff brushes are used to remove the softer fibers, highlighting the denser and harder structure of the material. Brushed wood retains its natural character while gaining a unique decorative effect.","CFWP-MOD004-0001,CFWP-MOD004-0002,CFWP-MOD004-0003,CFWP-MOD004-0004,CFWP-MOD004-0005,CFWP-MOD004-0006,CFWP-MOD004-0007,CFWP-MOD004-0008,CFWP-MOD004-0009,CFWP-MOD004-0010,CFWP-MOD004-0011,CFWP-MOD004-0012,CFWP-MOD004-0013,CFWP-MOD004-0014,CFWP-MOD004-0015,CFWP-MOD004-0016,CFWP-MOD004-0017,CFWP-MOD004-0018,CFWP-MOD004-0019,CFWP-MOD004-0020,CFWP-MOD004-0021,CFWP-MOD004-0022,CFWP-MOD004-0023,CFWP-MOD004-0024,CFWP-MOD004-0025,CFWP-MOD004-0026,CFWP-MOD004-0027,CFWP-MOD004-0028,CFWP-MOD004-0029","1","","visible","none","10","10","","""Height — 1"""""",""Width — 6"""""",""Width — 8"""""",""Width — 10"""""",""Width — 12"""""",""Width — 16"""""",""Width — 20"""""",""Width — 24"""""",Width — Any Custom Size,""Length — 8' (96"""")"",""Length — 10' (120"""")"",""Length — 12' (144"""")"",""Length — 16' (192"""")"",Length — Any Custom Size","","decorativearchitecturalproducts.com","","CFWP-MOD004","CFWP-MOD004-0001,CFWP-MOD004-0002,CFWP-MOD004-0003,CFWP-MOD004-0004,CFWP-MOD004-0005,CFWP-MOD004-0006,CFWP-MOD004-0007,CFWP-MOD004-0008,CFWP-MOD004-0009,CFWP-MOD004-0010,CFWP-MOD004-0011,CFWP-MOD004-0012,CFWP-MOD004-0013,CFWP-MOD004-0014,CFWP-MOD004-0015,CFWP-MOD004-0016,CFWP-MOD004-0017,CFWP-MOD004-0018,CFWP-MOD004-0019,CFWP-MOD004-0020,CFWP-MOD004-0021,CFWP-MOD004-0022,CFWP-MOD004-0023,CFWP-MOD004-0024,CFWP-MOD004-0025,CFWP-MOD004-0026,CFWP-MOD004-0027,CFWP-MOD004-0028,CFWP-MOD004-0029","{""decorativearchitecturalproducts.com"": ""Decorative Architectural Products""}","Decorative Architectural Products","{""decorativearchitecturalproducts.com"": """"}","new","USD","Ceiling Faux Wood Planks","","","","","","","","8' (96"") | 10' (120"") | 12' (144"") | 16' (192"") | Any Custom Size","6"" | 8"" | 10"" | 12"" | 16"" | 20"" | 24"" | Any Custom Size","1""","","","","","https://v5.airtableusercontent.com/v3/u/57/57/1789048800000/YSJHs2IyeLsMFtApRYH0yw/Iz4JHn2_Tt0jpD_fcmaLJsRJXmAAgOPa51CiMKHm4IeYhe_ylmJWnhh4Db0dOT9EoCxitJTPr5vDj4Q3M2jKwx8P54E2Nlh0hHvImyL7HacBS6asGrUCNnhnbZ7F3YTG7KbmOX13nhMdNfWvPVSTYu0UctTPiNVGeaTBqemuocWSyVeq2_jbVo6WdZBZQ1OH/X_gZ7NxZOaFPYFds740se092h7XyfLTyN_6EDVUa3vs","","NEEDS_REVIEW","Images use temporary Airtable URLs"
"Ceiling Faux Wood Plank MOD005 — CFWP-MOD005","Ceiling Faux Wood Plank MOD005","variable","CFWP-MOD005","Ceiling Faux Wood Planks","Ceiling Faux Wood Planks-5.webp (https://v5.airtableusercontent.com/v3/u/57/57/1789048800000/jTXP8PrgSrBrWlYTU2jlhg/i4gwgaG6zX4R6Dq_8M5SY6VT0hfgyHrW9FTyn2vqNFjF3dGRZ45QefvrArehelaXebo19CyFWPWxuwPWPMIPmOyGeVNhG4uT6a5wN-_ai_wt4X6k-sJ_zMHT741QRBNEtQA-EdXJp3cYseiisTqIxecHddRTNNAnGA2N8m550iToR2W6vBe4HykPyQD0MJYS/TIp_jJz6t-SKoYs-3a34T6NkObwoWArQ3U9gYBAZfhw)","","Weathered Texture Style WE-FWP","Our Weathered Texture Faux Wood Panels masterfully capture the passage of time, simulating the natural wear and weathering that wood experiences when exposed to the elements, creating a sense of history and warmth in any space they adorn. It's not just a surface — it's an homage to nature's artistry and the enduring allure of aged wood.","CFWP-MOD005-0001,CFWP-MOD005-0002,CFWP-MOD005-0003,CFWP-MOD005-0004,CFWP-MOD005-0005,CFWP-MOD005-0006,CFWP-MOD005-0007,CFWP-MOD005-0008,CFWP-MOD005-0009,CFWP-MOD005-0010,CFWP-MOD005-0011,CFWP-MOD005-0012,CFWP-MOD005-0013,CFWP-MOD005-0014,CFWP-MOD005-0015,CFWP-MOD005-0016,CFWP-MOD005-0017,CFWP-MOD005-0018,CFWP-MOD005-0019,CFWP-MOD005-0020,CFWP-MOD005-0021,CFWP-MOD005-0022,CFWP-MOD005-0023,CFWP-MOD005-0024,CFWP-MOD005-0025,CFWP-MOD005-0026,CFWP-MOD005-0027,CFWP-MOD005-0028,CFWP-MOD005-0029","1","","visible","none","10","10","","""Height — 1"""""",""Width — 6"""""",""Width — 8"""""",""Width — 10"""""",""Width — 12"""""",""Width — 16"""""",""Width — 20"""""",""Width — 24"""""",Width — Any Custom Size,""Length — 8' (96"""")"",""Length — 10' (120"""")"",""Length — 12' (144"""")"",""Length — 16' (192"""")"",Length — Any Custom Size","","decorativearchitecturalproducts.com","","CFWP-MOD005","CFWP-MOD005-0001,CFWP-MOD005-0002,CFWP-MOD005-0003,CFWP-MOD005-0004,CFWP-MOD005-0005,CFWP-MOD005-0006,CFWP-MOD005-0007,CFWP-MOD005-0008,CFWP-MOD005-0009,CFWP-MOD005-0010,CFWP-MOD005-0011,CFWP-MOD005-0012,CFWP-MOD005-0013,CFWP-MOD005-0014,CFWP-MOD005-0015,CFWP-MOD005-0016,CFWP-MOD005-0017,CFWP-MOD005-0018,CFWP-MOD005-0019,CFWP-MOD005-0020,CFWP-MOD005-0021,CFWP-MOD005-0022,CFWP-MOD005-0023,CFWP-MOD005-0024,CFWP-MOD005-0025,CFWP-MOD005-0026,CFWP-MOD005-0027,CFWP-MOD005-0028,CFWP-MOD005-0029","{""decorativearchitecturalproducts.com"": ""Decorative Architectural Products""}","Decorative Architectural Products","{""decorativearchitecturalproducts.com"": """"}","new","USD","Ceiling Faux Wood Planks","","","","","","","","8' (96"") | 10' (120"") | 12' (144"") | 16' (192"") | Any Custom Size","6"" | 8"" | 10"" | 12"" | 16"" | 20"" | 24"" | Any Custom Size","1""","","","","","https://v5.airtableusercontent.com/v3/u/57/57/1789048800000/jTXP8PrgSrBrWlYTU2jlhg/i4gwgaG6zX4R6Dq_8M5SY6VT0hfgyHrW9FTyn2vqNFjF3dGRZ45QefvrArehelaXebo19CyFWPWxuwPWPMIPmOyGeVNhG4uT6a5wN-_ai_wt4X6k-sJ_zMHT741QRBNEtQA-EdXJp3cYseiisTqIxecHddRTNNAnGA2N8m550iToR2W6vBe4HykPyQD0MJYS/TIp_jJz6t-SKoYs-3a34T6NkObwoWArQ3U9gYBAZfhw","","NEEDS_REVIEW","Images use temporary Airtable URLs"
"Ceiling Faux Wood Plank MOD006 — CFWP-MOD006","Ceiling Faux Wood Plank MOD006","variable","CFWP-MOD006","Ceiling Faux Wood Planks","Ceiling Faux Wood Planks-6.webp (https://v5.airtableusercontent.com/v3/u/57/57/1789048800000/9LpVlnaokpB6ULAxQ9bgOg/IcyMH7d_3IgIGpJxJEnb_G7SpusKtfFWX57AOb13ZBaC96fso8fA2OhQuXz8slbACuxA8eUfI6TdQTvPgEkqkcb7--pOo5SB-rMf2w2kdqnr8q-ccz5mc5iipHQzgDN1cldcl2VAB3h5a9FCwkjQigTJciwX0qy2MX5Cw_2_NvqTIq6atW-_mIMZ3FdXh6kE/ei5AcPJT2pRNJONKNhld5Q18cTGOAm1o1FQ1c2rPnzE)","","Grainy Style GS-FWP","Our grainy texture is characterized by distinct and tangible wood fibers, which give the material its unique natural pattern. The grain creates a dynamic contrast within the texture, emphasizing the layered structure of the wood and enhancing its visual depth.","CFWP-MOD006-0001,CFWP-MOD006-0002,CFWP-MOD006-0003,CFWP-MOD006-0004,CFWP-MOD006-0005,CFWP-MOD006-0006,CFWP-MOD006-0007,CFWP-MOD006-0008,CFWP-MOD006-0009,CFWP-MOD006-0010,CFWP-MOD006-0011,CFWP-MOD006-0012,CFWP-MOD006-0013,CFWP-MOD006-0014,CFWP-MOD006-0015,CFWP-MOD006-0016,CFWP-MOD006-0017,CFWP-MOD006-0018,CFWP-MOD006-0019,CFWP-MOD006-0020,CFWP-MOD006-0021,CFWP-MOD006-0022,CFWP-MOD006-0023,CFWP-MOD006-0024,CFWP-MOD006-0025,CFWP-MOD006-0026,CFWP-MOD006-0027,CFWP-MOD006-0028,CFWP-MOD006-0029","1","","visible","none","10","10","","""Height — 1"""""",""Width — 6"""""",""Width — 8"""""",""Width — 10"""""",""Width — 12"""""",""Width — 16"""""",""Width — 20"""""",""Width — 24"""""",Width — Any Custom Size,""Length — 8' (96"""")"",""Length — 10' (120"""")"",""Length — 12' (144"""")"",""Length — 16' (192"""")"",Length — Any Custom Size","","decorativearchitecturalproducts.com","","CFWP-MOD006","CFWP-MOD006-0001,CFWP-MOD006-0002,CFWP-MOD006-0003,CFWP-MOD006-0004,CFWP-MOD006-0005,CFWP-MOD006-0006,CFWP-MOD006-0007,CFWP-MOD006-0008,CFWP-MOD006-0009,CFWP-MOD006-0010,CFWP-MOD006-0011,CFWP-MOD006-0012,CFWP-MOD006-0013,CFWP-MOD006-0014,CFWP-MOD006-0015,CFWP-MOD006-0016,CFWP-MOD006-0017,CFWP-MOD006-0018,CFWP-MOD006-0019,CFWP-MOD006-0020,CFWP-MOD006-0021,CFWP-MOD006-0022,CFWP-MOD006-0023,CFWP-MOD006-0024,CFWP-MOD006-0025,CFWP-MOD006-0026,CFWP-MOD006-0027,CFWP-MOD006-0028,CFWP-MOD006-0029","{""decorativearchitecturalproducts.com"": ""Decorative Architectural Products""}","Decorative Architectural Products","{""decorativearchitecturalproducts.com"": """"}","new","USD","Ceiling Faux Wood Planks","","","","","","","","8' (96"") | 10' (120"") | 12' (144"") | 16' (192"") | Any Custom Size","6"" | 8"" | 10"" | 12"" | 16"" | 20"" | 24"" | Any Custom Size","1""","","","","","https://v5.airtableusercontent.com/v3/u/57/57/1789048800000/9LpVlnaokpB6ULAxQ9bgOg/IcyMH7d_3IgIGpJxJEnb_G7SpusKtfFWX57AOb13ZBaC96fso8fA2OhQuXz8slbACuxA8eUfI6TdQTvPgEkqkcb7--pOo5SB-rMf2w2kdqnr8q-ccz5mc5iipHQzgDN1cldcl2VAB3h5a9FCwkjQigTJciwX0qy2MX5Cw_2_NvqTIq6atW-_mIMZ3FdXh6kE/ei5AcPJT2pRNJONKNhld5Q18cTGOAm1o1FQ1c2rPnzE","","NEEDS_REVIEW","Images use temporary Airtable URLs"
"Ceiling Faux Wood Plank MOD007 — CFWP-MOD007","Ceiling Faux Wood Plank MOD007","variable","CFWP-MOD007","Ceiling Faux Wood Planks","Ceiling Faux Wood Planks-7.webp (https://v5.airtableusercontent.com/v3/u/57/57/1789048800000/NcCAkigwsYzN6iCR-m98iQ/tNQGoN9mNrgwZmRbP8fnC2uq5oPXnj7i_O74O19wDHYs1H4Q1j1GGyOw7i5axnyArrm1VyBt-KvIYEqNIiOHbMR5Lwytl5-qreZBopZ5sGcbAkPMhBMi-fKqZckx61jPtoy1q1eiv-KtvKTq5WgMj0lfwe1pe68Xplr3M0wpNeNVJFgQSCIV48HdAmiHk1z9/Wg3txxl-mcLc8IFaBj8egBClJ0pY66UEE4HOAMaxPNs)","","Rough Hewn Style RH-FWP","Our Rough Hewn Style Faux Wood Wall Panels faithfully emulate the artisanal craftsmanship of hand-worked wood. Each panel retains the unique, irregular characteristics of the wood, including knots, grain patterns, and surface imperfections, providing a tactile, authentically rough. This treatment preserves the raw, organic beauty of the material, evoking a rustic, natural appearance.","CFWP-MOD007-0001,CFWP-MOD007-0002,CFWP-MOD007-0003,CFWP-MOD007-0004,CFWP-MOD007-0005,CFWP-MOD007-0006,CFWP-MOD007-0007,CFWP-MOD007-0008,CFWP-MOD007-0009,CFWP-MOD007-0010,CFWP-MOD007-0011,CFWP-MOD007-0012,CFWP-MOD007-0013,CFWP-MOD007-0014,CFWP-MOD007-0015,CFWP-MOD007-0016,CFWP-MOD007-0017,CFWP-MOD007-0018,CFWP-MOD007-0019,CFWP-MOD007-0020,CFWP-MOD007-0021,CFWP-MOD007-0022,CFWP-MOD007-0023,CFWP-MOD007-0024,CFWP-MOD007-0025,CFWP-MOD007-0026,CFWP-MOD007-0027,CFWP-MOD007-0028,CFWP-MOD007-0029","1","","visible","none","10","10","","""Height — 1"""""",""Width — 6"""""",""Width — 8"""""",""Width — 10"""""",""Width — 12"""""",""Width — 16"""""",""Width — 20"""""",""Width — 24"""""",Width — Any Custom Size,""Length — 8' (96"""")"",""Length — 10' (120"""")"",""Length — 12' (144"""")"",""Length — 16' (192"""")"",Length — Any Custom Size","","decorativearchitecturalproducts.com","","CFWP-MOD007","CFWP-MOD007-0001,CFWP-MOD007-0002,CFWP-MOD007-0003,CFWP-MOD007-0004,CFWP-MOD007-0005,CFWP-MOD007-0006,CFWP-MOD007-0007,CFWP-MOD007-0008,CFWP-MOD007-0009,CFWP-MOD007-0010,CFWP-MOD007-0011,CFWP-MOD007-0012,CFWP-MOD007-0013,CFWP-MOD007-0014,CFWP-MOD007-0015,CFWP-MOD007-0016,CFWP-MOD007-0017,CFWP-MOD007-0018,CFWP-MOD007-0019,CFWP-MOD007-0020,CFWP-MOD007-0021,CFWP-MOD007-0022,CFWP-MOD007-0023,CFWP-MOD007-0024,CFWP-MOD007-0025,CFWP-MOD007-0026,CFWP-MOD007-0027,CFWP-MOD007-0028,CFWP-MOD007-0029","{""decorativearchitecturalproducts.com"": ""Decorative Architectural Products""}","Decorative Architectural Products","{""decorativearchitecturalproducts.com"": """"}","new","USD","Ceiling Faux Wood Planks","","","","","","","","8' (96"") | 10' (120"") | 12' (144"") | 16' (192"") | Any Custom Size","6"" | 8"" | 10"" | 12"" | 16"" | 20"" | 24"" | Any Custom Size","1""","","","","","https://v5.airtableusercontent.com/v3/u/57/57/1789048800000/NcCAkigwsYzN6iCR-m98iQ/tNQGoN9mNrgwZmRbP8fnC2uq5oPXnj7i_O74O19wDHYs1H4Q1j1GGyOw7i5axnyArrm1VyBt-KvIYEqNIiOHbMR5Lwytl5-qreZBopZ5sGcbAkPMhBMi-fKqZckx61jPtoy1q1eiv-KtvKTq5WgMj0lfwe1pe68Xplr3M0wpNeNVJFgQSCIV48HdAmiHk1z9/Wg3txxl-mcLc8IFaBj8egBClJ0pY66UEE4HOAMaxPNs","","NEEDS_REVIEW","Images use temporary Airtable URLs"
"Ceiling Faux Wood Plank MOD008 — CFWP-MOD008","Ceiling Faux Wood Plank MOD008","variable","CFWP-MOD008","Ceiling Faux Wood Planks","Ceiling Faux Wood Planks-8.webp (https://v5.airtableusercontent.com/v3/u/57/57/1789048800000/APYfhRvBPy_dZHq4PoxLOQ/9N7tDtUCdZDWc5Xkvmp75WZaWWJWe6h5UxfFQLvBjlGN5uLoF236S7v8jw2m1-OLkA5Ae9Ul90jr6gi1Qp2re_k_GCEqRbZ-ycyxrRJX5XPqp8GrZMzaAbTch_G3xlssWuTP1Z_CE4z7cM-60r8f78dQ6qFRoahulrq3C5CCkISL1sbEFcaXRgRudR4prVUy/YMRk8-ua5f54qo6jyFBDderLs2-FBNPfGkaP61D2JsU)","","Barn Wood Style BW-FWP","Our Barn Wood Faux Wood Panels is a style often used to describe panels that mimic the look of reclaimed barn wood. The panels are designed to replicate the natural wear and aging of wood that has been exposed to the elements over time, such as in barns or other outdoor structures.","CFWP-MOD008-0001,CFWP-MOD008-0002,CFWP-MOD008-0003,CFWP-MOD008-0004,CFWP-MOD008-0005,CFWP-MOD008-0006,CFWP-MOD008-0007,CFWP-MOD008-0008,CFWP-MOD008-0009,CFWP-MOD008-0010,CFWP-MOD008-0011,CFWP-MOD008-0012,CFWP-MOD008-0013,CFWP-MOD008-0014,CFWP-MOD008-0015,CFWP-MOD008-0016,CFWP-MOD008-0017,CFWP-MOD008-0018,CFWP-MOD008-0019,CFWP-MOD008-0020,CFWP-MOD008-0021,CFWP-MOD008-0022,CFWP-MOD008-0023,CFWP-MOD008-0024,CFWP-MOD008-0025,CFWP-MOD008-0026,CFWP-MOD008-0027,CFWP-MOD008-0028,CFWP-MOD008-0029","1","","visible","none","10","10","","""Height — 1"""""",""Width — 6"""""",""Width — 8"""""",""Width — 10"""""",""Width — 12"""""",""Width — 16"""""",""Width — 20"""""",""Width — 24"""""",Width — Any Custom Size,""Length — 8' (96"""")"",""Length — 10' (120"""")"",""Length — 12' (144"""")"",""Length — 16' (192"""")"",Length — Any Custom Size","","decorativearchitecturalproducts.com","","CFWP-MOD008","CFWP-MOD008-0001,CFWP-MOD008-0002,CFWP-MOD008-0003,CFWP-MOD008-0004,CFWP-MOD008-0005,CFWP-MOD008-0006,CFWP-MOD008-0007,CFWP-MOD008-0008,CFWP-MOD008-0009,CFWP-MOD008-0010,CFWP-MOD008-0011,CFWP-MOD008-0012,CFWP-MOD008-0013,CFWP-MOD008-0014,CFWP-MOD008-0015,CFWP-MOD008-0016,CFWP-MOD008-0017,CFWP-MOD008-0018,CFWP-MOD008-0019,CFWP-MOD008-0020,CFWP-MOD008-0021,CFWP-MOD008-0022,CFWP-MOD008-0023,CFWP-MOD008-0024,CFWP-MOD008-0025,CFWP-MOD008-0026,CFWP-MOD008-0027,CFWP-MOD008-0028,CFWP-MOD008-0029","{""decorativearchitecturalproducts.com"": ""Decorative Architectural Products""}","Decorative Architectural Products","{""decorativearchitecturalproducts.com"": """"}","new","USD","Ceiling Faux Wood Planks","","","","","","","","8' (96"") | 10' (120"") | 12' (144"") | 16' (192"") | Any Custom Size","6"" | 8"" | 10"" | 12"" | 16"" | 20"" | 24"" | Any Custom Size","1""","","","","","https://v5.airtableusercontent.com/v3/u/57/57/1789048800000/APYfhRvBPy_dZHq4PoxLOQ/9N7tDtUCdZDWc5Xkvmp75WZaWWJWe6h5UxfFQLvBjlGN5uLoF236S7v8jw2m1-OLkA5Ae9Ul90jr6gi1Qp2re_k_GCEqRbZ-ycyxrRJX5XPqp8GrZMzaAbTch_G3xlssWuTP1Z_CE4z7cM-60r8f78dQ6qFRoahulrq3C5CCkISL1sbEFcaXRgRudR4prVUy/YMRk8-ua5f54qo6jyFBDderLs2-FBNPfGkaP61D2JsU","","NEEDS_REVIEW","Images use temporary Airtable URLs"
"Faux Wood Beam MOD001 — FWB-MOD001","Faux Wood Beam MOD001","variable","FWB-MOD001","Faux Wood Beam Systems","baobmda3.jpg (https://v5.airtableusercontent.com/v3/u/57/57/1789048800000/2hpD_ODbZnawBOikepUxBQ/jllFJvAKQdRGLhfKc5FvIsqJzGA011RTAXZNy_3JisacpMsX3IMCK3ZrJd4CkOkvQljcGkjv5frb4MmCihLSWj1wXnYFO0DpHkuoyluF-WoKZjg2EVThuJ6I7gmnq3aLQOooCIBeMZTMsEUihix6bQ/QuguMKa9dRRpwfOKqGrHwjZgSlLeKVhNEAULsMx-d3w)","","Sanded Style SS-FWB","Our sanded texture represents a treated wood surface, refined to a smooth finish. This process preserves and accentuates the natural patterns and unique grain of the wood, creating an elegant combination of smoothness and natural beauty. This texture perfectly balances a refined finish with the organic essence of the material, maintaining its authenticity and natural charm.","FWB-MOD001-0001,FWB-MOD001-0002,FWB-MOD001-0003,FWB-MOD001-0004,FWB-MOD001-0005,FWB-MOD001-0006,FWB-MOD001-0007,FWB-MOD001-0008,FWB-MOD001-0009,FWB-MOD001-0010,FWB-MOD001-0011,FWB-MOD001-0012,FWB-MOD001-0013,FWB-MOD001-0014,FWB-MOD001-0015,FWB-MOD001-0016,FWB-MOD001-0017,FWB-MOD001-0018,FWB-MOD001-0019,FWB-MOD001-0020,FWB-MOD001-0021,FWB-MOD001-0022,FWB-MOD001-0023,FWB-MOD001-0024,FWB-MOD001-0025,FWB-MOD001-0026,FWB-MOD001-0027,FWB-MOD001-0028,FWB-MOD001-0029,FWB-MOD001-0030,FWB-MOD001-0031,FWB-MOD001-0032,FWB-MOD001-0033,FWB-MOD001-0034,FWB-MOD001-0035,FWB-MOD001-0036,FWB-MOD001-0037,FWB-MOD001-0038,FWB-MOD001-0039,FWB-MOD001-0040,FWB-MOD001-0041,FWB-MOD001-0042,FWB-MOD001-0043,FWB-MOD001-0044,FWB-MOD001-0045,FWB-MOD001-0046,FWB-MOD001-0047,FWB-MOD001-0048,FWB-MOD001-0049,FWB-MOD001-0050,FWB-MOD001-0051,FWB-MOD001-0052,FWB-MOD001-0053,FWB-MOD001-0054,FWB-MOD001-0055,FWB-MOD001-0056,FWB-MOD001-0057,FWB-MOD001-0058,FWB-MOD001-0059,FWB-MOD001-0060,FWB-MOD001-0061,FWB-MOD001-0062,FWB-MOD001-0063,FWB-MOD001-0064,FWB-MOD001-0065,FWB-MOD001-0066,FWB-MOD001-0067,FWB-MOD001-0068,FWB-MOD001-0069,FWB-MOD001-0070,FWB-MOD001-0071,FWB-MOD001-0072,FWB-MOD001-0073,FWB-MOD001-0074,FWB-MOD001-0075,FWB-MOD001-0076,FWB-MOD001-0077,FWB-MOD001-0078,FWB-MOD001-0079,FWB-MOD001-0080,FWB-MOD001-0081","1","0","visible","none","1","10","","""Width — 4"""""",""Width — 6"""""",""Width — 8"""""",""Width — 10"""""",""Width — 12"""""",Width — Any Custom Size,""Height — 4"""""",""Height — 6"""""",""Height — 8"""""",""Height — 10"""""",""Height — 12"""""",Height — Any Custom Size,""Length — 8' (96"""")"",""Length — 10' (120"""")"",""Length — 12' (144"""")"",""Length — 16' (192"""")"",""Length — 20' (240"""")"",Length — Any Custom Size,Sides — 3-sided,Sides — 4-sided,Sides — Any Custom Size","","decorativearchitecturalproducts.com","","FWB-MOD001","FWB-MOD001-0001,FWB-MOD001-0002,FWB-MOD001-0003,FWB-MOD001-0004,FWB-MOD001-0005,FWB-MOD001-0006,FWB-MOD001-0007,FWB-MOD001-0008,FWB-MOD001-0009,FWB-MOD001-0010,FWB-MOD001-0011,FWB-MOD001-0012,FWB-MOD001-0013,FWB-MOD001-0014,FWB-MOD001-0015,FWB-MOD001-0016,FWB-MOD001-0017,FWB-MOD001-0018,FWB-MOD001-0019,FWB-MOD001-0020,FWB-MOD001-0021,FWB-MOD001-0022,FWB-MOD001-0023,FWB-MOD001-0024,FWB-MOD001-0025,FWB-MOD001-0026,FWB-MOD001-0027,FWB-MOD001-0028,FWB-MOD001-0029,FWB-MOD001-0030,FWB-MOD001-0031,FWB-MOD001-0032,FWB-MOD001-0033,FWB-MOD001-0034,FWB-MOD001-0035,FWB-MOD001-0036,FWB-MOD001-0037,FWB-MOD001-0038,FWB-MOD001-0039,FWB-MOD001-0040,FWB-MOD001-0041,FWB-MOD001-0042,FWB-MOD001-0043,FWB-MOD001-0044,FWB-MOD001-0045,FWB-MOD001-0046,FWB-MOD001-0047,FWB-MOD001-0048,FWB-MOD001-0049,FWB-MOD001-0050,FWB-MOD001-0051,FWB-MOD001-0052,FWB-MOD001-0053,FWB-MOD001-0054,FWB-MOD001-0055,FWB-MOD001-0056,FWB-MOD001-0057,FWB-MOD001-0058,FWB-MOD001-0059,FWB-MOD001-0060,FWB-MOD001-0061,FWB-MOD001-0062,FWB-MOD001-0063,FWB-MOD001-0064,FWB-MOD001-0065,FWB-MOD001-0066,FWB-MOD001-0067,FWB-MOD001-0068,FWB-MOD001-0069,FWB-MOD001-0070,FWB-MOD001-0071,FWB-MOD001-0072,FWB-MOD001-0073,FWB-MOD001-0074,FWB-MOD001-0075,FWB-MOD001-0076,FWB-MOD001-0077,FWB-MOD001-0078,FWB-MOD001-0079,FWB-MOD001-0080,FWB-MOD001-0081","{""decorativearchitecturalproducts.com"": ""Decorative Architectural Products""}","Decorative Architectural Products","{""decorativearchitecturalproducts.com"": """"}","new","USD","Faux Wood Beam Systems","","","","","","","","8' (96"") | 10' (120"") | 12' (144"") | 16' (192"") | 20' (240"") | Any Custom Size","4"" | 6"" | 8"" | 10"" | 12"" | Any Custom Size","4"" | 6"" | 8"" | 10"" | 12"" | Any Custom Size","","","","3-sided | 4-sided | Any Custom Size","https://v5.airtableusercontent.com/v3/u/57/57/1789048800000/2hpD_ODbZnawBOikepUxBQ/jllFJvAKQdRGLhfKc5FvIsqJzGA011RTAXZNy_3JisacpMsX3IMCK3ZrJd4CkOkvQljcGkjv5frb4MmCihLSWj1wXnYFO0DpHkuoyluF-WoKZjg2EVThuJ6I7gmnq3aLQOooCIBeMZTMsEUihix6bQ/QuguMKa9dRRpwfOKqGrHwjZgSlLeKVhNEAULsMx-d3w","","NEEDS_REVIEW","Images use temporary Airtable URLs"
"Faux Wood Beam MOD002 — FWB-MOD002","Faux Wood Beam MOD002","variable","FWB-MOD002","Faux Wood Beam Systems","bawbmaq3.jpg (https://v5.airtableusercontent.com/v3/u/57/57/1789048800000/3oGyXYsn7mIyIessO5t_LA/i-QdPea06oXxZ21etPEbXc-PSpvwRQo6znB-gyA49UQGlyJdpokctgL-7ZIoAZoo0qzPIXqpTM_Iadqc9hG89-qh7QJL2cymsAC25XgKtCtMR_vWOziHYWNSlOdRDpxCnbLGdkdtul88ppeHM2vTMw/ZRdDkO6pp5NqaOb2d5Gh7lE625l18pjiuCviux7vYtM)","","Hand Hewn Style HH-FWB","Our Faux Wood Beams Hand Hewn Style replicate the artisanal craftsmanship of hand-worked wood, where each beam reflects the natural, irregular texture created by axes or specialized tools. This process preserves the distinctive marks of the craftsman.","FWB-MOD002-0001,FWB-MOD002-0002,FWB-MOD002-0003,FWB-MOD002-0004,FWB-MOD002-0005,FWB-MOD002-0006,FWB-MOD002-0007,FWB-MOD002-0008,FWB-MOD002-0009,FWB-MOD002-0010,FWB-MOD002-0011,FWB-MOD002-0012,FWB-MOD002-0013,FWB-MOD002-0014,FWB-MOD002-0015,FWB-MOD002-0016,FWB-MOD002-0017,FWB-MOD002-0018,FWB-MOD002-0019,FWB-MOD002-0020,FWB-MOD002-0021,FWB-MOD002-0022,FWB-MOD002-0023,FWB-MOD002-0024,FWB-MOD002-0025,FWB-MOD002-0026,FWB-MOD002-0027,FWB-MOD002-0028,FWB-MOD002-0029,FWB-MOD002-0030,FWB-MOD002-0031,FWB-MOD002-0032,FWB-MOD002-0033,FWB-MOD002-0034,FWB-MOD002-0035,FWB-MOD002-0036,FWB-MOD002-0037,FWB-MOD002-0038,FWB-MOD002-0039,FWB-MOD002-0040,FWB-MOD002-0041,FWB-MOD002-0042,FWB-MOD002-0043,FWB-MOD002-0044,FWB-MOD002-0045,FWB-MOD002-0046,FWB-MOD002-0047,FWB-MOD002-0048,FWB-MOD002-0049,FWB-MOD002-0050,FWB-MOD002-0051,FWB-MOD002-0052,FWB-MOD002-0053,FWB-MOD002-0054,FWB-MOD002-0055,FWB-MOD002-0056,FWB-MOD002-0057,FWB-MOD002-0058,FWB-MOD002-0059,FWB-MOD002-0060,FWB-MOD002-0061,FWB-MOD002-0062,FWB-MOD002-0063,FWB-MOD002-0064,FWB-MOD002-0065,FWB-MOD002-0066,FWB-MOD002-0067,FWB-MOD002-0068,FWB-MOD002-0069,FWB-MOD002-0070,FWB-MOD002-0071,FWB-MOD002-0072,FWB-MOD002-0073,FWB-MOD002-0074,FWB-MOD002-0075,FWB-MOD002-0076,FWB-MOD002-0077,FWB-MOD002-0078,FWB-MOD002-0079,FWB-MOD002-0080,FWB-MOD002-0081","1","0","visible","none","1","10","","""Width — 4"""""",""Width — 6"""""",""Width — 8"""""",""Width — 10"""""",""Width — 12"""""",Width — Any Custom Size,""Height — 4"""""",""Height — 6"""""",""Height — 8"""""",""Height — 10"""""",""Height — 12"""""",Height — Any Custom Size,""Length — 8' (96"""")"",""Length — 10' (120"""")"",""Length — 12' (144"""")"",""Length — 16' (192"""")"",""Length — 20' (240"""")"",Length — Any Custom Size,Sides — 3-sided,Sides — 4-sided,Sides — Any Custom Size","","decorativearchitecturalproducts.com","","FWB-MOD002","FWB-MOD002-0001,FWB-MOD002-0002,FWB-MOD002-0003,FWB-MOD002-0004,FWB-MOD002-0005,FWB-MOD002-0006,FWB-MOD002-0007,FWB-MOD002-0008,FWB-MOD002-0009,FWB-MOD002-0010,FWB-MOD002-0011,FWB-MOD002-0012,FWB-MOD002-0013,FWB-MOD002-0014,FWB-MOD002-0015,FWB-MOD002-0016,FWB-MOD002-0017,FWB-MOD002-0018,FWB-MOD002-0019,FWB-MOD002-0020,FWB-MOD002-0021,FWB-MOD002-0022,FWB-MOD002-0023,FWB-MOD002-0024,FWB-MOD002-0025,FWB-MOD002-0026,FWB-MOD002-0027,FWB-MOD002-0028,FWB-MOD002-0029,FWB-MOD002-0030,FWB-MOD002-0031,FWB-MOD002-0032,FWB-MOD002-0033,FWB-MOD002-0034,FWB-MOD002-0035,FWB-MOD002-0036,FWB-MOD002-0037,FWB-MOD002-0038,FWB-MOD002-0039,FWB-MOD002-0040,FWB-MOD002-0041,FWB-MOD002-0042,FWB-MOD002-0043,FWB-MOD002-0044,FWB-MOD002-0045,FWB-MOD002-0046,FWB-MOD002-0047,FWB-MOD002-0048,FWB-MOD002-0049,FWB-MOD002-0050,FWB-MOD002-0051,FWB-MOD002-0052,FWB-MOD002-0053,FWB-MOD002-0054,FWB-MOD002-0055,FWB-MOD002-0056,FWB-MOD002-0057,FWB-MOD002-0058,FWB-MOD002-0059,FWB-MOD002-0060,FWB-MOD002-0061,FWB-MOD002-0062,FWB-MOD002-0063,FWB-MOD002-0064,FWB-MOD002-0065,FWB-MOD002-0066,FWB-MOD002-0067,FWB-MOD002-0068,FWB-MOD002-0069,FWB-MOD002-0070,FWB-MOD002-0071,FWB-MOD002-0072,FWB-MOD002-0073,FWB-MOD002-0074,FWB-MOD002-0075,FWB-MOD002-0076,FWB-MOD002-0077,FWB-MOD002-0078,FWB-MOD002-0079,FWB-MOD002-0080,FWB-MOD002-0081","{""decorativearchitecturalproducts.com"": ""Decorative Architectural Products""}","Decorative Architectural Products","{""decorativearchitecturalproducts.com"": """"}","new","USD","Faux Wood Beam Systems","","","","","","","","8' (96"") | 10' (120"") | 12' (144"") | 16' (192"") | 20' (240"") | Any Custom Size","4"" | 6"" | 8"" | 10"" | 12"" | Any Custom Size","4"" | 6"" | 8"" | 10"" | 12"" | Any Custom Size","","","","3-sided | 4-sided | Any Custom Size","https://v5.airtableusercontent.com/v3/u/57/57/1789048800000/3oGyXYsn7mIyIessO5t_LA/i-QdPea06oXxZ21etPEbXc-PSpvwRQo6znB-gyA49UQGlyJdpokctgL-7ZIoAZoo0qzPIXqpTM_Iadqc9hG89-qh7QJL2cymsAC25XgKtCtMR_vWOziHYWNSlOdRDpxCnbLGdkdtul88ppeHM2vTMw/ZRdDkO6pp5NqaOb2d5Gh7lE625l18pjiuCviux7vYtM","","NEEDS_REVIEW","Images use temporary Airtable URLs"
"Faux Wood Beam MOD003 — FWB-MOD003","Faux Wood Beam MOD003","variable","FWB-MOD003","Faux Wood Beam Systems","bajbmbm3.jpg (https://v5.airtableusercontent.com/v3/u/57/57/1789048800000/SXoVdM1BhCDZZD9ta-3CsQ/gQny7oUvQhJtGCq7Yot6H1PA7wjjP4JlI9vtkSFGtO4dlL08f9K2aXv4uWlZEEKcagNFNw49zYwFwG9QCsP1Q9goHlLnxJ3Q1A3h7yll_vR_rSmzCrgjca0hM3tGtByiVQnsuTadQkvLqXA_NgQoYw/ix-mbMhudWv3o26WLaMiaZkrDWxCwBzMswL9icbOGa4)","","Rough Sawn Style RS-FWB","Rough Sawn Style Beams have a distressed, aged appearance, often with visible grain, knots, and cracks. Unfinished logs or roughly treated beams are often used in interiors to create a ""wild nature"". This type of texture is ideal for spaces that value the raw, untreated look of wood.","FWB-MOD003-0001,FWB-MOD003-0002,FWB-MOD003-0003,FWB-MOD003-0004,FWB-MOD003-0005,FWB-MOD003-0006,FWB-MOD003-0007,FWB-MOD003-0008,FWB-MOD003-0009,FWB-MOD003-0010,FWB-MOD003-0011,FWB-MOD003-0012,FWB-MOD003-0013,FWB-MOD003-0014,FWB-MOD003-0015,FWB-MOD003-0016,FWB-MOD003-0017,FWB-MOD003-0018,FWB-MOD003-0019,FWB-MOD003-0020,FWB-MOD003-0021,FWB-MOD003-0022,FWB-MOD003-0023,FWB-MOD003-0024,FWB-MOD003-0025,FWB-MOD003-0026,FWB-MOD003-0027,FWB-MOD003-0028,FWB-MOD003-0029,FWB-MOD003-0030,FWB-MOD003-0031,FWB-MOD003-0032,FWB-MOD003-0033,FWB-MOD003-0034,FWB-MOD003-0035,FWB-MOD003-0036,FWB-MOD003-0037,FWB-MOD003-0038,FWB-MOD003-0039,FWB-MOD003-0040,FWB-MOD003-0041,FWB-MOD003-0042,FWB-MOD003-0043,FWB-MOD003-0044,FWB-MOD003-0045,FWB-MOD003-0046,FWB-MOD003-0047,FWB-MOD003-0048,FWB-MOD003-0049,FWB-MOD003-0050,FWB-MOD003-0051,FWB-MOD003-0052,FWB-MOD003-0053,FWB-MOD003-0054,FWB-MOD003-0055,FWB-MOD003-0056,FWB-MOD003-0057,FWB-MOD003-0058,FWB-MOD003-0059,FWB-MOD003-0060,FWB-MOD003-0061,FWB-MOD003-0062,FWB-MOD003-0063,FWB-MOD003-0064,FWB-MOD003-0065,FWB-MOD003-0066,FWB-MOD003-0067,FWB-MOD003-0068,FWB-MOD003-0069,FWB-MOD003-0070,FWB-MOD003-0071,FWB-MOD003-0072,FWB-MOD003-0073,FWB-MOD003-0074,FWB-MOD003-0075,FWB-MOD003-0076,FWB-MOD003-0077,FWB-MOD003-0078,FWB-MOD003-0079,FWB-MOD003-0080,FWB-MOD003-0081","1","0","visible","none","1","10","","""Width — 4"""""",""Width — 6"""""",""Width — 8"""""",""Width — 10"""""",""Width — 12"""""",Width — Any Custom Size,""Height — 4"""""",""Height — 6"""""",""Height — 8"""""",""Height — 10"""""",""Height — 12"""""",Height — Any Custom Size,""Length — 8' (96"""")"",""Length — 10' (120"""")"",""Length — 12' (144"""")"",""Length — 16' (192"""")"",""Length — 20' (240"""")"",Length — Any Custom Size,Sides — 3-sided,Sides — 4-sided,Sides — Any Custom Size","","decorativearchitecturalproducts.com","","FWB-MOD003","FWB-MOD003-0001,FWB-MOD003-0002,FWB-MOD003-0003,FWB-MOD003-0004,FWB-MOD003-0005,FWB-MOD003-0006,FWB-MOD003-0007,FWB-MOD003-0008,FWB-MOD003-0009,FWB-MOD003-0010,FWB-MOD003-0011,FWB-MOD003-0012,FWB-MOD003-0013,FWB-MOD003-0014,FWB-MOD003-0015,FWB-MOD003-0016,FWB-MOD003-0017,FWB-MOD003-0018,FWB-MOD003-0019,FWB-MOD003-0020,FWB-MOD003-0021,FWB-MOD003-0022,FWB-MOD003-0023,FWB-MOD003-0024,FWB-MOD003-0025,FWB-MOD003-0026,FWB-MOD003-0027,FWB-MOD003-0028,FWB-MOD003-0029,FWB-MOD003-0030,FWB-MOD003-0031,FWB-MOD003-0032,FWB-MOD003-0033,FWB-MOD003-0034,FWB-MOD003-0035,FWB-MOD003-0036,FWB-MOD003-0037,FWB-MOD003-0038,FWB-MOD003-0039,FWB-MOD003-0040,FWB-MOD003-0041,FWB-MOD003-0042,FWB-MOD003-0043,FWB-MOD003-0044,FWB-MOD003-0045,FWB-MOD003-0046,FWB-MOD003-0047,FWB-MOD003-0048,FWB-MOD003-0049,FWB-MOD003-0050,FWB-MOD003-0051,FWB-MOD003-0052,FWB-MOD003-0053,FWB-MOD003-0054,FWB-MOD003-0055,FWB-MOD003-0056,FWB-MOD003-0057,FWB-MOD003-0058,FWB-MOD003-0059,FWB-MOD003-0060,FWB-MOD003-0061,FWB-MOD003-0062,FWB-MOD003-0063,FWB-MOD003-0064,FWB-MOD003-0065,FWB-MOD003-0066,FWB-MOD003-0067,FWB-MOD003-0068,FWB-MOD003-0069,FWB-MOD003-0070,FWB-MOD003-0071,FWB-MOD003-0072,FWB-MOD003-0073,FWB-MOD003-0074,FWB-MOD003-0075,FWB-MOD003-0076,FWB-MOD003-0077,FWB-MOD003-0078,FWB-MOD003-0079,FWB-MOD003-0080,FWB-MOD003-0081","{""decorativearchitecturalproducts.com"": ""Decorative Architectural Products""}","Decorative Architectural Products","{""decorativearchitecturalproducts.com"": """"}","new","USD","Faux Wood Beam Systems","","","","","","","","8' (96"") | 10' (120"") | 12' (144"") | 16' (192"") | 20' (240"") | Any Custom Size","4"" | 6"" | 8"" | 10"" | 12"" | Any Custom Size","4"" | 6"" | 8"" | 10"" | 12"" | Any Custom Size","","","","3-sided | 4-sided | Any Custom Size","https://v5.airtableusercontent.com/v3/u/57/57/1789048800000/SXoVdM1BhCDZZD9ta-3CsQ/gQny7oUvQhJtGCq7Yot6H1PA7wjjP4JlI9vtkSFGtO4dlL08f9K2aXv4uWlZEEKcagNFNw49zYwFwG9QCsP1Q9goHlLnxJ3Q1A3h7yll_vR_rSmzCrgjca0hM3tGtByiVQnsuTadQkvLqXA_NgQoYw/ix-mbMhudWv3o26WLaMiaZkrDWxCwBzMswL9icbOGa4","","NEEDS_REVIEW","Images use temporary Airtable URLs"
"Faux Wood Beam MOD004 — FWB-MOD004","Faux Wood Beam MOD004","variable","FWB-MOD004","Faux Wood Beam Systems","bbebmle3.jpg (https://v5.airtableusercontent.com/v3/u/57/57/1789048800000/pdi4WcgvVE8g7jXtCqbFLw/jpdq1OB46l7NfsXjUuCD_AVDaupl7R7pDDuvKROhwqfILGJuUivM9IFQWj4swjy_98j5eagdIE0ADgiFewaDMmPBL54FAypm7e773SJ0N6Oqpr7ms2T_D9-4iuSxB3LadH14wNBWoV7tHqdp43KUmA/w9VC8H44iRV-fAhgeMCS0D1GSc8SpMjH6GfWzZwpJd0)","","Brushed Texture Style BR-FWB","Brushing is a wood treatment process where stiff brushes are used to remove the softer fibers, highlighting the denser and harder structure of the material. Brushed wood retains its natural character while gaining a unique decorative effect.","FWB-MOD004-0001,FWB-MOD004-0002,FWB-MOD004-0003,FWB-MOD004-0004,FWB-MOD004-0005,FWB-MOD004-0006,FWB-MOD004-0007,FWB-MOD004-0008,FWB-MOD004-0009,FWB-MOD004-0010,FWB-MOD004-0011,FWB-MOD004-0012,FWB-MOD004-0013,FWB-MOD004-0014,FWB-MOD004-0015,FWB-MOD004-0016,FWB-MOD004-0017,FWB-MOD004-0018,FWB-MOD004-0019,FWB-MOD004-0020,FWB-MOD004-0021,FWB-MOD004-0022,FWB-MOD004-0023,FWB-MOD004-0024,FWB-MOD004-0025,FWB-MOD004-0026,FWB-MOD004-0027,FWB-MOD004-0028,FWB-MOD004-0029,FWB-MOD004-0030,FWB-MOD004-0031,FWB-MOD004-0032,FWB-MOD004-0033,FWB-MOD004-0034,FWB-MOD004-0035,FWB-MOD004-0036,FWB-MOD004-0037,FWB-MOD004-0038,FWB-MOD004-0039,FWB-MOD004-0040,FWB-MOD004-0041,FWB-MOD004-0042,FWB-MOD004-0043,FWB-MOD004-0044,FWB-MOD004-0045,FWB-MOD004-0046,FWB-MOD004-0047,FWB-MOD004-0048,FWB-MOD004-0049,FWB-MOD004-0050,FWB-MOD004-0051,FWB-MOD004-0052,FWB-MOD004-0053,FWB-MOD004-0054,FWB-MOD004-0055,FWB-MOD004-0056,FWB-MOD004-0057,FWB-MOD004-0058,FWB-MOD004-0059,FWB-MOD004-0060,FWB-MOD004-0061,FWB-MOD004-0062,FWB-MOD004-0063,FWB-MOD004-0064,FWB-MOD004-0065,FWB-MOD004-0066,FWB-MOD004-0067,FWB-MOD004-0068,FWB-MOD004-0069,FWB-MOD004-0070,FWB-MOD004-0071,FWB-MOD004-0072,FWB-MOD004-0073,FWB-MOD004-0074,FWB-MOD004-0075,FWB-MOD004-0076,FWB-MOD004-0077,FWB-MOD004-0078,FWB-MOD004-0079,FWB-MOD004-0080,FWB-MOD004-0081","1","0","visible","none","1","10","","""Width — 4"""""",""Width — 6"""""",""Width — 8"""""",""Width — 10"""""",""Width — 12"""""",Width — Any Custom Size,""Height — 4"""""",""Height — 6"""""",""Height — 8"""""",""Height — 10"""""",""Height — 12"""""",Height — Any Custom Size,""Length — 8' (96"""")"",""Length — 10' (120"""")"",""Length — 12' (144"""")"",""Length — 16' (192"""")"",""Length — 20' (240"""")"",Length — Any Custom Size,Sides — 3-sided,Sides — 4-sided,Sides — Any Custom Size","","decorativearchitecturalproducts.com","","FWB-MOD004","FWB-MOD004-0001,FWB-MOD004-0002,FWB-MOD004-0003,FWB-MOD004-0004,FWB-MOD004-0005,FWB-MOD004-0006,FWB-MOD004-0007,FWB-MOD004-0008,FWB-MOD004-0009,FWB-MOD004-0010,FWB-MOD004-0011,FWB-MOD004-0012,FWB-MOD004-0013,FWB-MOD004-0014,FWB-MOD004-0015,FWB-MOD004-0016,FWB-MOD004-0017,FWB-MOD004-0018,FWB-MOD004-0019,FWB-MOD004-0020,FWB-MOD004-0021,FWB-MOD004-0022,FWB-MOD004-0023,FWB-MOD004-0024,FWB-MOD004-0025,FWB-MOD004-0026,FWB-MOD004-0027,FWB-MOD004-0028,FWB-MOD004-0029,FWB-MOD004-0030,FWB-MOD004-0031,FWB-MOD004-0032,FWB-MOD004-0033,FWB-MOD004-0034,FWB-MOD004-0035,FWB-MOD004-0036,FWB-MOD004-0037,FWB-MOD004-0038,FWB-MOD004-0039,FWB-MOD004-0040,FWB-MOD004-0041,FWB-MOD004-0042,FWB-MOD004-0043,FWB-MOD004-0044,FWB-MOD004-0045,FWB-MOD004-0046,FWB-MOD004-0047,FWB-MOD004-0048,FWB-MOD004-0049,FWB-MOD004-0050,FWB-MOD004-0051,FWB-MOD004-0052,FWB-MOD004-0053,FWB-MOD004-0054,FWB-MOD004-0055,FWB-MOD004-0056,FWB-MOD004-0057,FWB-MOD004-0058,FWB-MOD004-0059,FWB-MOD004-0060,FWB-MOD004-0061,FWB-MOD004-0062,FWB-MOD004-0063,FWB-MOD004-0064,FWB-MOD004-0065,FWB-MOD004-0066,FWB-MOD004-0067,FWB-MOD004-0068,FWB-MOD004-0069,FWB-MOD004-0070,FWB-MOD004-0071,FWB-MOD004-0072,FWB-MOD004-0073,FWB-MOD004-0074,FWB-MOD004-0075,FWB-MOD004-0076,FWB-MOD004-0077,FWB-MOD004-0078,FWB-MOD004-0079,FWB-MOD004-0080,FWB-MOD004-0081","{""decorativearchitecturalproducts.com"": ""Decorative Architectural Products""}","Decorative Architectural Products","{""decorativearchitecturalproducts.com"": """"}","new","USD","Faux Wood Beam Systems","","","","","","","","8' (96"") | 10' (120"") | 12' (144"") | 16' (192"") | 20' (240"") | Any Custom Size","4"" | 6"" | 8"" | 10"" | 12"" | Any Custom Size","4"" | 6"" | 8"" | 10"" | 12"" | Any Custom Size","","","","3-sided | 4-sided | Any Custom Size","https://v5.airtableusercontent.com/v3/u/57/57/1789048800000/pdi4WcgvVE8g7jXtCqbFLw/jpdq1OB46l7NfsXjUuCD_AVDaupl7R7pDDuvKROhwqfILGJuUivM9IFQWj4swjy_98j5eagdIE0ADgiFewaDMmPBL54FAypm7e773SJ0N6Oqpr7ms2T_D9-4iuSxB3LadH14wNBWoV7tHqdp43KUmA/w9VC8H44iRV-fAhgeMCS0D1GSc8SpMjH6GfWzZwpJd0","","NEEDS_REVIEW","Images use temporary Airtable URLs"
"Faux Wood Beam MOD005 — FWB-MOD005","Faux Wood Beam MOD005","variable","FWB-MOD005","Faux Wood Beam Systems","baebmhg3.jpg (https://v5.airtableusercontent.com/v3/u/57/57/1789048800000/l3O-bK0a1_VMZDjoDm_S6w/NR3n56-R_qZXnJx0x5kJzsvQPZj_0JWaZKz5bsKsRUS5GJ1lz0mj9yrMNSnaV3dD5iYfLGUwMLG2qAoi_9xP2vb0rD1FVm-UT8Ns2AtUzwc9-e0XJyufQmY_tj_QncakUyy3n-vS5kCneq0_7WEI3A/tqceD4rvzrY6R4MpmqE8rksRMW-qKh-bmkwgo4-USuU)","","Weathered Texture Style WE-FWB","Our Weathered Texture Faux Wood Beams masterfully capture the passage of time, simulating the natural wear and weathering that wood experiences when exposed to the elements, creating a sense of history and warmth in any space they adorn.","FWB-MOD005-0001,FWB-MOD005-0002,FWB-MOD005-0003,FWB-MOD005-0004,FWB-MOD005-0005,FWB-MOD005-0006,FWB-MOD005-0007,FWB-MOD005-0008,FWB-MOD005-0009,FWB-MOD005-0010,FWB-MOD005-0011,FWB-MOD005-0012,FWB-MOD005-0013,FWB-MOD005-0014,FWB-MOD005-0015,FWB-MOD005-0016,FWB-MOD005-0017,FWB-MOD005-0018,FWB-MOD005-0019,FWB-MOD005-0020,FWB-MOD005-0021,FWB-MOD005-0022,FWB-MOD005-0023,FWB-MOD005-0024,FWB-MOD005-0025,FWB-MOD005-0026,FWB-MOD005-0027,FWB-MOD005-0028,FWB-MOD005-0029,FWB-MOD005-0030,FWB-MOD005-0031,FWB-MOD005-0032,FWB-MOD005-0033,FWB-MOD005-0034,FWB-MOD005-0035,FWB-MOD005-0036,FWB-MOD005-0037,FWB-MOD005-0038,FWB-MOD005-0039,FWB-MOD005-0040,FWB-MOD005-0041,FWB-MOD005-0042,FWB-MOD005-0043,FWB-MOD005-0044,FWB-MOD005-0045,FWB-MOD005-0046,FWB-MOD005-0047,FWB-MOD005-0048,FWB-MOD005-0049,FWB-MOD005-0050,FWB-MOD005-0051,FWB-MOD005-0052,FWB-MOD005-0053,FWB-MOD005-0054,FWB-MOD005-0055,FWB-MOD005-0056,FWB-MOD005-0057,FWB-MOD005-0058,FWB-MOD005-0059,FWB-MOD005-0060,FWB-MOD005-0061,FWB-MOD005-0062,FWB-MOD005-0063,FWB-MOD005-0064,FWB-MOD005-0065,FWB-MOD005-0066,FWB-MOD005-0067,FWB-MOD005-0068,FWB-MOD005-0069,FWB-MOD005-0070,FWB-MOD005-0071,FWB-MOD005-0072,FWB-MOD005-0073,FWB-MOD005-0074,FWB-MOD005-0075,FWB-MOD005-0076,FWB-MOD005-0077,FWB-MOD005-0078,FWB-MOD005-0079,FWB-MOD005-0080,FWB-MOD005-0081","1","0","visible","none","1","10","","""Width — 4"""""",""Width — 6"""""",""Width — 8"""""",""Width — 10"""""",""Width — 12"""""",Width — Any Custom Size,""Height — 4"""""",""Height — 6"""""",""Height — 8"""""",""Height — 10"""""",""Height — 12"""""",Height — Any Custom Size,""Length — 8' (96"""")"",""Length — 10' (120"""")"",""Length — 12' (144"""")"",""Length — 16' (192"""")"",""Length — 20' (240"""")"",Length — Any Custom Size,Sides — 3-sided,Sides — 4-sided,Sides — Any Custom Size","","decorativearchitecturalproducts.com","","FWB-MOD005","FWB-MOD005-0001,FWB-MOD005-0002,FWB-MOD005-0003,FWB-MOD005-0004,FWB-MOD005-0005,FWB-MOD005-0006,FWB-MOD005-0007,FWB-MOD005-0008,FWB-MOD005-0009,FWB-MOD005-0010,FWB-MOD005-0011,FWB-MOD005-0012,FWB-MOD005-0013,FWB-MOD005-0014,FWB-MOD005-0015,FWB-MOD005-0016,FWB-MOD005-0017,FWB-MOD005-0018,FWB-MOD005-0019,FWB-MOD005-0020,FWB-MOD005-0021,FWB-MOD005-0022,FWB-MOD005-0023,FWB-MOD005-0024,FWB-MOD005-0025,FWB-MOD005-0026,FWB-MOD005-0027,FWB-MOD005-0028,FWB-MOD005-0029,FWB-MOD005-0030,FWB-MOD005-0031,FWB-MOD005-0032,FWB-MOD005-0033,FWB-MOD005-0034,FWB-MOD005-0035,FWB-MOD005-0036,FWB-MOD005-0037,FWB-MOD005-0038,FWB-MOD005-0039,FWB-MOD005-0040,FWB-MOD005-0041,FWB-MOD005-0042,FWB-MOD005-0043,FWB-MOD005-0044,FWB-MOD005-0045,FWB-MOD005-0046,FWB-MOD005-0047,FWB-MOD005-0048,FWB-MOD005-0049,FWB-MOD005-0050,FWB-MOD005-0051,FWB-MOD005-0052,FWB-MOD005-0053,FWB-MOD005-0054,FWB-MOD005-0055,FWB-MOD005-0056,FWB-MOD005-0057,FWB-MOD005-0058,FWB-MOD005-0059,FWB-MOD005-0060,FWB-MOD005-0061,FWB-MOD005-0062,FWB-MOD005-0063,FWB-MOD005-0064,FWB-MOD005-0065,FWB-MOD005-0066,FWB-MOD005-0067,FWB-MOD005-0068,FWB-MOD005-0069,FWB-MOD005-0070,FWB-MOD005-0071,FWB-MOD005-0072,FWB-MOD005-0073,FWB-MOD005-0074,FWB-MOD005-0075,FWB-MOD005-0076,FWB-MOD005-0077,FWB-MOD005-0078,FWB-MOD005-0079,FWB-MOD005-0080,FWB-MOD005-0081","{""decorativearchitecturalproducts.com"": ""Decorative Architectural Products""}","Decorative Architectural Products","{""decorativearchitecturalproducts.com"": """"}","new","USD","Faux Wood Beam Systems","","","","","","","","8' (96"") | 10' (120"") | 12' (144"") | 16' (192"") | 20' (240"") | Any Custom Size","4"" | 6"" | 8"" | 10"" | 12"" | Any Custom Size","4"" | 6"" | 8"" | 10"" | 12"" | Any Custom Size","","","","3-sided | 4-sided | Any Custom Size","https://v5.airtableusercontent.com/v3/u/57/57/1789048800000/l3O-bK0a1_VMZDjoDm_S6w/NR3n56-R_qZXnJx0x5kJzsvQPZj_0JWaZKz5bsKsRUS5GJ1lz0mj9yrMNSnaV3dD5iYfLGUwMLG2qAoi_9xP2vb0rD1FVm-UT8Ns2AtUzwc9-e0XJyufQmY_tj_QncakUyy3n-vS5kCneq0_7WEI3A/tqceD4rvzrY6R4MpmqE8rksRMW-qKh-bmkwgo4-USuU","","NEEDS_REVIEW","Images use temporary Airtable URLs"
"Faux Wood Beam MOD006 — FWB-MOD006","Faux Wood Beam MOD006","variable","FWB-MOD006","Faux Wood Beam Systems","bafbmrw3.jpg (https://v5.airtableusercontent.com/v3/u/57/57/1789048800000/UF0B1D3k0-mbb6_nx7q4lw/3YnoflXp80JyCp672yjVdVuqb5FRNiWZ6y8O-HE8C9E-Cn0c_PjI0Mg9YS_0PHKWdLcQVkm2LkBEqyTnHEYubO_WyCiXtETvGuM10TXGXWnCPLat-G_3cCsR8IKB37w6jNYJG0CkNe1WPwJ5eDmeTw/i0wuvBt7CK9qf3vjUsXaeRreecur9gic-duZV_fb6sY)","","Grainy Style GS-FWB","Our grainy texture is characterized by distinct and tangible wood fibers, which give the material its unique natural pattern. The grain creates a dynamic contrast within the texture, emphasizing the layered structure of the wood and enhancing its depth.","FWB-MOD006-0001,FWB-MOD006-0002,FWB-MOD006-0003,FWB-MOD006-0004,FWB-MOD006-0005,FWB-MOD006-0006,FWB-MOD006-0007,FWB-MOD006-0008,FWB-MOD006-0009,FWB-MOD006-0010,FWB-MOD006-0011,FWB-MOD006-0012,FWB-MOD006-0013,FWB-MOD006-0014,FWB-MOD006-0015,FWB-MOD006-0016,FWB-MOD006-0017,FWB-MOD006-0018,FWB-MOD006-0019,FWB-MOD006-0020,FWB-MOD006-0021,FWB-MOD006-0022,FWB-MOD006-0023,FWB-MOD006-0024,FWB-MOD006-0025,FWB-MOD006-0026,FWB-MOD006-0027,FWB-MOD006-0028,FWB-MOD006-0029,FWB-MOD006-0030,FWB-MOD006-0031,FWB-MOD006-0032,FWB-MOD006-0033,FWB-MOD006-0034,FWB-MOD006-0035,FWB-MOD006-0036,FWB-MOD006-0037,FWB-MOD006-0038,FWB-MOD006-0039,FWB-MOD006-0040,FWB-MOD006-0041,FWB-MOD006-0042,FWB-MOD006-0043,FWB-MOD006-0044,FWB-MOD006-0045,FWB-MOD006-0046,FWB-MOD006-0047,FWB-MOD006-0048,FWB-MOD006-0049,FWB-MOD006-0050,FWB-MOD006-0051,FWB-MOD006-0052,FWB-MOD006-0053,FWB-MOD006-0054,FWB-MOD006-0055,FWB-MOD006-0056,FWB-MOD006-0057,FWB-MOD006-0058,FWB-MOD006-0059,FWB-MOD006-0060,FWB-MOD006-0061,FWB-MOD006-0062,FWB-MOD006-0063,FWB-MOD006-0064,FWB-MOD006-0065,FWB-MOD006-0066,FWB-MOD006-0067,FWB-MOD006-0068,FWB-MOD006-0069,FWB-MOD006-0070,FWB-MOD006-0071,FWB-MOD006-0072,FWB-MOD006-0073,FWB-MOD006-0074,FWB-MOD006-0075,FWB-MOD006-0076,FWB-MOD006-0077,FWB-MOD006-0078,FWB-MOD006-0079,FWB-MOD006-0080,FWB-MOD006-0081","1","0","visible","none","1","10","","""Width — 4"""""",""Width — 6"""""",""Width — 8"""""",""Width — 10"""""",""Width — 12"""""",Width — Any Custom Size,""Height — 4"""""",""Height — 6"""""",""Height — 8"""""",""Height — 10"""""",""Height — 12"""""",Height — Any Custom Size,""Length — 8' (96"""")"",""Length — 10' (120"""")"",""Length — 12' (144"""")"",""Length — 16' (192"""")"",""Length — 20' (240"""")"",Length — Any Custom Size,Sides — 3-sided,Sides — 4-sided,Sides — Any Custom Size","","decorativearchitecturalproducts.com","","FWB-MOD006","FWB-MOD006-0001,FWB-MOD006-0002,FWB-MOD006-0003,FWB-MOD006-0004,FWB-MOD006-0005,FWB-MOD006-0006,FWB-MOD006-0007,FWB-MOD006-0008,FWB-MOD006-0009,FWB-MOD006-0010,FWB-MOD006-0011,FWB-MOD006-0012,FWB-MOD006-0013,FWB-MOD006-0014,FWB-MOD006-0015,FWB-MOD006-0016,FWB-MOD006-0017,FWB-MOD006-0018,FWB-MOD006-0019,FWB-MOD006-0020,FWB-MOD006-0021,FWB-MOD006-0022,FWB-MOD006-0023,FWB-MOD006-0024,FWB-MOD006-0025,FWB-MOD006-0026,FWB-MOD006-0027,FWB-MOD006-0028,FWB-MOD006-0029,FWB-MOD006-0030,FWB-MOD006-0031,FWB-MOD006-0032,FWB-MOD006-0033,FWB-MOD006-0034,FWB-MOD006-0035,FWB-MOD006-0036,FWB-MOD006-0037,FWB-MOD006-0038,FWB-MOD006-0039,FWB-MOD006-0040,FWB-MOD006-0041,FWB-MOD006-0042,FWB-MOD006-0043,FWB-MOD006-0044,FWB-MOD006-0045,FWB-MOD006-0046,FWB-MOD006-0047,FWB-MOD006-0048,FWB-MOD006-0049,FWB-MOD006-0050,FWB-MOD006-0051,FWB-MOD006-0052,FWB-MOD006-0053,FWB-MOD006-0054,FWB-MOD006-0055,FWB-MOD006-0056,FWB-MOD006-0057,FWB-MOD006-0058,FWB-MOD006-0059,FWB-MOD006-0060,FWB-MOD006-0061,FWB-MOD006-0062,FWB-MOD006-0063,FWB-MOD006-0064,FWB-MOD006-0065,FWB-MOD006-0066,FWB-MOD006-0067,FWB-MOD006-0068,FWB-MOD006-0069,FWB-MOD006-0070,FWB-MOD006-0071,FWB-MOD006-0072,FWB-MOD006-0073,FWB-MOD006-0074,FWB-MOD006-0075,FWB-MOD006-0076,FWB-MOD006-0077,FWB-MOD006-0078,FWB-MOD006-0079,FWB-MOD006-0080,FWB-MOD006-0081","{""decorativearchitecturalproducts.com"": ""Decorative Architectural Products""}","Decorative Architectural Products","{""decorativearchitecturalproducts.com"": """"}","new","USD","Faux Wood Beam Systems","","","","","","","","8' (96"") | 10' (120"") | 12' (144"") | 16' (192"") | 20' (240"") | Any Custom Size","4"" | 6"" | 8"" | 10"" | 12"" | Any Custom Size","4"" | 6"" | 8"" | 10"" | 12"" | Any Custom Size","","","","3-sided | 4-sided | Any Custom Size","https://v5.airtableusercontent.com/v3/u/57/57/1789048800000/UF0B1D3k0-mbb6_nx7q4lw/3YnoflXp80JyCp672yjVdVuqb5FRNiWZ6y8O-HE8C9E-Cn0c_PjI0Mg9YS_0PHKWdLcQVkm2LkBEqyTnHEYubO_WyCiXtETvGuM10TXGXWnCPLat-G_3cCsR8IKB37w6jNYJG0CkNe1WPwJ5eDmeTw/i0wuvBt7CK9qf3vjUsXaeRreecur9gic-duZV_fb6sY","","NEEDS_REVIEW","Images use temporary Airtable URLs"
"Faux Wood Beam MOD007 — FWB-MOD007","Faux Wood Beam MOD007","variable","FWB-MOD007","Faux Wood Beam Systems","bbgbmaw3.jpg (https://v5.airtableusercontent.com/v3/u/57/57/1789048800000/ntgBPHV8MOQhXzuXxt0_eQ/CJFywK-tHntzJ3xCkVGx76b94gDHRNDhHvmh1PZ7ac1b9dqs9DZqpoP8sWybeO-Wi7yf1ac5xkHzp-HDwm7pFv93GXPAohi6O8K_0FEG48BmvoHD39DggGr1Uo_ATLiWO0TzHYT77h3iesIodbscRg/PbQEAsjVHxiWH0q1TdgZOoEJWv3Be-B5gBjWBtPhxEI)","","Rough Hewn Style RH-FWB","Our Rough Hewn Style Faux Wood Ceiling Beams faithfully emulate the artisanal craftsmanship of hand-worked wood. Each beam retains the unique, irregular characteristics of the wood, including knots, grain patterns, and surface imperfections, providing an authentically rough-hewn finish. This treatment preserves the raw, organic beauty of the material.","FWB-MOD007-0001,FWB-MOD007-0002,FWB-MOD007-0003,FWB-MOD007-0004,FWB-MOD007-0005,FWB-MOD007-0006,FWB-MOD007-0007,FWB-MOD007-0008,FWB-MOD007-0009,FWB-MOD007-0010,FWB-MOD007-0011,FWB-MOD007-0012,FWB-MOD007-0013,FWB-MOD007-0014,FWB-MOD007-0015,FWB-MOD007-0016,FWB-MOD007-0017,FWB-MOD007-0018,FWB-MOD007-0019,FWB-MOD007-0020,FWB-MOD007-0021,FWB-MOD007-0022,FWB-MOD007-0023,FWB-MOD007-0024,FWB-MOD007-0025,FWB-MOD007-0026,FWB-MOD007-0027,FWB-MOD007-0028,FWB-MOD007-0029,FWB-MOD007-0030,FWB-MOD007-0031,FWB-MOD007-0032,FWB-MOD007-0033,FWB-MOD007-0034,FWB-MOD007-0035,FWB-MOD007-0036,FWB-MOD007-0037,FWB-MOD007-0038,FWB-MOD007-0039,FWB-MOD007-0040,FWB-MOD007-0041,FWB-MOD007-0042,FWB-MOD007-0043,FWB-MOD007-0044,FWB-MOD007-0045,FWB-MOD007-0046,FWB-MOD007-0047,FWB-MOD007-0048,FWB-MOD007-0049,FWB-MOD007-0050,FWB-MOD007-0051,FWB-MOD007-0052,FWB-MOD007-0053,FWB-MOD007-0054,FWB-MOD007-0055,FWB-MOD007-0056,FWB-MOD007-0057,FWB-MOD007-0058,FWB-MOD007-0059,FWB-MOD007-0060,FWB-MOD007-0061,FWB-MOD007-0062,FWB-MOD007-0063,FWB-MOD007-0064,FWB-MOD007-0065,FWB-MOD007-0066,FWB-MOD007-0067,FWB-MOD007-0068,FWB-MOD007-0069,FWB-MOD007-0070,FWB-MOD007-0071,FWB-MOD007-0072,FWB-MOD007-0073,FWB-MOD007-0074,FWB-MOD007-0075,FWB-MOD007-0076,FWB-MOD007-0077,FWB-MOD007-0078,FWB-MOD007-0079,FWB-MOD007-0080,FWB-MOD007-0081","1","0","visible","none","1","10","","""Width — 4"""""",""Width — 6"""""",""Width — 8"""""",""Width — 10"""""",""Width — 12"""""",Width — Any Custom Size,""Height — 4"""""",""Height — 6"""""",""Height — 8"""""",""Height — 10"""""",""Height — 12"""""",Height — Any Custom Size,""Length — 8' (96"""")"",""Length — 10' (120"""")"",""Length — 12' (144"""")"",""Length — 16' (192"""")"",""Length — 20' (240"""")"",Length — Any Custom Size,Sides — 3-sided,Sides — 4-sided,Sides — Any Custom Size","","decorativearchitecturalproducts.com","","FWB-MOD007","FWB-MOD007-0001,FWB-MOD007-0002,FWB-MOD007-0003,FWB-MOD007-0004,FWB-MOD007-0005,FWB-MOD007-0006,FWB-MOD007-0007,FWB-MOD007-0008,FWB-MOD007-0009,FWB-MOD007-0010,FWB-MOD007-0011,FWB-MOD007-0012,FWB-MOD007-0013,FWB-MOD007-0014,FWB-MOD007-0015,FWB-MOD007-0016,FWB-MOD007-0017,FWB-MOD007-0018,FWB-MOD007-0019,FWB-MOD007-0020,FWB-MOD007-0021,FWB-MOD007-0022,FWB-MOD007-0023,FWB-MOD007-0024,FWB-MOD007-0025,FWB-MOD007-0026,FWB-MOD007-0027,FWB-MOD007-0028,FWB-MOD007-0029,FWB-MOD007-0030,FWB-MOD007-0031,FWB-MOD007-0032,FWB-MOD007-0033,FWB-MOD007-0034,FWB-MOD007-0035,FWB-MOD007-0036,FWB-MOD007-0037,FWB-MOD007-0038,FWB-MOD007-0039,FWB-MOD007-0040,FWB-MOD007-0041,FWB-MOD007-0042,FWB-MOD007-0043,FWB-MOD007-0044,FWB-MOD007-0045,FWB-MOD007-0046,FWB-MOD007-0047,FWB-MOD007-0048,FWB-MOD007-0049,FWB-MOD007-0050,FWB-MOD007-0051,FWB-MOD007-0052,FWB-MOD007-0053,FWB-MOD007-0054,FWB-MOD007-0055,FWB-MOD007-0056,FWB-MOD007-0057,FWB-MOD007-0058,FWB-MOD007-0059,FWB-MOD007-0060,FWB-MOD007-0061,FWB-MOD007-0062,FWB-MOD007-0063,FWB-MOD007-0064,FWB-MOD007-0065,FWB-MOD007-0066,FWB-MOD007-0067,FWB-MOD007-0068,FWB-MOD007-0069,FWB-MOD007-0070,FWB-MOD007-0071,FWB-MOD007-0072,FWB-MOD007-0073,FWB-MOD007-0074,FWB-MOD007-0075,FWB-MOD007-0076,FWB-MOD007-0077,FWB-MOD007-0078,FWB-MOD007-0079,FWB-MOD007-0080,FWB-MOD007-0081","{""decorativearchitecturalproducts.com"": ""Decorative Architectural Products""}","Decorative Architectural Products","{""decorativearchitecturalproducts.com"": """"}","new","USD","Faux Wood Beam Systems","","","","","","","","8' (96"") | 10' (120"") | 12' (144"") | 16' (192"") | 20' (240"") | Any Custom Size","4"" | 6"" | 8"" | 10"" | 12"" | Any Custom Size","4"" | 6"" | 8"" | 10"" | 12"" | Any Custom Size","","","","3-sided | 4-sided | Any Custom Size","https://v5.airtableusercontent.com/v3/u/57/57/1789048800000/ntgBPHV8MOQhXzuXxt0_eQ/CJFywK-tHntzJ3xCkVGx76b94gDHRNDhHvmh1PZ7ac1b9dqs9DZqpoP8sWybeO-Wi7yf1ac5xkHzp-HDwm7pFv93GXPAohi6O8K_0FEG48BmvoHD39DggGr1Uo_ATLiWO0TzHYT77h3iesIodbscRg/PbQEAsjVHxiWH0q1TdgZOoEJWv3Be-B5gBjWBtPhxEI","","NEEDS_REVIEW","Images use temporary Airtable URLs"
"Faux Wood Beam MOD008 — FWB-MOD008","Faux Wood Beam MOD008","variable","FWB-MOD008","Faux Wood Beam Systems","bahbmaw3.jpg (https://v5.airtableusercontent.com/v3/u/57/57/1789048800000/Ty3QL5gCWcxT4MJcetA34A/66T5Mq00qB4XNgAH3LPdEx8spm_yrecZGsxJE9nMPEFsve8Pp2g0mYntxjYWLwd9eTkV9-V-2u7db07bZudG6ChiBTvemmT4iHf_1s08ncOxUD2ch4e4_ri_Yieb3yZWRNTVQFtuuHL7wdowM2y7dw/s25weAiZUZ9Wq8UALmEQLShJstcs9EUjYZQIUl-rHFs)","","Barn Wood Style BW-FWB","Our Barn Wood Faux Wood Beams is a style often used to describe beams that mimic the look of reclaimed barn wood. The beams are designed to replicate the natural wear and aging of wood that has been exposed to the elements over time, such as in barns or other outdoor structures.","FWB-MOD008-0001,FWB-MOD008-0002,FWB-MOD008-0003,FWB-MOD008-0004,FWB-MOD008-0005,FWB-MOD008-0006,FWB-MOD008-0007,FWB-MOD008-0008,FWB-MOD008-0009,FWB-MOD008-0010,FWB-MOD008-0011,FWB-MOD008-0012,FWB-MOD008-0013,FWB-MOD008-0014,FWB-MOD008-0015,FWB-MOD008-0016,FWB-MOD008-0017,FWB-MOD008-0018,FWB-MOD008-0019,FWB-MOD008-0020,FWB-MOD008-0021,FWB-MOD008-0022,FWB-MOD008-0023,FWB-MOD008-0024,FWB-MOD008-0025,FWB-MOD008-0026,FWB-MOD008-0027,FWB-MOD008-0028,FWB-MOD008-0029,FWB-MOD008-0030,FWB-MOD008-0031,FWB-MOD008-0032,FWB-MOD008-0033,FWB-MOD008-0034,FWB-MOD008-0035,FWB-MOD008-0036,FWB-MOD008-0037,FWB-MOD008-0038,FWB-MOD008-0039,FWB-MOD008-0040,FWB-MOD008-0041,FWB-MOD008-0042,FWB-MOD008-0043,FWB-MOD008-0044,FWB-MOD008-0045,FWB-MOD008-0046,FWB-MOD008-0047,FWB-MOD008-0048,FWB-MOD008-0049,FWB-MOD008-0050,FWB-MOD008-0051,FWB-MOD008-0052,FWB-MOD008-0053,FWB-MOD008-0054,FWB-MOD008-0055,FWB-MOD008-0056,FWB-MOD008-0057,FWB-MOD008-0058,FWB-MOD008-0059,FWB-MOD008-0060,FWB-MOD008-0061,FWB-MOD008-0062,FWB-MOD008-0063,FWB-MOD008-0064,FWB-MOD008-0065,FWB-MOD008-0066,FWB-MOD008-0067,FWB-MOD008-0068,FWB-MOD008-0069,FWB-MOD008-0070,FWB-MOD008-0071,FWB-MOD008-0072,FWB-MOD008-0073,FWB-MOD008-0074,FWB-MOD008-0075,FWB-MOD008-0076,FWB-MOD008-0077,FWB-MOD008-0078,FWB-MOD008-0079,FWB-MOD008-0080,FWB-MOD008-0081","1","0","visible","none","1","10","","""Width — 4"""""",""Width — 6"""""",""Width — 8"""""",""Width — 10"""""",""Width — 12"""""",Width — Any Custom Size,""Height — 4"""""",""Height — 6"""""",""Height — 8"""""",""Height — 10"""""",""Height — 12"""""",Height — Any Custom Size,""Length — 8' (96"""")"",""Length — 10' (120"""")"",""Length — 12' (144"""")"",""Length — 16' (192"""")"",""Length — 20' (240"""")"",Length — Any Custom Size,Sides — 3-sided,Sides — 4-sided,Sides — Any Custom Size","","decorativearchitecturalproducts.com","","FWB-MOD008","FWB-MOD008-0001,FWB-MOD008-0002,FWB-MOD008-0003,FWB-MOD008-0004,FWB-MOD008-0005,FWB-MOD008-0006,FWB-MOD008-0007,FWB-MOD008-0008,FWB-MOD008-0009,FWB-MOD008-0010,FWB-MOD008-0011,FWB-MOD008-0012,FWB-MOD008-0013,FWB-MOD008-0014,FWB-MOD008-0015,FWB-MOD008-0016,FWB-MOD008-0017,FWB-MOD008-0018,FWB-MOD008-0019,FWB-MOD008-0020,FWB-MOD008-0021,FWB-MOD008-0022,FWB-MOD008-0023,FWB-MOD008-0024,FWB-MOD008-0025,FWB-MOD008-0026,FWB-MOD008-0027,FWB-MOD008-0028,FWB-MOD008-0029,FWB-MOD008-0030,FWB-MOD008-0031,FWB-MOD008-0032,FWB-MOD008-0033,FWB-MOD008-0034,FWB-MOD008-0035,FWB-MOD008-0036,FWB-MOD008-0037,FWB-MOD008-0038,FWB-MOD008-0039,FWB-MOD008-0040,FWB-MOD008-0041,FWB-MOD008-0042,FWB-MOD008-0043,FWB-MOD008-0044,FWB-MOD008-0045,FWB-MOD008-0046,FWB-MOD008-0047,FWB-MOD008-0048,FWB-MOD008-0049,FWB-MOD008-0050,FWB-MOD008-0051,FWB-MOD008-0052,FWB-MOD008-0053,FWB-MOD008-0054,FWB-MOD008-0055,FWB-MOD008-0056,FWB-MOD008-0057,FWB-MOD008-0058,FWB-MOD008-0059,FWB-MOD008-0060,FWB-MOD008-0061,FWB-MOD008-0062,FWB-MOD008-0063,FWB-MOD008-0064,FWB-MOD008-0065,FWB-MOD008-0066,FWB-MOD008-0067,FWB-MOD008-0068,FWB-MOD008-0069,FWB-MOD008-0070,FWB-MOD008-0071,FWB-MOD008-0072,FWB-MOD008-0073,FWB-MOD008-0074,FWB-MOD008-0075,FWB-MOD008-0076,FWB-MOD008-0077,FWB-MOD008-0078,FWB-MOD008-0079,FWB-MOD008-0080,FWB-MOD008-0081","{""decorativearchitecturalproducts.com"": ""Decorative Architectural Products""}","Decorative Architectural Products","{""decorativearchitecturalproducts.com"": """"}","new","USD","Faux Wood Beam Systems","","","","","","","","8' (96"") | 10' (120"") | 12' (144"") | 16' (192"") | 20' (240"") | Any Custom Size","4"" | 6"" | 8"" | 10"" | 12"" | Any Custom Size","4"" | 6"" | 8"" | 10"" | 12"" | Any Custom Size","","","","3-sided | 4-sided | Any Custom Size","https://v5.airtableusercontent.com/v3/u/57/57/1789048800000/Ty3QL5gCWcxT4MJcetA34A/66T5Mq00qB4XNgAH3LPdEx8spm_yrecZGsxJE9nMPEFsve8Pp2g0mYntxjYWLwd9eTkV9-V-2u7db07bZudG6ChiBTvemmT4iHf_1s08ncOxUD2ch4e4_ri_Yieb3yZWRNTVQFtuuHL7wdowM2y7dw/s25weAiZUZ9Wq8UALmEQLShJstcs9EUjYZQIUl-rHFs","","NEEDS_REVIEW","Images use temporary Airtable URLs"
"Coffered Ceiling System MOD001 — CCS-MOD001","Coffered Ceiling System MOD001","variable","CCS-MOD001","Coffered Ceiling Systems","","","Sanded Style SS-CCS","Our sanded texture represents a treated wood surface, refined to a smooth finish. This process preserves and accentuates the natural patterns and unique grain of the wood, creating an elegant combination of smoothness and natural beauty. This texture perfectly balances a refined finish with the organic essence of the material, maintaining its authenticity and natural charm.","CCS-MOD001-0001","1","0","visible","none","1","10","","Texture — Sandblast,Texture — Freestyle,Texture — Quarzputz,Texture — Sandpebble,Texture — Sandpebble Fine,Texture — Mojave,Texture — Limestone,Texture — Finesse,Texture — Adobe,Texture — Coral,Texture — Coral Light","","decorativearchitecturalproducts.com","","CCS-MOD001","CCS-MOD001-0001","{""decorativearchitecturalproducts.com"": ""Decorative Architectural Products""}","Decorative Architectural Products","{""decorativearchitecturalproducts.com"": """"}","new","USD","Coffered Ceiling Systems","","","","","","","Sandblast | Freestyle | Quarzputz | Sandpebble | Sandpebble Fine | Mojave | Limestone | Finesse | Adobe | Coral | Coral Light","","","","","","","","","","NEEDS_REVIEW","Image is missing"
"Coffered Ceiling System MOD002 — CCS-MOD002","Coffered Ceiling System MOD002","variable","CCS-MOD002","Coffered Ceiling Systems","","","Hand Hewn Style HH-CCS","Our Faux Wood Beams Hand Hewn Style replicate the artisanal craftsmanship of hand-worked wood, where each beam reflects the natural, irregular texture created by axes or specialized tools. This process preserves the distinctive marks of the craftsman.","CCS-MOD002-0001","1","0","visible","none","1","10","","Texture — Sandblast,Texture — Freestyle,Texture — Quarzputz,Texture — Sandpebble,Texture — Sandpebble Fine,Texture — Mojave,Texture — Limestone,Texture — Finesse,Texture — Adobe,Texture — Coral,Texture — Coral Light","","decorativearchitecturalproducts.com","","CCS-MOD002","CCS-MOD002-0001","{""decorativearchitecturalproducts.com"": ""Decorative Architectural Products""}","Decorative Architectural Products","{""decorativearchitecturalproducts.com"": """"}","new","USD","Coffered Ceiling Systems","","","","","","","Sandblast | Freestyle | Quarzputz | Sandpebble | Sandpebble Fine | Mojave | Limestone | Finesse | Adobe | Coral | Coral Light","","","","","","","","","","NEEDS_REVIEW","Image is missing"
"Coffered Ceiling System MOD003 — CCS-MOD003","Coffered Ceiling System MOD003","variable","CCS-MOD003","Coffered Ceiling Systems","","","Rough Sawn Style RS-CCS","Rough Sawn Style Beams have a distressed, aged appearance, often with visible grain, knots, and cracks. Unfinished logs or roughly treated beams are often used in interiors to create a ""wild nature"". This type of texture is ideal for spaces that value the raw, untreated look of wood.","CCS-MOD003-0001","1","0","visible","none","1","10","","Texture — Sandblast,Texture — Freestyle,Texture — Quarzputz,Texture — Sandpebble,Texture — Sandpebble Fine,Texture — Mojave,Texture — Limestone,Texture — Finesse,Texture — Adobe,Texture — Coral,Texture — Coral Light","","decorativearchitecturalproducts.com","","CCS-MOD003","CCS-MOD003-0001","{""decorativearchitecturalproducts.com"": ""Decorative Architectural Products""}","Decorative Architectural Products","{""decorativearchitecturalproducts.com"": """"}","new","USD","Coffered Ceiling Systems","","","","","","","Sandblast | Freestyle | Quarzputz | Sandpebble | Sandpebble Fine | Mojave | Limestone | Finesse | Adobe | Coral | Coral Light","","","","","","","","","","NEEDS_REVIEW","Image is missing"
"Coffered Ceiling System MOD004 — CCS-MOD004","Coffered Ceiling System MOD004","variable","CCS-MOD004","Coffered Ceiling Systems","","","Brushed Texture Style BR-CCS","Brushing is a wood treatment process where stiff brushes are used to remove the softer fibers, highlighting the denser and harder structure of the material. Brushed wood retains its natural character while gaining a unique decorative effect.","CCS-MOD004-0001","1","0","visible","none","1","10","","Texture — Sandblast,Texture — Freestyle,Texture — Quarzputz,Texture — Sandpebble,Texture — Sandpebble Fine,Texture — Mojave,Texture — Limestone,Texture — Finesse,Texture — Adobe,Texture — Coral,Texture — Coral Light","","decorativearchitecturalproducts.com","","CCS-MOD004","CCS-MOD004-0001","{""decorativearchitecturalproducts.com"": ""Decorative Architectural Products""}","Decorative Architectural Products","{""decorativearchitecturalproducts.com"": """"}","new","USD","Coffered Ceiling Systems","","","","","","","Sandblast | Freestyle | Quarzputz | Sandpebble | Sandpebble Fine | Mojave | Limestone | Finesse | Adobe | Coral | Coral Light","","","","","","","","","","NEEDS_REVIEW","Image is missing"
"Coffered Ceiling System MOD005 — CCS-MOD005","Coffered Ceiling System MOD005","variable","CCS-MOD005","Coffered Ceiling Systems","","","Weathered Texture Style WE-CCS","Our Weathered Texture Faux Wood Beams masterfully capture the passage of time, simulating the natural wear and weathering that wood experiences when exposed to the elements, creating a sense of history and warmth in any space they adorn.","CCS-MOD005-0001","1","0","visible","none","1","10","","Texture — Sandblast,Texture — Freestyle,Texture — Quarzputz,Texture — Sandpebble,Texture — Sandpebble Fine,Texture — Mojave,Texture — Limestone,Texture — Finesse,Texture — Adobe,Texture — Coral,Texture — Coral Light","","decorativearchitecturalproducts.com","","CCS-MOD005","CCS-MOD005-0001","{""decorativearchitecturalproducts.com"": ""Decorative Architectural Products""}","Decorative Architectural Products","{""decorativearchitecturalproducts.com"": """"}","new","USD","Coffered Ceiling Systems","","","","","","","Sandblast | Freestyle | Quarzputz | Sandpebble | Sandpebble Fine | Mojave | Limestone | Finesse | Adobe | Coral | Coral Light","","","","","","","","","","NEEDS_REVIEW","Image is missing"
"Coffered Ceiling System MOD006 — CCS-MOD006","Coffered Ceiling System MOD006","variable","CCS-MOD006","Coffered Ceiling Systems","","","Grainy Style GS-CCS","Our grainy texture is characterized by distinct and tangible wood fibers, which give the material its unique natural pattern. The grain creates a dynamic contrast within the texture, emphasizing the layered structure of the wood and enhancing its depth.","CCS-MOD006-0001","1","0","visible","none","1","10","","Texture — Sandblast,Texture — Freestyle,Texture — Quarzputz,Texture — Sandpebble,Texture — Sandpebble Fine,Texture — Mojave,Texture — Limestone,Texture — Finesse,Texture — Adobe,Texture — Coral,Texture — Coral Light","","decorativearchitecturalproducts.com","","CCS-MOD006","CCS-MOD006-0001","{""decorativearchitecturalproducts.com"": ""Decorative Architectural Products""}","Decorative Architectural Products","{""decorativearchitecturalproducts.com"": """"}","new","USD","Coffered Ceiling Systems","","","","","","","Sandblast | Freestyle | Quarzputz | Sandpebble | Sandpebble Fine | Mojave | Limestone | Finesse | Adobe | Coral | Coral Light","","","","","","","","","","NEEDS_REVIEW","Image is missing"
"Coffered Ceiling System MOD007 — CCS-MOD007","Coffered Ceiling System MOD007","variable","CCS-MOD007","Coffered Ceiling Systems","","","Rough Hewn Style RH-CCS","Our Rough Hewn Style Faux Wood Ceiling Beams faithfully emulate the artisanal craftsmanship of hand-worked wood. Each beam retains the unique, irregular characteristics of the wood, including knots, grain patterns, and surface imperfections, providing an authentically rough-hewn finish. This treatment preserves the raw, organic beauty of the material.","CCS-MOD007-0001","1","0","visible","none","1","10","","Texture — Sandblast,Texture — Freestyle,Texture — Quarzputz,Texture — Sandpebble,Texture — Sandpebble Fine,Texture — Mojave,Texture — Limestone,Texture — Finesse,Texture — Adobe,Texture — Coral,Texture — Coral Light","","decorativearchitecturalproducts.com","","CCS-MOD007","CCS-MOD007-0001","{""decorativearchitecturalproducts.com"": ""Decorative Architectural Products""}","Decorative Architectural Products","{""decorativearchitecturalproducts.com"": """"}","new","USD","Coffered Ceiling Systems","","","","","","","Sandblast | Freestyle | Quarzputz | Sandpebble | Sandpebble Fine | Mojave | Limestone | Finesse | Adobe | Coral | Coral Light","","","","","","","","","","NEEDS_REVIEW","Image is missing"
"Coffered Ceiling System MOD008 — CCS-MOD008","Coffered Ceiling System MOD008","variable","CCS-MOD008","Coffered Ceiling Systems","","","Barn Wood Style BW-CCS","Our Barn Wood Faux Wood Beams is a style often used to describe beams that mimic the look of reclaimed barn wood. The beams are designed to replicate the natural wear and aging of wood that has been exposed to the elements over time, such as in barns or other outdoor structures.","CCS-MOD008-0001","1","0","visible","none","1","10","","Texture — Sandblast,Texture — Freestyle,Texture — Quarzputz,Texture — Sandpebble,Texture — Sandpebble Fine,Texture — Mojave,Texture — Limestone,Texture — Finesse,Texture — Adobe,Texture — Coral,Texture — Coral Light","","decorativearchitecturalproducts.com","","CCS-MOD008","CCS-MOD008-0001","{""decorativearchitecturalproducts.com"": ""Decorative Architectural Products""}","Decorative Architectural Products","{""decorativearchitecturalproducts.com"": """"}","new","USD","Coffered Ceiling Systems","","","","","","","Sandblast | Freestyle | Quarzputz | Sandpebble | Sandpebble Fine | Mojave | Limestone | Finesse | Adobe | Coral | Coral Light","","","","","","","","","","NEEDS_REVIEW","Image is missing"
"Faux Wood Mantel MOD001 — FWM-MOD001","Faux Wood Mantel MOD001","variable","FWM-MOD001","Faux Wood Mantels","","","Sanded Style SS-FWM","For designers who curate spaces of distinction, the Sanded Style mantel offers a refined yet commanding presence. Its clean lines and tactile finish deliver understated edge, effortlessly complementing bold, modern interiors with architectural clarity and quiet confidence.","FWM-MOD001-0001,FWM-MOD001-0002,FWM-MOD001-0003,FWM-MOD001-0004,FWM-MOD001-0005,FWM-MOD001-0006,FWM-MOD001-0007,FWM-MOD001-0008,FWM-MOD001-0009,FWM-MOD001-0010,FWM-MOD001-0011,FWM-MOD001-0012,FWM-MOD001-0013,FWM-MOD001-0014,FWM-MOD001-0015,FWM-MOD001-0016,FWM-MOD001-0017,FWM-MOD001-0018,FWM-MOD001-0019,FWM-MOD001-0020,FWM-MOD001-0021,FWM-MOD001-0022,FWM-MOD001-0023,FWM-MOD001-0024,FWM-MOD001-0025,FWM-MOD001-0026,FWM-MOD001-0027,FWM-MOD001-0028,FWM-MOD001-0029,FWM-MOD001-0030,FWM-MOD001-0031","1","0","visible","none","1","10","","""Projection — 6"""""",""Projection — 8"""""",""Projection — 10"""""",""Projection — 12"""""",Projection — Any Custom Size,""Height — 4"""""",""Height — 6"""""",""Height — 8"""""",Height — Any Custom Size,""Length — 4' (48"""")"",""Length — 5' (60"""")"",""Length — 6' (72"""")"",""Length — 7' (84"""")"",""Length — 8' (96"""")"",Length — Any Custom Size","","decorativearchitecturalproducts.com","","FWM-MOD001","FWM-MOD001-0001,FWM-MOD001-0002,FWM-MOD001-0003,FWM-MOD001-0004,FWM-MOD001-0005,FWM-MOD001-0006,FWM-MOD001-0007,FWM-MOD001-0008,FWM-MOD001-0009,FWM-MOD001-0010,FWM-MOD001-0011,FWM-MOD001-0012,FWM-MOD001-0013,FWM-MOD001-0014,FWM-MOD001-0015,FWM-MOD001-0016,FWM-MOD001-0017,FWM-MOD001-0018,FWM-MOD001-0019,FWM-MOD001-0020,FWM-MOD001-0021,FWM-MOD001-0022,FWM-MOD001-0023,FWM-MOD001-0024,FWM-MOD001-0025,FWM-MOD001-0026,FWM-MOD001-0027,FWM-MOD001-0028,FWM-MOD001-0029,FWM-MOD001-0030,FWM-MOD001-0031","{""decorativearchitecturalproducts.com"": ""Decorative Architectural Products""}","Decorative Architectural Products","{""decorativearchitecturalproducts.com"": """"}","new","USD","Faux Wood Mantels","","","","","","","","4' (48"") | 5' (60"") | 6' (72"") | 7' (84"") | 8' (96"") | Any Custom Size","","4"" | 6"" | 8"" | Any Custom Size","","6"" | 8"" | 10"" | 12"" | Any Custom Size","","","","","NEEDS_REVIEW","Image is missing"
"Faux Wood Mantel MOD002 — FWM-MOD002","Faux Wood Mantel MOD002","variable","FWM-MOD002","Faux Wood Mantels","","","Hand Hewn Style HH-FWM","Our Faux Wood mantels Hand Hewn Style replicate the artisanal craftsmanship of hand-worked wood, where each mantel reflects the natural, irregular texture created by axes or specialized tools. This process preserves the distinctive marks of the craftsman, enhancing the tactile and visual appeal of the material, while emphasizing its authenticity.","FWM-MOD002-0001,FWM-MOD002-0002,FWM-MOD002-0003,FWM-MOD002-0004,FWM-MOD002-0005,FWM-MOD002-0006,FWM-MOD002-0007,FWM-MOD002-0008,FWM-MOD002-0009,FWM-MOD002-0010,FWM-MOD002-0011,FWM-MOD002-0012,FWM-MOD002-0013,FWM-MOD002-0014,FWM-MOD002-0015,FWM-MOD002-0016,FWM-MOD002-0017,FWM-MOD002-0018,FWM-MOD002-0019,FWM-MOD002-0020,FWM-MOD002-0021,FWM-MOD002-0022,FWM-MOD002-0023,FWM-MOD002-0024,FWM-MOD002-0025,FWM-MOD002-0026,FWM-MOD002-0027,FWM-MOD002-0028,FWM-MOD002-0029,FWM-MOD002-0030,FWM-MOD002-0031","1","0","visible","none","1","10","","""Projection — 6"""""",""Projection — 8"""""",""Projection — 10"""""",""Projection — 12"""""",Projection — Any Custom Size,""Height — 4"""""",""Height — 6"""""",""Height — 8"""""",Height — Any Custom Size,""Length — 4' (48"""")"",""Length — 5' (60"""")"",""Length — 6' (72"""")"",""Length — 7' (84"""")"",""Length — 8' (96"""")"",Length — Any Custom Size","","decorativearchitecturalproducts.com","","FWM-MOD002","FWM-MOD002-0001,FWM-MOD002-0002,FWM-MOD002-0003,FWM-MOD002-0004,FWM-MOD002-0005,FWM-MOD002-0006,FWM-MOD002-0007,FWM-MOD002-0008,FWM-MOD002-0009,FWM-MOD002-0010,FWM-MOD002-0011,FWM-MOD002-0012,FWM-MOD002-0013,FWM-MOD002-0014,FWM-MOD002-0015,FWM-MOD002-0016,FWM-MOD002-0017,FWM-MOD002-0018,FWM-MOD002-0019,FWM-MOD002-0020,FWM-MOD002-0021,FWM-MOD002-0022,FWM-MOD002-0023,FWM-MOD002-0024,FWM-MOD002-0025,FWM-MOD002-0026,FWM-MOD002-0027,FWM-MOD002-0028,FWM-MOD002-0029,FWM-MOD002-0030,FWM-MOD002-0031","{""decorativearchitecturalproducts.com"": ""Decorative Architectural Products""}","Decorative Architectural Products","{""decorativearchitecturalproducts.com"": """"}","new","USD","Faux Wood Mantels","","","","","","","","4' (48"") | 5' (60"") | 6' (72"") | 7' (84"") | 8' (96"") | Any Custom Size","","4"" | 6"" | 8"" | Any Custom Size","","6"" | 8"" | 10"" | 12"" | Any Custom Size","","","","","NEEDS_REVIEW","Image is missing"
"Faux Wood Mantel MOD003 — FWM-MOD003","Faux Wood Mantel MOD003","variable","FWM-MOD003","Faux Wood Mantels","","","Rough Sawn Style RS-FWM","Rough Sawn Style mantels have a distressed, aged appearance, often with visible grain, knots, and cracks. Unfinished logs or roughly treated beams are often used in interiors to create a ""wild nature"" or rustic style. This type of texture is ideal for spaces that value the raw, untreated look of wood, evoking a natural, earthy atmosphere.","FWM-MOD003-0001,FWM-MOD003-0002,FWM-MOD003-0003,FWM-MOD003-0004,FWM-MOD003-0005,FWM-MOD003-0006,FWM-MOD003-0007,FWM-MOD003-0008,FWM-MOD003-0009,FWM-MOD003-0010,FWM-MOD003-0011,FWM-MOD003-0012,FWM-MOD003-0013,FWM-MOD003-0014,FWM-MOD003-0015,FWM-MOD003-0016,FWM-MOD003-0017,FWM-MOD003-0018,FWM-MOD003-0019,FWM-MOD003-0020,FWM-MOD003-0021,FWM-MOD003-0022,FWM-MOD003-0023,FWM-MOD003-0024,FWM-MOD003-0025,FWM-MOD003-0026,FWM-MOD003-0027,FWM-MOD003-0028,FWM-MOD003-0029,FWM-MOD003-0030,FWM-MOD003-0031","1","0","visible","none","1","10","","""Projection — 6"""""",""Projection — 8"""""",""Projection — 10"""""",""Projection — 12"""""",Projection — Any Custom Size,""Height — 4"""""",""Height — 6"""""",""Height — 8"""""",Height — Any Custom Size,""Length — 4' (48"""")"",""Length — 5' (60"""")"",""Length — 6' (72"""")"",""Length — 7' (84"""")"",""Length — 8' (96"""")"",Length — Any Custom Size","","decorativearchitecturalproducts.com","","FWM-MOD003","FWM-MOD003-0001,FWM-MOD003-0002,FWM-MOD003-0003,FWM-MOD003-0004,FWM-MOD003-0005,FWM-MOD003-0006,FWM-MOD003-0007,FWM-MOD003-0008,FWM-MOD003-0009,FWM-MOD003-0010,FWM-MOD003-0011,FWM-MOD003-0012,FWM-MOD003-0013,FWM-MOD003-0014,FWM-MOD003-0015,FWM-MOD003-0016,FWM-MOD003-0017,FWM-MOD003-0018,FWM-MOD003-0019,FWM-MOD003-0020,FWM-MOD003-0021,FWM-MOD003-0022,FWM-MOD003-0023,FWM-MOD003-0024,FWM-MOD003-0025,FWM-MOD003-0026,FWM-MOD003-0027,FWM-MOD003-0028,FWM-MOD003-0029,FWM-MOD003-0030,FWM-MOD003-0031","{""decorativearchitecturalproducts.com"": ""Decorative Architectural Products""}","Decorative Architectural Products","{""decorativearchitecturalproducts.com"": """"}","new","USD","Faux Wood Mantels","","","","","","","","4' (48"") | 5' (60"") | 6' (72"") | 7' (84"") | 8' (96"") | Any Custom Size","","4"" | 6"" | 8"" | Any Custom Size","","6"" | 8"" | 10"" | 12"" | Any Custom Size","","","","","NEEDS_REVIEW","Image is missing"
"Faux Wood Mantel MOD004 — FWM-MOD004","Faux Wood Mantel MOD004","variable","FWM-MOD004","Faux Wood Mantels","","","Brushed Texture Style BR-FWM","Brushing is a wood treatment process where stiff brushes are used to remove the softer fibers, highlighting the denser and harder structure of the material. Brushed wood retains its natural character while gaining a unique decorative effect.","FWM-MOD004-0001,FWM-MOD004-0002,FWM-MOD004-0003,FWM-MOD004-0004,FWM-MOD004-0005,FWM-MOD004-0006,FWM-MOD004-0007,FWM-MOD004-0008,FWM-MOD004-0009,FWM-MOD004-0010,FWM-MOD004-0011,FWM-MOD004-0012,FWM-MOD004-0013,FWM-MOD004-0014,FWM-MOD004-0015,FWM-MOD004-0016,FWM-MOD004-0017,FWM-MOD004-0018,FWM-MOD004-0019,FWM-MOD004-0020,FWM-MOD004-0021,FWM-MOD004-0022,FWM-MOD004-0023,FWM-MOD004-0024,FWM-MOD004-0025,FWM-MOD004-0026,FWM-MOD004-0027,FWM-MOD004-0028,FWM-MOD004-0029,FWM-MOD004-0030,FWM-MOD004-0031","1","0","visible","none","1","10","","""Projection — 6"""""",""Projection — 8"""""",""Projection — 10"""""",""Projection — 12"""""",Projection — Any Custom Size,""Height — 4"""""",""Height — 6"""""",""Height — 8"""""",Height — Any Custom Size,""Length — 4' (48"""")"",""Length — 5' (60"""")"",""Length — 6' (72"""")"",""Length — 7' (84"""")"",""Length — 8' (96"""")"",Length — Any Custom Size","","decorativearchitecturalproducts.com","","FWM-MOD004","FWM-MOD004-0001,FWM-MOD004-0002,FWM-MOD004-0003,FWM-MOD004-0004,FWM-MOD004-0005,FWM-MOD004-0006,FWM-MOD004-0007,FWM-MOD004-0008,FWM-MOD004-0009,FWM-MOD004-0010,FWM-MOD004-0011,FWM-MOD004-0012,FWM-MOD004-0013,FWM-MOD004-0014,FWM-MOD004-0015,FWM-MOD004-0016,FWM-MOD004-0017,FWM-MOD004-0018,FWM-MOD004-0019,FWM-MOD004-0020,FWM-MOD004-0021,FWM-MOD004-0022,FWM-MOD004-0023,FWM-MOD004-0024,FWM-MOD004-0025,FWM-MOD004-0026,FWM-MOD004-0027,FWM-MOD004-0028,FWM-MOD004-0029,FWM-MOD004-0030,FWM-MOD004-0031","{""decorativearchitecturalproducts.com"": ""Decorative Architectural Products""}","Decorative Architectural Products","{""decorativearchitecturalproducts.com"": """"}","new","USD","Faux Wood Mantels","","","","","","","","4' (48"") | 5' (60"") | 6' (72"") | 7' (84"") | 8' (96"") | Any Custom Size","","4"" | 6"" | 8"" | Any Custom Size","","6"" | 8"" | 10"" | 12"" | Any Custom Size","","","","","NEEDS_REVIEW","Image is missing"
"Faux Wood Mantel MOD005 — FWM-MOD005","Faux Wood Mantel MOD005","variable","FWM-MOD005","Faux Wood Mantels","","","Weathered Texture Style WE-FWM","Crafted to reflect the soul of reclaimed wood, the Weathered Texture Style mantel brings earthy authenticity and heartfelt warmth to your home — blending natural imperfection with handcrafted integrity.","FWM-MOD005-0001,FWM-MOD005-0002,FWM-MOD005-0003,FWM-MOD005-0004,FWM-MOD005-0005,FWM-MOD005-0006,FWM-MOD005-0007,FWM-MOD005-0008,FWM-MOD005-0009,FWM-MOD005-0010,FWM-MOD005-0011,FWM-MOD005-0012,FWM-MOD005-0013,FWM-MOD005-0014,FWM-MOD005-0015,FWM-MOD005-0016,FWM-MOD005-0017,FWM-MOD005-0018,FWM-MOD005-0019,FWM-MOD005-0020,FWM-MOD005-0021,FWM-MOD005-0022,FWM-MOD005-0023,FWM-MOD005-0024,FWM-MOD005-0025,FWM-MOD005-0026,FWM-MOD005-0027,FWM-MOD005-0028,FWM-MOD005-0029,FWM-MOD005-0030,FWM-MOD005-0031","1","0","visible","none","1","10","","""Projection — 6"""""",""Projection — 8"""""",""Projection — 10"""""",""Projection — 12"""""",Projection — Any Custom Size,""Height — 4"""""",""Height — 6"""""",""Height — 8"""""",Height — Any Custom Size,""Length — 4' (48"""")"",""Length — 5' (60"""")"",""Length — 6' (72"""")"",""Length — 7' (84"""")"",""Length — 8' (96"""")"",Length — Any Custom Size","","decorativearchitecturalproducts.com","","FWM-MOD005","FWM-MOD005-0001,FWM-MOD005-0002,FWM-MOD005-0003,FWM-MOD005-0004,FWM-MOD005-0005,FWM-MOD005-0006,FWM-MOD005-0007,FWM-MOD005-0008,FWM-MOD005-0009,FWM-MOD005-0010,FWM-MOD005-0011,FWM-MOD005-0012,FWM-MOD005-0013,FWM-MOD005-0014,FWM-MOD005-0015,FWM-MOD005-0016,FWM-MOD005-0017,FWM-MOD005-0018,FWM-MOD005-0019,FWM-MOD005-0020,FWM-MOD005-0021,FWM-MOD005-0022,FWM-MOD005-0023,FWM-MOD005-0024,FWM-MOD005-0025,FWM-MOD005-0026,FWM-MOD005-0027,FWM-MOD005-0028,FWM-MOD005-0029,FWM-MOD005-0030,FWM-MOD005-0031","{""decorativearchitecturalproducts.com"": ""Decorative Architectural Products""}","Decorative Architectural Products","{""decorativearchitecturalproducts.com"": """"}","new","USD","Faux Wood Mantels","","","","","","","","4' (48"") | 5' (60"") | 6' (72"") | 7' (84"") | 8' (96"") | Any Custom Size","","4"" | 6"" | 8"" | Any Custom Size","","6"" | 8"" | 10"" | 12"" | Any Custom Size","","","","","NEEDS_REVIEW","Image is missing"
"Faux Wood Mantel MOD006 — FWM-MOD006","Faux Wood Mantel MOD006","variable","FWM-MOD006","Faux Wood Mantels","","","Grainy Style GS-FWM","Inspired by real wood texture, the Grainy Style mantel evokes the charm of countryside living. Its natural look and feel bring grounded simplicity and authentic warmth to any space that celebrates the handcrafted.","FWM-MOD006-0001,FWM-MOD006-0002,FWM-MOD006-0003,FWM-MOD006-0004,FWM-MOD006-0005,FWM-MOD006-0006,FWM-MOD006-0007,FWM-MOD006-0008,FWM-MOD006-0009,FWM-MOD006-0010,FWM-MOD006-0011,FWM-MOD006-0012,FWM-MOD006-0013,FWM-MOD006-0014,FWM-MOD006-0015,FWM-MOD006-0016,FWM-MOD006-0017,FWM-MOD006-0018,FWM-MOD006-0019,FWM-MOD006-0020,FWM-MOD006-0021,FWM-MOD006-0022,FWM-MOD006-0023,FWM-MOD006-0024,FWM-MOD006-0025,FWM-MOD006-0026,FWM-MOD006-0027,FWM-MOD006-0028,FWM-MOD006-0029,FWM-MOD006-0030,FWM-MOD006-0031","1","0","visible","none","1","10","","""Projection — 6"""""",""Projection — 8"""""",""Projection — 10"""""",""Projection — 12"""""",Projection — Any Custom Size,""Height — 4"""""",""Height — 6"""""",""Height — 8"""""",Height — Any Custom Size,""Length — 4' (48"""")"",""Length — 5' (60"""")"",""Length — 6' (72"""")"",""Length — 7' (84"""")"",""Length — 8' (96"""")"",Length — Any Custom Size","","decorativearchitecturalproducts.com","","FWM-MOD006","FWM-MOD006-0001,FWM-MOD006-0002,FWM-MOD006-0003,FWM-MOD006-0004,FWM-MOD006-0005,FWM-MOD006-0006,FWM-MOD006-0007,FWM-MOD006-0008,FWM-MOD006-0009,FWM-MOD006-0010,FWM-MOD006-0011,FWM-MOD006-0012,FWM-MOD006-0013,FWM-MOD006-0014,FWM-MOD006-0015,FWM-MOD006-0016,FWM-MOD006-0017,FWM-MOD006-0018,FWM-MOD006-0019,FWM-MOD006-0020,FWM-MOD006-0021,FWM-MOD006-0022,FWM-MOD006-0023,FWM-MOD006-0024,FWM-MOD006-0025,FWM-MOD006-0026,FWM-MOD006-0027,FWM-MOD006-0028,FWM-MOD006-0029,FWM-MOD006-0030,FWM-MOD006-0031","{""decorativearchitecturalproducts.com"": ""Decorative Architectural Products""}","Decorative Architectural Products","{""decorativearchitecturalproducts.com"": """"}","new","USD","Faux Wood Mantels","","","","","","","","4' (48"") | 5' (60"") | 6' (72"") | 7' (84"") | 8' (96"") | Any Custom Size","","4"" | 6"" | 8"" | Any Custom Size","","6"" | 8"" | 10"" | 12"" | Any Custom Size","","","","","NEEDS_REVIEW","Image is missing"
"Faux Wood Mantel MOD007 — FWM-MOD007","Faux Wood Mantel MOD007","variable","FWM-MOD007","Faux Wood Mantels","","","Rough Hewn Style RH-FWM","Our Rough Hewn Style Faux Wood mantels faithfully emulate the artisanal craftsmanship of hand-worked wood. Each mantel retains the unique, irregular characteristics of the wood, including knots, grain patterns, and surface imperfections, providing a tactile, authentically rough-hewn finish.","FWM-MOD007-0001,FWM-MOD007-0002,FWM-MOD007-0003,FWM-MOD007-0004,FWM-MOD007-0005,FWM-MOD007-0006,FWM-MOD007-0007,FWM-MOD007-0008,FWM-MOD007-0009,FWM-MOD007-0010,FWM-MOD007-0011,FWM-MOD007-0012,FWM-MOD007-0013,FWM-MOD007-0014,FWM-MOD007-0015,FWM-MOD007-0016,FWM-MOD007-0017,FWM-MOD007-0018,FWM-MOD007-0019,FWM-MOD007-0020,FWM-MOD007-0021,FWM-MOD007-0022,FWM-MOD007-0023,FWM-MOD007-0024,FWM-MOD007-0025,FWM-MOD007-0026,FWM-MOD007-0027,FWM-MOD007-0028,FWM-MOD007-0029,FWM-MOD007-0030,FWM-MOD007-0031","1","0","visible","none","1","10","","""Projection — 6"""""",""Projection — 8"""""",""Projection — 10"""""",""Projection — 12"""""",Projection — Any Custom Size,""Height — 4"""""",""Height — 6"""""",""Height — 8"""""",Height — Any Custom Size,""Length — 4' (48"""")"",""Length — 5' (60"""")"",""Length — 6' (72"""")"",""Length — 7' (84"""")"",""Length — 8' (96"""")"",Length — Any Custom Size","","decorativearchitecturalproducts.com","","FWM-MOD007","FWM-MOD007-0001,FWM-MOD007-0002,FWM-MOD007-0003,FWM-MOD007-0004,FWM-MOD007-0005,FWM-MOD007-0006,FWM-MOD007-0007,FWM-MOD007-0008,FWM-MOD007-0009,FWM-MOD007-0010,FWM-MOD007-0011,FWM-MOD007-0012,FWM-MOD007-0013,FWM-MOD007-0014,FWM-MOD007-0015,FWM-MOD007-0016,FWM-MOD007-0017,FWM-MOD007-0018,FWM-MOD007-0019,FWM-MOD007-0020,FWM-MOD007-0021,FWM-MOD007-0022,FWM-MOD007-0023,FWM-MOD007-0024,FWM-MOD007-0025,FWM-MOD007-0026,FWM-MOD007-0027,FWM-MOD007-0028,FWM-MOD007-0029,FWM-MOD007-0030,FWM-MOD007-0031","{""decorativearchitecturalproducts.com"": ""Decorative Architectural Products""}","Decorative Architectural Products","{""decorativearchitecturalproducts.com"": """"}","new","USD","Faux Wood Mantels","","","","","","","","4' (48"") | 5' (60"") | 6' (72"") | 7' (84"") | 8' (96"") | Any Custom Size","","4"" | 6"" | 8"" | Any Custom Size","","6"" | 8"" | 10"" | 12"" | Any Custom Size","","","","","NEEDS_REVIEW","Image is missing"
"Faux Wood Mantel MOD008 — FWM-MOD008","Faux Wood Mantel MOD008","variable","FWM-MOD008","Faux Wood Mantels","","","Barn Wood Style BW-FWM","Our BarnWood faux wood mantels is a style often used to describe mantels that mimic the look of reclaimed barn wood. The mantels are designed to replicate the natural wear and aging of wood that has been exposed to the elements over time, such as in barns or other outdoor structures.","FWM-MOD008-0001,FWM-MOD008-0002,FWM-MOD008-0003,FWM-MOD008-0004,FWM-MOD008-0005,FWM-MOD008-0006,FWM-MOD008-0007,FWM-MOD008-0008,FWM-MOD008-0009,FWM-MOD008-0010,FWM-MOD008-0011,FWM-MOD008-0012,FWM-MOD008-0013,FWM-MOD008-0014,FWM-MOD008-0015,FWM-MOD008-0016,FWM-MOD008-0017,FWM-MOD008-0018,FWM-MOD008-0019,FWM-MOD008-0020,FWM-MOD008-0021,FWM-MOD008-0022,FWM-MOD008-0023,FWM-MOD008-0024,FWM-MOD008-0025,FWM-MOD008-0026,FWM-MOD008-0027,FWM-MOD008-0028,FWM-MOD008-0029,FWM-MOD008-0030,FWM-MOD008-0031","1","0","visible","none","","10","","""Projection — 6"""""",""Projection — 8"""""",""Projection — 10"""""",""Projection — 12"""""",Projection — Any Custom Size,""Height — 4"""""",""Height — 6"""""",""Height — 8"""""",Height — Any Custom Size,""Length — 4' (48"""")"",""Length — 5' (60"""")"",""Length — 6' (72"""")"",""Length — 7' (84"""")"",""Length — 8' (96"""")"",Length — Any Custom Size","","decorativearchitecturalproducts.com","","FWM-MOD008","FWM-MOD008-0001,FWM-MOD008-0002,FWM-MOD008-0003,FWM-MOD008-0004,FWM-MOD008-0005,FWM-MOD008-0006,FWM-MOD008-0007,FWM-MOD008-0008,FWM-MOD008-0009,FWM-MOD008-0010,FWM-MOD008-0011,FWM-MOD008-0012,FWM-MOD008-0013,FWM-MOD008-0014,FWM-MOD008-0015,FWM-MOD008-0016,FWM-MOD008-0017,FWM-MOD008-0018,FWM-MOD008-0019,FWM-MOD008-0020,FWM-MOD008-0021,FWM-MOD008-0022,FWM-MOD008-0023,FWM-MOD008-0024,FWM-MOD008-0025,FWM-MOD008-0026,FWM-MOD008-0027,FWM-MOD008-0028,FWM-MOD008-0029,FWM-MOD008-0030,FWM-MOD008-0031","{""decorativearchitecturalproducts.com"": ""Decorative Architectural Products""}","Decorative Architectural Products","{""decorativearchitecturalproducts.com"": """"}","new","USD","Faux Wood Mantels","","","","","","","","4' (48"") | 5' (60"") | 6' (72"") | 7' (84"") | 8' (96"") | Any Custom Size","","4"" | 6"" | 8"" | Any Custom Size","","6"" | 8"" | 10"" | 12"" | Any Custom Size","","","","","NEEDS_REVIEW","Image is missing"
"Faux Stone Decorative Facade Panels MOD001 — FSFP-MOD001","Faux Stone Decorative Facade Panels MOD001","variable","FSFP-MOD001","Faux Stone Decorative Facade Panels","Assol-Style Masonry - Stone - Keystone Gray SW7504.jpg (https://v5.airtableusercontent.com/v3/u/57/57/1789048800000/IrVOm0PvgAQwvEuoVne7Nw/WPCWF1ulJ2TOkTI3ZrV3c_eRIhIj_WwmAOzBi7BgJbuHXWApidn-Ahev-C-G4y0f1qKGtO1x4u3k3gRZ4gdIW7a6-ImLi6IbwZfY0RQ-I8CIoxhq52PIfxe380EYcNkRZeCZJJ1Bk2GLYMLPTa6BeYAIbk-DXg3z5HLO8WSHqVGtKX1oTjniZn1BCvit6g9SWnzDaXGYPzAybjLwnB7vfw/ATI2exZKTi5IRZNu0TBnltXogbevv_PbV3U4Vv9HqXE)","","Assol-Style Faux Stone Panel","This premium faux stone facade panel brings a touch of elegant coastal sophistication to any exterior. Crafted from highly durable materials, it perfectly mimics natural stone while remaining lightweight and easy to install. It is an excellent choice for modernizing home exteriors or commercial spaces, ensuring weather resistance and long-lasting aesthetic appeal.","","1","0","visible","none","1","10","","","","","","FSFP-MOD001","","{}","","{}","new","USD","Faux Stone Decorative Facade Panels","","","","","","","","","","","","","","","https://v5.airtableusercontent.com/v3/u/57/57/1789048800000/IrVOm0PvgAQwvEuoVne7Nw/WPCWF1ulJ2TOkTI3ZrV3c_eRIhIj_WwmAOzBi7BgJbuHXWApidn-Ahev-C-G4y0f1qKGtO1x4u3k3gRZ4gdIW7a6-ImLi6IbwZfY0RQ-I8CIoxhq52PIfxe380EYcNkRZeCZJJ1Bk2GLYMLPTa6BeYAIbk-DXg3z5HLO8WSHqVGtKX1oTjniZn1BCvit6g9SWnzDaXGYPzAybjLwnB7vfw/ATI2exZKTi5IRZNu0TBnltXogbevv_PbV3U4Vv9HqXE","","NEEDS_REVIEW","Linked Sites is empty | Images use temporary Airtable URLs | No valid linked variations"
"Faux Stone Decorative Facade Panels MOD002 — FSFP-MOD002","Faux Stone Decorative Facade Panels MOD002","variable","FSFP-MOD002","Faux Stone Decorative Facade Panels","Dry Stone Walling - Stone - Let it Rain SW9152.jpg (https://v5.airtableusercontent.com/v3/u/57/57/1789048800000/jRW_ExmGStVGH4TWsBmsIw/Oe58u-wNsfIRbBut97dSN6rTrUWmC-dUDQslH5eId0j38tyQJyN4VDjq38rEBKU5SFqIDaZHZWdsoSU_NqbAWavw-1H0NGz2FzyJ8VlCL0lzpAUNr38QWiGe2Gugq-TDxUdsICEZM4_MWHkFVsPURRCMRVrEnoo0eWR35XHLeyDk-xHVlbo74dYCcuKo8OM6/EATwM5BrBwllJyLI0oUodoQzfA1bWt1Q0gIqTdTNWy0)","","Dry Stone Walling Facade Panel","Experience the rustic charm of traditional craftsmanship with our Dry Stone Walling faux panels. Designed to replicate the intricate look of mortarless stone construction, this panel adds rich texture and depth to your walls. Ideal for both interior accent walls and exterior facades, it combines the timeless beauty of dry-stacked stone with modern durability.","","1","0","visible","none","1","10","","","","","","FSFP-MOD002","","{}","","{}","new","USD","Faux Stone Decorative Facade Panels","","","","","","","","","","","","","","","https://v5.airtableusercontent.com/v3/u/57/57/1789048800000/jRW_ExmGStVGH4TWsBmsIw/Oe58u-wNsfIRbBut97dSN6rTrUWmC-dUDQslH5eId0j38tyQJyN4VDjq38rEBKU5SFqIDaZHZWdsoSU_NqbAWavw-1H0NGz2FzyJ8VlCL0lzpAUNr38QWiGe2Gugq-TDxUdsICEZM4_MWHkFVsPURRCMRVrEnoo0eWR35XHLeyDk-xHVlbo74dYCcuKo8OM6/EATwM5BrBwllJyLI0oUodoQzfA1bWt1Q0gIqTdTNWy0","","NEEDS_REVIEW","Linked Sites is empty | Images use temporary Airtable URLs | No valid linked variations"
"Faux Stone Decorative Facade Panels MOD003 — FSFP-MOD003","Faux Stone Decorative Facade Panels MOD003","variable","FSFP-MOD003","Faux Stone Decorative Facade Panels","Plateau-Style Masonry - Stone - Malabar - Quiver Tan SW9110-6151.jpg (https://v5.airtableusercontent.com/v3/u/57/57/1789048800000/lsbr0amPIJyQdzvjXoJ5JA/Ab55Z4MDgJ94bYbZhylZfOAqaYBWWsiUl3XMWIDfZ-uzCacYgkdz0tGFoYXXkQO7_Z6siWtihkptYD-oEziXVWMt33PeEwVHHB1TIQo0lN4MppaJhGjbZoJ0pyDAwkxA70r2u9hCD95EEaZwOs56tgwD-E0mmTf5l4iEbrL13eSdUzfl-d-Z6ZCn8OIlijOaLtx5W4aVsbyrcQCmVRR1OAiCBySD72cBLJT1d6s6MZI/8HF-c-BLFYqtgHGW9Ak8rNxKtKgBAcb4_qDgBCHbeJ8)","","Plateau-Style Faux Stone Panel","The Plateau-Style decorative panel offers a sleek, layered stone appearance that beautifully complements contemporary architectural designs. Its horizontally aligned textures create a visually expansive effect, making spaces feel larger. Highly resistant to harsh weather conditions, this panel is a practical and striking solution for upgrading your property.","","1","0","visible","none","1","10","","","","","","FSFP-MOD003","","{}","","{}","new","USD","Faux Stone Decorative Facade Panels","","","","","","","","","","","","","","","https://v5.airtableusercontent.com/v3/u/57/57/1789048800000/lsbr0amPIJyQdzvjXoJ5JA/Ab55Z4MDgJ94bYbZhylZfOAqaYBWWsiUl3XMWIDfZ-uzCacYgkdz0tGFoYXXkQO7_Z6siWtihkptYD-oEziXVWMt33PeEwVHHB1TIQo0lN4MppaJhGjbZoJ0pyDAwkxA70r2u9hCD95EEaZwOs56tgwD-E0mmTf5l4iEbrL13eSdUzfl-d-Z6ZCn8OIlijOaLtx5W4aVsbyrcQCmVRR1OAiCBySD72cBLJT1d6s6MZI/8HF-c-BLFYqtgHGW9Ak8rNxKtKgBAcb4_qDgBCHbeJ8","","NEEDS_REVIEW","Linked Sites is empty | Images use temporary Airtable URLs | No valid linked variations"
"Faux Stone Decorative Facade Panels MOD004 — FSFP-MOD004","Faux Stone Decorative Facade Panels MOD004","variable","FSFP-MOD004","Faux Stone Decorative Facade Panels","Rondo-Style Masonry - Stone - Almond Roca - Moroccan Spice SW9105-6060.jpg (https://v5.airtableusercontent.com/v3/u/57/57/1789048800000/sjBdkejUEjKyx5FYLwd_Aw/DwCjZBrCAzlSWxnw3IzMBZ3KcdD52d9Z08kiHjn5gsR7ULwkk7DHesxQmzod5QR2XX2aV6Z-WOW53m_NcDfkeG6c8K6foSuMOj4rA6BtBwLcNgRT-z_OVTcfw15C9BG3I3JvXM_R7LRE641SsgKTyUV_vF_YG7O485aTHZlNDbXU3MxQSo1TNk4HyHzOgONVLx0i7bhfXP9J0J7Z8zdNBrgCmacM5Lq8TYGMVAGP2fg/SAIPaydluzKmsdX-koZBkJgR15PSCc5vO4Aij51I9RQ)","","Rondo-Style Decorative Stone Panel","Featuring smooth, rounded stone textures, the Rondo-Style panel brings a soft yet substantial feel to any facade. This design is perfect for creating welcoming, organic exteriors that blend seamlessly with natural surroundings. Lightweight yet robust, it provides excellent thermal insulation properties alongside its stunning, eye-catching visual profile.","","1","0","visible","none","1","10","","","","","","FSFP-MOD004","","{}","","{}","new","USD","Faux Stone Decorative Facade Panels","","","","","","","","","","","","","","","https://v5.airtableusercontent.com/v3/u/57/57/1789048800000/sjBdkejUEjKyx5FYLwd_Aw/DwCjZBrCAzlSWxnw3IzMBZ3KcdD52d9Z08kiHjn5gsR7ULwkk7DHesxQmzod5QR2XX2aV6Z-WOW53m_NcDfkeG6c8K6foSuMOj4rA6BtBwLcNgRT-z_OVTcfw15C9BG3I3JvXM_R7LRE641SsgKTyUV_vF_YG7O485aTHZlNDbXU3MxQSo1TNk4HyHzOgONVLx0i7bhfXP9J0J7Z8zdNBrgCmacM5Lq8TYGMVAGP2fg/SAIPaydluzKmsdX-koZBkJgR15PSCc5vO4Aij51I9RQ","","NEEDS_REVIEW","Linked Sites is empty | Images use temporary Airtable URLs | No valid linked variations"
"Faux Stone Decorative Facade Panels MOD005 — FSFP-MOD005","Faux Stone Decorative Facade Panels MOD005","variable","FSFP-MOD005","Faux Stone Decorative Facade Panels","Slab-Style Masonry - Stone - Cornwall Slate SW9131.jpg (https://v5.airtableusercontent.com/v3/u/57/57/1789048800000/VXQZUw-IFGBf2Mgfa3I0ow/rQMBgGWn0c13uIUvyVMUczfEhdJgl4E-ej7Ly7Gb3Yo1VLbW3ANx4M5Qy8xZWgtvDLCU6bgIT9NzugIefgMJ-jv3NXUqw3CmWEm_Vvh79roWE2cxH613YVnlT0Pzk5lq4MBpdbUHfFlYjJOUQmy-mNzt-W9zz7o4UbeXU8KtXP3VhDoLBsFu9qcdvJTsUv_T2L2yTh6hmEZdhP0GkPm9yA/RgQSfujJXsD26j7rG09yd36-VAwfTzGHzp8CVJK7Dm8)","","Slab-Style Faux Stone Facade","Bold and imposing, the Slab-Style facade panel features large, flat stone profiles that exude strength and permanence. This design is highly favored for grand entrances, foundation wraps, and modern minimalist exteriors. The UV-resistant finish ensures the colors will not fade over time, providing a low-maintenance, high-impact architectural upgrade.","","1","0","visible","none","1","10","","","","","","FSFP-MOD005","","{}","","{}","new","USD","Faux Stone Decorative Facade Panels","","","","","","","","","","","","","","","https://v5.airtableusercontent.com/v3/u/57/57/1789048800000/VXQZUw-IFGBf2Mgfa3I0ow/rQMBgGWn0c13uIUvyVMUczfEhdJgl4E-ej7Ly7Gb3Yo1VLbW3ANx4M5Qy8xZWgtvDLCU6bgIT9NzugIefgMJ-jv3NXUqw3CmWEm_Vvh79roWE2cxH613YVnlT0Pzk5lq4MBpdbUHfFlYjJOUQmy-mNzt-W9zz7o4UbeXU8KtXP3VhDoLBsFu9qcdvJTsUv_T2L2yTh6hmEZdhP0GkPm9yA/RgQSfujJXsD26j7rG09yd36-VAwfTzGHzp8CVJK7Dm8","","NEEDS_REVIEW","Linked Sites is empty | Images use temporary Airtable URLs | No valid linked variations"
"Faux Stone Decorative Facade Panels MOD006 — FSFP-MOD006","Faux Stone Decorative Facade Panels MOD006","variable","FSFP-MOD006","Faux Stone Decorative Facade Panels","Rustic-Style Masonry - Stone - Caraïbe SW9090.jpg (https://v5.airtableusercontent.com/v3/u/57/57/1789048800000/zsTl0e_VAbHgK5S6yq7O0w/bQNCnVgP6HU1Uf19Rox8goZSPxblXYl_eoQy41bnAEdODXPFdsI2T6XVzA4hwKUPGqsfdK-68AXmuVOCO5E04lnCN-QWl_C4HUfy5omoyMYd6WyJHS3hq6UbsIpqlhqTMga_1FPHEgwF8Z58zLlZu0NW3lHhYU77Hhed72lo0jHydCvMsElnmsVpxBldbytqQAsh8dn6rEbqyAmzYd-v2w/HEZkwXVpEPJUProO0k70XUdGZqv8O7A7w-adP2r4yEs)","","Rustic-Style Faux Stone Panel","Embrace cozy, countryside aesthetics with the Rustic-Style decorative panel. Characterized by its rough-hewn texture and varied earth tones, it perfectly captures the essence of unrefined stone. Whether used for an exterior makeover or a stunning interior fireplace surround, this panel delivers maximum visual warmth with minimal installation effort.","","1","0","visible","none","1","10","","","","","","FSFP-MOD006","","{}","","{}","new","USD","Faux Stone Decorative Facade Panels","","","","","","","","","","","","","","","https://v5.airtableusercontent.com/v3/u/57/57/1789048800000/zsTl0e_VAbHgK5S6yq7O0w/bQNCnVgP6HU1Uf19Rox8goZSPxblXYl_eoQy41bnAEdODXPFdsI2T6XVzA4hwKUPGqsfdK-68AXmuVOCO5E04lnCN-QWl_C4HUfy5omoyMYd6WyJHS3hq6UbsIpqlhqTMga_1FPHEgwF8Z58zLlZu0NW3lHhYU77Hhed72lo0jHydCvMsElnmsVpxBldbytqQAsh8dn6rEbqyAmzYd-v2w/HEZkwXVpEPJUProO0k70XUdGZqv8O7A7w-adP2r4yEs","","NEEDS_REVIEW","Linked Sites is empty | Images use temporary Airtable URLs | No valid linked variations"
"Faux Stone Decorative Facade Panels MOD007 — FSFP-MOD007","Faux Stone Decorative Facade Panels MOD007","variable","FSFP-MOD007","Faux Stone Decorative Facade Panels","River Rock-Style Masonry - Stone - Cadet SW9143.jpg (https://v5.airtableusercontent.com/v3/u/57/57/1789048800000/WzB93Fsnf8chodQj5Vfhmw/XRYhYGwoP9pY1fgLuQVOQAxw2G8Qcet82ZN2e-7ZVByoCNbBUgrP9-UZUYedatrlbEySxoxQymx-HXAd4TCzQjPg6CjlmBOL-TBsAYYc3Ky3dWR0WwcFa4Om2PWyqPF-C6uBna_MgTEIMO5q7gLhrEdHnVA8K-J3sIED3aZ8SqfkSymEb__P_PFWsiJx_Kyh-04te0vzmcyUB5OVVDo5aQ/jNxZyVoma8C4nAmWcghcf8k7hVLY5Plpa0kbBeWV8AE)","","River Rock-Style Facade Panel","Inspired by stones shaped by flowing waters, the River Rock-Style panel features an array of smooth, irregularly shaped faux stones. This versatile design is perfect for adding a touch of nature-inspired tranquility to homes, cabins, or lodges. Its interlocking system guarantees a seamless finish that is fully waterproof and highly durable.","","1","0","visible","none","1","10","","","","","","FSFP-MOD007","","{}","","{}","new","USD","Faux Stone Decorative Facade Panels","","","","","","","","","","","","","","","https://v5.airtableusercontent.com/v3/u/57/57/1789048800000/WzB93Fsnf8chodQj5Vfhmw/XRYhYGwoP9pY1fgLuQVOQAxw2G8Qcet82ZN2e-7ZVByoCNbBUgrP9-UZUYedatrlbEySxoxQymx-HXAd4TCzQjPg6CjlmBOL-TBsAYYc3Ky3dWR0WwcFa4Om2PWyqPF-C6uBna_MgTEIMO5q7gLhrEdHnVA8K-J3sIED3aZ8SqfkSymEb__P_PFWsiJx_Kyh-04te0vzmcyUB5OVVDo5aQ/jNxZyVoma8C4nAmWcghcf8k7hVLY5Plpa0kbBeWV8AE","","NEEDS_REVIEW","Linked Sites is empty | Images use temporary Airtable URLs | No valid linked variations"
"Faux Stone Decorative Facade Panels MOD008 — FSFP-MOD008","Faux Stone Decorative Facade Panels MOD008","variable","FSFP-MOD008","Faux Stone Decorative Facade Panels","Rubble-Style Masonry - Stone - Chocolate Powder SW9082.jpg (https://v5.airtableusercontent.com/v3/u/57/57/1789048800000/an8STqeZX2M5JtaPr8rkNg/rhtQbRj8Jn_umxLXwf1xSGeD00zW1pc9KHRDeRMwAmWDzwSCVOT7jGfhIPaDjE9-pVLphcfl3FCBx3Nn7ZoDzlBTDeFO4HdFlbEWLcikGAlaRrae1ZodkRN0K2hTOIwDLatF8BYWIdN1fI_Y8TtpMxO4MEr0x2_m7xf5Ee3LcPiUkttTLRZIPJSmioQNxO3L4TUjn7d-GYr4oy-aopeeeA/6EabXXach_CCaddVIxBUHDBfNtuI5Ynk0Ushk-7XdAY)","","Rubble-Style Stone Facade Panel","The Rubble-Style panel brings historical character and robust texture to modern buildings. Mimicking the random, rugged arrangement of natural rubble masonry, it creates a highly dynamic and authentic look. Engineered for longevity, this faux stone solution resists chipping, fading, and moisture, making it a reliable choice for any climate.","","1","0","visible","none","1","10","","","","","","FSFP-MOD008","","{}","","{}","new","USD","Faux Stone Decorative Facade Panels","","","","","","","","","","","","","","","https://v5.airtableusercontent.com/v3/u/57/57/1789048800000/an8STqeZX2M5JtaPr8rkNg/rhtQbRj8Jn_umxLXwf1xSGeD00zW1pc9KHRDeRMwAmWDzwSCVOT7jGfhIPaDjE9-pVLphcfl3FCBx3Nn7ZoDzlBTDeFO4HdFlbEWLcikGAlaRrae1ZodkRN0K2hTOIwDLatF8BYWIdN1fI_Y8TtpMxO4MEr0x2_m7xf5Ee3LcPiUkttTLRZIPJSmioQNxO3L4TUjn7d-GYr4oy-aopeeeA/6EabXXach_CCaddVIxBUHDBfNtuI5Ynk0Ushk-7XdAY","","NEEDS_REVIEW","Linked Sites is empty | Images use temporary Airtable URLs | No valid linked variations"
"Faux Stone Decorative Facade Panels MOD009 — FSFP-MOD009","Faux Stone Decorative Facade Panels MOD009","variable","FSFP-MOD009","Faux Stone Decorative Facade Panels","Castle-Style Masonry - Stone - Cocoa Berry SW9078.jpg (https://v5.airtableusercontent.com/v3/u/57/57/1789048800000/DDW6dgcIPXwGv2d4rShqfQ/tJE5vEwv6DObhurhEm_010KAHs7RXpKTC_u_x1AwHiDANBF1fvi2dsGHVF-O2kfdSgEFaM1efvh8TyshLOevDwzwPnEnmq7x1VjaMZdkPRPinFls4O00__FnFviJBcuZbI3tbUMVWNvnQ7OGWHVqSlPzo4zHbsOmeyB3O-cOlqrlVrxghnL0srb2ArTxKaai0CqzLcypOZmq4VMPHE-qtA/w3yB5qyAuY8t0lXi8h1jauIaSyOXtFEW7OLfm30wN0c)","","Castle-Style Faux Stone Facade","Transform your property into a stronghold of style with the Castle-Style decorative panel. Featuring large, boldly textured blocks reminiscent of medieval fortresses, this panel adds instant grandeur and architectural importance. It is a premium, lightweight alternative to natural stone, offering straightforward installation without heavy masonry work.","","1","0","visible","none","1","10","","","","","","FSFP-MOD009","","{}","","{}","new","USD","Faux Stone Decorative Facade Panels","","","","","","","","","","","","","","","https://v5.airtableusercontent.com/v3/u/57/57/1789048800000/DDW6dgcIPXwGv2d4rShqfQ/tJE5vEwv6DObhurhEm_010KAHs7RXpKTC_u_x1AwHiDANBF1fvi2dsGHVF-O2kfdSgEFaM1efvh8TyshLOevDwzwPnEnmq7x1VjaMZdkPRPinFls4O00__FnFviJBcuZbI3tbUMVWNvnQ7OGWHVqSlPzo4zHbsOmeyB3O-cOlqrlVrxghnL0srb2ArTxKaai0CqzLcypOZmq4VMPHE-qtA/w3yB5qyAuY8t0lXi8h1jauIaSyOXtFEW7OLfm30wN0c","","NEEDS_REVIEW","Linked Sites is empty | Images use temporary Airtable URLs | No valid linked variations"
"Faux Stone Decorative Facade Panels MOD010 — FSFP-MOD010","Faux Stone Decorative Facade Panels MOD010","variable","FSFP-MOD010","Faux Stone Decorative Facade Panels","Shahriar-Style Masonry - Brick - Backdrop SW7025.jpg (https://v5.airtableusercontent.com/v3/u/57/57/1789048800000/4ieeO_cojTPt8D6fPP06rQ/Pa_5thFFr3fhfp_il2YNSbQE9rLFZip4KfESlk60lQdAYQReSa1v3COg7J_V6wcPuSLT-C0ufv4WACA9WWQhQ2AojaLyMDQaMRu4URGAYpCduohj4YcV-X7Er7bQScDHuiaTZfRz5LTK1BqsAabkB1Mxp-Upx6q2ti_LpltdNm6aMxMNbwEYnw0XVXrM9pvPiSJg1PQtVmiKv5a3qakoiw/MXuvoplybL1TQawWe3Lwt2uFfTAGl4MHc-4oCPW9N8U)","","Shahriar-Style Decorative Panel","The Shahriar-Style panel features intricate, tightly clustered stone patterns that exude a refined, artisanal quality. Its detailed texture captures light and shadow beautifully, adding incredible depth to flat surfaces. This model is exceptionally well-suited for high-end residential and commercial projects seeking a unique, luxurious facade.","","1","0","visible","none","1","10","","","","","","FSFP-MOD010","","{}","","{}","new","USD","Faux Stone Decorative Facade Panels","","","","","","","","","","","","","","","https://v5.airtableusercontent.com/v3/u/57/57/1789048800000/4ieeO_cojTPt8D6fPP06rQ/Pa_5thFFr3fhfp_il2YNSbQE9rLFZip4KfESlk60lQdAYQReSa1v3COg7J_V6wcPuSLT-C0ufv4WACA9WWQhQ2AojaLyMDQaMRu4URGAYpCduohj4YcV-X7Er7bQScDHuiaTZfRz5LTK1BqsAabkB1Mxp-Upx6q2ti_LpltdNm6aMxMNbwEYnw0XVXrM9pvPiSJg1PQtVmiKv5a3qakoiw/MXuvoplybL1TQawWe3Lwt2uFfTAGl4MHc-4oCPW9N8U","","NEEDS_REVIEW","Linked Sites is empty | Images use temporary Airtable URLs | No valid linked variations"
"Faux Stone Decorative Facade Panels MOD011 — FSFP-MOD011","Faux Stone Decorative Facade Panels MOD011","variable","FSFP-MOD011","Faux Stone Decorative Facade Panels","Rustic Brick-Style Masonry - Brick - Dark Auburn SW6034.jpg (https://v5.airtableusercontent.com/v3/u/57/57/1789048800000/2yj3gdKHZED0KJie60-4CQ/2hyVP1wonzAHSpDzRA-98ynI0pLTW26mhgrVNIbuuTGIF91gpIcfaQR0e9FBXSqBzecqBsms5ayBAylsHnrde1_lipTl_z6pPl7jcnEtk56r4o3KyuRTZvGNRsNo2VUmjlDJYkgXR-lgwhVhm7AWGUkZfBEJfRJhbcPyS1Pt20K7hJyDlUofqQZt7E6YewRMTIlP1TOWAmvkK-yesvwr1w/B2Ig9d3CrgZLFJizphIl6zmW7QdJ-71NXxCrO-sWTQY)","","Rustic Brick-Style Faux Panel","Capture the nostalgic appeal of vintage masonry with our Rustic Brick-Style panel. Featuring weathered textures, slightly irregular edges, and deep, varied tones, it offers the perfect aged brick look without the associated costs or labor. Ideal for accent walls and exterior cladding, this panel combines classic charm with advanced polymer durability.","","1","0","visible","none","1","10","","","","","","FSFP-MOD011","","{}","","{}","new","USD","Faux Stone Decorative Facade Panels","","","","","","","","","","","","","","","https://v5.airtableusercontent.com/v3/u/57/57/1789048800000/2yj3gdKHZED0KJie60-4CQ/2hyVP1wonzAHSpDzRA-98ynI0pLTW26mhgrVNIbuuTGIF91gpIcfaQR0e9FBXSqBzecqBsms5ayBAylsHnrde1_lipTl_z6pPl7jcnEtk56r4o3KyuRTZvGNRsNo2VUmjlDJYkgXR-lgwhVhm7AWGUkZfBEJfRJhbcPyS1Pt20K7hJyDlUofqQZt7E6YewRMTIlP1TOWAmvkK-yesvwr1w/B2Ig9d3CrgZLFJizphIl6zmW7QdJ-71NXxCrO-sWTQY","","NEEDS_REVIEW","Linked Sites is empty | Images use temporary Airtable URLs | No valid linked variations"
"Faux Stone Decorative Facade Panels MOD012 — FSFP-MOD012","Faux Stone Decorative Facade Panels MOD012","variable","FSFP-MOD012","Faux Stone Decorative Facade Panels","Old Brick-Style Masonry - Brick - Aristocrat Peach SW0027.jpg (https://v5.airtableusercontent.com/v3/u/57/57/1789048800000/9_nxlHVA4synTIz8jirXgw/vvJ6e9sumCzahX0UD1Mobl7Ihmws4mL10w0I8VGNnDS30StvUIBALbAfGVw3424L8NWmW7ldfjcBtY7y_1Wtb2yio1L4KA2IPvbWr7XMMPQtZGPPqjKkYZts-WMCNHZfOk3t8rPuARzoaRUDRuuKVWufZRlSWrfW719Utr1wsgMOKYP2lychEqrHuxljJV3meavFjj6USUTTHUFjhafPeA/P_vzezRQg-aXVXq0EMBt4c9cH_kG9Ew3N-LTKsMPNDY)","","Old Brick-Style Facade Panel","The Old Brick-Style decorative panel meticulously replicates the appearance of reclaimed, historical brickwork. With its authentic distressed details and classic proportions, it adds instant heritage and warmth to any space. Designed for seamless, overlapping installation, this lightweight panel ensures a professional, watertight finish that will endure for years.","","1","0","visible","none","1","10","","","","","","FSFP-MOD012","","{}","","{}","new","USD","Faux Stone Decorative Facade Panels","","","","","","","","","","","","","","","https://v5.airtableusercontent.com/v3/u/57/57/1789048800000/9_nxlHVA4synTIz8jirXgw/vvJ6e9sumCzahX0UD1Mobl7Ihmws4mL10w0I8VGNnDS30StvUIBALbAfGVw3424L8NWmW7ldfjcBtY7y_1Wtb2yio1L4KA2IPvbWr7XMMPQtZGPPqjKkYZts-WMCNHZfOk3t8rPuARzoaRUDRuuKVWufZRlSWrfW719Utr1wsgMOKYP2lychEqrHuxljJV3meavFjj6USUTTHUFjhafPeA/P_vzezRQg-aXVXq0EMBt4c9cH_kG9Ew3N-LTKsMPNDY","","NEEDS_REVIEW","Linked Sites is empty | Images use temporary Airtable URLs | No valid linked variations"
"Rafter Tails & Knee Braces MOD001 — RTKB-MOD001","Rafter Tails & Knee Braces MOD001","variable","RTKB-MOD001","Rafter Tails & Knee Braces","RTKB_001.webp (https://v5.airtableusercontent.com/v3/u/57/57/1789048800000/BsFY8cwB3Hu7xnH24ajCWQ/jsT2CCRdrV6aFX4f0ZqNE4lGBY3lOwzd38ZdzzSO4yEW2PTgAFXQhTYRi37PRdOod3ZqSxduuvaVdbSMRqU0BstWPUc5jdickzA4KU_1dPQ_dmYUV5GjvYg_2oe8vPVVpX7OsoBkvWmycuhOVFPqijUtddiPq78j5_wu-GQuRWI/nwtloR8xTlPCIWrpDLz_a1ARpmkOXztZZq6XWuciYvM)","","","","","1","0","visible","none","1","10","","","","","","RTKB-MOD001","","{}","","{}","new","USD","Rafter Tails & Knee Braces","","","","","","","","","","","","","","","https://v5.airtableusercontent.com/v3/u/57/57/1789048800000/BsFY8cwB3Hu7xnH24ajCWQ/jsT2CCRdrV6aFX4f0ZqNE4lGBY3lOwzd38ZdzzSO4yEW2PTgAFXQhTYRi37PRdOod3ZqSxduuvaVdbSMRqU0BstWPUc5jdickzA4KU_1dPQ_dmYUV5GjvYg_2oe8vPVVpX7OsoBkvWmycuhOVFPqijUtddiPq78j5_wu-GQuRWI/nwtloR8xTlPCIWrpDLz_a1ARpmkOXztZZq6XWuciYvM","","NEEDS_REVIEW","Linked Sites is empty | Description is empty | Images use temporary Airtable URLs | No valid linked variations"
"Rafter Tails & Knee Braces MOD002 — RTKB-MOD002","Rafter Tails & Knee Braces MOD002","variable","RTKB-MOD002","Rafter Tails & Knee Braces","RTKB_002.webp (https://v5.airtableusercontent.com/v3/u/57/57/1789048800000/veGREZk90L32b7879VS0QQ/PvpM5cc62QFrkutxJOcAPJFWL2rjzFtMkTInc0JMt1shfdYGDN6zuOcg4_YzbWQHcED79627uXh1cpVPAP9JFl0jLsCsvMYJD7VAu3lmbOE3kb0cy_rcV6_9wnd4rt-nzVxASS9YkqgZvhpelRd48gveIzr8C8cM8pRbdq1lCZo/NfCuBZ8mGQijOGtZh4-Uc1jxWQO1cLiX5HyjXnebgFM)","","","","","1","0","visible","none","1","10","","","","","","RTKB-MOD002","","{}","","{}","new","USD","Rafter Tails & Knee Braces","","","","","","","","","","","","","","","https://v5.airtableusercontent.com/v3/u/57/57/1789048800000/veGREZk90L32b7879VS0QQ/PvpM5cc62QFrkutxJOcAPJFWL2rjzFtMkTInc0JMt1shfdYGDN6zuOcg4_YzbWQHcED79627uXh1cpVPAP9JFl0jLsCsvMYJD7VAu3lmbOE3kb0cy_rcV6_9wnd4rt-nzVxASS9YkqgZvhpelRd48gveIzr8C8cM8pRbdq1lCZo/NfCuBZ8mGQijOGtZh4-Uc1jxWQO1cLiX5HyjXnebgFM","","NEEDS_REVIEW","Linked Sites is empty | Description is empty | Images use temporary Airtable URLs | No valid linked variations"
"Rafter Tails & Knee Braces MOD003 — RTKB-MOD003","Rafter Tails & Knee Braces MOD003","variable","RTKB-MOD003","Rafter Tails & Knee Braces","RTKB_003.webp (https://v5.airtableusercontent.com/v3/u/57/57/1789048800000/UcSx6lvSUVuB4-LIo0OJbg/tQsBub5Go7frr1Tw29Mrxb3xb8ryomiirFhuuvw9mUlqKU4VJI39jvlvR1b2OZCp0AAcSS6a5251KQYLPTZCU5h_rmE7ykjr5h16NXlZpe0nTtZofCAqLYzCIo4r2txt-FfnkBTqTq_EJbxXeIJY7jeSALCZKb2W8eEVwZvYHSk/Ii0ZtXL1JcOBEZ2_0ozHcjiHD7LbYjHmjD14wKHc9pk)","","","","","1","0","visible","none","1","10","","","","","","RTKB-MOD003","","{}","","{}","new","USD","Rafter Tails & Knee Braces","","","","","","","","","","","","","","","https://v5.airtableusercontent.com/v3/u/57/57/1789048800000/UcSx6lvSUVuB4-LIo0OJbg/tQsBub5Go7frr1Tw29Mrxb3xb8ryomiirFhuuvw9mUlqKU4VJI39jvlvR1b2OZCp0AAcSS6a5251KQYLPTZCU5h_rmE7ykjr5h16NXlZpe0nTtZofCAqLYzCIo4r2txt-FfnkBTqTq_EJbxXeIJY7jeSALCZKb2W8eEVwZvYHSk/Ii0ZtXL1JcOBEZ2_0ozHcjiHD7LbYjHmjD14wKHc9pk","","NEEDS_REVIEW","Linked Sites is empty | Description is empty | Images use temporary Airtable URLs | No valid linked variations"
"Rafter Tails & Knee Braces MOD004 — RTKB-MOD004","Rafter Tails & Knee Braces MOD004","variable","RTKB-MOD004","Rafter Tails & Knee Braces","RTKB_004.webp (https://v5.airtableusercontent.com/v3/u/57/57/1789048800000/T4v0u3iREfQbPt_xZWE-EQ/g2zTG04GIlJ5sb8UYs8gvpspgAxxEDrhlDCs_jNRHkQ9q54c22BkXEczypBUzKOK9GZuJhQNC00Vv7xrU6p92tBHfLGnpvSoagzwFHSSASWtPVkapjUBvoPV5WtEkqBiKf2OkEgcaBZcfHSxBD7nH6FWlmggSNooat7OOiiCrR0/X0EoTb_9wNv4nJ1ue3ls2h0DzGcwEKanfuILN7OOFzU)","","","","","1","0","visible","none","1","10","","","","","","RTKB-MOD004","","{}","","{}","new","USD","Rafter Tails & Knee Braces","","","","","","","","","","","","","","","https://v5.airtableusercontent.com/v3/u/57/57/1789048800000/T4v0u3iREfQbPt_xZWE-EQ/g2zTG04GIlJ5sb8UYs8gvpspgAxxEDrhlDCs_jNRHkQ9q54c22BkXEczypBUzKOK9GZuJhQNC00Vv7xrU6p92tBHfLGnpvSoagzwFHSSASWtPVkapjUBvoPV5WtEkqBiKf2OkEgcaBZcfHSxBD7nH6FWlmggSNooat7OOiiCrR0/X0EoTb_9wNv4nJ1ue3ls2h0DzGcwEKanfuILN7OOFzU","","NEEDS_REVIEW","Linked Sites is empty | Description is empty | Images use temporary Airtable URLs | No valid linked variations"
"Rafter Tails & Knee Braces MOD005 — RTKB-MOD005","Rafter Tails & Knee Braces MOD005","variable","RTKB-MOD005","Rafter Tails & Knee Braces","RTKB_005.webp (https://v5.airtableusercontent.com/v3/u/57/57/1789048800000/WWfSqtrJ6QYoTFxThJpb6A/A6iLeS_jLqHcBHWXYNSbbOcZQWz7pXH5lkYHWoGmcWjh-NP2cgc352gl5fZ2W0m2jLLrgTx6bkad8KAtj73sengTWYgxwSkfm66FFh7zVx5K6-GMClZnXlPzsADf8zYfSI60cj9zXx0BE4vbB5GuK7uwrTCc5MylWc-n2UIU5Pw/kploorkeQcltemnbb154oruqwkhclrOJ5UKMbfVB-e8)","","","","","1","0","visible","none","1","10","","","","","","RTKB-MOD005","","{}","","{}","new","USD","Rafter Tails & Knee Braces","","","","","","","","","","","","","","","https://v5.airtableusercontent.com/v3/u/57/57/1789048800000/WWfSqtrJ6QYoTFxThJpb6A/A6iLeS_jLqHcBHWXYNSbbOcZQWz7pXH5lkYHWoGmcWjh-NP2cgc352gl5fZ2W0m2jLLrgTx6bkad8KAtj73sengTWYgxwSkfm66FFh7zVx5K6-GMClZnXlPzsADf8zYfSI60cj9zXx0BE4vbB5GuK7uwrTCc5MylWc-n2UIU5Pw/kploorkeQcltemnbb154oruqwkhclrOJ5UKMbfVB-e8","","NEEDS_REVIEW","Linked Sites is empty | Description is empty | Images use temporary Airtable URLs | No valid linked variations"
"Rafter Tails & Knee Braces MOD006 — RTKB-MOD006","Rafter Tails & Knee Braces MOD006","variable","RTKB-MOD006","Rafter Tails & Knee Braces","RTKB_006.webp (https://v5.airtableusercontent.com/v3/u/57/57/1789048800000/wmi1_W8BthRY1f_-PmyPQQ/TWXuhC34s4S69TbVJ6vPnASNEdWwVVLqExsDOzCoCuO1BMapiCml7UTEyBlE9zEAYBQFCQHVw4Iuufw23sL4F9p-WjKWSKNWog7gEzLPJMj_SVCs40qSNTUo0_uJrLKZ4SsvFECapg2DsvZAsmy-39GDNzpLz9kt4F6XcrcT_OI/iAdhWF2GXS3ayv-Ew3jOft-8zaLiLg8PwJmkngPZqNQ)","","","","","1","0","visible","none","1","10","","","","","","RTKB-MOD006","","{}","","{}","new","USD","Rafter Tails & Knee Braces","","","","","","","","","","","","","","","https://v5.airtableusercontent.com/v3/u/57/57/1789048800000/wmi1_W8BthRY1f_-PmyPQQ/TWXuhC34s4S69TbVJ6vPnASNEdWwVVLqExsDOzCoCuO1BMapiCml7UTEyBlE9zEAYBQFCQHVw4Iuufw23sL4F9p-WjKWSKNWog7gEzLPJMj_SVCs40qSNTUo0_uJrLKZ4SsvFECapg2DsvZAsmy-39GDNzpLz9kt4F6XcrcT_OI/iAdhWF2GXS3ayv-Ew3jOft-8zaLiLg8PwJmkngPZqNQ","","NEEDS_REVIEW","Linked Sites is empty | Description is empty | Images use temporary Airtable URLs | No valid linked variations"
"Rafter Tails & Knee Braces MOD007 — RTKB-MOD007","Rafter Tails & Knee Braces MOD007","variable","RTKB-MOD007","Rafter Tails & Knee Braces","RTKB_007.webp (https://v5.airtableusercontent.com/v3/u/57/57/1789048800000/qOIpD9rwrmIpQzFNzEdC_Q/kswOZXaHIm61vaeA8PDqHVKALMDs6YVMhmKSAV46cREnN7zafHThshTaqPRZayZbkZdb4r6HSqcdjevhrEfoaawoOPT6KuDRYcu3yR8aiEJzQOKN-AfxtII3RoCgSJdtdtfMZCmTmlWUSmSGfD9Kubqcmtrtq4wsjPlOSrzxudQ/uAG0O0k2t6BQW2--ZsxngPYI89HNqEfYUiQRv53Zyn0)","","","","","1","0","visible","none","1","10","","","","","","RTKB-MOD007","","{}","","{}","new","USD","Rafter Tails & Knee Braces","","","","","","","","","","","","","","","https://v5.airtableusercontent.com/v3/u/57/57/1789048800000/qOIpD9rwrmIpQzFNzEdC_Q/kswOZXaHIm61vaeA8PDqHVKALMDs6YVMhmKSAV46cREnN7zafHThshTaqPRZayZbkZdb4r6HSqcdjevhrEfoaawoOPT6KuDRYcu3yR8aiEJzQOKN-AfxtII3RoCgSJdtdtfMZCmTmlWUSmSGfD9Kubqcmtrtq4wsjPlOSrzxudQ/uAG0O0k2t6BQW2--ZsxngPYI89HNqEfYUiQRv53Zyn0","","NEEDS_REVIEW","Linked Sites is empty | Description is empty | Images use temporary Airtable URLs | No valid linked variations"
"Rafter Tails & Knee Braces MOD008 — RTKB-MOD008","Rafter Tails & Knee Braces MOD008","variable","RTKB-MOD008","Rafter Tails & Knee Braces","RTKB_008.webp (https://v5.airtableusercontent.com/v3/u/57/57/1789048800000/pEySBNIUqFOK-g8jZy2ZPA/jjkd323k136pyk8EiRNh63JS-z7ZUPxanqzUHYAfkoUlhcDDcokdjv6X8C15MgPLI_XZhZlMFLJM8oSW41kCbqaCyU78ry4xvIedplNARbS2XpmmoTF9sb0zn-FaidESqgOORRi5JLensM5f15G3iQFeXk1jcyCZJkE_jGtdYBI/DmYVWGpgXu82wnYXep7pbyh8nPsLFHqFZNn-VjTOLrI)","","","","","1","0","visible","none","1","10","","","","","","RTKB-MOD008","","{}","","{}","new","USD","Rafter Tails & Knee Braces","","","","","","","","","","","","","","","https://v5.airtableusercontent.com/v3/u/57/57/1789048800000/pEySBNIUqFOK-g8jZy2ZPA/jjkd323k136pyk8EiRNh63JS-z7ZUPxanqzUHYAfkoUlhcDDcokdjv6X8C15MgPLI_XZhZlMFLJM8oSW41kCbqaCyU78ry4xvIedplNARbS2XpmmoTF9sb0zn-FaidESqgOORRi5JLensM5f15G3iQFeXk1jcyCZJkE_jGtdYBI/DmYVWGpgXu82wnYXep7pbyh8nPsLFHqFZNn-VjTOLrI","","NEEDS_REVIEW","Linked Sites is empty | Description is empty | Images use temporary Airtable URLs | No valid linked variations"
"Rafter Tails & Knee Braces MOD009 — RTKB-MOD009","Rafter Tails & Knee Braces MOD009","variable","RTKB-MOD009","Rafter Tails & Knee Braces","RTKB_009.webp (https://v5.airtableusercontent.com/v3/u/57/57/1789048800000/33TV1ZHOUsJZnvgnErQ9Lw/f4ELCZm0WFzFRZx_MgPhGBRdfuWK6M92mGBTtBDpt3MLYi31VBQqEIYBJBTRXtwlji9HuxvzWIyHPSO5TdmIoIxllJbwhHYE0lmLsuNb3Mibj7MYdGQBT480qn8I611KzyeWC_erDgKFmSrtGwDLVBqMEK8L3yWSWFecx4DR6TY/ktKI_n9fF39I1ecZCrFyQi0QQhMaebRpyr0eNBh5kJM)","","","","","1","0","visible","none","1","10","","","","","","RTKB-MOD009","","{}","","{}","new","USD","Rafter Tails & Knee Braces","","","","","","","","","","","","","","","https://v5.airtableusercontent.com/v3/u/57/57/1789048800000/33TV1ZHOUsJZnvgnErQ9Lw/f4ELCZm0WFzFRZx_MgPhGBRdfuWK6M92mGBTtBDpt3MLYi31VBQqEIYBJBTRXtwlji9HuxvzWIyHPSO5TdmIoIxllJbwhHYE0lmLsuNb3Mibj7MYdGQBT480qn8I611KzyeWC_erDgKFmSrtGwDLVBqMEK8L3yWSWFecx4DR6TY/ktKI_n9fF39I1ecZCrFyQi0QQhMaebRpyr0eNBh5kJM","","NEEDS_REVIEW","Linked Sites is empty | Description is empty | Images use temporary Airtable URLs | No valid linked variations"
"Rafter Tails & Knee Braces MOD010 — RTKB-MOD010","Rafter Tails & Knee Braces MOD010","variable","RTKB-MOD010","Rafter Tails & Knee Braces","RTKB_010.webp (https://v5.airtableusercontent.com/v3/u/57/57/1789048800000/t_OySW-FeXPBoVaodJrcdA/3VfOKPMM6lrsjCvjyaKUtzZHCi50bT-obA6HHA3OKuRoKZVn3SkGthgUm1OGkFxA20eanB1SwfATfqdkNYyLvQ5IEHow_Smur7g8xjYq96QmbWzjnNRIwZdBMHQ44ChTbL23THrE33FgxDUbPBrxk8N7ilfAVnfP5PLY3uImOqg/1mnPfEwRqi7PtP31Jbtn66IzAmZlYr4KHdWgfGF1o8s)","","","","","1","0","visible","none","1","10","","","","","","RTKB-MOD010","","{}","","{}","new","USD","Rafter Tails & Knee Braces","","","","","","","","","","","","","","","https://v5.airtableusercontent.com/v3/u/57/57/1789048800000/t_OySW-FeXPBoVaodJrcdA/3VfOKPMM6lrsjCvjyaKUtzZHCi50bT-obA6HHA3OKuRoKZVn3SkGthgUm1OGkFxA20eanB1SwfATfqdkNYyLvQ5IEHow_Smur7g8xjYq96QmbWzjnNRIwZdBMHQ44ChTbL23THrE33FgxDUbPBrxk8N7ilfAVnfP5PLY3uImOqg/1mnPfEwRqi7PtP31Jbtn66IzAmZlYr4KHdWgfGF1o8s","","NEEDS_REVIEW","Linked Sites is empty | Description is empty | Images use temporary Airtable URLs | No valid linked variations"
"Rafter Tails & Knee Braces MOD011 — RTKB-MOD011","Rafter Tails & Knee Braces MOD011","variable","RTKB-MOD011","Rafter Tails & Knee Braces","RTKB_011.webp (https://v5.airtableusercontent.com/v3/u/57/57/1789048800000/iBXZzqLMAeg7iiyNUsQ-iA/CJIto2N1nt0BPwbs7XeCxeZbt6XUqveHuST0zfUEkLIXizCZHyO7MHNBHgVHnZlCrIo9WC7Toiogm1E0Dvvhh6MkrYA3Wvpqg1bquPCtM8miCjaYFgPH8XYon6FyoxLmK6cT-JrOM0CTv8rC4bp2e0_j5yQmsw1GrvtmgGxj9wE/z4ug2SN7gu-Ri-y_iQO44Hu6WEIyDec3JSRzVp5eRFA)","","","","","1","0","visible","none","1","10","","","","","","RTKB-MOD011","","{}","","{}","new","USD","Rafter Tails & Knee Braces","","","","","","","","","","","","","","","https://v5.airtableusercontent.com/v3/u/57/57/1789048800000/iBXZzqLMAeg7iiyNUsQ-iA/CJIto2N1nt0BPwbs7XeCxeZbt6XUqveHuST0zfUEkLIXizCZHyO7MHNBHgVHnZlCrIo9WC7Toiogm1E0Dvvhh6MkrYA3Wvpqg1bquPCtM8miCjaYFgPH8XYon6FyoxLmK6cT-JrOM0CTv8rC4bp2e0_j5yQmsw1GrvtmgGxj9wE/z4ug2SN7gu-Ri-y_iQO44Hu6WEIyDec3JSRzVp5eRFA","","NEEDS_REVIEW","Linked Sites is empty | Description is empty | Images use temporary Airtable URLs | No valid linked variations"
"Rafter Tails & Knee Braces MOD012 — RTKB-MOD012","Rafter Tails & Knee Braces MOD012","variable","RTKB-MOD012","Rafter Tails & Knee Braces","RTKB_012.webp (https://v5.airtableusercontent.com/v3/u/57/57/1789048800000/O57hYKHldcZuBj5XU-h0HQ/BG4RiLkqL0QrFjlsibvLPQ1kbzNL3FwRZTALl_jRtUWnDACI7yjlQwV9HGJAKmO5iCbGlwurJ84a0koFytCskpxK57e7aOUC3BLIOKBxswic1r3WWZ7O-Fi5gvZRNqkzjn_-wqaYLRa3sg_esnSIT6mAME4DjyE6j-fDNtOSUYQ/miuazwirj7kx-fWrqPopTWm7QnsswEIkwS19ciMEJZM)","","","","","1","0","visible","none","1","10","","","","","","RTKB-MOD012","","{}","","{}","new","USD","Rafter Tails & Knee Braces","","","","","","","","","","","","","","","https://v5.airtableusercontent.com/v3/u/57/57/1789048800000/O57hYKHldcZuBj5XU-h0HQ/BG4RiLkqL0QrFjlsibvLPQ1kbzNL3FwRZTALl_jRtUWnDACI7yjlQwV9HGJAKmO5iCbGlwurJ84a0koFytCskpxK57e7aOUC3BLIOKBxswic1r3WWZ7O-Fi5gvZRNqkzjn_-wqaYLRa3sg_esnSIT6mAME4DjyE6j-fDNtOSUYQ/miuazwirj7kx-fWrqPopTWm7QnsswEIkwS19ciMEJZM","","NEEDS_REVIEW","Linked Sites is empty | Description is empty | Images use temporary Airtable URLs | No valid linked variations"
"Rafter Tails & Knee Braces MOD013 — RTKB-MOD013","Rafter Tails & Knee Braces MOD013","variable","RTKB-MOD013","Rafter Tails & Knee Braces","RTKB_013.webp (https://v5.airtableusercontent.com/v3/u/57/57/1789048800000/IYKprLKfPezULvnmrHPGvA/tuZFjeJy8AzTjWjKeQNfC1ayiyQ-4lo9U_zehx9SIalmR5QdMS_7BAO9jvKBFY6GDI4Y9FCRI7PjIt9B2pJvy-OpavHG9AQ7k1VdKOwuaLCIyos91-K0UN9uhQ8NtFqKvu5i3-8n_6OLuljTs5o-5rwQh8n0YZWAqKyGKpIMcvE/XbpD73qrejz8kaV0DKQCcttgdzf-4sSdFVZGRHCHvjo)","","","","","1","0","visible","none","1","10","","","","","","RTKB-MOD013","","{}","","{}","new","USD","Rafter Tails & Knee Braces","","","","","","","","","","","","","","","https://v5.airtableusercontent.com/v3/u/57/57/1789048800000/IYKprLKfPezULvnmrHPGvA/tuZFjeJy8AzTjWjKeQNfC1ayiyQ-4lo9U_zehx9SIalmR5QdMS_7BAO9jvKBFY6GDI4Y9FCRI7PjIt9B2pJvy-OpavHG9AQ7k1VdKOwuaLCIyos91-K0UN9uhQ8NtFqKvu5i3-8n_6OLuljTs5o-5rwQh8n0YZWAqKyGKpIMcvE/XbpD73qrejz8kaV0DKQCcttgdzf-4sSdFVZGRHCHvjo","","NEEDS_REVIEW","Linked Sites is empty | Description is empty | Images use temporary Airtable URLs | No valid linked variations"
"Rafter Tails & Knee Braces MOD014 — RTKB-MOD014","Rafter Tails & Knee Braces MOD014","variable","RTKB-MOD014","Rafter Tails & Knee Braces","RTKB_014.webp (https://v5.airtableusercontent.com/v3/u/57/57/1789048800000/NTAnK7n9on03_j_qbSf2dg/E21O62qhrgJpSWlJdC-2Ac2kghPzavH5bpLQLz80PBnoN9cgXPtbRM_c1z7hHdhGlSPmf3_ngROtFQRLnGs5khdQaN-m_2ZPXs-4nRk6iiZ3EndvvXjBPXSsvWburmX1CfB3DHJlws7YQgooKmgFC_1cw_rheoigxxx6Hb8pMzo/7ULMVot0kWVnc8I_I5BBqKQaaQsUbKMQh_2TaRTqsNo)","","","","","1","0","visible","none","1","10","","","","","","RTKB-MOD014","","{}","","{}","new","USD","Rafter Tails & Knee Braces","","","","","","","","","","","","","","","https://v5.airtableusercontent.com/v3/u/57/57/1789048800000/NTAnK7n9on03_j_qbSf2dg/E21O62qhrgJpSWlJdC-2Ac2kghPzavH5bpLQLz80PBnoN9cgXPtbRM_c1z7hHdhGlSPmf3_ngROtFQRLnGs5khdQaN-m_2ZPXs-4nRk6iiZ3EndvvXjBPXSsvWburmX1CfB3DHJlws7YQgooKmgFC_1cw_rheoigxxx6Hb8pMzo/7ULMVot0kWVnc8I_I5BBqKQaaQsUbKMQh_2TaRTqsNo","","NEEDS_REVIEW","Linked Sites is empty | Description is empty | Images use temporary Airtable URLs | No valid linked variations"
"Rafter Tails & Knee Braces MOD015 — RTKB-MOD015","Rafter Tails & Knee Braces MOD015","variable","RTKB-MOD015","Rafter Tails & Knee Braces","RTKB_015.webp (https://v5.airtableusercontent.com/v3/u/57/57/1789048800000/HAbIEfagM-jTGY6ID5WQcQ/35SS2jUctyERqcsFv_FXn24s12-j-jwO0pxHPcaXMTN9QCY2ZDhN6LhjhdXy_3-tIkor45Hhop_J32RkP3lBCGODWCuVvNjSzROYI6UlbD1NXsT4DM2ZyJGkcS3aVJQwiy_wo9UKGSrvbEG0wfKT7yD8DJYgxNNzNNHy-t4Gd-A/0uEXQ4Aaa5emMi0EbvYE3nf5TdBoESBcyngIm2-H_KI)","","","","","1","0","visible","none","1","10","","","","","","RTKB-MOD015","","{}","","{}","new","USD","Rafter Tails & Knee Braces","","","","","","","","","","","","","","","https://v5.airtableusercontent.com/v3/u/57/57/1789048800000/HAbIEfagM-jTGY6ID5WQcQ/35SS2jUctyERqcsFv_FXn24s12-j-jwO0pxHPcaXMTN9QCY2ZDhN6LhjhdXy_3-tIkor45Hhop_J32RkP3lBCGODWCuVvNjSzROYI6UlbD1NXsT4DM2ZyJGkcS3aVJQwiy_wo9UKGSrvbEG0wfKT7yD8DJYgxNNzNNHy-t4Gd-A/0uEXQ4Aaa5emMi0EbvYE3nf5TdBoESBcyngIm2-H_KI","","NEEDS_REVIEW","Linked Sites is empty | Description is empty | Images use temporary Airtable URLs | No valid linked variations"
"Rafter Tails & Knee Braces MOD016 — RTKB-MOD016","Rafter Tails & Knee Braces MOD016","variable","RTKB-MOD016","Rafter Tails & Knee Braces","RTKB_016.webp (https://v5.airtableusercontent.com/v3/u/57/57/1789048800000/fvpJGoJlHcBBsHwwwA4YAA/XJUcjeeWhVDDIzR0MFTGdpPg63OVJclZ7opedgxsFHsPIHLHT60M3CejkEyYNJeLI_WZ5ezdEXno4tURWj478hRZOthQICmKNwm2XMxzOxjXHic38jPbdP22CBwb7NviQCkbiLsOLKa11i6_QNkObMQUFRwHolSGXpQ9xNSNVmU/np0oudvBqlqI1XW61yUVyKPltwIkg7vJCfXK6xHH4rc)","","","","","1","0","visible","none","1","10","","","","","","RTKB-MOD016","","{}","","{}","new","USD","Rafter Tails & Knee Braces","","","","","","","","","","","","","","","https://v5.airtableusercontent.com/v3/u/57/57/1789048800000/fvpJGoJlHcBBsHwwwA4YAA/XJUcjeeWhVDDIzR0MFTGdpPg63OVJclZ7opedgxsFHsPIHLHT60M3CejkEyYNJeLI_WZ5ezdEXno4tURWj478hRZOthQICmKNwm2XMxzOxjXHic38jPbdP22CBwb7NviQCkbiLsOLKa11i6_QNkObMQUFRwHolSGXpQ9xNSNVmU/np0oudvBqlqI1XW61yUVyKPltwIkg7vJCfXK6xHH4rc","","NEEDS_REVIEW","Linked Sites is empty | Description is empty | Images use temporary Airtable URLs | No valid linked variations"
"Rafter Tails & Knee Braces MOD017 — RTKB-MOD017","Rafter Tails & Knee Braces MOD017","variable","RTKB-MOD017","Rafter Tails & Knee Braces","RTKB_017.webp (https://v5.airtableusercontent.com/v3/u/57/57/1789048800000/-BM165HMNQihTna9szwcIw/gbV6BxW7pZFb95eWqNuKOXzHHIvG8-VxHwU0IP71h7qojhQ3F74PEcVZXutahYxoOgjHeLFtWIhQNrf65cNZEAtcDfK09u2dITmNF4UrSIp9Ql2YF95WBjkXhUPs3zzWlp2EYNGJTdKFyET9XenbevRYZTYksaEIQNxPpkEIL2M/9CMqRqAUOJ-j7MT7fr1iEWBbqQRc0_hq5t3_VBKoWE4)","","","","","1","0","visible","none","1","10","","","","","","RTKB-MOD017","","{}","","{}","new","USD","Rafter Tails & Knee Braces","","","","","","","","","","","","","","","https://v5.airtableusercontent.com/v3/u/57/57/1789048800000/-BM165HMNQihTna9szwcIw/gbV6BxW7pZFb95eWqNuKOXzHHIvG8-VxHwU0IP71h7qojhQ3F74PEcVZXutahYxoOgjHeLFtWIhQNrf65cNZEAtcDfK09u2dITmNF4UrSIp9Ql2YF95WBjkXhUPs3zzWlp2EYNGJTdKFyET9XenbevRYZTYksaEIQNxPpkEIL2M/9CMqRqAUOJ-j7MT7fr1iEWBbqQRc0_hq5t3_VBKoWE4","","NEEDS_REVIEW","Linked Sites is empty | Description is empty | Images use temporary Airtable URLs | No valid linked variations"
"Rafter Tails & Knee Braces MOD018 — RTKB-MOD018","Rafter Tails & Knee Braces MOD018","variable","RTKB-MOD018","Rafter Tails & Knee Braces","RTKB_018.webp (https://v5.airtableusercontent.com/v3/u/57/57/1789048800000/QI7ogFUr97f3L4ROEv3dYQ/hQWw0vNzEmqqY5lRkopBA4RoiHkAU8jTsHdU7AmSnd5Mr8uu-uMLJZDnW1UeIXJO5GckX93b99JpgvK7aZuu-Gc4K6kdDXOfbM0nhxKBuGmKUlRIenn1dkuJwkmsRLm4zUCVmyUllnxFtmFCmPClikbslph97LQGXYYHatJahbU/FSf59K--zTCcOctrGYZCWBXteu308nJMrbBoKoqTQFo)","","","","","1","0","visible","none","1","10","","","","","","RTKB-MOD018","","{}","","{}","new","USD","Rafter Tails & Knee Braces","","","","","","","","","","","","","","","https://v5.airtableusercontent.com/v3/u/57/57/1789048800000/QI7ogFUr97f3L4ROEv3dYQ/hQWw0vNzEmqqY5lRkopBA4RoiHkAU8jTsHdU7AmSnd5Mr8uu-uMLJZDnW1UeIXJO5GckX93b99JpgvK7aZuu-Gc4K6kdDXOfbM0nhxKBuGmKUlRIenn1dkuJwkmsRLm4zUCVmyUllnxFtmFCmPClikbslph97LQGXYYHatJahbU/FSf59K--zTCcOctrGYZCWBXteu308nJMrbBoKoqTQFo","","NEEDS_REVIEW","Linked Sites is empty | Description is empty | Images use temporary Airtable URLs | No valid linked variations"
"Rafter Tails & Knee Braces MOD019 — RTKB-MOD019","Rafter Tails & Knee Braces MOD019","variable","RTKB-MOD019","Rafter Tails & Knee Braces","RTKB_019.webp (https://v5.airtableusercontent.com/v3/u/57/57/1789048800000/E8Jn1VXZPvydOkx-NDPt7g/Uu36Daeb7-HHt4rKIeeWp5g5kC-WoNrh6m7Usl3X_U1_aO4M1kq1PR75j1HlpP47ARkQoRdOdMnH1gbfhpRQp_DBal69ZZiZMcceV8eoaVU_iht4jIeq-OtW3WvTU3v78_TrwMB2JE5obQ01fUUrlgQKf77sI1qmmWJIspHnonM/1MFISK0eYTrM96KfLdwPDPJZBTzhETv9YDbJCx9gp3g)","","","","","1","0","visible","none","1","10","","","","","","RTKB-MOD019","","{}","","{}","new","USD","Rafter Tails & Knee Braces","","","","","","","","","","","","","","","https://v5.airtableusercontent.com/v3/u/57/57/1789048800000/E8Jn1VXZPvydOkx-NDPt7g/Uu36Daeb7-HHt4rKIeeWp5g5kC-WoNrh6m7Usl3X_U1_aO4M1kq1PR75j1HlpP47ARkQoRdOdMnH1gbfhpRQp_DBal69ZZiZMcceV8eoaVU_iht4jIeq-OtW3WvTU3v78_TrwMB2JE5obQ01fUUrlgQKf77sI1qmmWJIspHnonM/1MFISK0eYTrM96KfLdwPDPJZBTzhETv9YDbJCx9gp3g","","NEEDS_REVIEW","Linked Sites is empty | Description is empty | Images use temporary Airtable URLs | No valid linked variations"
"Rafter Tails & Knee Braces MOD020 — RTKB-MOD020","Rafter Tails & Knee Braces MOD020","variable","RTKB-MOD020","Rafter Tails & Knee Braces","RTKB_020.webp (https://v5.airtableusercontent.com/v3/u/57/57/1789048800000/5Vpu3gEE5Cf9XFDgjwZ1CA/isYyyGwVbgmI0aHVjKtzaZ0l3UagmEl2I2ftg8wqEew2baLBfu3NgqpFydQDA5GdlrKJFBsgBTDys8OLWNHwMvEuFFTz2Qf6-4vYWM8osb-BYLA59lxz270GU4hbLOnZFYGgZItdTbAfWz4ArPJ7f96R32LMpvlMtA5KrhbQ58s/SG3g3zFiRgF3sF9oNcROGIKiPG_Jia5nMxIcThrGk3o)","","","","","1","0","visible","none","1","10","","","","","","RTKB-MOD020","","{}","","{}","new","USD","Rafter Tails & Knee Braces","","","","","","","","","","","","","","","https://v5.airtableusercontent.com/v3/u/57/57/1789048800000/5Vpu3gEE5Cf9XFDgjwZ1CA/isYyyGwVbgmI0aHVjKtzaZ0l3UagmEl2I2ftg8wqEew2baLBfu3NgqpFydQDA5GdlrKJFBsgBTDys8OLWNHwMvEuFFTz2Qf6-4vYWM8osb-BYLA59lxz270GU4hbLOnZFYGgZItdTbAfWz4ArPJ7f96R32LMpvlMtA5KrhbQ58s/SG3g3zFiRgF3sF9oNcROGIKiPG_Jia5nMxIcThrGk3o","","NEEDS_REVIEW","Linked Sites is empty | Description is empty | Images use temporary Airtable URLs | No valid linked variations"
"Rafter Tails & Knee Braces MOD021 — RTKB-MOD021","Rafter Tails & Knee Braces MOD021","variable","RTKB-MOD021","Rafter Tails & Knee Braces","RTKB_021.webp (https://v5.airtableusercontent.com/v3/u/57/57/1789048800000/RwczZPRi7KKsMxxWoR-wiw/nrcOGb6dfR8INChqeja1im-BmKB560MqSPNjdUULGkAFJlJbYye1bCiyvyW7zVDgTjP8zBvpkppb5Cvepr8FqAGRr1yxypf_nArbclQZGe9-LU8Lp9oDB5IKyVL0kqvQP06eyULxzbqnHiFnjY3WbmNn0xh1oU8iX1UVRJFztM8/UvSo2-wSyk5OcmjmIZKOzuDyHoTeW7VFasloU4azpJo)","","","","","1","0","visible","none","1","10","","","","","","RTKB-MOD021","","{}","","{}","new","USD","Rafter Tails & Knee Braces","","","","","","","","","","","","","","","https://v5.airtableusercontent.com/v3/u/57/57/1789048800000/RwczZPRi7KKsMxxWoR-wiw/nrcOGb6dfR8INChqeja1im-BmKB560MqSPNjdUULGkAFJlJbYye1bCiyvyW7zVDgTjP8zBvpkppb5Cvepr8FqAGRr1yxypf_nArbclQZGe9-LU8Lp9oDB5IKyVL0kqvQP06eyULxzbqnHiFnjY3WbmNn0xh1oU8iX1UVRJFztM8/UvSo2-wSyk5OcmjmIZKOzuDyHoTeW7VFasloU4azpJo","","NEEDS_REVIEW","Linked Sites is empty | Description is empty | Images use temporary Airtable URLs | No valid linked variations"
"Rafter Tails & Knee Braces MOD022 — RTKB-MOD022","Rafter Tails & Knee Braces MOD022","variable","RTKB-MOD022","Rafter Tails & Knee Braces","RTKB_022.webp (https://v5.airtableusercontent.com/v3/u/57/57/1789048800000/4iYh-7thQHyZY7Oo-FVKKA/xhmn33FMCiURzQsvfiHd6IOKQtm_EsobFGokTzBtJqgd8XF9mZjAdVvZnWsftjIUjQ8xF2CBxocAIpHKOsBIW_JGkTiDijAUr0_kEFsEoo8HmKS58fS1ruI7DTyFMXpFI245rzBd-jatp0Sg11exEtLtw4No8krfzF6Ccaz1pcM/M2BUFloP4u8T_bulCc8Ug9IA7wk37_hqddkfCdYLXVQ)","","","","","1","0","visible","none","1","10","","","","","","RTKB-MOD022","","{}","","{}","new","USD","Rafter Tails & Knee Braces","","","","","","","","","","","","","","","https://v5.airtableusercontent.com/v3/u/57/57/1789048800000/4iYh-7thQHyZY7Oo-FVKKA/xhmn33FMCiURzQsvfiHd6IOKQtm_EsobFGokTzBtJqgd8XF9mZjAdVvZnWsftjIUjQ8xF2CBxocAIpHKOsBIW_JGkTiDijAUr0_kEFsEoo8HmKS58fS1ruI7DTyFMXpFI245rzBd-jatp0Sg11exEtLtw4No8krfzF6Ccaz1pcM/M2BUFloP4u8T_bulCc8Ug9IA7wk37_hqddkfCdYLXVQ","","NEEDS_REVIEW","Linked Sites is empty | Description is empty | Images use temporary Airtable URLs | No valid linked variations"
"Rafter Tails & Knee Braces MOD023 — RTKB-MOD023","Rafter Tails & Knee Braces MOD023","variable","RTKB-MOD023","Rafter Tails & Knee Braces","RTKB_023.webp (https://v5.airtableusercontent.com/v3/u/57/57/1789048800000/f1In9jGhr90euORcX16ODg/fa4UniVAcqfCYWOeH4yjFuqw6mszIiONM-9exHNtsrzqmXSNjXRAPfVgVOb2V0U1iivzoKAWtwsWdaSn6RJMMiGZMWg_7JNsjw9jf-bl69Q2JRfTEhSSjOa1R3i7gFZ7J0uIYvSj3Nn0sbR2cZiLKPEJXTvj3Qn3eG7S3-6jxUI/OIlnaaqBfjQXppD-xydSiW8G1yeGypHJ_LTJ_G8d_Uc)","","","","","1","0","visible","none","1","10","","","","","","RTKB-MOD023","","{}","","{}","new","USD","Rafter Tails & Knee Braces","","","","","","","","","","","","","","","https://v5.airtableusercontent.com/v3/u/57/57/1789048800000/f1In9jGhr90euORcX16ODg/fa4UniVAcqfCYWOeH4yjFuqw6mszIiONM-9exHNtsrzqmXSNjXRAPfVgVOb2V0U1iivzoKAWtwsWdaSn6RJMMiGZMWg_7JNsjw9jf-bl69Q2JRfTEhSSjOa1R3i7gFZ7J0uIYvSj3Nn0sbR2cZiLKPEJXTvj3Qn3eG7S3-6jxUI/OIlnaaqBfjQXppD-xydSiW8G1yeGypHJ_LTJ_G8d_Uc","","NEEDS_REVIEW","Linked Sites is empty | Description is empty | Images use temporary Airtable URLs | No valid linked variations"
"Rafter Tails & Knee Braces MOD024 — RTKB-MOD024","Rafter Tails & Knee Braces MOD024","variable","RTKB-MOD024","Rafter Tails & Knee Braces","RTKB_024.webp (https://v5.airtableusercontent.com/v3/u/57/57/1789048800000/IR8eVSLnW8cUpGdsOYmP_w/zQyndc6wSvE9OjGepOOAn_bUCBRn7pdXyUuYG8rNXpgVFyeid27pu33lh6ODY2g199SApsE9kOVOevBUOzZjrQhs3SQ1xLQje0tJsMhxAIF974El1wBviC21ndX6mjtV-mEC1LvYyx6FlKdre1ueeKVIpZiWbaaQ6t8cdxs7oGM/T7hZVYrUyIc05MBma1HC7KcswTll6qqf909H6Bra5Ao)","","","","","1","0","visible","none","1","10","","","","","","RTKB-MOD024","","{}","","{}","new","USD","Rafter Tails & Knee Braces","","","","","","","","","","","","","","","https://v5.airtableusercontent.com/v3/u/57/57/1789048800000/IR8eVSLnW8cUpGdsOYmP_w/zQyndc6wSvE9OjGepOOAn_bUCBRn7pdXyUuYG8rNXpgVFyeid27pu33lh6ODY2g199SApsE9kOVOevBUOzZjrQhs3SQ1xLQje0tJsMhxAIF974El1wBviC21ndX6mjtV-mEC1LvYyx6FlKdre1ueeKVIpZiWbaaQ6t8cdxs7oGM/T7hZVYrUyIc05MBma1HC7KcswTll6qqf909H6Bra5Ao","","NEEDS_REVIEW","Linked Sites is empty | Description is empty | Images use temporary Airtable URLs | No valid linked variations"
"Arched Cord King Post Truss with Straight Diagonals — FWT-MOD001","Arched Cord King Post Truss with Straight Diagonals","variable","FWT-MOD001","Faux Wood Trusses Systems","5 Arched Cord King Post Truss with Straight Diagonals.webp (https://v5.airtableusercontent.com/v3/u/57/57/1789048800000/KFSPhTm1Qzyscz7Xse8uSQ/imWZwmB7FO3CCAU9zEFSHFfJTDo0HsmHRduNySR3BMLHDJ0LoY3w4mDmk3rGpQuTQ8ZiWG7ynFRlbsIWcL0swh-qWomVuGuQZLxOgOFFB9q0IYAnEFubXfYeIdiZxILdnzLHNGabBFlFgNsSlaI7WD5XrOwhIHJMLEuPeQJp8dxD1lUGohLJ--TxMymkYRl70FxiZwU4PQlEO06k2-gBbw/LoX5re9tLjhXRofhlyUDQwIEblWiTd4JwNwXDNfadgA)","","","","FWT-MOD001-0001","1","0","visible","none","1","10","","","","decorativearchitecturalproducts.com","","FWT-MOD001","FWT-MOD001-0001","{""decorativearchitecturalproducts.com"": ""Decorative Architectural Products""}","Decorative Architectural Products","{""decorativearchitecturalproducts.com"": """"}","new","USD","Faux Wood Trusses Systems","","","","","","","","","","","","","","","https://v5.airtableusercontent.com/v3/u/57/57/1789048800000/KFSPhTm1Qzyscz7Xse8uSQ/imWZwmB7FO3CCAU9zEFSHFfJTDo0HsmHRduNySR3BMLHDJ0LoY3w4mDmk3rGpQuTQ8ZiWG7ynFRlbsIWcL0swh-qWomVuGuQZLxOgOFFB9q0IYAnEFubXfYeIdiZxILdnzLHNGabBFlFgNsSlaI7WD5XrOwhIHJMLEuPeQJp8dxD1lUGohLJ--TxMymkYRl70FxiZwU4PQlEO06k2-gBbw/LoX5re9tLjhXRofhlyUDQwIEblWiTd4JwNwXDNfadgA","","NEEDS_REVIEW","Description is empty | Images use temporary Airtable URLs"
"Raised Cord King Post Truss with Straight Diagonal — FWT-MOD002","Raised Cord King Post Truss with Straight Diagonal","variable","FWT-MOD002","Faux Wood Trusses Systems","3 Raised Cord King Post Truss with Straight Diagonals.webp (https://v5.airtableusercontent.com/v3/u/57/57/1789048800000/ZEBv9xyo9XwlHDvAK5aATg/6t9LgbtYgcjVDjtY6uCNHoDq6VwGKPivKCWW5vqiC6B1U6B8uYHYDvXvCh4AHtHuFJSWKntaYPw7tsf7IUdn4uQ38kIHhuaNVgjkv50YvlXMpWLmK0vf0TXSwmnvaeKuzJ6LIUQ_yXpHgCRTixBaflbhY1z9vcuFA7SUSQ7vFfTEsJxZEMQGFODxOGufv-hRmESrIHWMhawLGdOIEBKr1w/RwhOoO1Sd-Pn7-3rkm38mu_jFMwYxSfJd6mALFsSpEs)","","","","FWT-MOD001-0002","1","0","visible","none","1","10","","","","decorativearchitecturalproducts.com","","FWT-MOD002","FWT-MOD001-0002","{""decorativearchitecturalproducts.com"": ""Decorative Architectural Products""}","Decorative Architectural Products","{""decorativearchitecturalproducts.com"": """"}","new","USD","Faux Wood Trusses Systems","","","","","","","","","","","","","","","https://v5.airtableusercontent.com/v3/u/57/57/1789048800000/ZEBv9xyo9XwlHDvAK5aATg/6t9LgbtYgcjVDjtY6uCNHoDq6VwGKPivKCWW5vqiC6B1U6B8uYHYDvXvCh4AHtHuFJSWKntaYPw7tsf7IUdn4uQ38kIHhuaNVgjkv50YvlXMpWLmK0vf0TXSwmnvaeKuzJ6LIUQ_yXpHgCRTixBaflbhY1z9vcuFA7SUSQ7vFfTEsJxZEMQGFODxOGufv-hRmESrIHWMhawLGdOIEBKr1w/RwhOoO1Sd-Pn7-3rkm38mu_jFMwYxSfJd6mALFsSpEs","","NEEDS_REVIEW","Description is empty | Images use temporary Airtable URLs"
"King Post Truss with Arched Diagonals — FWT-MOD003","King Post Truss with Arched Diagonals","variable","FWT-MOD003","Faux Wood Trusses Systems","2 King Post Truss with Arched Diagonals.webp (https://v5.airtableusercontent.com/v3/u/57/57/1789048800000/QnKgejZyLZwJwwJUdmBSzw/wdQJKWi3L1c2gjlZ2tpzrln97rzn_2Pg72aDcOTBUx0ecUrFtvYiejZsGui96FSId9IZxAj6LkVD2N5BYatqCZtH55ICvFPfF-0Xu-Qkk32HVWlazAZrT58s4n4B6VkToXDFzfNJsdlTh524Gvkl4xmF4f0xdTYk4fnjhDi9fuvvvnveJx_H7wyF89pSeDvr/OjYrcyTGr-qFtts3n-5scFg_8xgDszmTA1EbdBnu1fc)","","","","","1","0","visible","none","1","10","","","","decorativearchitecturalproducts.com","","FWT-MOD003","","{""decorativearchitecturalproducts.com"": ""Decorative Architectural Products""}","Decorative Architectural Products","{""decorativearchitecturalproducts.com"": """"}","new","USD","Faux Wood Trusses Systems","","","","","","","","","","","","","","","https://v5.airtableusercontent.com/v3/u/57/57/1789048800000/QnKgejZyLZwJwwJUdmBSzw/wdQJKWi3L1c2gjlZ2tpzrln97rzn_2Pg72aDcOTBUx0ecUrFtvYiejZsGui96FSId9IZxAj6LkVD2N5BYatqCZtH55ICvFPfF-0Xu-Qkk32HVWlazAZrT58s4n4B6VkToXDFzfNJsdlTh524Gvkl4xmF4f0xdTYk4fnjhDi9fuvvvnveJx_H7wyF89pSeDvr/OjYrcyTGr-qFtts3n-5scFg_8xgDszmTA1EbdBnu1fc","","NEEDS_REVIEW","Description is empty | Images use temporary Airtable URLs | No valid linked variations"
"Hammer Beam Truss with Rafter Tails — FWT-MOD004","Hammer Beam Truss with Rafter Tails","variable","FWT-MOD004","Faux Wood Trusses Systems","12 Hammer Beam Truss with Rafter Tails.webp (https://v5.airtableusercontent.com/v3/u/57/57/1789048800000/nORCWZyqrF4IoRrB7ubwkg/JKia5K_Fnw3tn4WNTYKNF1JITx9btGOtTOPhmRVgVMfDusj0daE279HUGSrK_79wZDqS03dXHfMjMjo16AdU_s1cxMScOa07Str2uZxBr7ORWeSxzs3FWwaEpYVL1E3l8LtrkFjE8AHMUfMHaq9ubS4fQJdbPuNbiclMKoo-Kp4Rv68Hv7BbnACFaRRy_dgu/wMbz1DJXptR1USt-ff1kmG2PFrjP_OL7PR-ku6Rsf6w)","","","","","1","0","visible","none","1","10","","","","decorativearchitecturalproducts.com","","FWT-MOD004","","{""decorativearchitecturalproducts.com"": ""Decorative Architectural Products""}","Decorative Architectural Products","{""decorativearchitecturalproducts.com"": """"}","new","USD","Faux Wood Trusses Systems","","","","","","","","","","","","","","","https://v5.airtableusercontent.com/v3/u/57/57/1789048800000/nORCWZyqrF4IoRrB7ubwkg/JKia5K_Fnw3tn4WNTYKNF1JITx9btGOtTOPhmRVgVMfDusj0daE279HUGSrK_79wZDqS03dXHfMjMjo16AdU_s1cxMScOa07Str2uZxBr7ORWeSxzs3FWwaEpYVL1E3l8LtrkFjE8AHMUfMHaq9ubS4fQJdbPuNbiclMKoo-Kp4Rv68Hv7BbnACFaRRy_dgu/wMbz1DJXptR1USt-ff1kmG2PFrjP_OL7PR-ku6Rsf6w","","NEEDS_REVIEW","Description is empty | Images use temporary Airtable URLs | No valid linked variations"
"Arched Raised Cord King Post Truss with Tail — FWT-MOD005","Arched Raised Cord King Post Truss with Tail","variable","FWT-MOD005","Faux Wood Trusses Systems","8 Arched Raised Cord King Post Truss with Tail.webp (https://v5.airtableusercontent.com/v3/u/57/57/1789048800000/a8xy8YV3qrWq0JhevwInSw/3unCu8GrM4MDVDOnPUAn_P50jCqhowS6uZh2EMlzowiJGle1vRCSRHpkZBPaEiILdhkN6d9FLvuR81IxoCnLiC6YRAPP28DRZzj9CWIZCB9gMUe_hhYw6AJGn_YGLtRhrwjMUD6qqYQDYxNtssPfl6noF09gRrBmwronRTXZtdPVZox1atgzboBnfU_XAKzleYxrADFjrD097bA7qW8KQQ/pp8FiijxAx9Az-V4SGtB16boLmy9qE4KcUCDgOOnGtM)","","","","","1","0","visible","none","1","10","","","","decorativearchitecturalproducts.com","","FWT-MOD005","","{""decorativearchitecturalproducts.com"": ""Decorative Architectural Products""}","Decorative Architectural Products","{""decorativearchitecturalproducts.com"": """"}","new","USD","Faux Wood Trusses Systems","","","","","","","","","","","","","","","https://v5.airtableusercontent.com/v3/u/57/57/1789048800000/a8xy8YV3qrWq0JhevwInSw/3unCu8GrM4MDVDOnPUAn_P50jCqhowS6uZh2EMlzowiJGle1vRCSRHpkZBPaEiILdhkN6d9FLvuR81IxoCnLiC6YRAPP28DRZzj9CWIZCB9gMUe_hhYw6AJGn_YGLtRhrwjMUD6qqYQDYxNtssPfl6noF09gRrBmwronRTXZtdPVZox1atgzboBnfU_XAKzleYxrADFjrD097bA7qW8KQQ/pp8FiijxAx9Az-V4SGtB16boLmy9qE4KcUCDgOOnGtM","","NEEDS_REVIEW","Description is empty | Images use temporary Airtable URLs | No valid linked variations"
"King Post Truss with Straight Diagonals alt — FWT-MOD006","King Post Truss with Straight Diagonals alt","variable","FWT-MOD006","Faux Wood Trusses Systems","9 King Post Truss with Straight Diagonals alt.webp (https://v5.airtableusercontent.com/v3/u/57/57/1789048800000/dJD_muryqVvGI6SGWGJZlg/XGRLDjJtKjcP0BG9Sfl5nIvu29qDRddeoH8dFQkpQpnpP3l1BvFM8TVeiUxYfHjyVxKWP8QV-6Ktlp9xxp8JQgFWA-w8xgetVbj3kdWBpnsqOg5-Mji0VaQASpjWTmq6RG_4J6XW2GKJu9SrZTKfjaBcb6E2AGRsLqrNOi3sQeA366KkJM3gEodGmUOjQfIpvXID4lmFXsh2gZP3Sp1r-g/U_shZANE15WziH02f8-tjGn122BxyQ79pmPVVQaF3pE)","","","","","1","0","visible","none","1","10","","","","decorativearchitecturalproducts.com","","FWT-MOD006","","{""decorativearchitecturalproducts.com"": ""Decorative Architectural Products""}","Decorative Architectural Products","{""decorativearchitecturalproducts.com"": """"}","new","USD","Faux Wood Trusses Systems","","","","","","","","","","","","","","","https://v5.airtableusercontent.com/v3/u/57/57/1789048800000/dJD_muryqVvGI6SGWGJZlg/XGRLDjJtKjcP0BG9Sfl5nIvu29qDRddeoH8dFQkpQpnpP3l1BvFM8TVeiUxYfHjyVxKWP8QV-6Ktlp9xxp8JQgFWA-w8xgetVbj3kdWBpnsqOg5-Mji0VaQASpjWTmq6RG_4J6XW2GKJu9SrZTKfjaBcb6E2AGRsLqrNOi3sQeA366KkJM3gEodGmUOjQfIpvXID4lmFXsh2gZP3Sp1r-g/U_shZANE15WziH02f8-tjGn122BxyQ79pmPVVQaF3pE","","NEEDS_REVIEW","Description is empty | Images use temporary Airtable URLs | No valid linked variations"
"Split Cord King Post Truss with Struts and Tails — FWT-MOD007","Split Cord King Post Truss with Struts and Tails","variable","FWT-MOD007","Faux Wood Trusses Systems","10 Split Cord King Post Truss with Struts and Tails.webp (https://v5.airtableusercontent.com/v3/u/57/57/1789048800000/kHPlkzb_HXvCDpkEcn1UDA/C_t6R10JVEEHCpXW16zxfUYFOsX-0M3_Nn5rTtp85ODkv08i6Q7SPOzxNqjx9mIKcaIMUFK8gn4KM12SwHZSOCOUeq_pM-2ddryWlMU3qBm4hKctKqAeu5QQ8X3xWR0EKfQKQueKY5bIryadAJ-qsBURZ3IB0KPMYXCretbWdzTCa5CUlXE_f4q7oNgYP1CRa9E-sVwY0kAaj4cjTUbhwA/yLZ6Tq0VBaKH8XBXQaUvTsEpCEaEA6wF6bCmC5Mexos)","","","","","1","0","visible","none","1","10","","","","decorativearchitecturalproducts.com","","FWT-MOD007","","{""decorativearchitecturalproducts.com"": ""Decorative Architectural Products""}","Decorative Architectural Products","{""decorativearchitecturalproducts.com"": """"}","new","USD","Faux Wood Trusses Systems","","","","","","","","","","","","","","","https://v5.airtableusercontent.com/v3/u/57/57/1789048800000/kHPlkzb_HXvCDpkEcn1UDA/C_t6R10JVEEHCpXW16zxfUYFOsX-0M3_Nn5rTtp85ODkv08i6Q7SPOzxNqjx9mIKcaIMUFK8gn4KM12SwHZSOCOUeq_pM-2ddryWlMU3qBm4hKctKqAeu5QQ8X3xWR0EKfQKQueKY5bIryadAJ-qsBURZ3IB0KPMYXCretbWdzTCa5CUlXE_f4q7oNgYP1CRa9E-sVwY0kAaj4cjTUbhwA/yLZ6Tq0VBaKH8XBXQaUvTsEpCEaEA6wF6bCmC5Mexos","","NEEDS_REVIEW","Description is empty | Images use temporary Airtable URLs | No valid linked variations"
"Arched Raised Cord King Post Truss with Straight Diagonals — FWT-MOD008","Arched Raised Cord King Post Truss with Straight Diagonals","variable","FWT-MOD008","Faux Wood Trusses Systems","7 Arched Raised Cord King Post Truss with Straight Diagonals.webp (https://v5.airtableusercontent.com/v3/u/57/57/1789048800000/XpF3zWJ8CVaXjYDQ4dLgRQ/Mj_8E9nggSc-UiPNK21iT4r6ZFTY1e72M-iiD2Rajs8gXfXfsyj2UtF8aFn0w_Nn3-Cauwr7L4yAqwE7HqqmjpHcJn935xuRW0rkDsz9PYPV_GzT1fJPRgPGMh5VWKQJ40qqdZ2shGme_yQ-XayWkJhHyzzykJqCjO8IfwTwTnz_lR4iEZuyGUs7IU_TDkHg31-uUfCyzau4nXBol--SbA/_dQ47XdqZCspolVPqoCBFa1MH_IfCh2ZdjVGqZmd4GY)","","","","","1","0","visible","none","1","10","","","","decorativearchitecturalproducts.com","","FWT-MOD008","","{""decorativearchitecturalproducts.com"": ""Decorative Architectural Products""}","Decorative Architectural Products","{""decorativearchitecturalproducts.com"": """"}","new","USD","Faux Wood Trusses Systems","","","","","","","","","","","","","","","https://v5.airtableusercontent.com/v3/u/57/57/1789048800000/XpF3zWJ8CVaXjYDQ4dLgRQ/Mj_8E9nggSc-UiPNK21iT4r6ZFTY1e72M-iiD2Rajs8gXfXfsyj2UtF8aFn0w_Nn3-Cauwr7L4yAqwE7HqqmjpHcJn935xuRW0rkDsz9PYPV_GzT1fJPRgPGMh5VWKQJ40qqdZ2shGme_yQ-XayWkJhHyzzykJqCjO8IfwTwTnz_lR4iEZuyGUs7IU_TDkHg31-uUfCyzau4nXBol--SbA/_dQ47XdqZCspolVPqoCBFa1MH_IfCh2ZdjVGqZmd4GY","","NEEDS_REVIEW","Description is empty | Images use temporary Airtable URLs | No valid linked variations"
"Monument Sign MS 001 — MS-MOD001","Monument Sign MS 001","variable","MS-MOD001","Foam Monument Signs","FMS_001_.webp (https://v5.airtableusercontent.com/v3/u/57/57/1789048800000/2C0GdYSl63Dy-xTL7ye2lQ/V7u9qyxsAhu9lPPDlTMLKba8YBxF1MeDuXJto5K16nnw9WbcoyFNBZDHY0td9VqbLfIX0axBGrjK3fHSm4l9XN2PmtDBf1kOLOBE_ouUDp0YT7Qddx5YBo9F5VYtrFIrw8pf-UeW2gJPCjEWQdBT15t3JZ9725dVGZmwaUlin5Q/HA1HS3cWUSlfYJRdXxeaIv-Bp_cgj3-T0YYxVuwd8k0)","FMS_0001.mp4 (https://v5.airtableusercontent.com/v3/u/57/57/1789048800000/ncSMeUy8n0PIO9CeQopS_A/_MOhbN12Qj7qNpjNxkp6TjDhLRlLxIAcIvvhOcmOmsHzWwZKKPhlcLtu5CwEE8Mr9REitFavkIQXME0IJPbpoPdxynqOL5qk2mYbHctsZlejjOl80iLPWgYzsvWjMSCGlcwKAQmOg4Ex8RQ9iJOZT8toq6UySnc5K9xBwob8BIc/WEkz6XgW7Wgrmt93CLIikOjzwM0dAwn7YgMCTr7x5EI)","Custom monument sign models","This compact monument sign combines elegance with functionality. Its main advantage is the ability to display
information on all four sides, making it highly visible and easy to read from any direction.
It’s a perfect solution for smaller spaces where aesthetics and maximum messaging need to go hand in hand.
This model can serve as a directional guide or as a shared sign for multiple organizations — a practical and
striking choice for modern properties. You can also customize it with different color schemes or cladding
options to match your setting.","MS-MOD001-0001,MS-MOD001-0002","1","0","visible","none","1","10","","Texture — RUSTIC BRICK-STYLE MASONRY,Texture — RIVER ROCK-STYLE MASONRY,Texture — CASTLE-STYLE MASONRY,Texture — ASSOL-STYLE MASONRY,Texture — DRY STONE WALLING STYLE,Texture — SHAHRIAR-STYLE MASONRY,Texture — RUSTIC-STYLE MASONRY,Texture — RONDO-STYLE MASONRY,Texture — RUBLE-STYLE MASONRY,Texture — PLATEAU-STYLE MASONRY,Texture — OLD BRICK-STYLE MASONRY,Texture — SLAB-STYLE MASONRY","","3dsignfactory.com,3dsignfactory.us,royalfoam.art","","MS-MOD001","MS-MOD001-0001,MS-MOD001-0002","{""3dsignfactory.com"": ""3D Sign Factory"", ""3dsignfactory.us"": ""3D Sign Factory"", ""royalfoam.art"": ""Royal Foam Art Design""}","","{""3dsignfactory.com"": """", ""3dsignfactory.us"": """", ""royalfoam.art"": """"}","new","USD","Foam Monument Signs","","","","","","","RUSTIC BRICK-STYLE MASONRY | RIVER ROCK-STYLE MASONRY | CASTLE-STYLE MASONRY | ASSOL-STYLE MASONRY | DRY STONE WALLING STYLE | SHAHRIAR-STYLE MASONRY | RUSTIC-STYLE MASONRY | RONDO-STYLE MASONRY | RUBLE-STYLE MASONRY | PLATEAU-STYLE MASONRY | OLD BRICK-STYLE MASONRY | SLAB-STYLE MASONRY","","","","","","","","https://v5.airtableusercontent.com/v3/u/57/57/1789048800000/2C0GdYSl63Dy-xTL7ye2lQ/V7u9qyxsAhu9lPPDlTMLKba8YBxF1MeDuXJto5K16nnw9WbcoyFNBZDHY0td9VqbLfIX0axBGrjK3fHSm4l9XN2PmtDBf1kOLOBE_ouUDp0YT7Qddx5YBo9F5VYtrFIrw8pf-UeW2gJPCjEWQdBT15t3JZ9725dVGZmwaUlin5Q/HA1HS3cWUSlfYJRdXxeaIv-Bp_cgj3-T0YYxVuwd8k0","","NEEDS_REVIEW","Images use temporary Airtable URLs"
"Monument Sign MS 002 — MS-MOD002","Monument Sign MS 002","variable","MS-MOD002","Foam Monument Signs","FMS_002_.webp (https://v5.airtableusercontent.com/v3/u/57/57/1789048800000/K-BXqSfQJO49c6OL30hDug/ra6kfDDHiDmxRYEI7CzCwpKRf5aHnatxF136dV3RYlaLEPs23skL_-agO1fpAUvoHT783srPCviWW1z80pQC8wdx_q6oiolTKqn5xzS40mk32wbuFqpLKj7ALzjVv4tO6M1shGg7oAFE6J6Dpua9Hv9_DTeafq3GhGlHlEJjmOQ/L8XS-JA1OxJGHMzVSt3mCX9HWCz5iNdrDqfFYi4Ykg4)","FMS_0002.mp4 (https://v5.airtableusercontent.com/v3/u/57/57/1789048800000/AQduHPITsXz7qQeUUZQubA/J_V28W2T2h9mDn7L76fQApZgNVu0z284dm6s4jAe7QdA4ucvvlX_WfiPRAH4cp4QRNSADujn0ByphtkSv9I2LeTEtfyI7O5HcU5MR1YfR1BI4mlViTsDHgM4riPJdrUbwZPoIo_HAQ61T6AB9iTkNoXAQq4I5ktDOfRYcF2xXFA/ZSyDew1tUtGV2cFpa8J3ZZ7vdouupKdnEIggjt6Hqjo)","Custom monument sign models","This monument sign is an excellent choice for malls or supermarkets located near highways, at city exits, or alongside
gas stations. Its simple and streamlined design makes it truly universal: stylish in any era and always relevant. The
clean form and balanced lines give the sign a timeless quality, emphasizing both practicality and visual appeal.
We offer full customization — any color schemes, textures, and finishing materials can be tailored to match your
concept. This sign can be easily adapted to your specific requirements, ensuring it blends seamlessly with the
architectural and visual environment of your property.","MS-MOD002-0001,MS-MOD002-0002","1","0","visible","none","1","10","","Texture — RUSTIC BRICK-STYLE MASONRY,Texture — RIVER ROCK-STYLE MASONRY,Texture — CASTLE-STYLE MASONRY,Texture — ASSOL-STYLE MASONRY,Texture — DRY STONE WALLING STYLE,Texture — SHAHRIAR-STYLE MASONRY,Texture — RUSTIC-STYLE MASONRY,Texture — RONDO-STYLE MASONRY,Texture — RUBLE-STYLE MASONRY,Texture — PLATEAU-STYLE MASONRY,Texture — OLD BRICK-STYLE MASONRY,Texture — SLAB-STYLE MASONRY","","3dsignfactory.com,3dsignfactory.us,royalfoam.art","","MS-MOD002","MS-MOD002-0001,MS-MOD002-0002","{""3dsignfactory.com"": ""3D Sign Factory"", ""3dsignfactory.us"": ""3D Sign Factory"", ""royalfoam.art"": ""Royal Foam Art Design""}","","{""3dsignfactory.com"": """", ""3dsignfactory.us"": """", ""royalfoam.art"": """"}","new","USD","Foam Monument Signs","","","","","","","RUSTIC BRICK-STYLE MASONRY | RIVER ROCK-STYLE MASONRY | CASTLE-STYLE MASONRY | ASSOL-STYLE MASONRY | DRY STONE WALLING STYLE | SHAHRIAR-STYLE MASONRY | RUSTIC-STYLE MASONRY | RONDO-STYLE MASONRY | RUBLE-STYLE MASONRY | PLATEAU-STYLE MASONRY | OLD BRICK-STYLE MASONRY | SLAB-STYLE MASONRY","","","","","","","","https://v5.airtableusercontent.com/v3/u/57/57/1789048800000/K-BXqSfQJO49c6OL30hDug/ra6kfDDHiDmxRYEI7CzCwpKRf5aHnatxF136dV3RYlaLEPs23skL_-agO1fpAUvoHT783srPCviWW1z80pQC8wdx_q6oiolTKqn5xzS40mk32wbuFqpLKj7ALzjVv4tO6M1shGg7oAFE6J6Dpua9Hv9_DTeafq3GhGlHlEJjmOQ/L8XS-JA1OxJGHMzVSt3mCX9HWCz5iNdrDqfFYi4Ykg4","","NEEDS_REVIEW","Images use temporary Airtable URLs"
"Monument Sign MS 003 — MS-MOD003","Monument Sign MS 003","variable","MS-MOD003","Foam Monument Signs","FMS_003_.webp (https://v5.airtableusercontent.com/v3/u/57/57/1789048800000/rUgjuBsef9aVirIoWCuCNw/q3Y8Ns7LCwnIY1mKX-HN_CoOKdGgLgE9ttG2bJykYTs9lDZ-EbMCEG9VN9Ss1qPc2CwwmnY8PareIDVXawiTT0O4VJ4twe6QYFX9gs896mEktkDVWgKm36ngVwtVI8IDuuaRAJ6dyd6fO98LiJx9M4IXtiFOtzTGj3ldWJHyijw/U6TcGZ119yLnwEgOCdvJhpB5TlpPK2nFf-Pmo9yfyTE)","FMS_0003.mp4 (https://v5.airtableusercontent.com/v3/u/57/57/1789048800000/_FbxuPtuhCGGZC2LL905-w/Lxv8pVs-ZadE4lBWlQOOJ-3jV4agU1u_5cFyvr0PDk5SDurV9h47NTN9Q0zBY5Xb7cPVvvFE-c0HWxGkz4ZfMl44PMPj2TZ2q3CaX6Eyqn9AEMNI6J3FjH2OcLMs7W7lMI6_0hdkADaDiouJdXiD_g4KZpDGP5UaC8NfjgrUMEM/gc_b-530L4oAp5IfNjZbKj7EEb1LaX9LNAtlBm6bQhE)","Custom monument sign models","This monument sign model is a perfect match for classical architecture and serves as a distinguished choice for
universities, hospitals, and other institutions with a rich history. Its solid structure and stone accents emphasize
prestige, giving the property a distinguished and authoritative presence.
A unique feature of this design is the ability to mirror the shape of your logo in the top contour, which is especially
valuable for non-standard logo designs. We offer a wide range of finishes and color options, allowing you to create a
sign that is not only functional but also seamlessly integrated into its architectural surroundings.","MS-MOD003-0001,MS-MOD003-0002","1","0","visible","none","1","10","","Texture — RUSTIC BRICK-STYLE MASONRY,Texture — RIVER ROCK-STYLE MASONRY,Texture — CASTLE-STYLE MASONRY,Texture — ASSOL-STYLE MASONRY,Texture — DRY STONE WALLING STYLE,Texture — SHAHRIAR-STYLE MASONRY,Texture — RUSTIC-STYLE MASONRY,Texture — RONDO-STYLE MASONRY,Texture — RUBLE-STYLE MASONRY,Texture — PLATEAU-STYLE MASONRY,Texture — OLD BRICK-STYLE MASONRY,Texture — SLAB-STYLE MASONRY","","3dsignfactory.com,3dsignfactory.us,royalfoam.art","","MS-MOD003","MS-MOD003-0001,MS-MOD003-0002","{""3dsignfactory.com"": ""3D Sign Factory"", ""3dsignfactory.us"": ""3D Sign Factory"", ""royalfoam.art"": ""Royal Foam Art Design""}","","{""3dsignfactory.com"": """", ""3dsignfactory.us"": """", ""royalfoam.art"": """"}","new","USD","Foam Monument Signs","","","","","","","RUSTIC BRICK-STYLE MASONRY | RIVER ROCK-STYLE MASONRY | CASTLE-STYLE MASONRY | ASSOL-STYLE MASONRY | DRY STONE WALLING STYLE | SHAHRIAR-STYLE MASONRY | RUSTIC-STYLE MASONRY | RONDO-STYLE MASONRY | RUBLE-STYLE MASONRY | PLATEAU-STYLE MASONRY | OLD BRICK-STYLE MASONRY | SLAB-STYLE MASONRY","","","","","","","","https://v5.airtableusercontent.com/v3/u/57/57/1789048800000/rUgjuBsef9aVirIoWCuCNw/q3Y8Ns7LCwnIY1mKX-HN_CoOKdGgLgE9ttG2bJykYTs9lDZ-EbMCEG9VN9Ss1qPc2CwwmnY8PareIDVXawiTT0O4VJ4twe6QYFX9gs896mEktkDVWgKm36ngVwtVI8IDuuaRAJ6dyd6fO98LiJx9M4IXtiFOtzTGj3ldWJHyijw/U6TcGZ119yLnwEgOCdvJhpB5TlpPK2nFf-Pmo9yfyTE","","NEEDS_REVIEW","Images use temporary Airtable URLs"
"Monument Sign MS 004 — MS-MOD004","Monument Sign MS 004","variable","MS-MOD004","Foam Monument Signs","FMS_004_.webp (https://v5.airtableusercontent.com/v3/u/57/57/1789048800000/BN44CgR910xBVnIWuMxztA/yHluwRFZC29U2WgsFnal5eE8O8347zJjRdClQJYl63H0-CiEJ1183Bx2gj5vFlp-_fzlh-a3IRqzlhzI9XWsIlnS-WcDeGTZUeGTJgsEnAVOgH33HI3YEyDvi1v6Rqiuh1hp2Wh16NY4GktfRKdI9dvHHP_1Wc_sQCiYYMjJp3Q/yBpl-t6VKfjZ_cAWKgHCnjo_MmYQY98Hvqg_LkR1y0Q)","FMS_0004.mp4 (https://v5.airtableusercontent.com/v3/u/57/57/1789048800000/XgmamdKr7wpvpZ0DI0m_IQ/5bHJtjTB8_bLRyNu3oSo08WNnWiANgJtIKvfVkmzdYcBbEBGGripPTULsM9HKd21HM8Dr8uDlik8Js6B1zXl4-sJpRa6kziMlNI32T1IlX0s32Ckk7zVqoQyH3uEoK2OnDry2WP8v8Nq7FqpBboUPzNZd8xZqcoudOw9yAEpPUY/DeWQlzPoDepoyWV8sYDwXC9asqQOd7w3XRTT2fqC4tA)","Custom monument sign models","This monument sign model features a
wide, expansive form that makes it a
perfect fit for open spaces. Its smooth,
flowing lines create a refined look, while
the solid side design adds a sense of
reliability and strength. It is an impressive
solution for golf clubs, yacht marinas,
resort complexes, and upscale residential
communities, emphasizing both scale and
prestige.
We offer full customization — the color
palette and surface finish can be tailored
to your concept, ensuring the sign blends
seamlessly with its surroundings while
reflecting the unique style of your project.","MS-MOD004-0001,MS-MOD004-0002","1","0","visible","none","1","10","","Texture — RUSTIC BRICK-STYLE MASONRY,Texture — RIVER ROCK-STYLE MASONRY,Texture — CASTLE-STYLE MASONRY,Texture — ASSOL-STYLE MASONRY,Texture — DRY STONE WALLING STYLE,Texture — SHAHRIAR-STYLE MASONRY,Texture — RUSTIC-STYLE MASONRY,Texture — RONDO-STYLE MASONRY,Texture — RUBLE-STYLE MASONRY,Texture — PLATEAU-STYLE MASONRY,Texture — OLD BRICK-STYLE MASONRY,Texture — SLAB-STYLE MASONRY","","3dsignfactory.com,3dsignfactory.us,royalfoam.art","","MS-MOD004","MS-MOD004-0001,MS-MOD004-0002","{""3dsignfactory.com"": ""3D Sign Factory"", ""3dsignfactory.us"": ""3D Sign Factory"", ""royalfoam.art"": ""Royal Foam Art Design""}","","{""3dsignfactory.com"": """", ""3dsignfactory.us"": """", ""royalfoam.art"": """"}","new","USD","Foam Monument Signs","","","","","","","RUSTIC BRICK-STYLE MASONRY | RIVER ROCK-STYLE MASONRY | CASTLE-STYLE MASONRY | ASSOL-STYLE MASONRY | DRY STONE WALLING STYLE | SHAHRIAR-STYLE MASONRY | RUSTIC-STYLE MASONRY | RONDO-STYLE MASONRY | RUBLE-STYLE MASONRY | PLATEAU-STYLE MASONRY | OLD BRICK-STYLE MASONRY | SLAB-STYLE MASONRY","","","","","","","","https://v5.airtableusercontent.com/v3/u/57/57/1789048800000/BN44CgR910xBVnIWuMxztA/yHluwRFZC29U2WgsFnal5eE8O8347zJjRdClQJYl63H0-CiEJ1183Bx2gj5vFlp-_fzlh-a3IRqzlhzI9XWsIlnS-WcDeGTZUeGTJgsEnAVOgH33HI3YEyDvi1v6Rqiuh1hp2Wh16NY4GktfRKdI9dvHHP_1Wc_sQCiYYMjJp3Q/yBpl-t6VKfjZ_cAWKgHCnjo_MmYQY98Hvqg_LkR1y0Q","","NEEDS_REVIEW","Images use temporary Airtable URLs"
"Monument Sign MS 005 — MS-MOD005","Monument Sign MS 005","variable","MS-MOD005","Foam Monument Signs","FMS_005_.webp (https://v5.airtableusercontent.com/v3/u/57/57/1789048800000/pCvkpE-1H742Y9zqiIQRkQ/8sWSlvSG_QUdJWQMuESTfkrTe1_qCEEGh8wO1Q503iuFA3ENK5M9Fe2yDTR12j2qlLkTzSFoRl6qTW9dj_PFf7zdfCcvJQlQ7VCf9-dkVHcjcSdEN20pHPdtKhr_CEhYcZWeDZm_2UV8XMDteQW_EDaif_DKEJdxYtfS5yhShx4/1AbgDCEdRVYh2dUpyGutVHJv5zADYlpa2o9-JBU9g_s)","FMS_0005.mp4 (https://v5.airtableusercontent.com/v3/u/57/57/1789048800000/eS55YJdju4to9n27RLW6mA/Z5B82042o7P5XmXkf_0vh-GQCtADNhq3gnErkyeP9qn1THVf-ghzHNMkNHr8bvPWGnhiu30sshX6fnjgJ_veKO25lnyf1XgzsLjyiJhDJP4-k_R57E-8BlUpfHp4elmfb3tbN7l6uchURbXxxFjCag-fXLZJzdXV25hxF7mRqNc/ENUG9gIuYgI060l5UVQZptMhGGJtRIFLgGXfbJSA6hY)","Custom monument sign models","This monument sign design blends
durability with style, creating a bold
statement for any property. IIt's
distinctive faux wood beam brings a
touch of rustic charm and natural warmth,
while the combination of faux wood and
faux stone cladding conveys strength and
prestige. Perfect for both corporate
campuses and countryside settings, this
model is especially appealing for projects
inspired by a country-style aesthetic.
We provide fully customized solutions:
choose from a variety of faux wood
textures, faux stone finishes, and color
options to create a sign that reflects your
unique brand and setting.","MS-MOD005-0001,MS-MOD005-0002","1","0","visible","none","1","10","","Texture — RUSTIC BRICK-STYLE MASONRY,Texture — RIVER ROCK-STYLE MASONRY,Texture — CASTLE-STYLE MASONRY,Texture — ASSOL-STYLE MASONRY,Texture — DRY STONE WALLING STYLE,Texture — SHAHRIAR-STYLE MASONRY,Texture — RUSTIC-STYLE MASONRY,Texture — RONDO-STYLE MASONRY,Texture — RUBLE-STYLE MASONRY,Texture — PLATEAU-STYLE MASONRY,Texture — OLD BRICK-STYLE MASONRY,Texture — SLAB-STYLE MASONRY","","3dsignfactory.com,3dsignfactory.us,royalfoam.art","","MS-MOD005","MS-MOD005-0001,MS-MOD005-0002","{""3dsignfactory.com"": ""3D Sign Factory"", ""3dsignfactory.us"": ""3D Sign Factory"", ""royalfoam.art"": ""Royal Foam Art Design""}","","{""3dsignfactory.com"": """", ""3dsignfactory.us"": """", ""royalfoam.art"": """"}","new","USD","Foam Monument Signs","","","","","","","RUSTIC BRICK-STYLE MASONRY | RIVER ROCK-STYLE MASONRY | CASTLE-STYLE MASONRY | ASSOL-STYLE MASONRY | DRY STONE WALLING STYLE | SHAHRIAR-STYLE MASONRY | RUSTIC-STYLE MASONRY | RONDO-STYLE MASONRY | RUBLE-STYLE MASONRY | PLATEAU-STYLE MASONRY | OLD BRICK-STYLE MASONRY | SLAB-STYLE MASONRY","","","","","","","","https://v5.airtableusercontent.com/v3/u/57/57/1789048800000/pCvkpE-1H742Y9zqiIQRkQ/8sWSlvSG_QUdJWQMuESTfkrTe1_qCEEGh8wO1Q503iuFA3ENK5M9Fe2yDTR12j2qlLkTzSFoRl6qTW9dj_PFf7zdfCcvJQlQ7VCf9-dkVHcjcSdEN20pHPdtKhr_CEhYcZWeDZm_2UV8XMDteQW_EDaif_DKEJdxYtfS5yhShx4/1AbgDCEdRVYh2dUpyGutVHJv5zADYlpa2o9-JBU9g_s","","NEEDS_REVIEW","Images use temporary Airtable URLs"
"Monument Sign MS 006 — MS-MOD006","Monument Sign MS 006","variable","MS-MOD006","Foam Monument Signs","FMS_006_.webp (https://v5.airtableusercontent.com/v3/u/57/57/1789048800000/i1Qlpxi4DnK6JA74ENa2fg/Tv8NewAfhAiTljRxMHXjoO84jN5lXADg2rD1GcNQmlbKGCQJZqYnUVV8phUhq9dXstmb8-1Zy2j2yjskOiF1q6kl0Z2oJXlpdYuCzwRYItHVSizijUM6oh76q57QroEMj73-xSEAg_5SbE2gQWfom2uWf-jXAvi46e8HSXq6X4E/EHQioSg04O2A9R-cwECiE1cT79k5Tr0wrsRZRuE2vjI)","FMS_0006.mp4 (https://v5.airtableusercontent.com/v3/u/57/57/1789048800000/eCRz_cGH2sLe8mVT7v8nTw/etZ8yzvnXLIr5X8gIJcomtjW1QdX_IqeoI-kPNDS4tbflhBrBMMIiUOwSOF_eCZgKXeD6oJR4Clyug-aOmr0uurY5bwkc-la901dos-ZbXgEkwm3Q8lMb2UeVL0MeYUsGlS_Nv8srIxP-ZfWalYBtB9ArYY4VbeRdNOe-bnKkoA/i1u50rBekXHTlw6hyPCpmmaWM6hXi_zFR14xfhDIxXI)","Custom monument sign models","This monumental sign combines natural
aesthetics with expressive design. The
wooden beam adds a warm, organic
touch to the structure, while the tall side
panel enhances its visibility and gives it a
more prestigious, well-balanced look.
With its large dimensions, the sign is ideal
for parks, farms, and open spaces.
We offer fully customized solutions —
choose the size, textures, colors, and
lighting to perfectly fit your project.","MS-MOD006-0001,MS-MOD006-0002","1","0","visible","none","1","10","","Texture — RUSTIC BRICK-STYLE MASONRY,Texture — RIVER ROCK-STYLE MASONRY,Texture — CASTLE-STYLE MASONRY,Texture — ASSOL-STYLE MASONRY,Texture — DRY STONE WALLING STYLE,Texture — SHAHRIAR-STYLE MASONRY,Texture — RUSTIC-STYLE MASONRY,Texture — RONDO-STYLE MASONRY,Texture — RUBLE-STYLE MASONRY,Texture — PLATEAU-STYLE MASONRY,Texture — OLD BRICK-STYLE MASONRY,Texture — SLAB-STYLE MASONRY","","3dsignfactory.com,3dsignfactory.us,royalfoam.art","","MS-MOD006","MS-MOD006-0001,MS-MOD006-0002","{""3dsignfactory.com"": ""3D Sign Factory"", ""3dsignfactory.us"": ""3D Sign Factory"", ""royalfoam.art"": ""Royal Foam Art Design""}","","{""3dsignfactory.com"": """", ""3dsignfactory.us"": """", ""royalfoam.art"": """"}","new","USD","Foam Monument Signs","","","","","","","RUSTIC BRICK-STYLE MASONRY | RIVER ROCK-STYLE MASONRY | CASTLE-STYLE MASONRY | ASSOL-STYLE MASONRY | DRY STONE WALLING STYLE | SHAHRIAR-STYLE MASONRY | RUSTIC-STYLE MASONRY | RONDO-STYLE MASONRY | RUBLE-STYLE MASONRY | PLATEAU-STYLE MASONRY | OLD BRICK-STYLE MASONRY | SLAB-STYLE MASONRY","","","","","","","","https://v5.airtableusercontent.com/v3/u/57/57/1789048800000/i1Qlpxi4DnK6JA74ENa2fg/Tv8NewAfhAiTljRxMHXjoO84jN5lXADg2rD1GcNQmlbKGCQJZqYnUVV8phUhq9dXstmb8-1Zy2j2yjskOiF1q6kl0Z2oJXlpdYuCzwRYItHVSizijUM6oh76q57QroEMj73-xSEAg_5SbE2gQWfom2uWf-jXAvi46e8HSXq6X4E/EHQioSg04O2A9R-cwECiE1cT79k5Tr0wrsRZRuE2vjI","","NEEDS_REVIEW","Images use temporary Airtable URLs"
"Monument Sign MS 007 — MS-MOD007","Monument Sign MS 007","variable","MS-MOD007","Foam Monument Signs","FMS_007-_.webp (https://v5.airtableusercontent.com/v3/u/57/57/1789048800000/nEIg0ZjVlPya8PMnUVS74A/wW53fFCH3tu0mXj9DiF4oThdADUZOwJ8vVItTZxAlllvXEolBpjAZGI0ogX-tknYyF8A1rRnZVoaDUvzlPeu9KrcmnnjXpZkowDi0X1dLC_LKsgICrolNkPvzVSGjAsQiyycF2sLbeIn9mg50GvsVaULuOXz8Tdq2VcgU4kS5Go/onW4ya29z1tWEhSVT1BBC06CG05wnLwRtQzz4tFetqg)","FMS_0007.mp4 (https://v5.airtableusercontent.com/v3/u/57/57/1789048800000/xFzZd8AmDTVEyaeoRKKlbw/oJ5daIoVviWHoZ6zwTrKlJtCGtM0-vI911ceLe9zVY4UeqdKXMXHlT3lKA1nF_ImcIR_60rw5OGPfgwENH1B-w-n9MYwrFg3UqFn-kB9w0FDJWfMIUoy7bmqU0ndfmkWzDy4OUlPoeD-_4FxNqb-675s03D-li7_4Q-pndkAS7Q/h52ONm7UbyYOs8utEY0KzGqtYNsXJ_-IXmQQHiEgV_M)","Custom monument sign models","This monument sign model stands out with its unique design that blends seamlessly with natural surroundings. It is an
excellent choice for national parks, farms, or ranches, emphasizing a sense of warmth and connection to nature. The
use of natural materials and a well-balanced form makes the structure an expressive part of the landscape.
A key feature of this model is its secure mounting system: the panel is firmly fixed and does not sway, ensuring that
the name or logo remains clearly visible at all times. We offer fully customized solutions — you can choose the wood
texture and color scheme to perfectly match your project. This sign is both functional and aesthetic, highlighting the
identity of the property while conveying a sense of stability.","MS-MOD007-0001,MS-MOD007-0002","1","0","visible","none","1","10","","Texture — RUSTIC BRICK-STYLE MASONRY,Texture — RIVER ROCK-STYLE MASONRY,Texture — CASTLE-STYLE MASONRY,Texture — ASSOL-STYLE MASONRY,Texture — DRY STONE WALLING STYLE,Texture — SHAHRIAR-STYLE MASONRY,Texture — RUSTIC-STYLE MASONRY,Texture — RONDO-STYLE MASONRY,Texture — RUBLE-STYLE MASONRY,Texture — PLATEAU-STYLE MASONRY,Texture — OLD BRICK-STYLE MASONRY,Texture — SLAB-STYLE MASONRY","","3dsignfactory.com,3dsignfactory.us,royalfoam.art","","MS-MOD007","MS-MOD007-0001,MS-MOD007-0002","{""3dsignfactory.com"": ""3D Sign Factory"", ""3dsignfactory.us"": ""3D Sign Factory"", ""royalfoam.art"": ""Royal Foam Art Design""}","","{""3dsignfactory.com"": """", ""3dsignfactory.us"": """", ""royalfoam.art"": """"}","new","USD","Foam Monument Signs","","","","","","","RUSTIC BRICK-STYLE MASONRY | RIVER ROCK-STYLE MASONRY | CASTLE-STYLE MASONRY | ASSOL-STYLE MASONRY | DRY STONE WALLING STYLE | SHAHRIAR-STYLE MASONRY | RUSTIC-STYLE MASONRY | RONDO-STYLE MASONRY | RUBLE-STYLE MASONRY | PLATEAU-STYLE MASONRY | OLD BRICK-STYLE MASONRY | SLAB-STYLE MASONRY","","","","","","","","https://v5.airtableusercontent.com/v3/u/57/57/1789048800000/nEIg0ZjVlPya8PMnUVS74A/wW53fFCH3tu0mXj9DiF4oThdADUZOwJ8vVItTZxAlllvXEolBpjAZGI0ogX-tknYyF8A1rRnZVoaDUvzlPeu9KrcmnnjXpZkowDi0X1dLC_LKsgICrolNkPvzVSGjAsQiyycF2sLbeIn9mg50GvsVaULuOXz8Tdq2VcgU4kS5Go/onW4ya29z1tWEhSVT1BBC06CG05wnLwRtQzz4tFetqg","","NEEDS_REVIEW","Images use temporary Airtable URLs"
"Monument Sign MS 008 — MS-MOD008","Monument Sign MS 008","variable","MS-MOD008","Foam Monument Signs","FMS_0008_.webp (https://v5.airtableusercontent.com/v3/u/57/57/1789048800000/gnkkFVQKmzbIwSKm8oGkUw/ZD2INr-gS1XegBAkXCt7aytZuxT_mQ1kJucqDaaGtR2kb3-6b2qbX7LngCQWp7LAI-9tRhR1NeT8mKKYYvXT5DSeJOzXfkPRninkV-c9DxRdKCqCiIL3F2eYlQVyriRmraUuvlKm-hzZwCwQ-bwbQzSbGGzgpXBdJR3ji-sJ7Yk/fXB20NVv4uuLba078_LFA9Ad7KWgvysef4JxW9N2mSE)","FMS_0008.mp4 (https://v5.airtableusercontent.com/v3/u/57/57/1789048800000/KiZOMGkF8lpJAzSjNZPVpA/5YxQRNbyWBkmA7gEzXJzrs7Vgf9DN3EZFzRKyzj-lw7YknUNz_FiD-_v-Fh2fAqTZC2afUmXvlVtLf-SdAdpU2U5rhB-iWjQXMQWUYVHeeEZ-WVdbOh9BGWjEemQIq0Q118NT2Qm0NpLDUaBIXBv4huyKKx__MMNSHYTdKTmym0/z98uEpwSTCJuhGq_9gavSpM62CjlSc2sVqS0M1uk5gE)","Custom monument sign models","This monument sign model features a
clean and understated design that
draws full attention to the name of the
organization or institution. Its simple
form and crisp lines provide a
harmonious backdrop that allows the
lettering or logo to stand out
prominently.
It is an excellent choice for bold brand
names or complex typographic designs,
highlighting their expressiveness and
making them the central focus of the
structure. We offer a wide selection of
colors, textures, and cladding materials,
enabling you to create a truly
customized solution that perfectly
complements the style and architecture
of your property.","MS-MOD008-0001,MS-MOD008-0002","1","0","visible","none","1","10","","Texture — RUSTIC BRICK-STYLE MASONRY,Texture — RIVER ROCK-STYLE MASONRY,Texture — CASTLE-STYLE MASONRY,Texture — ASSOL-STYLE MASONRY,Texture — DRY STONE WALLING STYLE,Texture — SHAHRIAR-STYLE MASONRY,Texture — RUSTIC-STYLE MASONRY,Texture — RONDO-STYLE MASONRY,Texture — RUBLE-STYLE MASONRY,Texture — PLATEAU-STYLE MASONRY,Texture — OLD BRICK-STYLE MASONRY,Texture — SLAB-STYLE MASONRY","","3dsignfactory.com,3dsignfactory.us,royalfoam.art","","MS-MOD008","MS-MOD008-0001,MS-MOD008-0002","{""3dsignfactory.com"": ""3D Sign Factory"", ""3dsignfactory.us"": ""3D Sign Factory"", ""royalfoam.art"": ""Royal Foam Art Design""}","","{""3dsignfactory.com"": """", ""3dsignfactory.us"": """", ""royalfoam.art"": """"}","new","USD","Foam Monument Signs","","","","","","","RUSTIC BRICK-STYLE MASONRY | RIVER ROCK-STYLE MASONRY | CASTLE-STYLE MASONRY | ASSOL-STYLE MASONRY | DRY STONE WALLING STYLE | SHAHRIAR-STYLE MASONRY | RUSTIC-STYLE MASONRY | RONDO-STYLE MASONRY | RUBLE-STYLE MASONRY | PLATEAU-STYLE MASONRY | OLD BRICK-STYLE MASONRY | SLAB-STYLE MASONRY","","","","","","","","https://v5.airtableusercontent.com/v3/u/57/57/1789048800000/gnkkFVQKmzbIwSKm8oGkUw/ZD2INr-gS1XegBAkXCt7aytZuxT_mQ1kJucqDaaGtR2kb3-6b2qbX7LngCQWp7LAI-9tRhR1NeT8mKKYYvXT5DSeJOzXfkPRninkV-c9DxRdKCqCiIL3F2eYlQVyriRmraUuvlKm-hzZwCwQ-bwbQzSbGGzgpXBdJR3ji-sJ7Yk/fXB20NVv4uuLba078_LFA9Ad7KWgvysef4JxW9N2mSE","","NEEDS_REVIEW","Images use temporary Airtable URLs"
"Monument Sign MS 009 — MS-MOD009","Monument Sign MS 009","variable","MS-MOD009","Foam Monument Signs","FMS_009_.webp (https://v5.airtableusercontent.com/v3/u/57/57/1789048800000/N6_xkfVj48rzyc3CyQK6OQ/HN2cveqxhdyUFHejuS1AwagaXpzAq_veA1uPwRtNFoDEYoepQR0nu9ZHsa9aNJh7kv39AR8A_UWZ_uENHlvnyY_tlBL7x3ESt72ZaQRCmL88FwCgpSJQuUahhNd-32Xk2VU4oZoK10vys9HiaeNxSMnnTeMY2q5ttHr24xxeHAI/8oIhRNL5077xPZdRIVvr0k4mWQF_MqqrZLg65xHbkmg)","FMS_0009.mp4 (https://v5.airtableusercontent.com/v3/u/57/57/1789048800000/Lg-sTQdzfKtNgxcz3eSPew/4dRuzy_eKHZ0rPk_oJFbc8ZXlElJyeP6XtPkFf_0O4NjmISHgAnVJDj0-6ilWaAD1t5yxnUjlhKqcC1aeML-nbI74UoMFz8P-m2auABiFY5TIe0BP6a9i_3ZfNP10poZ6LDcGcK3fQDTgQsSXm1aB6cDLBNzRUgk_WmpRE5wnIo/IZr8ZprdrHi0X8XK3uoXDUHk3dLSpLzRKsQ17rDSCp8)","Custom monument sign models","This monument sign is designed in a classic style. The architectural precision and monumental proportions
convey a sense of stability and prestige, while the integrated flower planter adds a touch of life and nature. This
balance of elegance and harmony makes the design suitable for a wide range of properties — from corporate
and administrative complexes to cultural institutions and natio nal parks.
We offer full customization: textures, color palettes, and deco rative details are tailored specifically to your
project. The design can be adapted to your needs — side inserts or finishing","MS-MOD009-0001,MS-MOD009-0002","1","0","visible","none","1","10","","Texture — RUSTIC BRICK-STYLE MASONRY,Texture — RIVER ROCK-STYLE MASONRY,Texture — CASTLE-STYLE MASONRY,Texture — ASSOL-STYLE MASONRY,Texture — DRY STONE WALLING STYLE,Texture — SHAHRIAR-STYLE MASONRY,Texture — RUSTIC-STYLE MASONRY,Texture — RONDO-STYLE MASONRY,Texture — RUBLE-STYLE MASONRY,Texture — PLATEAU-STYLE MASONRY,Texture — OLD BRICK-STYLE MASONRY,Texture — SLAB-STYLE MASONRY","","3dsignfactory.com,3dsignfactory.us,royalfoam.art","","MS-MOD009","MS-MOD009-0001,MS-MOD009-0002","{""3dsignfactory.com"": ""3D Sign Factory"", ""3dsignfactory.us"": ""3D Sign Factory"", ""royalfoam.art"": ""Royal Foam Art Design""}","","{""3dsignfactory.com"": """", ""3dsignfactory.us"": """", ""royalfoam.art"": """"}","new","USD","Foam Monument Signs","","","","","","","RUSTIC BRICK-STYLE MASONRY | RIVER ROCK-STYLE MASONRY | CASTLE-STYLE MASONRY | ASSOL-STYLE MASONRY | DRY STONE WALLING STYLE | SHAHRIAR-STYLE MASONRY | RUSTIC-STYLE MASONRY | RONDO-STYLE MASONRY | RUBLE-STYLE MASONRY | PLATEAU-STYLE MASONRY | OLD BRICK-STYLE MASONRY | SLAB-STYLE MASONRY","","","","","","","","https://v5.airtableusercontent.com/v3/u/57/57/1789048800000/N6_xkfVj48rzyc3CyQK6OQ/HN2cveqxhdyUFHejuS1AwagaXpzAq_veA1uPwRtNFoDEYoepQR0nu9ZHsa9aNJh7kv39AR8A_UWZ_uENHlvnyY_tlBL7x3ESt72ZaQRCmL88FwCgpSJQuUahhNd-32Xk2VU4oZoK10vys9HiaeNxSMnnTeMY2q5ttHr24xxeHAI/8oIhRNL5077xPZdRIVvr0k4mWQF_MqqrZLg65xHbkmg","","NEEDS_REVIEW","Images use temporary Airtable URLs"
"Monument Sign MS 010 — MS-MOD010","Monument Sign MS 010","variable","MS-MOD010","Foam Monument Signs","FMS_020-_.png (https://v5.airtableusercontent.com/v3/u/57/57/1789048800000/c3ZPsOwcGfETvF9KTKeCww/NtY0-YXLTE-DyEMpPvkYNcr3IKLrEy3_HsjJrlWx3su24BBOf81jyB_QPBz37nn5dbSq-QeTvhBHFj-TX2rizJILPGinbuAK92GT8UMGgqZgrdH23kC3RxEQJiO1CQyQR2Q50WwCqCnSwd_uwhVtlDql8zIzAOXsKDhnPkrwJ9Y/7OQU8FQOQHfZRwy54Ggc_DDd9lma8fdApsCYBBRhBtA)","FMS_0010.mp4 (https://v5.airtableusercontent.com/v3/u/57/57/1789048800000/FWRTAPqyXV-8Onyh2HdFOw/q-XTj6Bl_yBCsf2rP_X2sfI5Pp2EDgyoBJ5kPopYdfZnaFnf_iarYpDhEAIKBoYtOwuNFZ7XsjCg8liwbwc-cQE1yMB2hnxtJ0YC2LsEUaHtLIPXuT_6Wnw1Xh47QEulwsCKmd10IGFheBDcbKlRgLS7zivHwtv7zeLqTTd5sxE/LvvXm6LBtBKt1HnhTW3h4r5ipSV5F4naCabNRmhupnE)","Custom monument sign models","This monument sign model features a clean and understated design that draws full attention to the name of the
organization or institution. Its simple form and crisp lines provide a harmonious backdrop that allows the
lettering or logo to stand out prominently.
It is an excellent choice for bold brand names or complex typog raphic designs, highlighting their
expressiveness and making them the central focus of the structu re. We offer a wide selection of colors,
textures, and cladding materials, enabling you to create a trul y customized solution that perfectly complements
the style and architecture of your property.","MS-MOD010-0001,MS-MOD010-0002","1","0","visible","none","1","10","","Texture — RUSTIC BRICK-STYLE MASONRY,Texture — RIVER ROCK-STYLE MASONRY,Texture — CASTLE-STYLE MASONRY,Texture — ASSOL-STYLE MASONRY,Texture — DRY STONE WALLING STYLE,Texture — SHAHRIAR-STYLE MASONRY,Texture — RUSTIC-STYLE MASONRY,Texture — RONDO-STYLE MASONRY,Texture — RUBLE-STYLE MASONRY,Texture — PLATEAU-STYLE MASONRY,Texture — OLD BRICK-STYLE MASONRY,Texture — SLAB-STYLE MASONRY","","3dsignfactory.com,3dsignfactory.us,royalfoam.art","","MS-MOD010","MS-MOD010-0001,MS-MOD010-0002","{""3dsignfactory.com"": ""3D Sign Factory"", ""3dsignfactory.us"": ""3D Sign Factory"", ""royalfoam.art"": ""Royal Foam Art Design""}","","{""3dsignfactory.com"": """", ""3dsignfactory.us"": """", ""royalfoam.art"": """"}","new","USD","Foam Monument Signs","","","","","","","RUSTIC BRICK-STYLE MASONRY | RIVER ROCK-STYLE MASONRY | CASTLE-STYLE MASONRY | ASSOL-STYLE MASONRY | DRY STONE WALLING STYLE | SHAHRIAR-STYLE MASONRY | RUSTIC-STYLE MASONRY | RONDO-STYLE MASONRY | RUBLE-STYLE MASONRY | PLATEAU-STYLE MASONRY | OLD BRICK-STYLE MASONRY | SLAB-STYLE MASONRY","","","","","","","","https://v5.airtableusercontent.com/v3/u/57/57/1789048800000/c3ZPsOwcGfETvF9KTKeCww/NtY0-YXLTE-DyEMpPvkYNcr3IKLrEy3_HsjJrlWx3su24BBOf81jyB_QPBz37nn5dbSq-QeTvhBHFj-TX2rizJILPGinbuAK92GT8UMGgqZgrdH23kC3RxEQJiO1CQyQR2Q50WwCqCnSwd_uwhVtlDql8zIzAOXsKDhnPkrwJ9Y/7OQU8FQOQHfZRwy54Ggc_DDd9lma8fdApsCYBBRhBtA","","NEEDS_REVIEW","Images use temporary Airtable URLs"
"Monument Sign MS 011 — MS-MOD011","Monument Sign MS 011","variable","MS-MOD011","Foam Monument Signs","FMS_011_.png (https://v5.airtableusercontent.com/v3/u/57/57/1789048800000/AWtVrBz-a_FsqwvryapNtQ/doKXK2vTmrt46Poxnd3QNx9Zu3zvb7iAOuGDyC0K5o755SInvk7WLWGOI7uR-891OD8gIt-7B61gfp9sTS12YfDLnZzcwnOtBJ7CP0KJ10bit2_3wrBxqJirFjr6aEXIRwOQuDe-I3iVgZzQqlBexeb-ol5z4aZVnFN5JUlRAAQ/DRDOdplZSZRToJcXuAdigDZ_ZPQ1O94bnITDyVCM9JI)","FMS_0011.mp4 (https://v5.airtableusercontent.com/v3/u/57/57/1789048800000/o_I1PrUUIrARNOgkFpO5gw/GIn_AlAAqo80m9TtC0-xdH53tZElkyo2hUCAMbX2wvkS9PVraUv1d2ZGixFuRid6hkMnBp311fr19oWfyhVmZrF9mrEHiCLZP7cYA5lvyB7NEG02Ngxhi_Ntfrd6ShV9naMmBhCAuHVRBUIYU-RIjrKUjzbSI_NpzYV9zscQ2xQ/Um9EW6x7R4DvU8_ecP2EBnDyoSl8Xb2kyVoOE4eicjo)","Custom monument sign models","This monument sign model is designed
in a classic style, making it a perfect
choice for properties with monumental
architecture. Its strong lines and solid
proportions convey a sense of
permanence and trust, reinforcing the
distinguished image of any organization.
We provide full customization of the
exterior — from color palette and
textures to cladding materials —
ensuring the sign is tailored to your
project and seamlessly complements the
surrounding architecture while
highlighting your brand’s unique
character.","MS-MOD011-0001,MS-MOD011-0002","1","0","visible","none","1","10","","Texture — RUSTIC BRICK-STYLE MASONRY,Texture — RIVER ROCK-STYLE MASONRY,Texture — CASTLE-STYLE MASONRY,Texture — ASSOL-STYLE MASONRY,Texture — DRY STONE WALLING STYLE,Texture — SHAHRIAR-STYLE MASONRY,Texture — RUSTIC-STYLE MASONRY,Texture — RONDO-STYLE MASONRY,Texture — RUBLE-STYLE MASONRY,Texture — PLATEAU-STYLE MASONRY,Texture — OLD BRICK-STYLE MASONRY,Texture — SLAB-STYLE MASONRY","","3dsignfactory.com,3dsignfactory.us,royalfoam.art","","MS-MOD011","MS-MOD011-0001,MS-MOD011-0002","{""3dsignfactory.com"": ""3D Sign Factory"", ""3dsignfactory.us"": ""3D Sign Factory"", ""royalfoam.art"": ""Royal Foam Art Design""}","","{""3dsignfactory.com"": """", ""3dsignfactory.us"": """", ""royalfoam.art"": """"}","new","USD","Foam Monument Signs","","","","","","","RUSTIC BRICK-STYLE MASONRY | RIVER ROCK-STYLE MASONRY | CASTLE-STYLE MASONRY | ASSOL-STYLE MASONRY | DRY STONE WALLING STYLE | SHAHRIAR-STYLE MASONRY | RUSTIC-STYLE MASONRY | RONDO-STYLE MASONRY | RUBLE-STYLE MASONRY | PLATEAU-STYLE MASONRY | OLD BRICK-STYLE MASONRY | SLAB-STYLE MASONRY","","","","","","","","https://v5.airtableusercontent.com/v3/u/57/57/1789048800000/AWtVrBz-a_FsqwvryapNtQ/doKXK2vTmrt46Poxnd3QNx9Zu3zvb7iAOuGDyC0K5o755SInvk7WLWGOI7uR-891OD8gIt-7B61gfp9sTS12YfDLnZzcwnOtBJ7CP0KJ10bit2_3wrBxqJirFjr6aEXIRwOQuDe-I3iVgZzQqlBexeb-ol5z4aZVnFN5JUlRAAQ/DRDOdplZSZRToJcXuAdigDZ_ZPQ1O94bnITDyVCM9JI","","NEEDS_REVIEW","Images use temporary Airtable URLs"
"Monument Sign MS 012 — MS-MOD012","Monument Sign MS 012","variable","MS-MOD012","Foam Monument Signs","FMS_012_.png (https://v5.airtableusercontent.com/v3/u/57/57/1789048800000/g0Xg8D-72yH6Tbe7cmkU6Q/KEwuZQVBjuivqrljygLlM8UvpU7srSkbrCDfelEtMc18eT7viQvKg8zgEzQNG6k_Yvx9LNwil25Xfba6cJU2p9I-xBx1Add0kIr7I6FIDWlxSXYcV0Mx9YzaBJqFdj5c_Yj0037Q5FhJKOGydSeNwjnLtR_PtwvwcgsMMXVKnaQ/8Rf7Ops7PqJ2Tsavo2DcqLGRzkiChhkydFki_39jgow)","FMS_0012.mp4 (https://v5.airtableusercontent.com/v3/u/57/57/1789048800000/LNpEYWCQcBQM8mr07UwQUw/zBgkY4pBlz_OuaWUsNpfLRh0iyNHYGfeLZfrU7tAUyWG7HkTmBFs98O904qAvPu_zSPYzHHLezYnrn814NwG39Aq-xZroHTtZpLe_NCapkY28Cz1Ozaa5PelabO42Gno8PMFLUzhSvRCCCEncSbpxjuibzL6GUnq7qKH2ElfHOA/Ut7LTN-XyO9ll1Y5_PmuQ7ziSY3vifT1gQKuALaSXgY)","Custom monument sign models","This distinctive monument sign
combines classical elements with
natural accents, making it an excellent
choice for administrative buildings
connected with nature — for example,
the headquarters of a farming
company. It also fits perfectly at
facilities such as environmental
organizations, agri-tourism complexes,
national parks, or regional
administrative centers.
The blend of country style and classical
design gives the structure a unique
character, while its impressive form
ensures a truly monumental presence.
We offer full customization — from
textures and color schemes to finishing
materials — allowing you to create a
solution that perfectly matches your
project and architectural vision.","MS-MOD012-0001,MS-MOD012-0002","1","0","visible","none","1","10","","Texture — RUSTIC BRICK-STYLE MASONRY,Texture — RIVER ROCK-STYLE MASONRY,Texture — CASTLE-STYLE MASONRY,Texture — ASSOL-STYLE MASONRY,Texture — DRY STONE WALLING STYLE,Texture — SHAHRIAR-STYLE MASONRY,Texture — RUSTIC-STYLE MASONRY,Texture — RONDO-STYLE MASONRY,Texture — RUBLE-STYLE MASONRY,Texture — PLATEAU-STYLE MASONRY,Texture — OLD BRICK-STYLE MASONRY,Texture — SLAB-STYLE MASONRY","","3dsignfactory.com,3dsignfactory.us,royalfoam.art","","MS-MOD012","MS-MOD012-0001,MS-MOD012-0002","{""3dsignfactory.com"": ""3D Sign Factory"", ""3dsignfactory.us"": ""3D Sign Factory"", ""royalfoam.art"": ""Royal Foam Art Design""}","","{""3dsignfactory.com"": """", ""3dsignfactory.us"": """", ""royalfoam.art"": """"}","new","USD","Foam Monument Signs","","","","","","","RUSTIC BRICK-STYLE MASONRY | RIVER ROCK-STYLE MASONRY | CASTLE-STYLE MASONRY | ASSOL-STYLE MASONRY | DRY STONE WALLING STYLE | SHAHRIAR-STYLE MASONRY | RUSTIC-STYLE MASONRY | RONDO-STYLE MASONRY | RUBLE-STYLE MASONRY | PLATEAU-STYLE MASONRY | OLD BRICK-STYLE MASONRY | SLAB-STYLE MASONRY","","","","","","","","https://v5.airtableusercontent.com/v3/u/57/57/1789048800000/g0Xg8D-72yH6Tbe7cmkU6Q/KEwuZQVBjuivqrljygLlM8UvpU7srSkbrCDfelEtMc18eT7viQvKg8zgEzQNG6k_Yvx9LNwil25Xfba6cJU2p9I-xBx1Add0kIr7I6FIDWlxSXYcV0Mx9YzaBJqFdj5c_Yj0037Q5FhJKOGydSeNwjnLtR_PtwvwcgsMMXVKnaQ/8Rf7Ops7PqJ2Tsavo2DcqLGRzkiChhkydFki_39jgow","","NEEDS_REVIEW","Images use temporary Airtable URLs"
"Monument Sign MS 013 — MS-MOD013","Monument Sign MS 013","variable","MS-MOD013","Foam Monument Signs","FMS_013-_.webp (https://v5.airtableusercontent.com/v3/u/57/57/1789048800000/sCBkb3MPBUahr199xFlodg/zerEps3eSWZI5xuULi5irbtaJwM2nmyyQgGLt0FEFsQ6t_7hQ7DaudXTZ6VC-CSfMMLf-a1bk0a_rA9HxPGcKvPEcFi26UhQIPJUr2CLcAtLq2V00sJUSXXjZaXMzz0VN-ZRLwCrrJ4_tweeruUg-7khg2ZnY6_8qAr2yOrbO70/i058DEj2MPub_3etvyHKoqvijebb_kri3JGSY5B1Ayk)","FMS_0013.mp4 (https://v5.airtableusercontent.com/v3/u/57/57/1789048800000/IFDb4bVhas8C0LPDn4KYrw/O12u4815tc_So_Rn28seqhfPrFuZjMqvoAFKwVWS8gKwWxGlyfQv-pWMjV-3Ya-DEwXCNBHOZgTzGgLsfdu5p3_orI3AhJ_efs5DNL2mI4UuAk7Xe1haIulptzMew1VUZXXALWxLgIDUiRrRlQWvfBxBNES7SPgsdG2qbbnIo7s/v0soNeonSSpj141OwNPms3qJeWQ5viDinPZRhpbhUpw)","Custom monument sign models","The size and thoughtful design of this monument sign make it an excellent choice for national parks, nature
reserves, and other landmarks in large open spaces. Its elongated horizontal shape keeps long names or
messages visible even from a distance.
With its solid construction and curved front, this sign can serve as a welcoming feature or part of a broader
wayfinding system. It’s also ideal for entry areas, visitor cent ers, recreational complexes, or public parks —
anywhere functionality and aesthetics work together. We offer full customization so the sign matches your
vision. Choose colors, dimensions, and textures to create a des ign that reflects your organization’s identity.","MS-MOD013-0001,MS-MOD013-0002","1","0","visible","none","1","10","","Texture — RUSTIC BRICK-STYLE MASONRY,Texture — RIVER ROCK-STYLE MASONRY,Texture — CASTLE-STYLE MASONRY,Texture — ASSOL-STYLE MASONRY,Texture — DRY STONE WALLING STYLE,Texture — SHAHRIAR-STYLE MASONRY,Texture — RUSTIC-STYLE MASONRY,Texture — RONDO-STYLE MASONRY,Texture — RUBLE-STYLE MASONRY,Texture — PLATEAU-STYLE MASONRY,Texture — OLD BRICK-STYLE MASONRY,Texture — SLAB-STYLE MASONRY","","3dsignfactory.com,3dsignfactory.us,royalfoam.art","","MS-MOD013","MS-MOD013-0001,MS-MOD013-0002","{""3dsignfactory.com"": ""3D Sign Factory"", ""3dsignfactory.us"": ""3D Sign Factory"", ""royalfoam.art"": ""Royal Foam Art Design""}","","{""3dsignfactory.com"": """", ""3dsignfactory.us"": """", ""royalfoam.art"": """"}","new","USD","Foam Monument Signs","","","","","","","RUSTIC BRICK-STYLE MASONRY | RIVER ROCK-STYLE MASONRY | CASTLE-STYLE MASONRY | ASSOL-STYLE MASONRY | DRY STONE WALLING STYLE | SHAHRIAR-STYLE MASONRY | RUSTIC-STYLE MASONRY | RONDO-STYLE MASONRY | RUBLE-STYLE MASONRY | PLATEAU-STYLE MASONRY | OLD BRICK-STYLE MASONRY | SLAB-STYLE MASONRY","","","","","","","","https://v5.airtableusercontent.com/v3/u/57/57/1789048800000/sCBkb3MPBUahr199xFlodg/zerEps3eSWZI5xuULi5irbtaJwM2nmyyQgGLt0FEFsQ6t_7hQ7DaudXTZ6VC-CSfMMLf-a1bk0a_rA9HxPGcKvPEcFi26UhQIPJUr2CLcAtLq2V00sJUSXXjZaXMzz0VN-ZRLwCrrJ4_tweeruUg-7khg2ZnY6_8qAr2yOrbO70/i058DEj2MPub_3etvyHKoqvijebb_kri3JGSY5B1Ayk","","NEEDS_REVIEW","Images use temporary Airtable URLs"
"Monument Sign MS 014 — MS-MOD014","Monument Sign MS 014","variable","MS-MOD014","Foam Monument Signs","FMS_014_.png (https://v5.airtableusercontent.com/v3/u/57/57/1789048800000/2UCeW9QLno8rPiKGKmBAVw/DJmUqeyeqkIjvCSpmV9K0VYSEg5VHSTy2ccF1k2-DGr_AOombx_bKkwm9756d6e1v94hL6JLnu7p0llKNbTMKHAfspHVICTFG88zU5uJ6R8G6UEE3a3o6z9RPHHQagY6pT7SGWUO3PEgoCkw6zQzFbiaCTyU0RR9bHEkHzVSvP0/POltb_V6ROdUMBLuKMs84-ORwWgJHmQsv9aWWHsQIUM)","FMS_0014.mp4 (https://v5.airtableusercontent.com/v3/u/57/57/1789048800000/_HPn2DtfvTDvPbn14esb3Q/46H6n57euqLf-V2WzqRc7Eu2sHAwyAdwI588ryxLRaoAhGaTPgYQxi660Xt7aaiYFNyQMoZzZSF9vaULUPl4cvngFfLJzv-jBbTqLmdUviXOfuONlW9a1jM2CHbvNKKm9E6OgC-THG8h_u5hN9P6CODw3cmWC6YACVxXaaUmJw0/WKBAeNO1uvaRK_xZ2R9QUuQEoc7mC8c_HRFRPIC8NmM)","Custom monument sign models","This monument sign model is designed
in a classic style, making it a perfect
choice for properties with monumental
architecture. Its strong lines and solid
proportions convey a sense of
permanence and trust, reinforcing the
distinguished image of any organization.
We provide full customization of the
exterior — from color palette and
textures to cladding materials —
ensuring the sign is tailored to your
project and seamlessly complements the
surrounding architecture while
highlighting your brand’s unique
character.","MS-MOD014-0001,MS-MOD014-0002","1","0","visible","none","1","10","","Texture — RUSTIC BRICK-STYLE MASONRY,Texture — RIVER ROCK-STYLE MASONRY,Texture — CASTLE-STYLE MASONRY,Texture — ASSOL-STYLE MASONRY,Texture — DRY STONE WALLING STYLE,Texture — SHAHRIAR-STYLE MASONRY,Texture — RUSTIC-STYLE MASONRY,Texture — RONDO-STYLE MASONRY,Texture — RUBLE-STYLE MASONRY,Texture — PLATEAU-STYLE MASONRY,Texture — OLD BRICK-STYLE MASONRY,Texture — SLAB-STYLE MASONRY","","3dsignfactory.com,3dsignfactory.us,royalfoam.art","","MS-MOD014","MS-MOD014-0001,MS-MOD014-0002","{""3dsignfactory.com"": ""3D Sign Factory"", ""3dsignfactory.us"": ""3D Sign Factory"", ""royalfoam.art"": ""Royal Foam Art Design""}","","{""3dsignfactory.com"": """", ""3dsignfactory.us"": """", ""royalfoam.art"": """"}","new","USD","Foam Monument Signs","","","","","","","RUSTIC BRICK-STYLE MASONRY | RIVER ROCK-STYLE MASONRY | CASTLE-STYLE MASONRY | ASSOL-STYLE MASONRY | DRY STONE WALLING STYLE | SHAHRIAR-STYLE MASONRY | RUSTIC-STYLE MASONRY | RONDO-STYLE MASONRY | RUBLE-STYLE MASONRY | PLATEAU-STYLE MASONRY | OLD BRICK-STYLE MASONRY | SLAB-STYLE MASONRY","","","","","","","","https://v5.airtableusercontent.com/v3/u/57/57/1789048800000/2UCeW9QLno8rPiKGKmBAVw/DJmUqeyeqkIjvCSpmV9K0VYSEg5VHSTy2ccF1k2-DGr_AOombx_bKkwm9756d6e1v94hL6JLnu7p0llKNbTMKHAfspHVICTFG88zU5uJ6R8G6UEE3a3o6z9RPHHQagY6pT7SGWUO3PEgoCkw6zQzFbiaCTyU0RR9bHEkHzVSvP0/POltb_V6ROdUMBLuKMs84-ORwWgJHmQsv9aWWHsQIUM","","NEEDS_REVIEW","Images use temporary Airtable URLs"
"Monument Sign MS 015 — MS-MOD015","Monument Sign MS 015","variable","MS-MOD015","Foam Monument Signs","FMS_015-_.png (https://v5.airtableusercontent.com/v3/u/57/57/1789048800000/SZsOGek1QbTdLvrrDaM5iQ/KhoyUHFzZTAZT7y7dygjNGOYy928ji5C9nxNIBs0p716byav9CxCjoHvtdoRasNjdhBqsgEHIfOVU8r1zwYhEYAAtZpNtAu9bs4pqTvoPoDIdf4Oum53AZ4YRDKXTcEcZ0Ix-AauzLpPOPZDb5OMUbtcKnWa5QW4QBwvHDNDuFo/neLAxKLe8QJVDrmWgOMHH8bmT7pxw2kr_scM0TXz_nk)","FMS_0015.mp4 (https://v5.airtableusercontent.com/v3/u/57/57/1789048800000/GlouXcgfDpmU6BBs4QtGDw/RT9epf4TgoCBBIyilfgNfHYAfpS0G-HNjTMuLZdjbVqMUUT41iBJePD9stdnZo1pklwy4lZwJTsqFRhmthaZ0v0EpjASzNj5x4RCJkEeaX0ZUWM4qDorzXYqsKz_boU68BJcYQXpTjYBIrrtfPbRXidsq7RwVjemS005YC8D67s/3uAehxnUOCSZ50iNydy8s_6S4EEeNGxKa798hu_aoWA)","Custom monument sign models","3d Sign Factory uses CNC routing to
fabricate custom signage from
expanded polystyrene (EPS) and
high-density urethane (HDU). After
cutting, each component is
professionally sanded, primed, and
coated in a controlled spray booth
using UV-stable, weather-resistant
paints.
EPS provides a lightweight core
suitable for large, complex shapes,
while HDU offers high dimensional
stability and resistance to moisture,
cracking, and temperature extremes.","MS-MOD015-0001,MS-MOD015-0002","1","0","visible","none","1","10","","Texture — RUSTIC BRICK-STYLE MASONRY,Texture — RIVER ROCK-STYLE MASONRY,Texture — CASTLE-STYLE MASONRY,Texture — ASSOL-STYLE MASONRY,Texture — DRY STONE WALLING STYLE,Texture — SHAHRIAR-STYLE MASONRY,Texture — RUSTIC-STYLE MASONRY,Texture — RONDO-STYLE MASONRY,Texture — RUBLE-STYLE MASONRY,Texture — PLATEAU-STYLE MASONRY,Texture — OLD BRICK-STYLE MASONRY,Texture — SLAB-STYLE MASONRY","","3dsignfactory.com,3dsignfactory.us,royalfoam.art","","MS-MOD015","MS-MOD015-0001,MS-MOD015-0002","{""3dsignfactory.com"": ""3D Sign Factory"", ""3dsignfactory.us"": ""3D Sign Factory"", ""royalfoam.art"": ""Royal Foam Art Design""}","","{""3dsignfactory.com"": """", ""3dsignfactory.us"": """", ""royalfoam.art"": """"}","new","USD","Foam Monument Signs","","","","","","","RUSTIC BRICK-STYLE MASONRY | RIVER ROCK-STYLE MASONRY | CASTLE-STYLE MASONRY | ASSOL-STYLE MASONRY | DRY STONE WALLING STYLE | SHAHRIAR-STYLE MASONRY | RUSTIC-STYLE MASONRY | RONDO-STYLE MASONRY | RUBLE-STYLE MASONRY | PLATEAU-STYLE MASONRY | OLD BRICK-STYLE MASONRY | SLAB-STYLE MASONRY","","","","","","","","https://v5.airtableusercontent.com/v3/u/57/57/1789048800000/SZsOGek1QbTdLvrrDaM5iQ/KhoyUHFzZTAZT7y7dygjNGOYy928ji5C9nxNIBs0p716byav9CxCjoHvtdoRasNjdhBqsgEHIfOVU8r1zwYhEYAAtZpNtAu9bs4pqTvoPoDIdf4Oum53AZ4YRDKXTcEcZ0Ix-AauzLpPOPZDb5OMUbtcKnWa5QW4QBwvHDNDuFo/neLAxKLe8QJVDrmWgOMHH8bmT7pxw2kr_scM0TXz_nk","","NEEDS_REVIEW","Images use temporary Airtable URLs"
"Monument Sign MS 016 — MS-MOD016","Monument Sign MS 016","variable","MS-MOD016","Foam Monument Signs","FMS_016_.png (https://v5.airtableusercontent.com/v3/u/57/57/1789048800000/6WeIEhhT0rbsNcWzP6pkfA/zXZGIaX6vCrfBOZJHX1pO3khRv9AX-uvpSH5ytfhJZsqwcJor0d-78bVArMfYfZk166_fa9KcEJZ8wlm9DlKk61U0r3B-7JI7xNmG5TaqKGps9cXoYRismX2gd1ctes1zuFfwe-oEkMH4zFJL8FdaLjTJSq_uO6GXyo8s3OAl6k/nl_WGDk-oziqkki2kfx1Jv3INynhlIxg_zf1Il0-YX4)","FMS_0016.mp4 (https://v5.airtableusercontent.com/v3/u/57/57/1789048800000/Quyv9E-ZthZUrVxuafBKVQ/rZ4hw9WyXFoARdoprxmys__7lu7pr5wFfhLcoZLPEQ7ZOdHfESWYb77NzIRLkzicilELzaL81FP-N6tHIZ7yQhgW0IfwPrOREFdaNz7A_CBjGDQRKgDch7kCxzGzijT-ON_RrnNGkn-Z7kB6roHaVk_-a5nFWku1IHLP45KyWZo/cYZ6IYE0jaRGkhaZIG4DJ6cdbfdBxUdCsL26BucgPWs)","Custom monument sign models","This monument sign model is enhanced
with a decorative pergola that adds a
stylish and distinctive accent to the
structure. It pairs perfectly with wooden
canopies, poolside areas, and lounge
spaces, creating a unified architectural
concept. The exposed beams add depth
and character, making the sign not only
an informational element but also a part
of the overall design.
We offer full customization — with a
wide selection of colors, textures, and
finishes — allowing you to create a
solution that blends seamlessly with its
surroundings while emphasizing the
unique character of your project.","MS-MOD016-0001,MS-MOD016-0002","1","0","visible","none","1","10","","Texture — RUSTIC BRICK-STYLE MASONRY,Texture — RIVER ROCK-STYLE MASONRY,Texture — CASTLE-STYLE MASONRY,Texture — ASSOL-STYLE MASONRY,Texture — DRY STONE WALLING STYLE,Texture — SHAHRIAR-STYLE MASONRY,Texture — RUSTIC-STYLE MASONRY,Texture — RONDO-STYLE MASONRY,Texture — RUBLE-STYLE MASONRY,Texture — PLATEAU-STYLE MASONRY,Texture — OLD BRICK-STYLE MASONRY,Texture — SLAB-STYLE MASONRY","","3dsignfactory.com,3dsignfactory.us,royalfoam.art","","MS-MOD016","MS-MOD016-0001,MS-MOD016-0002","{""3dsignfactory.com"": ""3D Sign Factory"", ""3dsignfactory.us"": ""3D Sign Factory"", ""royalfoam.art"": ""Royal Foam Art Design""}","","{""3dsignfactory.com"": """", ""3dsignfactory.us"": """", ""royalfoam.art"": """"}","new","USD","Foam Monument Signs","","","","","","","RUSTIC BRICK-STYLE MASONRY | RIVER ROCK-STYLE MASONRY | CASTLE-STYLE MASONRY | ASSOL-STYLE MASONRY | DRY STONE WALLING STYLE | SHAHRIAR-STYLE MASONRY | RUSTIC-STYLE MASONRY | RONDO-STYLE MASONRY | RUBLE-STYLE MASONRY | PLATEAU-STYLE MASONRY | OLD BRICK-STYLE MASONRY | SLAB-STYLE MASONRY","","","","","","","","https://v5.airtableusercontent.com/v3/u/57/57/1789048800000/6WeIEhhT0rbsNcWzP6pkfA/zXZGIaX6vCrfBOZJHX1pO3khRv9AX-uvpSH5ytfhJZsqwcJor0d-78bVArMfYfZk166_fa9KcEJZ8wlm9DlKk61U0r3B-7JI7xNmG5TaqKGps9cXoYRismX2gd1ctes1zuFfwe-oEkMH4zFJL8FdaLjTJSq_uO6GXyo8s3OAl6k/nl_WGDk-oziqkki2kfx1Jv3INynhlIxg_zf1Il0-YX4","","NEEDS_REVIEW","Images use temporary Airtable URLs"
"Monument Sign MS 017 — MS-MOD017","Monument Sign MS 017","variable","MS-MOD017","Foam Monument Signs","FMS_017_.png (https://v5.airtableusercontent.com/v3/u/57/57/1789048800000/nh3lx_JftM1psM91quKgew/umsbfvUBZfmcEbGp6gpHi9cW2vbjC8-ReMmQEV-B2g49jAOvnosW64Z-0lWIW5Fvf3Q2LFf6x-koGxIUymcgcfqhfkbeYfe3nXkPL_izyF-pRnf7iGfwjfv5Fr3clwHjuT3c5aaHX10TS0HTNJembTzT7CNRx3ses4MmwsVrwUM/_ngnYuTIirObSkGBC6Kg96X2Db3ZOXxNzL-aUlCrmp0)","FMS_0017.mp4 (https://v5.airtableusercontent.com/v3/u/57/57/1789048800000/NFzdC8MbH6THVpSLCcgt4A/CE0bqsOH8Hpvw4YZyZ2mJnGTkBjv5DHLTRTI4JplOMcDsjge6FLeXH7euHOncPfVolSkQ6J564gO0BYOnfh1qg5gy0f5MqISQ1dDq4s_HwPLC_3NV1fi38g8NTbSWJTSLin-4Vvgt6_Hf1rrkZpnD5ikdwzr_qT6QP1JPJ9g8mc/ly3jpH-fCuMBpnEgZLuz7tlQnd9ru4C05VYRUzbPzXc)","Custom monument sign models","This monumental sign is the perfect
solution for properties located on a
corner or at an intersection. Its
double-sided design ensures excellent
visibility from both directions,
maximizing exposure and enhancing
your brand’s presence.
The structure allows you to display
information for two companies at once,
making it ideal for shared entrances or
neighboring sites. Optional night
lighting keeps the sign striking and
readable even after dark.
We offer full customization options,
including materials, textures, colors,
fonts, logo placement, and lighting
elements — everything to ensure the
sign perfectly reflects your brand’s style
and character.","MS-MOD017-0001,MS-MOD017-0002","1","0","visible","none","1","10","","Texture — RUSTIC BRICK-STYLE MASONRY,Texture — RIVER ROCK-STYLE MASONRY,Texture — CASTLE-STYLE MASONRY,Texture — ASSOL-STYLE MASONRY,Texture — DRY STONE WALLING STYLE,Texture — SHAHRIAR-STYLE MASONRY,Texture — RUSTIC-STYLE MASONRY,Texture — RONDO-STYLE MASONRY,Texture — RUBLE-STYLE MASONRY,Texture — PLATEAU-STYLE MASONRY,Texture — OLD BRICK-STYLE MASONRY,Texture — SLAB-STYLE MASONRY","","3dsignfactory.com,3dsignfactory.us,royalfoam.art","","MS-MOD017","MS-MOD017-0001,MS-MOD017-0002","{""3dsignfactory.com"": ""3D Sign Factory"", ""3dsignfactory.us"": ""3D Sign Factory"", ""royalfoam.art"": ""Royal Foam Art Design""}","","{""3dsignfactory.com"": """", ""3dsignfactory.us"": """", ""royalfoam.art"": """"}","new","USD","Foam Monument Signs","","","","","","","RUSTIC BRICK-STYLE MASONRY | RIVER ROCK-STYLE MASONRY | CASTLE-STYLE MASONRY | ASSOL-STYLE MASONRY | DRY STONE WALLING STYLE | SHAHRIAR-STYLE MASONRY | RUSTIC-STYLE MASONRY | RONDO-STYLE MASONRY | RUBLE-STYLE MASONRY | PLATEAU-STYLE MASONRY | OLD BRICK-STYLE MASONRY | SLAB-STYLE MASONRY","","","","","","","","https://v5.airtableusercontent.com/v3/u/57/57/1789048800000/nh3lx_JftM1psM91quKgew/umsbfvUBZfmcEbGp6gpHi9cW2vbjC8-ReMmQEV-B2g49jAOvnosW64Z-0lWIW5Fvf3Q2LFf6x-koGxIUymcgcfqhfkbeYfe3nXkPL_izyF-pRnf7iGfwjfv5Fr3clwHjuT3c5aaHX10TS0HTNJembTzT7CNRx3ses4MmwsVrwUM/_ngnYuTIirObSkGBC6Kg96X2Db3ZOXxNzL-aUlCrmp0","","NEEDS_REVIEW","Images use temporary Airtable URLs"
"Monument Sign MS 018 — MS-MOD018","Monument Sign MS 018","variable","MS-MOD018","Foam Monument Signs","FMS_018_.png (https://v5.airtableusercontent.com/v3/u/57/57/1789048800000/GpsmuiqFsIP-URgB2k9EAQ/Ng0IwHuLBOwpG0DsUyon2GtqmVzWFFhb4P-2I2LyWJibcbVQNiUM1mgvMVVtsBH_gG9_AEGIlg7TzJYgEHCV-38_69LTu9uMZaWFujIgcs1TVQy3OoGi4sytOUjRoWBj-ULySC2AXrab6Y_m9GcSqgFjDBeYRg7vZWyMadYKVsY/oIgNpOK714btNPPPz440EOHMtevT5Q1DjaQQJbO2MTw)","FMS_0018.mp4 (https://v5.airtableusercontent.com/v3/u/57/57/1789048800000/sYcgXPieTHFIfwhYNhtB7Q/mLyGtxhZLeHGgipNE8axmJXYslycZWIdymhrrZ5kNdT9cb_XvP8l6UuUXIcJbal3a1bOHmtMQh8gdZZPiouD7rY1Q6jTlikokx3fm468D6rv6vD_BtHY-yJJ2dkMmGFRRJD_t-VMFUKVyl2SsrPLKP8ImYHshtT-u42DDJPe4Mc/8XFq1mVu-4f9pkPW4ONJMVrijNvehAnfRWhGHN7rjqI)","Custom monument sign models","This monument sign model is a
versatile solution that works perfectly
for supermarkets, retail centers, and
shopping plazas located near highways
or at city exits. Its clean, minimalist
design is both stylish and functional,
delivering maximum visibility without
unnecessary details.
We offer full customization options —
from color schemes and surface
textures to dimensions and lettering
style — allowing you to create a sign
that aligns perfectly with your brand
identity and architectural surroundings.
Its timeless look ensures it will remain
relevant and impactful for","MS-MOD018-0001,MS-MOD018-0002","1","0","visible","none","1","10","","Texture — RUSTIC BRICK-STYLE MASONRY,Texture — RIVER ROCK-STYLE MASONRY,Texture — CASTLE-STYLE MASONRY,Texture — ASSOL-STYLE MASONRY,Texture — DRY STONE WALLING STYLE,Texture — SHAHRIAR-STYLE MASONRY,Texture — RUSTIC-STYLE MASONRY,Texture — RONDO-STYLE MASONRY,Texture — RUBLE-STYLE MASONRY,Texture — PLATEAU-STYLE MASONRY,Texture — OLD BRICK-STYLE MASONRY,Texture — SLAB-STYLE MASONRY","","3dsignfactory.com,3dsignfactory.us,royalfoam.art","","MS-MOD018","MS-MOD018-0001,MS-MOD018-0002","{""3dsignfactory.com"": ""3D Sign Factory"", ""3dsignfactory.us"": ""3D Sign Factory"", ""royalfoam.art"": ""Royal Foam Art Design""}","","{""3dsignfactory.com"": """", ""3dsignfactory.us"": """", ""royalfoam.art"": """"}","new","USD","Foam Monument Signs","","","","","","","RUSTIC BRICK-STYLE MASONRY | RIVER ROCK-STYLE MASONRY | CASTLE-STYLE MASONRY | ASSOL-STYLE MASONRY | DRY STONE WALLING STYLE | SHAHRIAR-STYLE MASONRY | RUSTIC-STYLE MASONRY | RONDO-STYLE MASONRY | RUBLE-STYLE MASONRY | PLATEAU-STYLE MASONRY | OLD BRICK-STYLE MASONRY | SLAB-STYLE MASONRY","","","","","","","","https://v5.airtableusercontent.com/v3/u/57/57/1789048800000/GpsmuiqFsIP-URgB2k9EAQ/Ng0IwHuLBOwpG0DsUyon2GtqmVzWFFhb4P-2I2LyWJibcbVQNiUM1mgvMVVtsBH_gG9_AEGIlg7TzJYgEHCV-38_69LTu9uMZaWFujIgcs1TVQy3OoGi4sytOUjRoWBj-ULySC2AXrab6Y_m9GcSqgFjDBeYRg7vZWyMadYKVsY/oIgNpOK714btNPPPz440EOHMtevT5Q1DjaQQJbO2MTw","","NEEDS_REVIEW","Images use temporary Airtable URLs"
"Monument Sign MS 019 — MS-MOD019","Monument Sign MS 019","variable","MS-MOD019","Foam Monument Signs","FMS_019_.webp (https://v5.airtableusercontent.com/v3/u/57/57/1789048800000/yxoueLQHxR0SUy8blUW1PA/JCFskDYj7rLs-7VUVKVd_JbKVe1GlNcfoY6zHrBUn8e6eg6aCe9EinEdpxECvc4mKliXUjA99LhRKMUYnJWCAxU_FBH4XnhOKh9Vd6Lo3tLKLvcQARXsgIhvw0vSZvRS5ue8cBdb_yUSc6owu9WCpbKLR__Hr275sVwEO_w7MKc/zwTdmBn20ejg7PUYNk9TmDjAjghqEjyGhQIJr0mwuMY)","FMS_0019.mp4 (https://v5.airtableusercontent.com/v3/u/57/57/1789048800000/93inJY0rsGkhjiG7863Zew/Vvh5eHzHx1sOFugYCHuF8n_zpE4YoV4S6Wz4Bxx04BxTxc8gP1XBCmfO9eSYxf5-fUDlkBCDDTPw4KpPs-H7utiDXv1Orh9JiSHvM27BFJPL2WUwImvzldoYXAWOgq4G1gAqZ4EZa-vj3ELaQ33j7ci1Uu5pM0VYl_wjJk3PtWo/IeY_Rop9VpZQjSj_h0uNkCK1l11z4fT7OiHUi0WkMhI)","Custom monument sign models","This monument sign model is an ideal choice for religious and n onprofit organizations. Its design blends classic
elements, monumental presence, and modern architectural lines. The structure unites generations, symbolizing
tradition and openness to the future. The thoughtful form and e xpressive geometry give the sign depth — it feels
like an architectural feature rather than just an informational display. The integrated cross and dedicated space
for the name and address make it both striking and functional. We also offer full customization: choose materials,
textures, and colors to create a unique sign that reflects your organization’s mission. to decorative details —
ensuring the sign complements the surrounding environment while reflecting your organization’s identity.","MS-MOD019-0001,MS-MOD019-0002","1","0","visible","none","1","10","","Texture — RUSTIC BRICK-STYLE MASONRY,Texture — RIVER ROCK-STYLE MASONRY,Texture — CASTLE-STYLE MASONRY,Texture — ASSOL-STYLE MASONRY,Texture — DRY STONE WALLING STYLE,Texture — SHAHRIAR-STYLE MASONRY,Texture — RUSTIC-STYLE MASONRY,Texture — RONDO-STYLE MASONRY,Texture — RUBLE-STYLE MASONRY,Texture — PLATEAU-STYLE MASONRY,Texture — OLD BRICK-STYLE MASONRY,Texture — SLAB-STYLE MASONRY","","3dsignfactory.com,3dsignfactory.us,royalfoam.art","","MS-MOD019","MS-MOD019-0001,MS-MOD019-0002","{""3dsignfactory.com"": ""3D Sign Factory"", ""3dsignfactory.us"": ""3D Sign Factory"", ""royalfoam.art"": ""Royal Foam Art Design""}","","{""3dsignfactory.com"": """", ""3dsignfactory.us"": """", ""royalfoam.art"": """"}","new","USD","Foam Monument Signs","","","","","","","RUSTIC BRICK-STYLE MASONRY | RIVER ROCK-STYLE MASONRY | CASTLE-STYLE MASONRY | ASSOL-STYLE MASONRY | DRY STONE WALLING STYLE | SHAHRIAR-STYLE MASONRY | RUSTIC-STYLE MASONRY | RONDO-STYLE MASONRY | RUBLE-STYLE MASONRY | PLATEAU-STYLE MASONRY | OLD BRICK-STYLE MASONRY | SLAB-STYLE MASONRY","","","","","","","","https://v5.airtableusercontent.com/v3/u/57/57/1789048800000/yxoueLQHxR0SUy8blUW1PA/JCFskDYj7rLs-7VUVKVd_JbKVe1GlNcfoY6zHrBUn8e6eg6aCe9EinEdpxECvc4mKliXUjA99LhRKMUYnJWCAxU_FBH4XnhOKh9Vd6Lo3tLKLvcQARXsgIhvw0vSZvRS5ue8cBdb_yUSc6owu9WCpbKLR__Hr275sVwEO_w7MKc/zwTdmBn20ejg7PUYNk9TmDjAjghqEjyGhQIJr0mwuMY","","NEEDS_REVIEW","Images use temporary Airtable URLs"
"Monument Sign MS 020 — MS-MOD020","Monument Sign MS 020","variable","MS-MOD020","Foam Monument Signs","FMS_020_.png (https://v5.airtableusercontent.com/v3/u/57/57/1789048800000/Rm8xrVhFxLV8UB_wtYlgoA/9hbr2_0gP6ZgO9OwMUbk3aQ-e44oI_4KGt0uYIg6M_snGS8AVKslVAoiMbhwK01wVMXKLDWtdfpIQpwaKuY3NfGLqxw7Xw5tgladugu5x4ObJaieImX1ERq-_DkUf-gieOwHFxMdmC3hRwb6pTa8hRsyku4BTzY_adwgKlfH_tQ/sY_LcxWeQjuCSYqpsKKOVS5BJqGxk2mQd8ujBI-AOf8)","FMS_0020.mp4 (https://v5.airtableusercontent.com/v3/u/57/57/1789048800000/5-J5p679kDpmCSrAaz4s_g/lRi4z9oWFpDAp5mLtzYSbiPAV_qPQFLzncBlzav-y3DfqnvBF5pO9Iz-2_Z0mheuVtI3-by3uZnMO24hTlXR8L-D7969KHJYuXq1W5GQ31BLOUkPRvqyLb58FScBJdLu5wCtOyacHBw16pvxkbJ3ZQPVa-au_RdWkmEM8e-Oxuw/h_ASeoBIFgx7ewoai7j-tRI_NFvMu-ncxaDfiLW03dQ)","Custom monument sign models","This monument sign model features a
wide, expansive form that makes it a
perfect fit for open spaces. Its smooth,
flowing lines create a refined look, while
the solid side design adds a sense of
reliability and strength. It is an
impressive solution for golf clubs, yacht
marinas, resort complexes, and upscale
residential communities, emphasizing
both scale and prestige.
We offer full customization — the color
palette and surface finish can be
tailored to your concept, ensuring the
sign blends seamlessly with its
surroundings while reflecting the unique
style of your project.","MS-MOD020-0001,MS-MOD020-0002","1","0","visible","none","1","10","","Texture — RUSTIC BRICK-STYLE MASONRY,Texture — RIVER ROCK-STYLE MASONRY,Texture — CASTLE-STYLE MASONRY,Texture — ASSOL-STYLE MASONRY,Texture — DRY STONE WALLING STYLE,Texture — SHAHRIAR-STYLE MASONRY,Texture — RUSTIC-STYLE MASONRY,Texture — RONDO-STYLE MASONRY,Texture — RUBLE-STYLE MASONRY,Texture — PLATEAU-STYLE MASONRY,Texture — OLD BRICK-STYLE MASONRY,Texture — SLAB-STYLE MASONRY","","3dsignfactory.com,3dsignfactory.us,royalfoam.art","","MS-MOD020","MS-MOD020-0001,MS-MOD020-0002","{""3dsignfactory.com"": ""3D Sign Factory"", ""3dsignfactory.us"": ""3D Sign Factory"", ""royalfoam.art"": ""Royal Foam Art Design""}","","{""3dsignfactory.com"": """", ""3dsignfactory.us"": """", ""royalfoam.art"": """"}","new","USD","Foam Monument Signs","","","","","","","RUSTIC BRICK-STYLE MASONRY | RIVER ROCK-STYLE MASONRY | CASTLE-STYLE MASONRY | ASSOL-STYLE MASONRY | DRY STONE WALLING STYLE | SHAHRIAR-STYLE MASONRY | RUSTIC-STYLE MASONRY | RONDO-STYLE MASONRY | RUBLE-STYLE MASONRY | PLATEAU-STYLE MASONRY | OLD BRICK-STYLE MASONRY | SLAB-STYLE MASONRY","","","","","","","","https://v5.airtableusercontent.com/v3/u/57/57/1789048800000/Rm8xrVhFxLV8UB_wtYlgoA/9hbr2_0gP6ZgO9OwMUbk3aQ-e44oI_4KGt0uYIg6M_snGS8AVKslVAoiMbhwK01wVMXKLDWtdfpIQpwaKuY3NfGLqxw7Xw5tgladugu5x4ObJaieImX1ERq-_DkUf-gieOwHFxMdmC3hRwb6pTa8hRsyku4BTzY_adwgKlfH_tQ/sY_LcxWeQjuCSYqpsKKOVS5BJqGxk2mQd8ujBI-AOf8","","NEEDS_REVIEW","Images use temporary Airtable URLs"
"Monument Sign MS 021 — MS-MOD021","Monument Sign MS 021","variable","MS-MOD021","Foam Monument Signs","FMS_021_.webp (https://v5.airtableusercontent.com/v3/u/57/57/1789048800000/ubCXYXHsxLqtPXKUyXjp0A/OCMy-Y_Bx_bQDRHDLqr8Kg0-vr6vFhjHDC5UEGSAUKlpg-Akom1Zos2AzXAe9KtPPq73D-lUyFtJdvqERFpS1vTNEtYi02AGv0dCR2A4jdplRPSXVZuqQR1MBN43eqvfR7qyi0HIp1AEMBId7BC2hYYlveP-ochcuYsVv3rg4AE/ixIbN9kMsN60Mn1jVIGTiGVq3cpbz7D2O65s1C9WCGk)","FMS_0021.mp4 (https://v5.airtableusercontent.com/v3/u/57/57/1789048800000/26xPwE6i3ZbQWuNB8VcjiA/tdHTRzwFsi2_lPiP0lDxAkWaygVRCId7XZ6-kmfpXt8J5nZYSRbz82w2rG7HJkvc_aoNcJhxd1SpaWB7tSoZrRdugxA467C7rdgphIfNbdaymJoL5DBpFlcXxZ57xT7drryTfOrUiz66R7xauNoSe3Y8HjcTb4j6rrT45NekQkU/scNoRPR1IP5bExdBmRvlPZHoDb78T8IyfbfKN25sTTk)","Custom monument sign models","This monument sign model is a classic solution with columns and a pediment, combining timeless tradition and
prestige with an appearance that blends beautifully into natural surroundings. Its architectural style conveys
reliability while remaining elegant and welcoming.
It’s an excellent choice for national parks, nature reserves, v isitor centers, museums, and historical sites, as well
as botanical gardens and eco-tourism destinations where tradition meets nature-inspired design.
The design is fully customizable — from colors, textures, and s izes to decorative details — ensuring the sign
complements the environment while reflecting your organization’s identity.","MS-MOD021-0001,MS-MOD021-0002","1","0","visible","none","1","10","","Texture — RUSTIC BRICK-STYLE MASONRY,Texture — RIVER ROCK-STYLE MASONRY,Texture — CASTLE-STYLE MASONRY,Texture — ASSOL-STYLE MASONRY,Texture — DRY STONE WALLING STYLE,Texture — SHAHRIAR-STYLE MASONRY,Texture — RUSTIC-STYLE MASONRY,Texture — RONDO-STYLE MASONRY,Texture — RUBLE-STYLE MASONRY,Texture — PLATEAU-STYLE MASONRY,Texture — OLD BRICK-STYLE MASONRY,Texture — SLAB-STYLE MASONRY","","3dsignfactory.com,3dsignfactory.us,royalfoam.art","","MS-MOD021","MS-MOD021-0001,MS-MOD021-0002","{""3dsignfactory.com"": ""3D Sign Factory"", ""3dsignfactory.us"": ""3D Sign Factory"", ""royalfoam.art"": ""Royal Foam Art Design""}","","{""3dsignfactory.com"": """", ""3dsignfactory.us"": """", ""royalfoam.art"": """"}","new","USD","Foam Monument Signs","","","","","","","RUSTIC BRICK-STYLE MASONRY | RIVER ROCK-STYLE MASONRY | CASTLE-STYLE MASONRY | ASSOL-STYLE MASONRY | DRY STONE WALLING STYLE | SHAHRIAR-STYLE MASONRY | RUSTIC-STYLE MASONRY | RONDO-STYLE MASONRY | RUBLE-STYLE MASONRY | PLATEAU-STYLE MASONRY | OLD BRICK-STYLE MASONRY | SLAB-STYLE MASONRY","","","","","","","","https://v5.airtableusercontent.com/v3/u/57/57/1789048800000/ubCXYXHsxLqtPXKUyXjp0A/OCMy-Y_Bx_bQDRHDLqr8Kg0-vr6vFhjHDC5UEGSAUKlpg-Akom1Zos2AzXAe9KtPPq73D-lUyFtJdvqERFpS1vTNEtYi02AGv0dCR2A4jdplRPSXVZuqQR1MBN43eqvfR7qyi0HIp1AEMBId7BC2hYYlveP-ochcuYsVv3rg4AE/ixIbN9kMsN60Mn1jVIGTiGVq3cpbz7D2O65s1C9WCGk","","NEEDS_REVIEW","Images use temporary Airtable URLs"
"Monument Sign MS 022 — MS-MOD022","Monument Sign MS 022","variable","MS-MOD022","Foam Monument Signs","FMS_022_.webp (https://v5.airtableusercontent.com/v3/u/57/57/1789048800000/Iav1rdixkbo2bxcZybT5dA/nOGUd_jzIZ29T0Fed-xFyHTZBDwkk-9QmJirXxrkbsr0RE2KDZuovjjSZPUe8-cujJn-izK6tU-cZpowvd9-HRvXeUdXCkmJd0NIZ8GCo0QGUsIXCjoOwgy3_yRzOEPFmR9MDajf5XN006zN57tLy1Ag6_f4_DkDuMBnylA2dX4/YQG6yIEdRzAW690MolQyATxca-zUyJ39AR_Ir0vodds)","FMS_0022.mp4 (https://v5.airtableusercontent.com/v3/u/57/57/1789048800000/yIoR1DMObIygmVTeaJfSWg/cYmyhPKTS42RHxoNsqJGUG44-B2qPi9vXJ2lW7Uwvs04HO9-373KaDQceOIfWHyP-DypFunK1YPv88NwFXoXPS7rd2oAXnw5GtQSV18g703lD3uufVo4eWqwOnFWVb1a3TnHeHjIuBMpTXXdy2ZBFzNTfruAtq68-tuDpkGJ3PM/51cUB-obVAX-t0Z2HvRI50AQtwYUfa083tAmliKSuwQ)","Custom monument sign models","This stylish sign is perfect for companies seeking a natural, authentic brand image. Ideal for farms, vineyards,
and estates, it creates a warm, welcoming atmosphere right from the entrance.
The key design feature is a horizontal wooden beam that adds natural charm and blends beautifully with any
landscape. A decorative lantern not only lights the space but also brings a mysterious, cozy mood, especially
enchanting in the evening. More than an information board, this sign becomes a stylish accent highlighting the
individuality and prestige of your property. We can customize i t with any texture, color, or design details to
ensure it perfectly reflects your site’s character and uniquenes s.","MS-MOD022-0001,MS-MOD022-0002","1","0","visible","none","1","10","","Texture — RUSTIC BRICK-STYLE MASONRY,Texture — RIVER ROCK-STYLE MASONRY,Texture — CASTLE-STYLE MASONRY,Texture — ASSOL-STYLE MASONRY,Texture — DRY STONE WALLING STYLE,Texture — SHAHRIAR-STYLE MASONRY,Texture — RUSTIC-STYLE MASONRY,Texture — RONDO-STYLE MASONRY,Texture — RUBLE-STYLE MASONRY,Texture — PLATEAU-STYLE MASONRY,Texture — OLD BRICK-STYLE MASONRY,Texture — SLAB-STYLE MASONRY","","3dsignfactory.com,3dsignfactory.us,royalfoam.art","","MS-MOD022","MS-MOD022-0001,MS-MOD022-0002","{""3dsignfactory.com"": ""3D Sign Factory"", ""3dsignfactory.us"": ""3D Sign Factory"", ""royalfoam.art"": ""Royal Foam Art Design""}","","{""3dsignfactory.com"": """", ""3dsignfactory.us"": """", ""royalfoam.art"": """"}","new","USD","Foam Monument Signs","","","","","","","RUSTIC BRICK-STYLE MASONRY | RIVER ROCK-STYLE MASONRY | CASTLE-STYLE MASONRY | ASSOL-STYLE MASONRY | DRY STONE WALLING STYLE | SHAHRIAR-STYLE MASONRY | RUSTIC-STYLE MASONRY | RONDO-STYLE MASONRY | RUBLE-STYLE MASONRY | PLATEAU-STYLE MASONRY | OLD BRICK-STYLE MASONRY | SLAB-STYLE MASONRY","","","","","","","","https://v5.airtableusercontent.com/v3/u/57/57/1789048800000/Iav1rdixkbo2bxcZybT5dA/nOGUd_jzIZ29T0Fed-xFyHTZBDwkk-9QmJirXxrkbsr0RE2KDZuovjjSZPUe8-cujJn-izK6tU-cZpowvd9-HRvXeUdXCkmJd0NIZ8GCo0QGUsIXCjoOwgy3_yRzOEPFmR9MDajf5XN006zN57tLy1Ag6_f4_DkDuMBnylA2dX4/YQG6yIEdRzAW690MolQyATxca-zUyJ39AR_Ir0vodds","","NEEDS_REVIEW","Images use temporary Airtable URLs"
"Monument Sign MS 023 — MS-MOD023","Monument Sign MS 023","variable","MS-MOD023","Foam Monument Signs","FMS_023_.webp (https://v5.airtableusercontent.com/v3/u/57/57/1789048800000/xSW8elor-YP5xPs0V0PInw/PwzKqECwQWX0RfudpKLnFY22ukUz5fMoPj5BpZo7ysxp9b-5tH2DXckPHwQ4fuZF0dr4MXiYfIavAQt3K49BtNr1PwqxvAgCu8uAswuBdpa3rULx2vKbfZhqDzNiHeANiT-UclQE0qCoruGpIAnbIPOm_Sk2Lq0XJzzAV_2wqp8/DYLNXwWmcSFOYTWftHowC4YJbUjZ2LXK2DJqdyY-OK8)","FMS_0023.mp4 (https://v5.airtableusercontent.com/v3/u/57/57/1789048800000/_mLAnAGMFRa4kYWlPnM78A/deZqMTe5B6Ogu6V_-tOikc9QJih1E5clHs4j1NsLm5CHKqEenbMacCH72dQzlozzY3vx9sYbQxj5LGBrZlU4eVL3TXujTpgFBjjoZ9hH3de7Lpl_MWoLBsOlVy34NkyJ5L3uMVihZo6Aaddjc4EOOzFYuMIuUcXDKb6q_2J5ijM/phcMSyMu6i9Dr6i-Sg2luB7L-KxGx7fKgqpK3oCtbSk)","Custom monument sign models","This elegant and expressive sign is ideal for medical instituti ons, private clinics, religious organizations, and
spiritual centers. Its architectural form and refined design cre ate an atmosphere of trust, tranquility, and care —
exactly what visitors expect from a place associated with healt h, healing, or spiritual growth. The decorative
lantern adds a sense of mystery, holiness, and peace. This detail symbolizes the light of knowledge, hope, and
inner harmony, making the sign not just informational but an important part of the overall perception of the
space. We can adapt the design to your needs: change the textur e, color, shape, and details so it perfectly
reflects the character and values of your organization","MS-MOD023-0001,MS-MOD023-0002","1","0","visible","none","1","10","","Texture — RUSTIC BRICK-STYLE MASONRY,Texture — RIVER ROCK-STYLE MASONRY,Texture — CASTLE-STYLE MASONRY,Texture — ASSOL-STYLE MASONRY,Texture — DRY STONE WALLING STYLE,Texture — SHAHRIAR-STYLE MASONRY,Texture — RUSTIC-STYLE MASONRY,Texture — RONDO-STYLE MASONRY,Texture — RUBLE-STYLE MASONRY,Texture — PLATEAU-STYLE MASONRY,Texture — OLD BRICK-STYLE MASONRY,Texture — SLAB-STYLE MASONRY","","3dsignfactory.com,3dsignfactory.us,royalfoam.art","","MS-MOD023","MS-MOD023-0001,MS-MOD023-0002","{""3dsignfactory.com"": ""3D Sign Factory"", ""3dsignfactory.us"": ""3D Sign Factory"", ""royalfoam.art"": ""Royal Foam Art Design""}","","{""3dsignfactory.com"": """", ""3dsignfactory.us"": """", ""royalfoam.art"": """"}","new","USD","Foam Monument Signs","","","","","","","RUSTIC BRICK-STYLE MASONRY | RIVER ROCK-STYLE MASONRY | CASTLE-STYLE MASONRY | ASSOL-STYLE MASONRY | DRY STONE WALLING STYLE | SHAHRIAR-STYLE MASONRY | RUSTIC-STYLE MASONRY | RONDO-STYLE MASONRY | RUBLE-STYLE MASONRY | PLATEAU-STYLE MASONRY | OLD BRICK-STYLE MASONRY | SLAB-STYLE MASONRY","","","","","","","","https://v5.airtableusercontent.com/v3/u/57/57/1789048800000/xSW8elor-YP5xPs0V0PInw/PwzKqECwQWX0RfudpKLnFY22ukUz5fMoPj5BpZo7ysxp9b-5tH2DXckPHwQ4fuZF0dr4MXiYfIavAQt3K49BtNr1PwqxvAgCu8uAswuBdpa3rULx2vKbfZhqDzNiHeANiT-UclQE0qCoruGpIAnbIPOm_Sk2Lq0XJzzAV_2wqp8/DYLNXwWmcSFOYTWftHowC4YJbUjZ2LXK2DJqdyY-OK8","","NEEDS_REVIEW","Images use temporary Airtable URLs"
"Monument Sign MS 024 — MS-MOD024","Monument Sign MS 024","variable","MS-MOD024","Foam Monument Signs","FMS_024_.webp (https://v5.airtableusercontent.com/v3/u/57/57/1789048800000/EXDzFcjM7Bwv_-dP25NIOA/2jVciTXqPg8mSAwDaKbWL2x7Fev9iDzoJenZDqqWhe-6qxvdN1B_1LWmrnDAkSMOGQhG6mo7z4ettgNBRPiS5RX1TWGykce49M2sf6hsBG2pSjSKkbMe79TRa4g3xmTiQMybGYkCc6nz-H66Ke63ZqzHyqvTWDqEXycrQxxqFK4/JsBb2fdPxtcE-WdqigRUEpMPfgoFS6HSSAHZ0JaaAl8)","FMS_0024.mp4 (https://v5.airtableusercontent.com/v3/u/57/57/1789048800000/2qp5dDxvTCTn0FIbEVSELA/EDLr1SDDB4Zj040u00dyyu2bUlQctLiYxhsa4Al3W3jd-iLD2h2jb5PDysBOpg-KBomXNroqnkXAA7_ooOK4C4YBOr40gJcmZ2LyQZ318DBUTt2zHP_ESOJstdWKGD5yaRHuB6Y27xXiPtXFC1_AUBS8EO_9M-oPKW0pwZH-n5E/xz1sU0Wbyu7M6MJA5OfV3iPzJHRX95Uft_h3DGdmVR4)","Custom monument sign models","This stylish and sleek sign is an ideal
solution for urban spaces where height
restrictions apply. Its elongated
horizontal shape allows for efficient use
of space and makes it possible to display
information about several organizations,
companies, or departments on a single
structure.
This format is especially convenient for
residential complexes, business districts,
office parks, and public areas where it’s
important to present essential
information compactly yet expressively.
The architectural foam body can be
customized to any style — with adjustable
color, texture, and decorative details —
ensuring the sign blends seamlessly with
its surroundings and","MS-MOD024-0001,MS-MOD024-0002","1","0","visible","none","1","10","","Texture — RUSTIC BRICK-STYLE MASONRY,Texture — RIVER ROCK-STYLE MASONRY,Texture — CASTLE-STYLE MASONRY,Texture — ASSOL-STYLE MASONRY,Texture — DRY STONE WALLING STYLE,Texture — SHAHRIAR-STYLE MASONRY,Texture — RUSTIC-STYLE MASONRY,Texture — RONDO-STYLE MASONRY,Texture — RUBLE-STYLE MASONRY,Texture — PLATEAU-STYLE MASONRY,Texture — OLD BRICK-STYLE MASONRY,Texture — SLAB-STYLE MASONRY","","3dsignfactory.com,3dsignfactory.us,royalfoam.art","","MS-MOD024","MS-MOD024-0001,MS-MOD024-0002","{""3dsignfactory.com"": ""3D Sign Factory"", ""3dsignfactory.us"": ""3D Sign Factory"", ""royalfoam.art"": ""Royal Foam Art Design""}","","{""3dsignfactory.com"": """", ""3dsignfactory.us"": """", ""royalfoam.art"": """"}","new","USD","Foam Monument Signs","","","","","","","RUSTIC BRICK-STYLE MASONRY | RIVER ROCK-STYLE MASONRY | CASTLE-STYLE MASONRY | ASSOL-STYLE MASONRY | DRY STONE WALLING STYLE | SHAHRIAR-STYLE MASONRY | RUSTIC-STYLE MASONRY | RONDO-STYLE MASONRY | RUBLE-STYLE MASONRY | PLATEAU-STYLE MASONRY | OLD BRICK-STYLE MASONRY | SLAB-STYLE MASONRY","","","","","","","","https://v5.airtableusercontent.com/v3/u/57/57/1789048800000/EXDzFcjM7Bwv_-dP25NIOA/2jVciTXqPg8mSAwDaKbWL2x7Fev9iDzoJenZDqqWhe-6qxvdN1B_1LWmrnDAkSMOGQhG6mo7z4ettgNBRPiS5RX1TWGykce49M2sf6hsBG2pSjSKkbMe79TRa4g3xmTiQMybGYkCc6nz-H66Ke63ZqzHyqvTWDqEXycrQxxqFK4/JsBb2fdPxtcE-WdqigRUEpMPfgoFS6HSSAHZ0JaaAl8","","NEEDS_REVIEW","Images use temporary Airtable URLs"
"Monument Sign MS 025 — MS-MOD025","Monument Sign MS 025","variable","MS-MOD025","Foam Monument Signs","MS 025.webp (https://v5.airtableusercontent.com/v3/u/57/57/1789048800000/ZG3A-ZjseF_C-L4Z7boO9g/oxWtDAZYANCAqPx5-Nzwy_rmXk7VD6vkdiQCUQjKSWG1B-4JBrkfJT9LT4AaEQErpoffrCjdnI85ljbIYNp9hlhCUDS31OM5zAGIS7eG7mYX2dDTXa2A_AI7KIU4djfGxEGHaBd950WUNSfTeGlQHXNJFuAgC7o4vGP3OO7rJsk/30O_VwOFof83mvMvGtBpcwvYsUyxxayq7hNjvOTkYuE)","","Classic monument sign models","Our stucco monument signs are fabricated in what is commonly referred to in the construction industry as an EIFS stucco system. Here are the technical details and materials used in architectural sign fabrication.

 

CORE OF STRUCTURE IS MOLDED EXPANDED POLYSTYRENE (1#CF).

FAST CURE URETHANE, IMPACT RESISTANT SAFEGUARD-COATING™.

TEXTURED FINISHED SURFACE IS 100% AGGREGATED ACRYLIC.

3″ OR 4″ PVC (SCHEDULE 40) PIPE IS BONDED INTO CENTER OF STRUCTURE.

STEEL PIPE IS INSERTED DURING INSTALLATION AND SECURED WITH EXPANDING POLYMERIC RESIN FOAM.CONCRETE FOOTING (AS REQUIRED BY LOCAL LAW).

Price does not include an installation pipe, letters and logo. ","MS-MOD025-0001,MS-MOD025-0002","1","0","visible","none","1","10","","Texture — Sandblast,Texture — Freestyle,Texture — Quarzputz,Texture — Sandpebble,Texture — Sandpebble Fine,Texture — Mojave,Texture — Finesse,Texture — Coral,Texture — Coral Light","","3dsignfactory.com,3dsignfactory.us,royalfoam.art","","MS-MOD025","MS-MOD025-0001,MS-MOD025-0002","{""3dsignfactory.com"": ""3D Sign Factory"", ""3dsignfactory.us"": ""3D Sign Factory"", ""royalfoam.art"": ""Royal Foam Art Design""}","","{""3dsignfactory.com"": """", ""3dsignfactory.us"": """", ""royalfoam.art"": """"}","new","USD","Foam Monument Signs","","","","","","","Sandblast | Freestyle | Quarzputz | Sandpebble | Sandpebble Fine | Mojave | Finesse | Coral | Coral Light","","","","","","","","https://v5.airtableusercontent.com/v3/u/57/57/1789048800000/ZG3A-ZjseF_C-L4Z7boO9g/oxWtDAZYANCAqPx5-Nzwy_rmXk7VD6vkdiQCUQjKSWG1B-4JBrkfJT9LT4AaEQErpoffrCjdnI85ljbIYNp9hlhCUDS31OM5zAGIS7eG7mYX2dDTXa2A_AI7KIU4djfGxEGHaBd950WUNSfTeGlQHXNJFuAgC7o4vGP3OO7rJsk/30O_VwOFof83mvMvGtBpcwvYsUyxxayq7hNjvOTkYuE","","NEEDS_REVIEW","Images use temporary Airtable URLs"
"Monument Sign MS 026 — MS-MOD026","Monument Sign MS 026","variable","MS-MOD026","Foam Monument Signs","MS 026.webp (https://v5.airtableusercontent.com/v3/u/57/57/1789048800000/c2NjpVWwGCbOa5Je4Lankg/Q_30HBKdioEao9XJdFw5fA3ev6hDDdqiONtoybwQCAMPpVI24ywtsNl0rHtfOq4eHd7phAbA9op5OomcVlzQSoKSlnBIMO1APOzQ7bOmTPwcH3EYPxBWSY-8CzyVOuc0kTPz2tUP4Uv27B25JacGYXktUvi1paecJ8AanOUwY7U/0JPQlQ4JFlePWC-CZxzagyGAoU0B6ZbaNVqvYYPpH78)","","Classic monument sign models","Our stucco monument signs are fabricated in what is commonly referred to in the construction industry as an EIFS stucco system. Here are the technical details and materials used in architectural sign fabrication.

 

CORE OF STRUCTURE IS MOLDED EXPANDED POLYSTYRENE (1#CF).

FAST CURE URETHANE, IMPACT RESISTANT SAFEGUARD-COATING™.

TEXTURED FINISHED SURFACE IS 100% AGGREGATED ACRYLIC.

3″ OR 4″ PVC (SCHEDULE 40) PIPE IS BONDED INTO CENTER OF STRUCTURE.

STEEL PIPE IS INSERTED DURING INSTALLATION AND SECURED WITH EXPANDING POLYMERIC RESIN FOAM.CONCRETE FOOTING (AS REQUIRED BY LOCAL LAW).

Price does not include an installation pipe, letters and logo. ","MS-MOD026-0001,MS-MOD026-0002","1","0","visible","none","1","10","","Texture — Sandblast,Texture — Freestyle,Texture — Quarzputz,Texture — Sandpebble,Texture — Sandpebble Fine,Texture — Mojave,Texture — Finesse,Texture — Coral,Texture — Coral Light","","3dsignfactory.com,3dsignfactory.us,royalfoam.art","","MS-MOD026","MS-MOD026-0001,MS-MOD026-0002","{""3dsignfactory.com"": ""3D Sign Factory"", ""3dsignfactory.us"": ""3D Sign Factory"", ""royalfoam.art"": ""Royal Foam Art Design""}","","{""3dsignfactory.com"": """", ""3dsignfactory.us"": """", ""royalfoam.art"": """"}","new","USD","Foam Monument Signs","","","","","","","Sandblast | Freestyle | Quarzputz | Sandpebble | Sandpebble Fine | Mojave | Finesse | Coral | Coral Light","","","","","","","","https://v5.airtableusercontent.com/v3/u/57/57/1789048800000/c2NjpVWwGCbOa5Je4Lankg/Q_30HBKdioEao9XJdFw5fA3ev6hDDdqiONtoybwQCAMPpVI24ywtsNl0rHtfOq4eHd7phAbA9op5OomcVlzQSoKSlnBIMO1APOzQ7bOmTPwcH3EYPxBWSY-8CzyVOuc0kTPz2tUP4Uv27B25JacGYXktUvi1paecJ8AanOUwY7U/0JPQlQ4JFlePWC-CZxzagyGAoU0B6ZbaNVqvYYPpH78","","NEEDS_REVIEW","Images use temporary Airtable URLs"
"Monument Sign MS 027 — MS-MOD027","Monument Sign MS 027","variable","MS-MOD027","Foam Monument Signs","MS 027.webp (https://v5.airtableusercontent.com/v3/u/57/57/1789048800000/e0qb5oWa4Myrs9JTl16wIA/PjuWxYKnG-7IDaMc3NQ1kZCemDtHA5UbSdZlu9fhuwZ1lGs6XeTbTzHQbcsCBKjhso3yOYlHXdx7SveNquUrq4EX0WRvoVYN7GaEkH0XEbwOMahTsYkNRqTuFuxJq-PHzPPBjzNEBcdFagA25R3UZkaow5-kLf3GaPdqmjHm3zo/XeD_KyTVBcteI6Vxvgh05aImhwxEa_y80cavYt4EQiY)","","Classic monument sign models","Our stucco monument signs are fabricated in what is commonly referred to in the construction industry as an EIFS stucco system. Here are the technical details and materials used in architectural sign fabrication.

 

CORE OF STRUCTURE IS MOLDED EXPANDED POLYSTYRENE (1#CF).

FAST CURE URETHANE, IMPACT RESISTANT SAFEGUARD-COATING™.

TEXTURED FINISHED SURFACE IS 100% AGGREGATED ACRYLIC.

3″ OR 4″ PVC (SCHEDULE 40) PIPE IS BONDED INTO CENTER OF STRUCTURE.

STEEL PIPE IS INSERTED DURING INSTALLATION AND SECURED WITH EXPANDING POLYMERIC RESIN FOAM.CONCRETE FOOTING (AS REQUIRED BY LOCAL LAW).

Price does not include an installation pipe, letters and logo. ","MS-MOD027-0001,MS-MOD027-0002","1","0","visible","none","1","10","","Texture — Sandblast,Texture — Freestyle,Texture — Quarzputz,Texture — Sandpebble,Texture — Sandpebble Fine,Texture — Mojave,Texture — Finesse,Texture — Coral,Texture — Coral Light","","3dsignfactory.com,3dsignfactory.us,royalfoam.art","","MS-MOD027","MS-MOD027-0001,MS-MOD027-0002","{""3dsignfactory.com"": ""3D Sign Factory"", ""3dsignfactory.us"": ""3D Sign Factory"", ""royalfoam.art"": ""Royal Foam Art Design""}","","{""3dsignfactory.com"": """", ""3dsignfactory.us"": """", ""royalfoam.art"": """"}","new","USD","Foam Monument Signs","","","","","","","Sandblast | Freestyle | Quarzputz | Sandpebble | Sandpebble Fine | Mojave | Finesse | Coral | Coral Light","","","","","","","","https://v5.airtableusercontent.com/v3/u/57/57/1789048800000/e0qb5oWa4Myrs9JTl16wIA/PjuWxYKnG-7IDaMc3NQ1kZCemDtHA5UbSdZlu9fhuwZ1lGs6XeTbTzHQbcsCBKjhso3yOYlHXdx7SveNquUrq4EX0WRvoVYN7GaEkH0XEbwOMahTsYkNRqTuFuxJq-PHzPPBjzNEBcdFagA25R3UZkaow5-kLf3GaPdqmjHm3zo/XeD_KyTVBcteI6Vxvgh05aImhwxEa_y80cavYt4EQiY","","NEEDS_REVIEW","Images use temporary Airtable URLs"
"Monument Sign MS 028 — MS-MOD028","Monument Sign MS 028","variable","MS-MOD028","Foam Monument Signs","MS 028.webp (https://v5.airtableusercontent.com/v3/u/57/57/1789048800000/SMpgHiFN1avRzkl8TL8ckA/qY9Uxm6FbNHmci_iSrH2_vNtzBI_k6fvcn48UlHEgM2pAX5piueQAqsMmY6g8JH_Sfnc5lwMJd01SLkQ8Lgl235I2-k1Zej87zvqPipKaLMGKQ3T0Goa-Vfz-EVUdH3i8LBqiAIHHiaNuKQcRHKHD9o0w73-O9uc4c4nHigsV90/7IKr73kVUwE5PVcqGl9IkN6lWSttjnoLPDIB79JZOlk)","","Classic monument sign models","Our stucco monument signs are fabricated in what is commonly referred to in the construction industry as an EIFS stucco system. Here are the technical details and materials used in architectural sign fabrication.

 

CORE OF STRUCTURE IS MOLDED EXPANDED POLYSTYRENE (1#CF).

FAST CURE URETHANE, IMPACT RESISTANT SAFEGUARD-COATING™.

TEXTURED FINISHED SURFACE IS 100% AGGREGATED ACRYLIC.

3″ OR 4″ PVC (SCHEDULE 40) PIPE IS BONDED INTO CENTER OF STRUCTURE.

STEEL PIPE IS INSERTED DURING INSTALLATION AND SECURED WITH EXPANDING POLYMERIC RESIN FOAM.CONCRETE FOOTING (AS REQUIRED BY LOCAL LAW).

Price does not include an installation pipe, letters and logo. ","MS-MOD028-0001,MS-MOD028-0002","1","0","visible","none","1","10","","Texture — Sandblast,Texture — Freestyle,Texture — Quarzputz,Texture — Sandpebble,Texture — Sandpebble Fine,Texture — Mojave,Texture — Finesse,Texture — Coral,Texture — Coral Light","","3dsignfactory.com,3dsignfactory.us,royalfoam.art","","MS-MOD028","MS-MOD028-0001,MS-MOD028-0002","{""3dsignfactory.com"": ""3D Sign Factory"", ""3dsignfactory.us"": ""3D Sign Factory"", ""royalfoam.art"": ""Royal Foam Art Design""}","","{""3dsignfactory.com"": """", ""3dsignfactory.us"": """", ""royalfoam.art"": """"}","new","USD","Foam Monument Signs","","","","","","","Sandblast | Freestyle | Quarzputz | Sandpebble | Sandpebble Fine | Mojave | Finesse | Coral | Coral Light","","","","","","","","https://v5.airtableusercontent.com/v3/u/57/57/1789048800000/SMpgHiFN1avRzkl8TL8ckA/qY9Uxm6FbNHmci_iSrH2_vNtzBI_k6fvcn48UlHEgM2pAX5piueQAqsMmY6g8JH_Sfnc5lwMJd01SLkQ8Lgl235I2-k1Zej87zvqPipKaLMGKQ3T0Goa-Vfz-EVUdH3i8LBqiAIHHiaNuKQcRHKHD9o0w73-O9uc4c4nHigsV90/7IKr73kVUwE5PVcqGl9IkN6lWSttjnoLPDIB79JZOlk","","NEEDS_REVIEW","Images use temporary Airtable URLs"
"Monument Sign MS 029 — MS-MOD029","Monument Sign MS 029","variable","MS-MOD029","Foam Monument Signs","MS 029.webp (https://v5.airtableusercontent.com/v3/u/57/57/1789048800000/uXzPahQcPmCF7-XPW3dwLw/ZB-NxnkE75qmH0L7x28YNJqKAF2VmlJ9mX9nc3SwsZXsXbM14yncFX8EbJ2_YTJzWRxZO08txLR6Jl69AXPEAagUJQyc-tMJgicEZRXSCyPM1zz-mAHp2eMr1BczMqcX2yGeGzjMTnJdxSnXmF6hm98kOLEC4IexQW9CplsbAvo/oSz4FE5MISetHNughv0H_P9W63PrO_P2-dHcoLfsVG8)","","Classic monument sign models","Our stucco monument signs are fabricated in what is commonly referred to in the construction industry as an EIFS stucco system. Here are the technical details and materials used in architectural sign fabrication.

 

CORE OF STRUCTURE IS MOLDED EXPANDED POLYSTYRENE (1#CF).

FAST CURE URETHANE, IMPACT RESISTANT SAFEGUARD-COATING™.

TEXTURED FINISHED SURFACE IS 100% AGGREGATED ACRYLIC.

3″ OR 4″ PVC (SCHEDULE 40) PIPE IS BONDED INTO CENTER OF STRUCTURE.

STEEL PIPE IS INSERTED DURING INSTALLATION AND SECURED WITH EXPANDING POLYMERIC RESIN FOAM.CONCRETE FOOTING (AS REQUIRED BY LOCAL LAW).

Price does not include an installation pipe, letters and logo. ","MS-MOD029-0001,MS-MOD029-0002","1","0","visible","none","1","10","","Texture — Sandblast,Texture — Freestyle,Texture — Quarzputz,Texture — Sandpebble,Texture — Sandpebble Fine,Texture — Mojave,Texture — Finesse,Texture — Coral,Texture — Coral Light","","3dsignfactory.com,3dsignfactory.us,royalfoam.art","","MS-MOD029","MS-MOD029-0001,MS-MOD029-0002","{""3dsignfactory.com"": ""3D Sign Factory"", ""3dsignfactory.us"": ""3D Sign Factory"", ""royalfoam.art"": ""Royal Foam Art Design""}","","{""3dsignfactory.com"": """", ""3dsignfactory.us"": """", ""royalfoam.art"": """"}","new","USD","Foam Monument Signs","","","","","","","Sandblast | Freestyle | Quarzputz | Sandpebble | Sandpebble Fine | Mojave | Finesse | Coral | Coral Light","","","","","","","","https://v5.airtableusercontent.com/v3/u/57/57/1789048800000/uXzPahQcPmCF7-XPW3dwLw/ZB-NxnkE75qmH0L7x28YNJqKAF2VmlJ9mX9nc3SwsZXsXbM14yncFX8EbJ2_YTJzWRxZO08txLR6Jl69AXPEAagUJQyc-tMJgicEZRXSCyPM1zz-mAHp2eMr1BczMqcX2yGeGzjMTnJdxSnXmF6hm98kOLEC4IexQW9CplsbAvo/oSz4FE5MISetHNughv0H_P9W63PrO_P2-dHcoLfsVG8","","NEEDS_REVIEW","Images use temporary Airtable URLs"
"Monument Sign MS 030 — MS-MOD030","Monument Sign MS 030","variable","MS-MOD030","Foam Monument Signs","MS 030.webp (https://v5.airtableusercontent.com/v3/u/57/57/1789048800000/fclqFlles3EZh33hv3ZCWQ/p2f5sZm2CBe2wLmvC1EhLswf4VGOVAD-nkcgriPZdMkSCKpoFjYPHHZclG58tCJdGcCPFr2l53trrVs5RfBZgIZ8jlAL7GuOEATInUoQMbxNwQSRFXRWgAU9vyK-hvOYb2UDJ8Hk843BHCE2XaMoUmDGp5P4dnGHet5HSaU-yd8/KTlIxEE2cYMCXJoEER0RzpKL_VaCaDnN8RhPMxzArb4)","","Classic monument sign models","Our stucco monument signs are fabricated in what is commonly referred to in the construction industry as an EIFS stucco system. Here are the technical details and materials used in architectural sign fabrication.

 

CORE OF STRUCTURE IS MOLDED EXPANDED POLYSTYRENE (1#CF).

FAST CURE URETHANE, IMPACT RESISTANT SAFEGUARD-COATING™.

TEXTURED FINISHED SURFACE IS 100% AGGREGATED ACRYLIC.

3″ OR 4″ PVC (SCHEDULE 40) PIPE IS BONDED INTO CENTER OF STRUCTURE.

STEEL PIPE IS INSERTED DURING INSTALLATION AND SECURED WITH EXPANDING POLYMERIC RESIN FOAM.CONCRETE FOOTING (AS REQUIRED BY LOCAL LAW).

Price does not include an installation pipe, letters and logo. ","MS-MOD030-0001,MS-MOD030-0002","1","0","visible","none","1","10","","Texture — Sandblast,Texture — Freestyle,Texture — Quarzputz,Texture — Sandpebble,Texture — Sandpebble Fine,Texture — Mojave,Texture — Finesse,Texture — Coral,Texture — Coral Light","","3dsignfactory.com,3dsignfactory.us,royalfoam.art","","MS-MOD030","MS-MOD030-0001,MS-MOD030-0002","{""3dsignfactory.com"": ""3D Sign Factory"", ""3dsignfactory.us"": ""3D Sign Factory"", ""royalfoam.art"": ""Royal Foam Art Design""}","","{""3dsignfactory.com"": """", ""3dsignfactory.us"": """", ""royalfoam.art"": """"}","new","USD","Foam Monument Signs","","","","","","","Sandblast | Freestyle | Quarzputz | Sandpebble | Sandpebble Fine | Mojave | Finesse | Coral | Coral Light","","","","","","","","https://v5.airtableusercontent.com/v3/u/57/57/1789048800000/fclqFlles3EZh33hv3ZCWQ/p2f5sZm2CBe2wLmvC1EhLswf4VGOVAD-nkcgriPZdMkSCKpoFjYPHHZclG58tCJdGcCPFr2l53trrVs5RfBZgIZ8jlAL7GuOEATInUoQMbxNwQSRFXRWgAU9vyK-hvOYb2UDJ8Hk843BHCE2XaMoUmDGp5P4dnGHet5HSaU-yd8/KTlIxEE2cYMCXJoEER0RzpKL_VaCaDnN8RhPMxzArb4","","NEEDS_REVIEW","Images use temporary Airtable URLs"
"Monument Sign MS 031 — MS-MOD031","Monument Sign MS 031","variable","MS-MOD031","Foam Monument Signs","MS 031.webp (https://v5.airtableusercontent.com/v3/u/57/57/1789048800000/eso8n3tu_rPIKcx-SaMVYw/tFe8qXnCpPK0ApkprnezbAjQgbEUtByHErPNJXBsfXu4Uoa0FLNYI_w_QtzZj0sfK9F0dO5XISQ1ctQCRiuEfY2SWLU9lmlpjyPbGuZtbbMQ-yEtzvhP9Dd40fOgi8TtBnlHer9In333FxgND0YlR7KGqt8sUt8uiSA95BJoGzU/NvIWnSywG4X-cWQtDTAZKl0Thh9es4g27aPKnWEYPM0)","","Classic monument sign models","Our stucco monument signs are fabricated in what is commonly referred to in the construction industry as an EIFS stucco system. Here are the technical details and materials used in architectural sign fabrication.

 

CORE OF STRUCTURE IS MOLDED EXPANDED POLYSTYRENE (1#CF).

FAST CURE URETHANE, IMPACT RESISTANT SAFEGUARD-COATING™.

TEXTURED FINISHED SURFACE IS 100% AGGREGATED ACRYLIC.

3″ OR 4″ PVC (SCHEDULE 40) PIPE IS BONDED INTO CENTER OF STRUCTURE.

STEEL PIPE IS INSERTED DURING INSTALLATION AND SECURED WITH EXPANDING POLYMERIC RESIN FOAM.CONCRETE FOOTING (AS REQUIRED BY LOCAL LAW).

Price does not include an installation pipe, letters and logo. ","MS-MOD031-0001,MS-MOD031-0002","1","0","visible","none","1","10","","Texture — Sandblast,Texture — Freestyle,Texture — Quarzputz,Texture — Sandpebble,Texture — Sandpebble Fine,Texture — Mojave,Texture — Finesse,Texture — Coral,Texture — Coral Light","","3dsignfactory.com,3dsignfactory.us,royalfoam.art","","MS-MOD031","MS-MOD031-0001,MS-MOD031-0002","{""3dsignfactory.com"": ""3D Sign Factory"", ""3dsignfactory.us"": ""3D Sign Factory"", ""royalfoam.art"": ""Royal Foam Art Design""}","","{""3dsignfactory.com"": """", ""3dsignfactory.us"": """", ""royalfoam.art"": """"}","new","USD","Foam Monument Signs","","","","","","","Sandblast | Freestyle | Quarzputz | Sandpebble | Sandpebble Fine | Mojave | Finesse | Coral | Coral Light","","","","","","","","https://v5.airtableusercontent.com/v3/u/57/57/1789048800000/eso8n3tu_rPIKcx-SaMVYw/tFe8qXnCpPK0ApkprnezbAjQgbEUtByHErPNJXBsfXu4Uoa0FLNYI_w_QtzZj0sfK9F0dO5XISQ1ctQCRiuEfY2SWLU9lmlpjyPbGuZtbbMQ-yEtzvhP9Dd40fOgi8TtBnlHer9In333FxgND0YlR7KGqt8sUt8uiSA95BJoGzU/NvIWnSywG4X-cWQtDTAZKl0Thh9es4g27aPKnWEYPM0","","NEEDS_REVIEW","Images use temporary Airtable URLs"
"Monument Sign MS 032 — MS-MOD032","Monument Sign MS 032","variable","MS-MOD032","Foam Monument Signs","MS 032.webp (https://v5.airtableusercontent.com/v3/u/57/57/1789048800000/gzo2lkqCHdkBt8t0yAi5jQ/QtvPcbg5L8P8OPNB_7k7GlHYO4Md67xA_mk-P4C_b83IiqrcT4dvt_kSQN1YxxcxDGVB5i2-tLCfLgew9lBrasruW3_dglCjIGU1cLb1YYeahTpX0Yptt55klY68IPQf8J-Y0DeDYtEKE5f0C-r4ErGNLQUdrUzACtWd76XoUgE/AInNNtJdUz8FK_xH5s-euevC63LmuPrSQ9DWaTSo8gQ)","","Classic monument sign models","Our stucco monument signs are fabricated in what is commonly referred to in the construction industry as an EIFS stucco system. Here are the technical details and materials used in architectural sign fabrication.

 

CORE OF STRUCTURE IS MOLDED EXPANDED POLYSTYRENE (1#CF).

FAST CURE URETHANE, IMPACT RESISTANT SAFEGUARD-COATING™.

TEXTURED FINISHED SURFACE IS 100% AGGREGATED ACRYLIC.

3″ OR 4″ PVC (SCHEDULE 40) PIPE IS BONDED INTO CENTER OF STRUCTURE.

STEEL PIPE IS INSERTED DURING INSTALLATION AND SECURED WITH EXPANDING POLYMERIC RESIN FOAM.CONCRETE FOOTING (AS REQUIRED BY LOCAL LAW).

Price does not include an installation pipe, letters and logo. ","MS-MOD032-0001,MS-MOD032-0002","1","0","visible","none","1","10","","Texture — Sandblast,Texture — Freestyle,Texture — Quarzputz,Texture — Sandpebble,Texture — Sandpebble Fine,Texture — Mojave,Texture — Finesse,Texture — Coral,Texture — Coral Light","","3dsignfactory.com,3dsignfactory.us,royalfoam.art","","MS-MOD032","MS-MOD032-0001,MS-MOD032-0002","{""3dsignfactory.com"": ""3D Sign Factory"", ""3dsignfactory.us"": ""3D Sign Factory"", ""royalfoam.art"": ""Royal Foam Art Design""}","","{""3dsignfactory.com"": """", ""3dsignfactory.us"": """", ""royalfoam.art"": """"}","new","USD","Foam Monument Signs","","","","","","","Sandblast | Freestyle | Quarzputz | Sandpebble | Sandpebble Fine | Mojave | Finesse | Coral | Coral Light","","","","","","","","https://v5.airtableusercontent.com/v3/u/57/57/1789048800000/gzo2lkqCHdkBt8t0yAi5jQ/QtvPcbg5L8P8OPNB_7k7GlHYO4Md67xA_mk-P4C_b83IiqrcT4dvt_kSQN1YxxcxDGVB5i2-tLCfLgew9lBrasruW3_dglCjIGU1cLb1YYeahTpX0Yptt55klY68IPQf8J-Y0DeDYtEKE5f0C-r4ErGNLQUdrUzACtWd76XoUgE/AInNNtJdUz8FK_xH5s-euevC63LmuPrSQ9DWaTSo8gQ","","NEEDS_REVIEW","Images use temporary Airtable URLs"
"Monument Sign MS 033 — MS-MOD033","Monument Sign MS 033","variable","MS-MOD033","Foam Monument Signs","MS 033.webp (https://v5.airtableusercontent.com/v3/u/57/57/1789048800000/kBGqqUuD1Sh8peHBCNqsgw/3eIGZLd_Df91OXJUHNi-wWSdh4DShRXfLlMF6qAkGGn2YU3dX5ZPFvvhXoyL2uYfUmOy2VlbfkdG-oLq59sEv6bKnElAeoGWSibLr13YE25XveVvxqVyx_gFvhS3NBTLyzLHKYSbanP0AUUqAUAJaOUGvYmcqrrZBKaWWFrVWNY/G8kSo0Al3P8PFB0lQSLQgjJJdueDFBbxb3dfmviQF6s)","","Classic monument sign models","Our stucco monument signs are fabricated in what is commonly referred to in the construction industry as an EIFS stucco system. Here are the technical details and materials used in architectural sign fabrication.

 

CORE OF STRUCTURE IS MOLDED EXPANDED POLYSTYRENE (1#CF).

FAST CURE URETHANE, IMPACT RESISTANT SAFEGUARD-COATING™.

TEXTURED FINISHED SURFACE IS 100% AGGREGATED ACRYLIC.

3″ OR 4″ PVC (SCHEDULE 40) PIPE IS BONDED INTO CENTER OF STRUCTURE.

STEEL PIPE IS INSERTED DURING INSTALLATION AND SECURED WITH EXPANDING POLYMERIC RESIN FOAM.CONCRETE FOOTING (AS REQUIRED BY LOCAL LAW).

Price does not include an installation pipe, letters and logo. ","MS-MOD033-0001,MS-MOD033-0002","1","0","visible","none","1","10","","Texture — Sandblast,Texture — Freestyle,Texture — Quarzputz,Texture — Sandpebble,Texture — Sandpebble Fine,Texture — Mojave,Texture — Finesse,Texture — Coral,Texture — Coral Light","","3dsignfactory.com,3dsignfactory.us,royalfoam.art","","MS-MOD033","MS-MOD033-0001,MS-MOD033-0002","{""3dsignfactory.com"": ""3D Sign Factory"", ""3dsignfactory.us"": ""3D Sign Factory"", ""royalfoam.art"": ""Royal Foam Art Design""}","","{""3dsignfactory.com"": """", ""3dsignfactory.us"": """", ""royalfoam.art"": """"}","new","USD","Foam Monument Signs","","","","","","","Sandblast | Freestyle | Quarzputz | Sandpebble | Sandpebble Fine | Mojave | Finesse | Coral | Coral Light","","","","","","","","https://v5.airtableusercontent.com/v3/u/57/57/1789048800000/kBGqqUuD1Sh8peHBCNqsgw/3eIGZLd_Df91OXJUHNi-wWSdh4DShRXfLlMF6qAkGGn2YU3dX5ZPFvvhXoyL2uYfUmOy2VlbfkdG-oLq59sEv6bKnElAeoGWSibLr13YE25XveVvxqVyx_gFvhS3NBTLyzLHKYSbanP0AUUqAUAJaOUGvYmcqrrZBKaWWFrVWNY/G8kSo0Al3P8PFB0lQSLQgjJJdueDFBbxb3dfmviQF6s","","NEEDS_REVIEW","Images use temporary Airtable URLs"
"Monument Sign MS 034 — MS-MOD034","Monument Sign MS 034","variable","MS-MOD034","Foam Monument Signs","MS 034.webp (https://v5.airtableusercontent.com/v3/u/57/57/1789048800000/mZBLMzJN7V2IwmbVsQHwWA/yHSqogj6XSAS9lUvbhRfQqNj5XshCtWhv3rxMupZ6suUdIqAlXnCPgaMg_3k2JUIap_lPe9I25MPrjha2e0p0BKc5Br71QkyL33uBqTwM15_B0hv9Rr69TsdEA6HT1D3ruZg1jpNiivKtO-c0MhW1r_MJMhmwpYCbPMV9K2hNXM/3Pn52Vb77TrIuhV8mg1kBq4TReKGh0PS6fVgZwlxmRU)","","Classic monument sign models","Our stucco monument signs are fabricated in what is commonly referred to in the construction industry as an EIFS stucco system. Here are the technical details and materials used in architectural sign fabrication.

 

CORE OF STRUCTURE IS MOLDED EXPANDED POLYSTYRENE (1#CF).

FAST CURE URETHANE, IMPACT RESISTANT SAFEGUARD-COATING™.

TEXTURED FINISHED SURFACE IS 100% AGGREGATED ACRYLIC.

3″ OR 4″ PVC (SCHEDULE 40) PIPE IS BONDED INTO CENTER OF STRUCTURE.

STEEL PIPE IS INSERTED DURING INSTALLATION AND SECURED WITH EXPANDING POLYMERIC RESIN FOAM.CONCRETE FOOTING (AS REQUIRED BY LOCAL LAW).

Price does not include an installation pipe, letters and logo. ","MS-MOD034-0001,MS-MOD034-0002","1","0","visible","none","1","10","","Texture — Sandblast,Texture — Freestyle,Texture — Quarzputz,Texture — Sandpebble,Texture — Sandpebble Fine,Texture — Mojave,Texture — Finesse,Texture — Coral,Texture — Coral Light","","3dsignfactory.com,3dsignfactory.us,royalfoam.art","","MS-MOD034","MS-MOD034-0001,MS-MOD034-0002","{""3dsignfactory.com"": ""3D Sign Factory"", ""3dsignfactory.us"": ""3D Sign Factory"", ""royalfoam.art"": ""Royal Foam Art Design""}","","{""3dsignfactory.com"": """", ""3dsignfactory.us"": """", ""royalfoam.art"": """"}","new","USD","Foam Monument Signs","","","","","","","Sandblast | Freestyle | Quarzputz | Sandpebble | Sandpebble Fine | Mojave | Finesse | Coral | Coral Light","","","","","","","","https://v5.airtableusercontent.com/v3/u/57/57/1789048800000/mZBLMzJN7V2IwmbVsQHwWA/yHSqogj6XSAS9lUvbhRfQqNj5XshCtWhv3rxMupZ6suUdIqAlXnCPgaMg_3k2JUIap_lPe9I25MPrjha2e0p0BKc5Br71QkyL33uBqTwM15_B0hv9Rr69TsdEA6HT1D3ruZg1jpNiivKtO-c0MhW1r_MJMhmwpYCbPMV9K2hNXM/3Pn52Vb77TrIuhV8mg1kBq4TReKGh0PS6fVgZwlxmRU","","NEEDS_REVIEW","Images use temporary Airtable URLs"
"Monument Sign MS 035 — MS-MOD035","Monument Sign MS 035","variable","MS-MOD035","Foam Monument Signs","MS 035.webp (https://v5.airtableusercontent.com/v3/u/57/57/1789048800000/XSpbGwq7ZPtCzpuAxiej5Q/1gENLLxD9bCG0HvN0M2SNQ5QomR4guFn86bmzTl4IdRvqTo5Osji75Ng-LyqAR9pbYDtGLfK4cFxVEP42OdOuks5U8rp23lotE7bPKyErxV_bX9KZVkGg3u1YZVyR996AnX9zRrNe5_Z3GVsRKB8Os88hLtL3DdWqDC_64AtO5c/A25kX_qr-U6mgTD4ztX896J1tkVU7BEf7i60WfsaRug)","","Classic monument sign models","Our stucco monument signs are fabricated in what is commonly referred to in the construction industry as an EIFS stucco system. Here are the technical details and materials used in architectural sign fabrication.

 

CORE OF STRUCTURE IS MOLDED EXPANDED POLYSTYRENE (1#CF).

FAST CURE URETHANE, IMPACT RESISTANT SAFEGUARD-COATING™.

TEXTURED FINISHED SURFACE IS 100% AGGREGATED ACRYLIC.

3″ OR 4″ PVC (SCHEDULE 40) PIPE IS BONDED INTO CENTER OF STRUCTURE.

STEEL PIPE IS INSERTED DURING INSTALLATION AND SECURED WITH EXPANDING POLYMERIC RESIN FOAM.CONCRETE FOOTING (AS REQUIRED BY LOCAL LAW).

Price does not include an installation pipe, letters and logo. ","MS-MOD035-0001,MS-MOD035-0002","1","0","visible","none","1","10","","Texture — Sandblast,Texture — Freestyle,Texture — Quarzputz,Texture — Sandpebble,Texture — Sandpebble Fine,Texture — Mojave,Texture — Finesse,Texture — Coral,Texture — Coral Light","","3dsignfactory.com,3dsignfactory.us,royalfoam.art","","MS-MOD035","MS-MOD035-0001,MS-MOD035-0002","{""3dsignfactory.com"": ""3D Sign Factory"", ""3dsignfactory.us"": ""3D Sign Factory"", ""royalfoam.art"": ""Royal Foam Art Design""}","","{""3dsignfactory.com"": """", ""3dsignfactory.us"": """", ""royalfoam.art"": """"}","new","USD","Foam Monument Signs","","","","","","","Sandblast | Freestyle | Quarzputz | Sandpebble | Sandpebble Fine | Mojave | Finesse | Coral | Coral Light","","","","","","","","https://v5.airtableusercontent.com/v3/u/57/57/1789048800000/XSpbGwq7ZPtCzpuAxiej5Q/1gENLLxD9bCG0HvN0M2SNQ5QomR4guFn86bmzTl4IdRvqTo5Osji75Ng-LyqAR9pbYDtGLfK4cFxVEP42OdOuks5U8rp23lotE7bPKyErxV_bX9KZVkGg3u1YZVyR996AnX9zRrNe5_Z3GVsRKB8Os88hLtL3DdWqDC_64AtO5c/A25kX_qr-U6mgTD4ztX896J1tkVU7BEf7i60WfsaRug","","NEEDS_REVIEW","Images use temporary Airtable URLs"
"Monument Sign MS 036 — MS-MOD036","Monument Sign MS 036","variable","MS-MOD036","Foam Monument Signs","MS 036.webp (https://v5.airtableusercontent.com/v3/u/57/57/1789048800000/PerTkGey6TZ8iPrKzJMUiQ/VGZtAIcDCHwvQHf2DC1jkLgay89LW3HAGuV7am775XgO2VaeHmgJrB2n_h0Tf50LW59DYcemfXc0NWbh8i27U-nSIxgk2tt2MM-EGqCuxIsVEFpQiACta2evBpkAzWUFTDsyFca3KwRDmRWLC11TFZLtbyOp6A8R5g30wk0Y2_E/ouMaWDGzFfBRZ6mBGNDUpCzlWhycqY50TMYZoQEOJyA)","","Classic monument sign models","Our stucco monument signs are fabricated in what is commonly referred to in the construction industry as an EIFS stucco system. Here are the technical details and materials used in architectural sign fabrication.

 

CORE OF STRUCTURE IS MOLDED EXPANDED POLYSTYRENE (1#CF).

FAST CURE URETHANE, IMPACT RESISTANT SAFEGUARD-COATING™.

TEXTURED FINISHED SURFACE IS 100% AGGREGATED ACRYLIC.

3″ OR 4″ PVC (SCHEDULE 40) PIPE IS BONDED INTO CENTER OF STRUCTURE.

STEEL PIPE IS INSERTED DURING INSTALLATION AND SECURED WITH EXPANDING POLYMERIC RESIN FOAM.CONCRETE FOOTING (AS REQUIRED BY LOCAL LAW).

Price does not include an installation pipe, letters and logo. ","MS-MOD036-0001,MS-MOD036-0002","1","0","visible","none","1","10","","Texture — Sandblast,Texture — Freestyle,Texture — Quarzputz,Texture — Sandpebble,Texture — Sandpebble Fine,Texture — Mojave,Texture — Finesse,Texture — Coral,Texture — Coral Light","","3dsignfactory.com,3dsignfactory.us,royalfoam.art","","MS-MOD036","MS-MOD036-0001,MS-MOD036-0002","{""3dsignfactory.com"": ""3D Sign Factory"", ""3dsignfactory.us"": ""3D Sign Factory"", ""royalfoam.art"": ""Royal Foam Art Design""}","","{""3dsignfactory.com"": """", ""3dsignfactory.us"": """", ""royalfoam.art"": """"}","new","USD","Foam Monument Signs","","","","","","","Sandblast | Freestyle | Quarzputz | Sandpebble | Sandpebble Fine | Mojave | Finesse | Coral | Coral Light","","","","","","","","https://v5.airtableusercontent.com/v3/u/57/57/1789048800000/PerTkGey6TZ8iPrKzJMUiQ/VGZtAIcDCHwvQHf2DC1jkLgay89LW3HAGuV7am775XgO2VaeHmgJrB2n_h0Tf50LW59DYcemfXc0NWbh8i27U-nSIxgk2tt2MM-EGqCuxIsVEFpQiACta2evBpkAzWUFTDsyFca3KwRDmRWLC11TFZLtbyOp6A8R5g30wk0Y2_E/ouMaWDGzFfBRZ6mBGNDUpCzlWhycqY50TMYZoQEOJyA","","NEEDS_REVIEW","Images use temporary Airtable URLs"
"Monument Sign MS 037 — MS-MOD037","Monument Sign MS 037","variable","MS-MOD037","Foam Monument Signs","MS 037.webp (https://v5.airtableusercontent.com/v3/u/57/57/1789048800000/AQtzXXRSa1eBoHb5x0J-Wg/-pGXtRS-ulbGMcHikkNe3bFMDMAyyBCyzSSq_bfAom2biwOZP629TXn5UNGV3eBAnrkhIwAddearc-hn6PGSYK1cfNjto43EYoOHJXixSwpX68GHiK7ZRSoRotlNGnlCfDRqMjCP7jlg7ydJMsx289hXqFWvsxgBH8tVmJGPsd8/rdm1wS0Z5L7IP8r7Km4vl1xbjzeJrzpdzr2h6uFuE5s)","","Classic monument sign models","Our stucco monument signs are fabricated in what is commonly referred to in the construction industry as an EIFS stucco system. Here are the technical details and materials used in architectural sign fabrication.

 

CORE OF STRUCTURE IS MOLDED EXPANDED POLYSTYRENE (1#CF).

FAST CURE URETHANE, IMPACT RESISTANT SAFEGUARD-COATING™.

TEXTURED FINISHED SURFACE IS 100% AGGREGATED ACRYLIC.

3″ OR 4″ PVC (SCHEDULE 40) PIPE IS BONDED INTO CENTER OF STRUCTURE.

STEEL PIPE IS INSERTED DURING INSTALLATION AND SECURED WITH EXPANDING POLYMERIC RESIN FOAM.CONCRETE FOOTING (AS REQUIRED BY LOCAL LAW).

Price does not include an installation pipe, letters and logo. ","MS-MOD037-0001,MS-MOD037-0002","1","0","visible","none","1","10","","Texture — Sandblast,Texture — Freestyle,Texture — Quarzputz,Texture — Sandpebble,Texture — Sandpebble Fine,Texture — Mojave,Texture — Finesse,Texture — Coral,Texture — Coral Light","","3dsignfactory.com,3dsignfactory.us,royalfoam.art","","MS-MOD037","MS-MOD037-0001,MS-MOD037-0002","{""3dsignfactory.com"": ""3D Sign Factory"", ""3dsignfactory.us"": ""3D Sign Factory"", ""royalfoam.art"": ""Royal Foam Art Design""}","","{""3dsignfactory.com"": """", ""3dsignfactory.us"": """", ""royalfoam.art"": """"}","new","USD","Foam Monument Signs","","","","","","","Sandblast | Freestyle | Quarzputz | Sandpebble | Sandpebble Fine | Mojave | Finesse | Coral | Coral Light","","","","","","","","https://v5.airtableusercontent.com/v3/u/57/57/1789048800000/AQtzXXRSa1eBoHb5x0J-Wg/-pGXtRS-ulbGMcHikkNe3bFMDMAyyBCyzSSq_bfAom2biwOZP629TXn5UNGV3eBAnrkhIwAddearc-hn6PGSYK1cfNjto43EYoOHJXixSwpX68GHiK7ZRSoRotlNGnlCfDRqMjCP7jlg7ydJMsx289hXqFWvsxgBH8tVmJGPsd8/rdm1wS0Z5L7IP8r7Km4vl1xbjzeJrzpdzr2h6uFuE5s","","NEEDS_REVIEW","Images use temporary Airtable URLs"
"Monument Sign MS 038 — MS-MOD038","Monument Sign MS 038","variable","MS-MOD038","Foam Monument Signs","MS 038.webp (https://v5.airtableusercontent.com/v3/u/57/57/1789048800000/s8BQj8Otaqn8jFlSYdkL2A/ev9c6PzIQqyKmecX760TYPZSciSRsWOt0fyGYt_iVUPBIGhXt3mDtGXKkyF4MfBMaETdRgnQuWVQAxSiW79SRlRv_LfMn1fChbN4yuObEa6WdijWi_DRtzHg4uUWo7arFMuNc-4le_4miPmWBzdg6EwmGUEsRX9ORuPkCsC3slI/FJJgB4_HDerEfOjLMvPPt6VZEXEPLPCqFbojkG3iiL8)","","Classic monument sign models","Our stucco monument signs are fabricated in what is commonly referred to in the construction industry as an EIFS stucco system. Here are the technical details and materials used in architectural sign fabrication.

 

CORE OF STRUCTURE IS MOLDED EXPANDED POLYSTYRENE (1#CF).

FAST CURE URETHANE, IMPACT RESISTANT SAFEGUARD-COATING™.

TEXTURED FINISHED SURFACE IS 100% AGGREGATED ACRYLIC.

3″ OR 4″ PVC (SCHEDULE 40) PIPE IS BONDED INTO CENTER OF STRUCTURE.

STEEL PIPE IS INSERTED DURING INSTALLATION AND SECURED WITH EXPANDING POLYMERIC RESIN FOAM.CONCRETE FOOTING (AS REQUIRED BY LOCAL LAW).

Price does not include an installation pipe, letters and logo. ","MS-MOD038-0001,MS-MOD038-0002","1","0","visible","none","1","10","","Texture — Sandblast,Texture — Freestyle,Texture — Quarzputz,Texture — Sandpebble,Texture — Sandpebble Fine,Texture — Mojave,Texture — Finesse,Texture — Coral,Texture — Coral Light","","3dsignfactory.com,3dsignfactory.us,royalfoam.art","","MS-MOD038","MS-MOD038-0001,MS-MOD038-0002","{""3dsignfactory.com"": ""3D Sign Factory"", ""3dsignfactory.us"": ""3D Sign Factory"", ""royalfoam.art"": ""Royal Foam Art Design""}","","{""3dsignfactory.com"": """", ""3dsignfactory.us"": """", ""royalfoam.art"": """"}","new","USD","Foam Monument Signs","","","","","","","Sandblast | Freestyle | Quarzputz | Sandpebble | Sandpebble Fine | Mojave | Finesse | Coral | Coral Light","","","","","","","","https://v5.airtableusercontent.com/v3/u/57/57/1789048800000/s8BQj8Otaqn8jFlSYdkL2A/ev9c6PzIQqyKmecX760TYPZSciSRsWOt0fyGYt_iVUPBIGhXt3mDtGXKkyF4MfBMaETdRgnQuWVQAxSiW79SRlRv_LfMn1fChbN4yuObEa6WdijWi_DRtzHg4uUWo7arFMuNc-4le_4miPmWBzdg6EwmGUEsRX9ORuPkCsC3slI/FJJgB4_HDerEfOjLMvPPt6VZEXEPLPCqFbojkG3iiL8","","NEEDS_REVIEW","Images use temporary Airtable URLs"
"Monument Sign MS 039 — MS-MOD039","Monument Sign MS 039","variable","MS-MOD039","Foam Monument Signs","MS 039.webp (https://v5.airtableusercontent.com/v3/u/57/57/1789048800000/IcTP5H1kM6U8LQTmoashxA/cxIzpCRZU1XZBKVv6i9Q1rMPcxZIpgDG8HcYphXNrNCjuQ9T9hAeIxsoYrJkG6FyiLEw0EC6prFVgKxRdCfvhXP3s5DupRZzL43csapGupzgGJWGwNkuzRGF0skBKl_CN3On3K8_7eu88mGRXwJKlfQYfDiM9TDMRcm5NB4hs-Y/tQQH5VbXVxqNAr9Ep9KA5w8sdxwd_kEgI905z9izASE)","","Classic monument sign models","Our stucco monument signs are fabricated in what is commonly referred to in the construction industry as an EIFS stucco system. Here are the technical details and materials used in architectural sign fabrication.

 

CORE OF STRUCTURE IS MOLDED EXPANDED POLYSTYRENE (1#CF).

FAST CURE URETHANE, IMPACT RESISTANT SAFEGUARD-COATING™.

TEXTURED FINISHED SURFACE IS 100% AGGREGATED ACRYLIC.

3″ OR 4″ PVC (SCHEDULE 40) PIPE IS BONDED INTO CENTER OF STRUCTURE.

STEEL PIPE IS INSERTED DURING INSTALLATION AND SECURED WITH EXPANDING POLYMERIC RESIN FOAM.CONCRETE FOOTING (AS REQUIRED BY LOCAL LAW).

Price does not include an installation pipe, letters and logo. ","MS-MOD039-0001,MS-MOD039-0002","1","0","visible","none","1","10","","Texture — Sandblast,Texture — Freestyle,Texture — Quarzputz,Texture — Sandpebble,Texture — Sandpebble Fine,Texture — Mojave,Texture — Finesse,Texture — Coral,Texture — Coral Light","","3dsignfactory.com,3dsignfactory.us,royalfoam.art","","MS-MOD039","MS-MOD039-0001,MS-MOD039-0002","{""3dsignfactory.com"": ""3D Sign Factory"", ""3dsignfactory.us"": ""3D Sign Factory"", ""royalfoam.art"": ""Royal Foam Art Design""}","","{""3dsignfactory.com"": """", ""3dsignfactory.us"": """", ""royalfoam.art"": """"}","new","USD","Foam Monument Signs","","","","","","","Sandblast | Freestyle | Quarzputz | Sandpebble | Sandpebble Fine | Mojave | Finesse | Coral | Coral Light","","","","","","","","https://v5.airtableusercontent.com/v3/u/57/57/1789048800000/IcTP5H1kM6U8LQTmoashxA/cxIzpCRZU1XZBKVv6i9Q1rMPcxZIpgDG8HcYphXNrNCjuQ9T9hAeIxsoYrJkG6FyiLEw0EC6prFVgKxRdCfvhXP3s5DupRZzL43csapGupzgGJWGwNkuzRGF0skBKl_CN3On3K8_7eu88mGRXwJKlfQYfDiM9TDMRcm5NB4hs-Y/tQQH5VbXVxqNAr9Ep9KA5w8sdxwd_kEgI905z9izASE","","NEEDS_REVIEW","Images use temporary Airtable URLs"
"Monument Sign MS 040 — MS-MOD040","Monument Sign MS 040","variable","MS-MOD040","Foam Monument Signs","MS 040.webp (https://v5.airtableusercontent.com/v3/u/57/57/1789048800000/YqAsBZ0gxh1ffzHni5hXDQ/aZ51Y9LA-acneM48X6eWPJKdB5iamh7ocDMOO6HAFSB5oUY-_LwqVyuTBb0uNDAkvU9WGQo0Wc-JUMVRSTW_XWPvmaI4KXGxG9GSUZ_OGJUHtpuDz8Emb8rvWUbt-uRwOggYWPpBjrF7Q3hBcXxMpzVUK0GfFiHc6xKhpAEuB4M/t8Y9n1a_s3jIJE-FYxxCe239CHlDkvFeYc4vsSgh9cQ)","","Classic monument sign models","Our stucco monument signs are fabricated in what is commonly referred to in the construction industry as an EIFS stucco system. Here are the technical details and materials used in architectural sign fabrication.

 

CORE OF STRUCTURE IS MOLDED EXPANDED POLYSTYRENE (1#CF).

FAST CURE URETHANE, IMPACT RESISTANT SAFEGUARD-COATING™.

TEXTURED FINISHED SURFACE IS 100% AGGREGATED ACRYLIC.

3″ OR 4″ PVC (SCHEDULE 40) PIPE IS BONDED INTO CENTER OF STRUCTURE.

STEEL PIPE IS INSERTED DURING INSTALLATION AND SECURED WITH EXPANDING POLYMERIC RESIN FOAM.CONCRETE FOOTING (AS REQUIRED BY LOCAL LAW).

Price does not include an installation pipe, letters and logo. ","MS-MOD040-0001,MS-MOD040-0002","1","0","visible","none","1","10","","Texture — Sandblast,Texture — Freestyle,Texture — Quarzputz,Texture — Sandpebble,Texture — Sandpebble Fine,Texture — Mojave,Texture — Finesse,Texture — Coral,Texture — Coral Light","","3dsignfactory.com,3dsignfactory.us,royalfoam.art","","MS-MOD040","MS-MOD040-0001,MS-MOD040-0002","{""3dsignfactory.com"": ""3D Sign Factory"", ""3dsignfactory.us"": ""3D Sign Factory"", ""royalfoam.art"": ""Royal Foam Art Design""}","","{""3dsignfactory.com"": """", ""3dsignfactory.us"": """", ""royalfoam.art"": """"}","new","USD","Foam Monument Signs","","","","","","","Sandblast | Freestyle | Quarzputz | Sandpebble | Sandpebble Fine | Mojave | Finesse | Coral | Coral Light","","","","","","","","https://v5.airtableusercontent.com/v3/u/57/57/1789048800000/YqAsBZ0gxh1ffzHni5hXDQ/aZ51Y9LA-acneM48X6eWPJKdB5iamh7ocDMOO6HAFSB5oUY-_LwqVyuTBb0uNDAkvU9WGQo0Wc-JUMVRSTW_XWPvmaI4KXGxG9GSUZ_OGJUHtpuDz8Emb8rvWUbt-uRwOggYWPpBjrF7Q3hBcXxMpzVUK0GfFiHc6xKhpAEuB4M/t8Y9n1a_s3jIJE-FYxxCe239CHlDkvFeYc4vsSgh9cQ","","NEEDS_REVIEW","Images use temporary Airtable URLs"
"Monument Sign MS 041 — MS-MOD041","Monument Sign MS 041","variable","MS-MOD041","Foam Monument Signs","MS 041.webp (https://v5.airtableusercontent.com/v3/u/57/57/1789048800000/aoA5nu0TYhX6yew407h4AA/TLGGLoXhXBUbd82QwKxbCQc81tXOhCreS42VgwiCytIUPicjqLhb-vsAiZjlEvjEVn8iFPW8LQso5K9qAYsk2zzngolPLWQKR6HHwU9FYs-t2kWk2xcAi__IsfijPyOUbRzSlKXdvgOqpxbt5TH_tpwg1E6WpEFWwLxzVX7VQF8/jlSNIhFZuBhjtGBE0b_vuzJir4XjW4GuCvMCliM-JK4)","","Classic monument sign models","Our stucco monument signs are fabricated in what is commonly referred to in the construction industry as an EIFS stucco system. Here are the technical details and materials used in architectural sign fabrication.

 

CORE OF STRUCTURE IS MOLDED EXPANDED POLYSTYRENE (1#CF).

FAST CURE URETHANE, IMPACT RESISTANT SAFEGUARD-COATING™.

TEXTURED FINISHED SURFACE IS 100% AGGREGATED ACRYLIC.

3″ OR 4″ PVC (SCHEDULE 40) PIPE IS BONDED INTO CENTER OF STRUCTURE.

STEEL PIPE IS INSERTED DURING INSTALLATION AND SECURED WITH EXPANDING POLYMERIC RESIN FOAM.CONCRETE FOOTING (AS REQUIRED BY LOCAL LAW).

Price does not include an installation pipe, letters and logo. ","MS-MOD041-0001,MS-MOD041-0002","1","0","visible","none","1","10","","Texture — Sandblast,Texture — Freestyle,Texture — Quarzputz,Texture — Sandpebble,Texture — Sandpebble Fine,Texture — Mojave,Texture — Finesse,Texture — Coral,Texture — Coral Light","","3dsignfactory.com,3dsignfactory.us,royalfoam.art","","MS-MOD041","MS-MOD041-0001,MS-MOD041-0002","{""3dsignfactory.com"": ""3D Sign Factory"", ""3dsignfactory.us"": ""3D Sign Factory"", ""royalfoam.art"": ""Royal Foam Art Design""}","","{""3dsignfactory.com"": """", ""3dsignfactory.us"": """", ""royalfoam.art"": """"}","new","USD","Foam Monument Signs","","","","","","","Sandblast | Freestyle | Quarzputz | Sandpebble | Sandpebble Fine | Mojave | Finesse | Coral | Coral Light","","","","","","","","https://v5.airtableusercontent.com/v3/u/57/57/1789048800000/aoA5nu0TYhX6yew407h4AA/TLGGLoXhXBUbd82QwKxbCQc81tXOhCreS42VgwiCytIUPicjqLhb-vsAiZjlEvjEVn8iFPW8LQso5K9qAYsk2zzngolPLWQKR6HHwU9FYs-t2kWk2xcAi__IsfijPyOUbRzSlKXdvgOqpxbt5TH_tpwg1E6WpEFWwLxzVX7VQF8/jlSNIhFZuBhjtGBE0b_vuzJir4XjW4GuCvMCliM-JK4","","NEEDS_REVIEW","Images use temporary Airtable URLs"
"Monument Sign MS 042 — MS-MOD042","Monument Sign MS 042","variable","MS-MOD042","Foam Monument Signs","MS 042.webp (https://v5.airtableusercontent.com/v3/u/57/57/1789048800000/A7yYiGURXXp-JLvVO_vwvA/9_QRhlQksiIEf7JvuAnUkP8byBFrtsnlbCbOkJrg98VS-BPfjCClD8loRuu-YmsoA2m6Ftyb1zwCH9w83c_KvPVs54k-yw17hO0xT21bYgVWyPQrffDW0QwmB5BOuICgjF_CA61NEB5LP0_vbWRWseVgCLGi4WUIkvtToPI-5fs/j_Dur28hJN2uNpYnetXf3Ynwi9ubIaUMjTx7k0ayaMQ)","","Classic monument sign models","Our stucco monument signs are fabricated in what is commonly referred to in the construction industry as an EIFS stucco system. Here are the technical details and materials used in architectural sign fabrication.

 

CORE OF STRUCTURE IS MOLDED EXPANDED POLYSTYRENE (1#CF).

FAST CURE URETHANE, IMPACT RESISTANT SAFEGUARD-COATING™.

TEXTURED FINISHED SURFACE IS 100% AGGREGATED ACRYLIC.

3″ OR 4″ PVC (SCHEDULE 40) PIPE IS BONDED INTO CENTER OF STRUCTURE.

STEEL PIPE IS INSERTED DURING INSTALLATION AND SECURED WITH EXPANDING POLYMERIC RESIN FOAM.CONCRETE FOOTING (AS REQUIRED BY LOCAL LAW).

Price does not include an installation pipe, letters and logo. ","MS-MOD042-0001,MS-MOD042-0002","1","0","visible","none","1","10","","Texture — Sandblast,Texture — Freestyle,Texture — Quarzputz,Texture — Sandpebble,Texture — Sandpebble Fine,Texture — Mojave,Texture — Finesse,Texture — Coral,Texture — Coral Light","","3dsignfactory.com,3dsignfactory.us,royalfoam.art","","MS-MOD042","MS-MOD042-0001,MS-MOD042-0002","{""3dsignfactory.com"": ""3D Sign Factory"", ""3dsignfactory.us"": ""3D Sign Factory"", ""royalfoam.art"": ""Royal Foam Art Design""}","","{""3dsignfactory.com"": """", ""3dsignfactory.us"": """", ""royalfoam.art"": """"}","new","USD","Foam Monument Signs","","","","","","","Sandblast | Freestyle | Quarzputz | Sandpebble | Sandpebble Fine | Mojave | Finesse | Coral | Coral Light","","","","","","","","https://v5.airtableusercontent.com/v3/u/57/57/1789048800000/A7yYiGURXXp-JLvVO_vwvA/9_QRhlQksiIEf7JvuAnUkP8byBFrtsnlbCbOkJrg98VS-BPfjCClD8loRuu-YmsoA2m6Ftyb1zwCH9w83c_KvPVs54k-yw17hO0xT21bYgVWyPQrffDW0QwmB5BOuICgjF_CA61NEB5LP0_vbWRWseVgCLGi4WUIkvtToPI-5fs/j_Dur28hJN2uNpYnetXf3Ynwi9ubIaUMjTx7k0ayaMQ","","NEEDS_REVIEW","Images use temporary Airtable URLs"
"Monument Sign MS 043 — MS-MOD043","Monument Sign MS 043","variable","MS-MOD043","Foam Monument Signs","MS 043.webp (https://v5.airtableusercontent.com/v3/u/57/57/1789048800000/KJf0ZxEOKEq5DmFhvc_67A/TRresv7r0d32MYSm9AnX7GH-9tc-xt3cwkuIEVjLyyal91zn5qUzwhoIJbd1hzTriFnbMKy4mgPWdv44LmSff2D_z21AUuoWYiiB1N6xSGcgZpPI_UaBcH7F2BG_0xeKnSgo85utttd3A4TaU7_AXRQLx6w-kVlb0ykjcTKqEP0/045sI9EQomfshaAYK719Hu3_68RMVd9unW-Xl17SqQU)","","Classic monument sign models","Our stucco monument signs are fabricated in what is commonly referred to in the construction industry as an EIFS stucco system. Here are the technical details and materials used in architectural sign fabrication.

 

CORE OF STRUCTURE IS MOLDED EXPANDED POLYSTYRENE (1#CF).

FAST CURE URETHANE, IMPACT RESISTANT SAFEGUARD-COATING™.

TEXTURED FINISHED SURFACE IS 100% AGGREGATED ACRYLIC.

3″ OR 4″ PVC (SCHEDULE 40) PIPE IS BONDED INTO CENTER OF STRUCTURE.

STEEL PIPE IS INSERTED DURING INSTALLATION AND SECURED WITH EXPANDING POLYMERIC RESIN FOAM.CONCRETE FOOTING (AS REQUIRED BY LOCAL LAW).

Price does not include an installation pipe, letters and logo. ","MS-MOD043-0001,MS-MOD043-0002","1","0","visible","none","1","10","","Texture — Sandblast,Texture — Freestyle,Texture — Quarzputz,Texture — Sandpebble,Texture — Sandpebble Fine,Texture — Mojave,Texture — Finesse,Texture — Coral,Texture — Coral Light","","3dsignfactory.com,3dsignfactory.us,royalfoam.art","","MS-MOD043","MS-MOD043-0001,MS-MOD043-0002","{""3dsignfactory.com"": ""3D Sign Factory"", ""3dsignfactory.us"": ""3D Sign Factory"", ""royalfoam.art"": ""Royal Foam Art Design""}","","{""3dsignfactory.com"": """", ""3dsignfactory.us"": """", ""royalfoam.art"": """"}","new","USD","Foam Monument Signs","","","","","","","Sandblast | Freestyle | Quarzputz | Sandpebble | Sandpebble Fine | Mojave | Finesse | Coral | Coral Light","","","","","","","","https://v5.airtableusercontent.com/v3/u/57/57/1789048800000/KJf0ZxEOKEq5DmFhvc_67A/TRresv7r0d32MYSm9AnX7GH-9tc-xt3cwkuIEVjLyyal91zn5qUzwhoIJbd1hzTriFnbMKy4mgPWdv44LmSff2D_z21AUuoWYiiB1N6xSGcgZpPI_UaBcH7F2BG_0xeKnSgo85utttd3A4TaU7_AXRQLx6w-kVlb0ykjcTKqEP0/045sI9EQomfshaAYK719Hu3_68RMVd9unW-Xl17SqQU","","NEEDS_REVIEW","Images use temporary Airtable URLs"
"Monument Sign MS 044 — MS-MOD044","Monument Sign MS 044","variable","MS-MOD044","Foam Monument Signs","MS 044.webp (https://v5.airtableusercontent.com/v3/u/57/57/1789048800000/-gDJUEsPqN-m9jKJaKZNTg/ZGNGJOICvuP-WLfbnB4KCumcCpzCHfafgvDRzHmR02yXYSAU5XHtEho-7kTzugLl0VsRAyM4XqWYb3_PT1Ffdgl_cP36ogGolDislbi6h47bf-NMPiLyp64xOf26loSfHNLNtIsb8GYbkbqhcwNnFv3O925vRlt5STRAychRGJQ/RHYBjE0D0W9ibyU0GTIPJ2g6zYN5NBDhe2hpokYPshI)","","Classic monument sign models","Our stucco monument signs are fabricated in what is commonly referred to in the construction industry as an EIFS stucco system. Here are the technical details and materials used in architectural sign fabrication.

 

CORE OF STRUCTURE IS MOLDED EXPANDED POLYSTYRENE (1#CF).

FAST CURE URETHANE, IMPACT RESISTANT SAFEGUARD-COATING™.

TEXTURED FINISHED SURFACE IS 100% AGGREGATED ACRYLIC.

3″ OR 4″ PVC (SCHEDULE 40) PIPE IS BONDED INTO CENTER OF STRUCTURE.

STEEL PIPE IS INSERTED DURING INSTALLATION AND SECURED WITH EXPANDING POLYMERIC RESIN FOAM.CONCRETE FOOTING (AS REQUIRED BY LOCAL LAW).

Price does not include an installation pipe, letters and logo. ","MS-MOD044-0001,MS-MOD044-0002","1","0","visible","none","1","10","","Texture — Sandblast,Texture — Freestyle,Texture — Quarzputz,Texture — Sandpebble,Texture — Sandpebble Fine,Texture — Mojave,Texture — Finesse,Texture — Coral,Texture — Coral Light","","3dsignfactory.com,3dsignfactory.us,royalfoam.art","","MS-MOD044","MS-MOD044-0001,MS-MOD044-0002","{""3dsignfactory.com"": ""3D Sign Factory"", ""3dsignfactory.us"": ""3D Sign Factory"", ""royalfoam.art"": ""Royal Foam Art Design""}","","{""3dsignfactory.com"": """", ""3dsignfactory.us"": """", ""royalfoam.art"": """"}","new","USD","Foam Monument Signs","","","","","","","Sandblast | Freestyle | Quarzputz | Sandpebble | Sandpebble Fine | Mojave | Finesse | Coral | Coral Light","","","","","","","","https://v5.airtableusercontent.com/v3/u/57/57/1789048800000/-gDJUEsPqN-m9jKJaKZNTg/ZGNGJOICvuP-WLfbnB4KCumcCpzCHfafgvDRzHmR02yXYSAU5XHtEho-7kTzugLl0VsRAyM4XqWYb3_PT1Ffdgl_cP36ogGolDislbi6h47bf-NMPiLyp64xOf26loSfHNLNtIsb8GYbkbqhcwNnFv3O925vRlt5STRAychRGJQ/RHYBjE0D0W9ibyU0GTIPJ2g6zYN5NBDhe2hpokYPshI","","NEEDS_REVIEW","Images use temporary Airtable URLs"
"Monument Sign MS 045 — MS-MOD045","Monument Sign MS 045","variable","MS-MOD045","Foam Monument Signs","MS 045.webp (https://v5.airtableusercontent.com/v3/u/57/57/1789048800000/X3wfYOK3HnzwGfEA8mDHUw/WI0i1jXOV4YXctgDpOAD5LZ-vUPpINEW2TTY_YAO56ycpBvMasT-E82ICskr5nAbSHr49AcB9OpfXHi3BKmFRZpPF6pjwhOZ94DuiisZHf8BgYzVulaCRaOIeYanLiK4IhsH64oPhD8nmH5gzDfThZV8YATGbtT1qXzaNV48H6c/ciSHvvtU6z0r3u_0e3coqBhBPXziz9Vnk-3EyvR48Yg)","","Classic monument sign models","Our stucco monument signs are fabricated in what is commonly referred to in the construction industry as an EIFS stucco system. Here are the technical details and materials used in architectural sign fabrication.

 

CORE OF STRUCTURE IS MOLDED EXPANDED POLYSTYRENE (1#CF).

FAST CURE URETHANE, IMPACT RESISTANT SAFEGUARD-COATING™.

TEXTURED FINISHED SURFACE IS 100% AGGREGATED ACRYLIC.

3″ OR 4″ PVC (SCHEDULE 40) PIPE IS BONDED INTO CENTER OF STRUCTURE.

STEEL PIPE IS INSERTED DURING INSTALLATION AND SECURED WITH EXPANDING POLYMERIC RESIN FOAM.CONCRETE FOOTING (AS REQUIRED BY LOCAL LAW).

Price does not include an installation pipe, letters and logo. ","MS-MOD045-0001,MS-MOD045-0002","1","0","visible","none","1","10","","Texture — Sandblast,Texture — Freestyle,Texture — Quarzputz,Texture — Sandpebble,Texture — Sandpebble Fine,Texture — Mojave,Texture — Finesse,Texture — Coral,Texture — Coral Light","","3dsignfactory.com,3dsignfactory.us,royalfoam.art","","MS-MOD045","MS-MOD045-0001,MS-MOD045-0002","{""3dsignfactory.com"": ""3D Sign Factory"", ""3dsignfactory.us"": ""3D Sign Factory"", ""royalfoam.art"": ""Royal Foam Art Design""}","","{""3dsignfactory.com"": """", ""3dsignfactory.us"": """", ""royalfoam.art"": """"}","new","USD","Foam Monument Signs","","","","","","","Sandblast | Freestyle | Quarzputz | Sandpebble | Sandpebble Fine | Mojave | Finesse | Coral | Coral Light","","","","","","","","https://v5.airtableusercontent.com/v3/u/57/57/1789048800000/X3wfYOK3HnzwGfEA8mDHUw/WI0i1jXOV4YXctgDpOAD5LZ-vUPpINEW2TTY_YAO56ycpBvMasT-E82ICskr5nAbSHr49AcB9OpfXHi3BKmFRZpPF6pjwhOZ94DuiisZHf8BgYzVulaCRaOIeYanLiK4IhsH64oPhD8nmH5gzDfThZV8YATGbtT1qXzaNV48H6c/ciSHvvtU6z0r3u_0e3coqBhBPXziz9Vnk-3EyvR48Yg","","NEEDS_REVIEW","Images use temporary Airtable URLs"
"Monument Sign MS 046 — MS-MOD046","Monument Sign MS 046","variable","MS-MOD046","Foam Monument Signs","MS 046.webp (https://v5.airtableusercontent.com/v3/u/57/57/1789048800000/GR8PpgjrL8QkWzpAgJPvQQ/qcWdkAIjOWWRN8MSrEoaWFQ986QaU3P39dYnAarAUR1r1JWcBejLgNNd5zIPIzn1f8L5cV8wVDkBrrCGlWwxwbG1f_zAtvEbRXUX_j8bXGygQiUF0mxKoWhpB70MKRFeUV6xoeLC2yI1V8lPUU2l708TTkjSRlAoQ0FDjaSm2sQ/KMZ0Abu8t-7YYMsVzA0pkpVd-krJMyh9il981CcZuuE)","","Classic monument sign models","Our stucco monument signs are fabricated in what is commonly referred to in the construction industry as an EIFS stucco system. Here are the technical details and materials used in architectural sign fabrication.

 

CORE OF STRUCTURE IS MOLDED EXPANDED POLYSTYRENE (1#CF).

FAST CURE URETHANE, IMPACT RESISTANT SAFEGUARD-COATING™.

TEXTURED FINISHED SURFACE IS 100% AGGREGATED ACRYLIC.

3″ OR 4″ PVC (SCHEDULE 40) PIPE IS BONDED INTO CENTER OF STRUCTURE.

STEEL PIPE IS INSERTED DURING INSTALLATION AND SECURED WITH EXPANDING POLYMERIC RESIN FOAM.CONCRETE FOOTING (AS REQUIRED BY LOCAL LAW).

Price does not include an installation pipe, letters and logo. ","MS-MOD046-0001,MS-MOD046-0002","1","0","visible","none","1","10","","Texture — Sandblast,Texture — Freestyle,Texture — Quarzputz,Texture — Sandpebble,Texture — Sandpebble Fine,Texture — Mojave,Texture — Finesse,Texture — Coral,Texture — Coral Light","","3dsignfactory.com,3dsignfactory.us,royalfoam.art","","MS-MOD046","MS-MOD046-0001,MS-MOD046-0002","{""3dsignfactory.com"": ""3D Sign Factory"", ""3dsignfactory.us"": ""3D Sign Factory"", ""royalfoam.art"": ""Royal Foam Art Design""}","","{""3dsignfactory.com"": """", ""3dsignfactory.us"": """", ""royalfoam.art"": """"}","new","USD","Foam Monument Signs","","","","","","","Sandblast | Freestyle | Quarzputz | Sandpebble | Sandpebble Fine | Mojave | Finesse | Coral | Coral Light","","","","","","","","https://v5.airtableusercontent.com/v3/u/57/57/1789048800000/GR8PpgjrL8QkWzpAgJPvQQ/qcWdkAIjOWWRN8MSrEoaWFQ986QaU3P39dYnAarAUR1r1JWcBejLgNNd5zIPIzn1f8L5cV8wVDkBrrCGlWwxwbG1f_zAtvEbRXUX_j8bXGygQiUF0mxKoWhpB70MKRFeUV6xoeLC2yI1V8lPUU2l708TTkjSRlAoQ0FDjaSm2sQ/KMZ0Abu8t-7YYMsVzA0pkpVd-krJMyh9il981CcZuuE","","NEEDS_REVIEW","Images use temporary Airtable URLs"
"Monument Sign MS 047 — MS-MOD047","Monument Sign MS 047","variable","MS-MOD047","Foam Monument Signs","MS 047.webp (https://v5.airtableusercontent.com/v3/u/57/57/1789048800000/EoOUl_hxHBkS2OlpoEK0Tw/xKfRlBOj6plhgrsGyJF0pSgAmvgL2eY5h8Ff7zbfWozMVPAJ7tuoQEzUeU5SUhpD9o9844m_K1BpjkR1vOlPBj7JBWQmjmmIPLm3K5eaIFG2kcD34_DK7NyKXT1FLAcX82TAD5VOc9VeUnxpleFWkNyxPCywaf09TVaMbeOTF6g/euEgfwDWDiYRWnbVwRRhI8WO5HuxwFbwYZyR7eIpTM0)","","Classic monument sign models","Our stucco monument signs are fabricated in what is commonly referred to in the construction industry as an EIFS stucco system. Here are the technical details and materials used in architectural sign fabrication.

 

CORE OF STRUCTURE IS MOLDED EXPANDED POLYSTYRENE (1#CF).

FAST CURE URETHANE, IMPACT RESISTANT SAFEGUARD-COATING™.

TEXTURED FINISHED SURFACE IS 100% AGGREGATED ACRYLIC.

3″ OR 4″ PVC (SCHEDULE 40) PIPE IS BONDED INTO CENTER OF STRUCTURE.

STEEL PIPE IS INSERTED DURING INSTALLATION AND SECURED WITH EXPANDING POLYMERIC RESIN FOAM.CONCRETE FOOTING (AS REQUIRED BY LOCAL LAW).

Price does not include an installation pipe, letters and logo. ","MS-MOD047-0001,MS-MOD047-0002","1","0","visible","none","1","10","","Texture — Sandblast,Texture — Freestyle,Texture — Quarzputz,Texture — Sandpebble,Texture — Sandpebble Fine,Texture — Mojave,Texture — Finesse,Texture — Coral,Texture — Coral Light","","3dsignfactory.com,3dsignfactory.us,royalfoam.art","","MS-MOD047","MS-MOD047-0001,MS-MOD047-0002","{""3dsignfactory.com"": ""3D Sign Factory"", ""3dsignfactory.us"": ""3D Sign Factory"", ""royalfoam.art"": ""Royal Foam Art Design""}","","{""3dsignfactory.com"": """", ""3dsignfactory.us"": """", ""royalfoam.art"": """"}","new","USD","Foam Monument Signs","","","","","","","Sandblast | Freestyle | Quarzputz | Sandpebble | Sandpebble Fine | Mojave | Finesse | Coral | Coral Light","","","","","","","","https://v5.airtableusercontent.com/v3/u/57/57/1789048800000/EoOUl_hxHBkS2OlpoEK0Tw/xKfRlBOj6plhgrsGyJF0pSgAmvgL2eY5h8Ff7zbfWozMVPAJ7tuoQEzUeU5SUhpD9o9844m_K1BpjkR1vOlPBj7JBWQmjmmIPLm3K5eaIFG2kcD34_DK7NyKXT1FLAcX82TAD5VOc9VeUnxpleFWkNyxPCywaf09TVaMbeOTF6g/euEgfwDWDiYRWnbVwRRhI8WO5HuxwFbwYZyR7eIpTM0","","NEEDS_REVIEW","Images use temporary Airtable URLs"
"Monument Sign MS 048 — MS-MOD048","Monument Sign MS 048","variable","MS-MOD048","Foam Monument Signs","MS 048.webp (https://v5.airtableusercontent.com/v3/u/57/57/1789048800000/VlE34WN6u6NLaZe7ANXASA/o1PTIpWiZ9v_4z2A96dWLhw6yySpPd0wXNDY2lnIuHcSnMKXZUKoFJo8evqqdbWAuGvftVqJSxwLbSl-g-cm7-Jem-b4fAeOaXe7V9ZKtMAroeaSIc9UAeXPv2B2S7thHXBlQJrEuSJ0LiGGpGaRPDBxh8VfDX13TCtvTirguUY/z66xRMhaq8O--c-lmYABhXqeeF8UeIwI2ofrT0t67j0)","","Classic monument sign models","Our stucco monument signs are fabricated in what is commonly referred to in the construction industry as an EIFS stucco system. Here are the technical details and materials used in architectural sign fabrication.

 

CORE OF STRUCTURE IS MOLDED EXPANDED POLYSTYRENE (1#CF).

FAST CURE URETHANE, IMPACT RESISTANT SAFEGUARD-COATING™.

TEXTURED FINISHED SURFACE IS 100% AGGREGATED ACRYLIC.

3″ OR 4″ PVC (SCHEDULE 40) PIPE IS BONDED INTO CENTER OF STRUCTURE.

STEEL PIPE IS INSERTED DURING INSTALLATION AND SECURED WITH EXPANDING POLYMERIC RESIN FOAM.CONCRETE FOOTING (AS REQUIRED BY LOCAL LAW).

Price does not include an installation pipe, letters and logo. ","MS-MOD048-0001,MS-MOD048-0002","1","0","visible","none","1","10","","Texture — Sandblast,Texture — Freestyle,Texture — Quarzputz,Texture — Sandpebble,Texture — Sandpebble Fine,Texture — Mojave,Texture — Finesse,Texture — Coral,Texture — Coral Light","","3dsignfactory.com,3dsignfactory.us,royalfoam.art","","MS-MOD048","MS-MOD048-0001,MS-MOD048-0002","{""3dsignfactory.com"": ""3D Sign Factory"", ""3dsignfactory.us"": ""3D Sign Factory"", ""royalfoam.art"": ""Royal Foam Art Design""}","","{""3dsignfactory.com"": """", ""3dsignfactory.us"": """", ""royalfoam.art"": """"}","new","USD","Foam Monument Signs","","","","","","","Sandblast | Freestyle | Quarzputz | Sandpebble | Sandpebble Fine | Mojave | Finesse | Coral | Coral Light","","","","","","","","https://v5.airtableusercontent.com/v3/u/57/57/1789048800000/VlE34WN6u6NLaZe7ANXASA/o1PTIpWiZ9v_4z2A96dWLhw6yySpPd0wXNDY2lnIuHcSnMKXZUKoFJo8evqqdbWAuGvftVqJSxwLbSl-g-cm7-Jem-b4fAeOaXe7V9ZKtMAroeaSIc9UAeXPv2B2S7thHXBlQJrEuSJ0LiGGpGaRPDBxh8VfDX13TCtvTirguUY/z66xRMhaq8O--c-lmYABhXqeeF8UeIwI2ofrT0t67j0","","NEEDS_REVIEW","Images use temporary Airtable URLs"
"Monument Sign MS 049 — MS-MOD049","Monument Sign MS 049","variable","MS-MOD049","Foam Monument Signs","MS 049.webp (https://v5.airtableusercontent.com/v3/u/57/57/1789048800000/rSNleSPHmEEzD1_7IDfbHA/SYwOd0K129nBCQ-dBwdlCrya0vJ_WIjcvzSuMVy7cvE5FbAVDF5SZcp7SWIjxkm0UUM16dVgMiwGTs8QRztdVA8a3xKLW_E1XxmGP5K0UBasT8usFCCWMWqPLFpm3ybGBY7PWA6lFfX8HTg7COdApS3-PbN3Uy9sXCfODvxwQD0/VVz0796myEXpM39hqILsOCSRMnwwi4Jwi2h8o-8yFpU)","","Classic monument sign models","Our stucco monument signs are fabricated in what is commonly referred to in the construction industry as an EIFS stucco system. Here are the technical details and materials used in architectural sign fabrication.

 

CORE OF STRUCTURE IS MOLDED EXPANDED POLYSTYRENE (1#CF).

FAST CURE URETHANE, IMPACT RESISTANT SAFEGUARD-COATING™.

TEXTURED FINISHED SURFACE IS 100% AGGREGATED ACRYLIC.

3″ OR 4″ PVC (SCHEDULE 40) PIPE IS BONDED INTO CENTER OF STRUCTURE.

STEEL PIPE IS INSERTED DURING INSTALLATION AND SECURED WITH EXPANDING POLYMERIC RESIN FOAM.CONCRETE FOOTING (AS REQUIRED BY LOCAL LAW).

Price does not include an installation pipe, letters and logo. ","MS-MOD049-0001,MS-MOD049-0002","1","0","visible","none","1","10","","Texture — Sandblast,Texture — Freestyle,Texture — Quarzputz,Texture — Sandpebble,Texture — Sandpebble Fine,Texture — Mojave,Texture — Finesse,Texture — Coral,Texture — Coral Light","","3dsignfactory.com,3dsignfactory.us,royalfoam.art","","MS-MOD049","MS-MOD049-0001,MS-MOD049-0002","{""3dsignfactory.com"": ""3D Sign Factory"", ""3dsignfactory.us"": ""3D Sign Factory"", ""royalfoam.art"": ""Royal Foam Art Design""}","","{""3dsignfactory.com"": """", ""3dsignfactory.us"": """", ""royalfoam.art"": """"}","new","USD","Foam Monument Signs","","","","","","","Sandblast | Freestyle | Quarzputz | Sandpebble | Sandpebble Fine | Mojave | Finesse | Coral | Coral Light","","","","","","","","https://v5.airtableusercontent.com/v3/u/57/57/1789048800000/rSNleSPHmEEzD1_7IDfbHA/SYwOd0K129nBCQ-dBwdlCrya0vJ_WIjcvzSuMVy7cvE5FbAVDF5SZcp7SWIjxkm0UUM16dVgMiwGTs8QRztdVA8a3xKLW_E1XxmGP5K0UBasT8usFCCWMWqPLFpm3ybGBY7PWA6lFfX8HTg7COdApS3-PbN3Uy9sXCfODvxwQD0/VVz0796myEXpM39hqILsOCSRMnwwi4Jwi2h8o-8yFpU","","NEEDS_REVIEW","Images use temporary Airtable URLs"
"Monument Sign MS 050 — MS-MOD050","Monument Sign MS 050","variable","MS-MOD050","Foam Monument Signs","MS 050.webp (https://v5.airtableusercontent.com/v3/u/57/57/1789048800000/CSjlCvC7XsdPYcnQfRJ4ww/Qllupyw1DBe_0MZ3LQd9sOxR8XhjSmPmUxLha6ymL8rko3k5rgWY0YbwWycAXGsfgcgeXB7t29NP7Ojb8tV6OTZfAZy9CmjXqIhecncHeDatL-SUkGnIf3fdk74NQ08fdWujcNznBWChE2gV2ddlci61stnR0ujWDkFbDL0TNbM/jHSJZr4To9gFGKb-G50jW51H_4RkgY84BCA95-Aw5so)","","Classic monument sign models","Our stucco monument signs are fabricated in what is commonly referred to in the construction industry as an EIFS stucco system. Here are the technical details and materials used in architectural sign fabrication.

 

CORE OF STRUCTURE IS MOLDED EXPANDED POLYSTYRENE (1#CF).

FAST CURE URETHANE, IMPACT RESISTANT SAFEGUARD-COATING™.

TEXTURED FINISHED SURFACE IS 100% AGGREGATED ACRYLIC.

3″ OR 4″ PVC (SCHEDULE 40) PIPE IS BONDED INTO CENTER OF STRUCTURE.

STEEL PIPE IS INSERTED DURING INSTALLATION AND SECURED WITH EXPANDING POLYMERIC RESIN FOAM.CONCRETE FOOTING (AS REQUIRED BY LOCAL LAW).

Price does not include an installation pipe, letters and logo. ","MS-MOD050-0001,MS-MOD050-0002","1","0","visible","none","1","10","","Texture — Sandblast,Texture — Freestyle,Texture — Quarzputz,Texture — Sandpebble,Texture — Sandpebble Fine,Texture — Mojave,Texture — Finesse,Texture — Coral,Texture — Coral Light","","3dsignfactory.com,3dsignfactory.us,royalfoam.art","","MS-MOD050","MS-MOD050-0001,MS-MOD050-0002","{""3dsignfactory.com"": ""3D Sign Factory"", ""3dsignfactory.us"": ""3D Sign Factory"", ""royalfoam.art"": ""Royal Foam Art Design""}","","{""3dsignfactory.com"": """", ""3dsignfactory.us"": """", ""royalfoam.art"": """"}","new","USD","Foam Monument Signs","","","","","","","Sandblast | Freestyle | Quarzputz | Sandpebble | Sandpebble Fine | Mojave | Finesse | Coral | Coral Light","","","","","","","","https://v5.airtableusercontent.com/v3/u/57/57/1789048800000/CSjlCvC7XsdPYcnQfRJ4ww/Qllupyw1DBe_0MZ3LQd9sOxR8XhjSmPmUxLha6ymL8rko3k5rgWY0YbwWycAXGsfgcgeXB7t29NP7Ojb8tV6OTZfAZy9CmjXqIhecncHeDatL-SUkGnIf3fdk74NQ08fdWujcNznBWChE2gV2ddlci61stnR0ujWDkFbDL0TNbM/jHSJZr4To9gFGKb-G50jW51H_4RkgY84BCA95-Aw5so","","NEEDS_REVIEW","Images use temporary Airtable URLs"
"Monument Sign MS 051 — MS-MOD051","Monument Sign MS 051","variable","MS-MOD051","Foam Monument Signs","MS 051.webp (https://v5.airtableusercontent.com/v3/u/57/57/1789048800000/nLy7Qoeg7nhChesk-k6B_w/IHZZm9tVtWhi65WAonEEMtmZwCOE73Fj8p36DZLxKwx-H5cIfpl7LTB_58ym1CI8tiFTdcAOil1ulBJmK8xWzaCGm1xK0h4pGKg2I-4IbGKOveShydltpy5ptY0Fu7yXuz3Td_5U6qIyq0hatJ0zT6dDIGCXqb04JAjbdbr9rks/cuLdxrIOi2ktLadlDoAJfapYF4JrOgHvCCxm79Y0E3Q)","","Classic monument sign models","Our stucco monument signs are fabricated in what is commonly referred to in the construction industry as an EIFS stucco system. Here are the technical details and materials used in architectural sign fabrication.

 

CORE OF STRUCTURE IS MOLDED EXPANDED POLYSTYRENE (1#CF).

FAST CURE URETHANE, IMPACT RESISTANT SAFEGUARD-COATING™.

TEXTURED FINISHED SURFACE IS 100% AGGREGATED ACRYLIC.

3″ OR 4″ PVC (SCHEDULE 40) PIPE IS BONDED INTO CENTER OF STRUCTURE.

STEEL PIPE IS INSERTED DURING INSTALLATION AND SECURED WITH EXPANDING POLYMERIC RESIN FOAM.CONCRETE FOOTING (AS REQUIRED BY LOCAL LAW).

Price does not include an installation pipe, letters and logo. ","MS-MOD051-0001,MS-MOD051-0002","1","0","visible","none","1","10","","Texture — Sandblast,Texture — Freestyle,Texture — Quarzputz,Texture — Sandpebble,Texture — Sandpebble Fine,Texture — Mojave,Texture — Finesse,Texture — Coral,Texture — Coral Light","","3dsignfactory.com,3dsignfactory.us,royalfoam.art","","MS-MOD051","MS-MOD051-0001,MS-MOD051-0002","{""3dsignfactory.com"": ""3D Sign Factory"", ""3dsignfactory.us"": ""3D Sign Factory"", ""royalfoam.art"": ""Royal Foam Art Design""}","","{""3dsignfactory.com"": """", ""3dsignfactory.us"": """", ""royalfoam.art"": """"}","new","USD","Foam Monument Signs","","","","","","","Sandblast | Freestyle | Quarzputz | Sandpebble | Sandpebble Fine | Mojave | Finesse | Coral | Coral Light","","","","","","","","https://v5.airtableusercontent.com/v3/u/57/57/1789048800000/nLy7Qoeg7nhChesk-k6B_w/IHZZm9tVtWhi65WAonEEMtmZwCOE73Fj8p36DZLxKwx-H5cIfpl7LTB_58ym1CI8tiFTdcAOil1ulBJmK8xWzaCGm1xK0h4pGKg2I-4IbGKOveShydltpy5ptY0Fu7yXuz3Td_5U6qIyq0hatJ0zT6dDIGCXqb04JAjbdbr9rks/cuLdxrIOi2ktLadlDoAJfapYF4JrOgHvCCxm79Y0E3Q","","NEEDS_REVIEW","Images use temporary Airtable URLs"
"Monument Sign MS 052 — MS-MOD052","Monument Sign MS 052","variable","MS-MOD052","Foam Monument Signs","MS 052.webp (https://v5.airtableusercontent.com/v3/u/57/57/1789048800000/0BaxC_J8AxBZkp1-wwl45A/mlmu7syjS4Be98WIFlsOVMXnIZWBNKrwYjI0XpliKgb-_Nx8f-wVqK58JRkRXcXmQM2K9Ij3AYFmK98Vp3deoWhCQgcFO-uGqxMllq_0d7pKHBA8vWZNojB6u2wmiNrzcavJ4jzwCfrjaqU8yBNkmwkDQo7ltg57zEXCH8Cyhy8/534VF2DVN14myGnMRBTihfTkO_MPxW1QxHiqCM81tFY)","","Classic monument sign models","Our stucco monument signs are fabricated in what is commonly referred to in the construction industry as an EIFS stucco system. Here are the technical details and materials used in architectural sign fabrication.

 

CORE OF STRUCTURE IS MOLDED EXPANDED POLYSTYRENE (1#CF).

FAST CURE URETHANE, IMPACT RESISTANT SAFEGUARD-COATING™.

TEXTURED FINISHED SURFACE IS 100% AGGREGATED ACRYLIC.

3″ OR 4″ PVC (SCHEDULE 40) PIPE IS BONDED INTO CENTER OF STRUCTURE.

STEEL PIPE IS INSERTED DURING INSTALLATION AND SECURED WITH EXPANDING POLYMERIC RESIN FOAM.CONCRETE FOOTING (AS REQUIRED BY LOCAL LAW).

Price does not include an installation pipe, letters and logo. ","MS-MOD052-0001,MS-MOD052-0002","1","0","visible","none","1","10","","Texture — Sandblast,Texture — Freestyle,Texture — Quarzputz,Texture — Sandpebble,Texture — Sandpebble Fine,Texture — Mojave,Texture — Finesse,Texture — Coral,Texture — Coral Light","","3dsignfactory.com,3dsignfactory.us,royalfoam.art","","MS-MOD052","MS-MOD052-0001,MS-MOD052-0002","{""3dsignfactory.com"": ""3D Sign Factory"", ""3dsignfactory.us"": ""3D Sign Factory"", ""royalfoam.art"": ""Royal Foam Art Design""}","","{""3dsignfactory.com"": """", ""3dsignfactory.us"": """", ""royalfoam.art"": """"}","new","USD","Foam Monument Signs","","","","","","","Sandblast | Freestyle | Quarzputz | Sandpebble | Sandpebble Fine | Mojave | Finesse | Coral | Coral Light","","","","","","","","https://v5.airtableusercontent.com/v3/u/57/57/1789048800000/0BaxC_J8AxBZkp1-wwl45A/mlmu7syjS4Be98WIFlsOVMXnIZWBNKrwYjI0XpliKgb-_Nx8f-wVqK58JRkRXcXmQM2K9Ij3AYFmK98Vp3deoWhCQgcFO-uGqxMllq_0d7pKHBA8vWZNojB6u2wmiNrzcavJ4jzwCfrjaqU8yBNkmwkDQo7ltg57zEXCH8Cyhy8/534VF2DVN14myGnMRBTihfTkO_MPxW1QxHiqCM81tFY","","NEEDS_REVIEW","Images use temporary Airtable URLs"
"Monument Sign MS 053 — MS-MOD053","Monument Sign MS 053","variable","MS-MOD053","Foam Monument Signs","MS 053.webp (https://v5.airtableusercontent.com/v3/u/57/57/1789048800000/ZS5J5SLP69sD0kpeqI637Q/maKtLf8JSR3b0xXXs9NPW_Y3JV0wp5jqhcPvgtPBZ8CjI17-aEsDwd0vC1NZxyHjKpGCspD3GLfm7_3xLwgOkTrlivcAz_Ms1qLrnb-xbgxm74Uw6tROO3L3jIsVgA3Agy5Tz39PkeWdPd6cSt3pr7ynhxb8EAxvsV7IE2cc_kY/aD89oSOmmobEehqN4vQan-zgkaozsW6SZNqdDcII6vU)","","Classic monument sign models","Our stucco monument signs are fabricated in what is commonly referred to in the construction industry as an EIFS stucco system. Here are the technical details and materials used in architectural sign fabrication.

 

CORE OF STRUCTURE IS MOLDED EXPANDED POLYSTYRENE (1#CF).

FAST CURE URETHANE, IMPACT RESISTANT SAFEGUARD-COATING™.

TEXTURED FINISHED SURFACE IS 100% AGGREGATED ACRYLIC.

3″ OR 4″ PVC (SCHEDULE 40) PIPE IS BONDED INTO CENTER OF STRUCTURE.

STEEL PIPE IS INSERTED DURING INSTALLATION AND SECURED WITH EXPANDING POLYMERIC RESIN FOAM.CONCRETE FOOTING (AS REQUIRED BY LOCAL LAW).

Price does not include an installation pipe, letters and logo. ","MS-MOD053-0001,MS-MOD053-0002","1","0","visible","none","1","10","","Texture — Sandblast,Texture — Freestyle,Texture — Quarzputz,Texture — Sandpebble,Texture — Sandpebble Fine,Texture — Mojave,Texture — Finesse,Texture — Coral,Texture — Coral Light","","3dsignfactory.com,3dsignfactory.us,royalfoam.art","","MS-MOD053","MS-MOD053-0001,MS-MOD053-0002","{""3dsignfactory.com"": ""3D Sign Factory"", ""3dsignfactory.us"": ""3D Sign Factory"", ""royalfoam.art"": ""Royal Foam Art Design""}","","{""3dsignfactory.com"": """", ""3dsignfactory.us"": """", ""royalfoam.art"": """"}","new","USD","Foam Monument Signs","","","","","","","Sandblast | Freestyle | Quarzputz | Sandpebble | Sandpebble Fine | Mojave | Finesse | Coral | Coral Light","","","","","","","","https://v5.airtableusercontent.com/v3/u/57/57/1789048800000/ZS5J5SLP69sD0kpeqI637Q/maKtLf8JSR3b0xXXs9NPW_Y3JV0wp5jqhcPvgtPBZ8CjI17-aEsDwd0vC1NZxyHjKpGCspD3GLfm7_3xLwgOkTrlivcAz_Ms1qLrnb-xbgxm74Uw6tROO3L3jIsVgA3Agy5Tz39PkeWdPd6cSt3pr7ynhxb8EAxvsV7IE2cc_kY/aD89oSOmmobEehqN4vQan-zgkaozsW6SZNqdDcII6vU","","NEEDS_REVIEW","Images use temporary Airtable URLs"
"Monument Sign MS 054 — MS-MOD054","Monument Sign MS 054","variable","MS-MOD054","Foam Monument Signs","MS 054.webp (https://v5.airtableusercontent.com/v3/u/57/57/1789048800000/Rxylx4K-MTg65-pRs8mXMQ/_tzqddEoHuvniij7R_aEVFhRwz-P9Ve604ZY8K0o91ueEUtSPBXMlo_Kh3yPmAVTyXa2zUDIkqk7BqulbFwUCXKA07TxJfQ5qUGalcl4wXXyF59oTJHAvnDQxMb1drhC_3VTArZCAr8XSbfNzEaJhjPa_dtX0jtAEAdYK5sxbvA/aj5jD95yMYZvoUpgzZw5rispMb0SvgM83RYmPiXzTho)","","Classic monument sign models","Our stucco monument signs are fabricated in what is commonly referred to in the construction industry as an EIFS stucco system. Here are the technical details and materials used in architectural sign fabrication.

 

CORE OF STRUCTURE IS MOLDED EXPANDED POLYSTYRENE (1#CF).

FAST CURE URETHANE, IMPACT RESISTANT SAFEGUARD-COATING™.

TEXTURED FINISHED SURFACE IS 100% AGGREGATED ACRYLIC.

3″ OR 4″ PVC (SCHEDULE 40) PIPE IS BONDED INTO CENTER OF STRUCTURE.

STEEL PIPE IS INSERTED DURING INSTALLATION AND SECURED WITH EXPANDING POLYMERIC RESIN FOAM.CONCRETE FOOTING (AS REQUIRED BY LOCAL LAW).

Price does not include an installation pipe, letters and logo. ","MS-MOD054-0001,MS-MOD054-0002","1","0","visible","none","1","10","","Texture — Sandblast,Texture — Freestyle,Texture — Quarzputz,Texture — Sandpebble,Texture — Sandpebble Fine,Texture — Mojave,Texture — Finesse,Texture — Coral,Texture — Coral Light","","3dsignfactory.com,3dsignfactory.us,royalfoam.art","","MS-MOD054","MS-MOD054-0001,MS-MOD054-0002","{""3dsignfactory.com"": ""3D Sign Factory"", ""3dsignfactory.us"": ""3D Sign Factory"", ""royalfoam.art"": ""Royal Foam Art Design""}","","{""3dsignfactory.com"": """", ""3dsignfactory.us"": """", ""royalfoam.art"": """"}","new","USD","Foam Monument Signs","","","","","","","Sandblast | Freestyle | Quarzputz | Sandpebble | Sandpebble Fine | Mojave | Finesse | Coral | Coral Light","","","","","","","","https://v5.airtableusercontent.com/v3/u/57/57/1789048800000/Rxylx4K-MTg65-pRs8mXMQ/_tzqddEoHuvniij7R_aEVFhRwz-P9Ve604ZY8K0o91ueEUtSPBXMlo_Kh3yPmAVTyXa2zUDIkqk7BqulbFwUCXKA07TxJfQ5qUGalcl4wXXyF59oTJHAvnDQxMb1drhC_3VTArZCAr8XSbfNzEaJhjPa_dtX0jtAEAdYK5sxbvA/aj5jD95yMYZvoUpgzZw5rispMb0SvgM83RYmPiXzTho","","NEEDS_REVIEW","Images use temporary Airtable URLs"
"Monument Sign MS 055 — MS-MOD055","Monument Sign MS 055","variable","MS-MOD055","Foam Monument Signs","MS 055.webp (https://v5.airtableusercontent.com/v3/u/57/57/1789048800000/4Zxme1BVk9b3_bDL4tgQeQ/cryz79mDgPeIUgnGsgbf5QxuJBGjhQeVxJI-jf-eZ6tcPX8cPHv1KMjNmdk2M_gL4GdI1ZZL0TUzS2MoXVkywOny9OzUW_CCfimMIUsyqRVMvVFMW2FvlKD7kjpJQ1U0kEMfiE7OSh-JHIUd7cdab-xhlck_Pqcky1KyLSd1Ct4/4nvzQ0WugopOzjpqRKBvQ3jk_LtKVnVfr59ZLQhxhLI)","","Classic monument sign models","Our stucco monument signs are fabricated in what is commonly referred to in the construction industry as an EIFS stucco system. Here are the technical details and materials used in architectural sign fabrication.

 

CORE OF STRUCTURE IS MOLDED EXPANDED POLYSTYRENE (1#CF).

FAST CURE URETHANE, IMPACT RESISTANT SAFEGUARD-COATING™.

TEXTURED FINISHED SURFACE IS 100% AGGREGATED ACRYLIC.

3″ OR 4″ PVC (SCHEDULE 40) PIPE IS BONDED INTO CENTER OF STRUCTURE.

STEEL PIPE IS INSERTED DURING INSTALLATION AND SECURED WITH EXPANDING POLYMERIC RESIN FOAM.CONCRETE FOOTING (AS REQUIRED BY LOCAL LAW).

Price does not include an installation pipe, letters and logo. ","MS-MOD055-0001,MS-MOD055-0002","1","0","visible","none","1","10","","Texture — Sandblast,Texture — Freestyle,Texture — Quarzputz,Texture — Sandpebble,Texture — Sandpebble Fine,Texture — Mojave,Texture — Finesse,Texture — Coral,Texture — Coral Light","","3dsignfactory.com,3dsignfactory.us,royalfoam.art","","MS-MOD055","MS-MOD055-0001,MS-MOD055-0002","{""3dsignfactory.com"": ""3D Sign Factory"", ""3dsignfactory.us"": ""3D Sign Factory"", ""royalfoam.art"": ""Royal Foam Art Design""}","","{""3dsignfactory.com"": """", ""3dsignfactory.us"": """", ""royalfoam.art"": """"}","new","USD","Foam Monument Signs","","","","","","","Sandblast | Freestyle | Quarzputz | Sandpebble | Sandpebble Fine | Mojave | Finesse | Coral | Coral Light","","","","","","","","https://v5.airtableusercontent.com/v3/u/57/57/1789048800000/4Zxme1BVk9b3_bDL4tgQeQ/cryz79mDgPeIUgnGsgbf5QxuJBGjhQeVxJI-jf-eZ6tcPX8cPHv1KMjNmdk2M_gL4GdI1ZZL0TUzS2MoXVkywOny9OzUW_CCfimMIUsyqRVMvVFMW2FvlKD7kjpJQ1U0kEMfiE7OSh-JHIUd7cdab-xhlck_Pqcky1KyLSd1Ct4/4nvzQ0WugopOzjpqRKBvQ3jk_LtKVnVfr59ZLQhxhLI","","NEEDS_REVIEW","Images use temporary Airtable URLs"
"Monument Sign MS 056 — MS-MOD056","Monument Sign MS 056","variable","MS-MOD056","Foam Monument Signs","MS 056.webp (https://v5.airtableusercontent.com/v3/u/57/57/1789048800000/uCZCUg-2Ba5G2D-Ad1hxjQ/Tc8A0nytQLdciP05OzOE4SqBsfdrbyFB9vGYjoIdQhEL_Yt2aAIWAaUeIewXynKyImiYWFcgyeYynlY2BnjPDLqeJBCgc2QEt3avKTUYn5IJf3zjKkcoDjjxgSeQY1wXyy0Z4ShUs8lpQs2ytTTEjoWlOqgRnsyDYC3mUBRTiA8/7gPUKxREW1O9FvdJU5aJtc-lbSljnw0HQZNvzX0LabI)","","Classic monument sign models","Our stucco monument signs are fabricated in what is commonly referred to in the construction industry as an EIFS stucco system. Here are the technical details and materials used in architectural sign fabrication.

 

CORE OF STRUCTURE IS MOLDED EXPANDED POLYSTYRENE (1#CF).

FAST CURE URETHANE, IMPACT RESISTANT SAFEGUARD-COATING™.

TEXTURED FINISHED SURFACE IS 100% AGGREGATED ACRYLIC.

3″ OR 4″ PVC (SCHEDULE 40) PIPE IS BONDED INTO CENTER OF STRUCTURE.

STEEL PIPE IS INSERTED DURING INSTALLATION AND SECURED WITH EXPANDING POLYMERIC RESIN FOAM.CONCRETE FOOTING (AS REQUIRED BY LOCAL LAW).

Price does not include an installation pipe, letters and logo. ","MS-MOD056-0001,MS-MOD056-0002","1","0","visible","none","1","10","","Texture — Sandblast,Texture — Freestyle,Texture — Quarzputz,Texture — Sandpebble,Texture — Sandpebble Fine,Texture — Mojave,Texture — Finesse,Texture — Coral,Texture — Coral Light","","3dsignfactory.com,3dsignfactory.us,royalfoam.art","","MS-MOD056","MS-MOD056-0001,MS-MOD056-0002","{""3dsignfactory.com"": ""3D Sign Factory"", ""3dsignfactory.us"": ""3D Sign Factory"", ""royalfoam.art"": ""Royal Foam Art Design""}","","{""3dsignfactory.com"": """", ""3dsignfactory.us"": """", ""royalfoam.art"": """"}","new","USD","Foam Monument Signs","","","","","","","Sandblast | Freestyle | Quarzputz | Sandpebble | Sandpebble Fine | Mojave | Finesse | Coral | Coral Light","","","","","","","","https://v5.airtableusercontent.com/v3/u/57/57/1789048800000/uCZCUg-2Ba5G2D-Ad1hxjQ/Tc8A0nytQLdciP05OzOE4SqBsfdrbyFB9vGYjoIdQhEL_Yt2aAIWAaUeIewXynKyImiYWFcgyeYynlY2BnjPDLqeJBCgc2QEt3avKTUYn5IJf3zjKkcoDjjxgSeQY1wXyy0Z4ShUs8lpQs2ytTTEjoWlOqgRnsyDYC3mUBRTiA8/7gPUKxREW1O9FvdJU5aJtc-lbSljnw0HQZNvzX0LabI","","NEEDS_REVIEW","Images use temporary Airtable URLs"
"Monument Sign MS 057 — MS-MOD057","Monument Sign MS 057","variable","MS-MOD057","Foam Monument Signs","MS 057.webp (https://v5.airtableusercontent.com/v3/u/57/57/1789048800000/acOcY9M8Pg-uw9CjWHeQMA/vZguW2_1akhIRIw3wTaTFe6x-MnOaT5srQ5AGPGFS6_oRCuAKoyjr16kwNfZ6DXyXlH96U7qJzVNieX3b7WlT7H6dYTNu5k8AnV-iRCvTEaGuRAOF5r5SOeUJ3th4p67-9MLrueTPH075odvinOhR750LiV6R6CH2mIWI6vFUTM/xGWW_lvPKFwolmBeZjYtHZN3a-Khz6sRH0M-mwI0v9g)","","Classic monument sign models","Our stucco monument signs are fabricated in what is commonly referred to in the construction industry as an EIFS stucco system. Here are the technical details and materials used in architectural sign fabrication.

 

CORE OF STRUCTURE IS MOLDED EXPANDED POLYSTYRENE (1#CF).

FAST CURE URETHANE, IMPACT RESISTANT SAFEGUARD-COATING™.

TEXTURED FINISHED SURFACE IS 100% AGGREGATED ACRYLIC.

3″ OR 4″ PVC (SCHEDULE 40) PIPE IS BONDED INTO CENTER OF STRUCTURE.

STEEL PIPE IS INSERTED DURING INSTALLATION AND SECURED WITH EXPANDING POLYMERIC RESIN FOAM.CONCRETE FOOTING (AS REQUIRED BY LOCAL LAW).

Price does not include an installation pipe, letters and logo. ","MS-MOD057-0001,MS-MOD057-0002","1","0","visible","none","1","10","","Texture — Sandblast,Texture — Freestyle,Texture — Quarzputz,Texture — Sandpebble,Texture — Sandpebble Fine,Texture — Mojave,Texture — Finesse,Texture — Coral,Texture — Coral Light","","3dsignfactory.com,3dsignfactory.us,royalfoam.art","","MS-MOD057","MS-MOD057-0001,MS-MOD057-0002","{""3dsignfactory.com"": ""3D Sign Factory"", ""3dsignfactory.us"": ""3D Sign Factory"", ""royalfoam.art"": ""Royal Foam Art Design""}","","{""3dsignfactory.com"": """", ""3dsignfactory.us"": """", ""royalfoam.art"": """"}","new","USD","Foam Monument Signs","","","","","","","Sandblast | Freestyle | Quarzputz | Sandpebble | Sandpebble Fine | Mojave | Finesse | Coral | Coral Light","","","","","","","","https://v5.airtableusercontent.com/v3/u/57/57/1789048800000/acOcY9M8Pg-uw9CjWHeQMA/vZguW2_1akhIRIw3wTaTFe6x-MnOaT5srQ5AGPGFS6_oRCuAKoyjr16kwNfZ6DXyXlH96U7qJzVNieX3b7WlT7H6dYTNu5k8AnV-iRCvTEaGuRAOF5r5SOeUJ3th4p67-9MLrueTPH075odvinOhR750LiV6R6CH2mIWI6vFUTM/xGWW_lvPKFwolmBeZjYtHZN3a-Khz6sRH0M-mwI0v9g","","NEEDS_REVIEW","Images use temporary Airtable URLs"
"Monument Sign MS 058 — MS-MOD058","Monument Sign MS 058","variable","MS-MOD058","Foam Monument Signs","MS 058.webp (https://v5.airtableusercontent.com/v3/u/57/57/1789048800000/mDdBKsUkkhuydzaE_wPVkw/jnMYiM6OCA2TZGKOGmV3F83hpkgaGIflYCW_wqEYIgfinNYtwCHCOhZtrHP4u0JvE9NB9uxydG51c0zL_HbFP_iPrwVjBO1P8agDy9kJEnhtbAZB79YNTtd5CSLr4Oy1iYqDJtsv8_ds9YASEDIo17N1uXR97uFv6JvHBL8Z3CM/uVa9PPPTNsDiCKKWmICleaRVu0jYyPrhJms_YkVHAw0)","","Classic monument sign models","Our stucco monument signs are fabricated in what is commonly referred to in the construction industry as an EIFS stucco system. Here are the technical details and materials used in architectural sign fabrication.

 

CORE OF STRUCTURE IS MOLDED EXPANDED POLYSTYRENE (1#CF).

FAST CURE URETHANE, IMPACT RESISTANT SAFEGUARD-COATING™.

TEXTURED FINISHED SURFACE IS 100% AGGREGATED ACRYLIC.

3″ OR 4″ PVC (SCHEDULE 40) PIPE IS BONDED INTO CENTER OF STRUCTURE.

STEEL PIPE IS INSERTED DURING INSTALLATION AND SECURED WITH EXPANDING POLYMERIC RESIN FOAM.CONCRETE FOOTING (AS REQUIRED BY LOCAL LAW).

Price does not include an installation pipe, letters and logo. ","MS-MOD058-0001,MS-MOD058-0002","1","0","visible","none","1","10","","Texture — Sandblast,Texture — Freestyle,Texture — Quarzputz,Texture — Sandpebble,Texture — Sandpebble Fine,Texture — Mojave,Texture — Finesse,Texture — Coral,Texture — Coral Light","","3dsignfactory.com,3dsignfactory.us,royalfoam.art","","MS-MOD058","MS-MOD058-0001,MS-MOD058-0002","{""3dsignfactory.com"": ""3D Sign Factory"", ""3dsignfactory.us"": ""3D Sign Factory"", ""royalfoam.art"": ""Royal Foam Art Design""}","","{""3dsignfactory.com"": """", ""3dsignfactory.us"": """", ""royalfoam.art"": """"}","new","USD","Foam Monument Signs","","","","","","","Sandblast | Freestyle | Quarzputz | Sandpebble | Sandpebble Fine | Mojave | Finesse | Coral | Coral Light","","","","","","","","https://v5.airtableusercontent.com/v3/u/57/57/1789048800000/mDdBKsUkkhuydzaE_wPVkw/jnMYiM6OCA2TZGKOGmV3F83hpkgaGIflYCW_wqEYIgfinNYtwCHCOhZtrHP4u0JvE9NB9uxydG51c0zL_HbFP_iPrwVjBO1P8agDy9kJEnhtbAZB79YNTtd5CSLr4Oy1iYqDJtsv8_ds9YASEDIo17N1uXR97uFv6JvHBL8Z3CM/uVa9PPPTNsDiCKKWmICleaRVu0jYyPrhJms_YkVHAw0","","NEEDS_REVIEW","Images use temporary Airtable URLs"
"Monument Sign MS 059 — MS-MOD059","Monument Sign MS 059","variable","MS-MOD059","Foam Monument Signs","MS 059.webp (https://v5.airtableusercontent.com/v3/u/57/57/1789048800000/zSbgT-w-4pMssDpQ40npqQ/1iJSRuJMM4rTCqAOTA3JOoI7Rh1w-yWyWr59uA-yQQpWts8VplOwvjuA96cfn5IJDQYpF77lry166hxwcUJ8vR3s11xE1IiMhnNV6SK27e02QnwbczWPqFaLff2bEtV7ub2nBSfrwnRJYQmVLPcIEymJXjp3UdDPizx3-BS_BJI/LmzjdNCojbcUZNxw3kohEysLDe2QjMTB3kckGZp8MPE)","","Classic monument sign models","Our stucco monument signs are fabricated in what is commonly referred to in the construction industry as an EIFS stucco system. Here are the technical details and materials used in architectural sign fabrication.

 

CORE OF STRUCTURE IS MOLDED EXPANDED POLYSTYRENE (1#CF).

FAST CURE URETHANE, IMPACT RESISTANT SAFEGUARD-COATING™.

TEXTURED FINISHED SURFACE IS 100% AGGREGATED ACRYLIC.

3″ OR 4″ PVC (SCHEDULE 40) PIPE IS BONDED INTO CENTER OF STRUCTURE.

STEEL PIPE IS INSERTED DURING INSTALLATION AND SECURED WITH EXPANDING POLYMERIC RESIN FOAM.CONCRETE FOOTING (AS REQUIRED BY LOCAL LAW).

Price does not include an installation pipe, letters and logo. ","MS-MOD059-0001,MS-MOD059-0002","1","0","visible","none","1","10","","Texture — Sandblast,Texture — Freestyle,Texture — Quarzputz,Texture — Sandpebble,Texture — Sandpebble Fine,Texture — Mojave,Texture — Finesse,Texture — Coral,Texture — Coral Light","","3dsignfactory.com,3dsignfactory.us,royalfoam.art","","MS-MOD059","MS-MOD059-0001,MS-MOD059-0002","{""3dsignfactory.com"": ""3D Sign Factory"", ""3dsignfactory.us"": ""3D Sign Factory"", ""royalfoam.art"": ""Royal Foam Art Design""}","","{""3dsignfactory.com"": """", ""3dsignfactory.us"": """", ""royalfoam.art"": """"}","new","USD","Foam Monument Signs","","","","","","","Sandblast | Freestyle | Quarzputz | Sandpebble | Sandpebble Fine | Mojave | Finesse | Coral | Coral Light","","","","","","","","https://v5.airtableusercontent.com/v3/u/57/57/1789048800000/zSbgT-w-4pMssDpQ40npqQ/1iJSRuJMM4rTCqAOTA3JOoI7Rh1w-yWyWr59uA-yQQpWts8VplOwvjuA96cfn5IJDQYpF77lry166hxwcUJ8vR3s11xE1IiMhnNV6SK27e02QnwbczWPqFaLff2bEtV7ub2nBSfrwnRJYQmVLPcIEymJXjp3UdDPizx3-BS_BJI/LmzjdNCojbcUZNxw3kohEysLDe2QjMTB3kckGZp8MPE","","NEEDS_REVIEW","Images use temporary Airtable URLs"
"Monument Sign MS 060 — MS-MOD060","Monument Sign MS 060","variable","MS-MOD060","Foam Monument Signs","MS 060.webp (https://v5.airtableusercontent.com/v3/u/57/57/1789048800000/wW2qFX5IK8hQwmLxhhkdwg/MpjU0pRjW_02icfRT6yfwmUVtr_04JSkHtaJ-6OTygh0OjTc8sdh9a9imMDxdCYCmGFKO117UwKYgiCAsuE0U_NdQNd_QE4kN7Pw9Ac8IJrBw3GLuQHSlrTH7is-g2CKgU4qnF1OfABXk7msmVI7B4shZuApAyFu-GBot4QBz2E/3DFLOhhfhdW0_Hl0zRhCHTUPuxro3Xi3VvGQxkfXlpU)","","Classic monument sign models","Our stucco monument signs are fabricated in what is commonly referred to in the construction industry as an EIFS stucco system. Here are the technical details and materials used in architectural sign fabrication.

 

CORE OF STRUCTURE IS MOLDED EXPANDED POLYSTYRENE (1#CF).

FAST CURE URETHANE, IMPACT RESISTANT SAFEGUARD-COATING™.

TEXTURED FINISHED SURFACE IS 100% AGGREGATED ACRYLIC.

3″ OR 4″ PVC (SCHEDULE 40) PIPE IS BONDED INTO CENTER OF STRUCTURE.

STEEL PIPE IS INSERTED DURING INSTALLATION AND SECURED WITH EXPANDING POLYMERIC RESIN FOAM.CONCRETE FOOTING (AS REQUIRED BY LOCAL LAW).

Price does not include an installation pipe, letters and logo. ","MS-MOD060-0001,MS-MOD060-0002","1","0","visible","none","1","10","","Texture — Sandblast,Texture — Freestyle,Texture — Quarzputz,Texture — Sandpebble,Texture — Sandpebble Fine,Texture — Mojave,Texture — Finesse,Texture — Coral,Texture — Coral Light","","3dsignfactory.com,3dsignfactory.us,royalfoam.art","","MS-MOD060","MS-MOD060-0001,MS-MOD060-0002","{""3dsignfactory.com"": ""3D Sign Factory"", ""3dsignfactory.us"": ""3D Sign Factory"", ""royalfoam.art"": ""Royal Foam Art Design""}","","{""3dsignfactory.com"": """", ""3dsignfactory.us"": """", ""royalfoam.art"": """"}","new","USD","Foam Monument Signs","","","","","","","Sandblast | Freestyle | Quarzputz | Sandpebble | Sandpebble Fine | Mojave | Finesse | Coral | Coral Light","","","","","","","","https://v5.airtableusercontent.com/v3/u/57/57/1789048800000/wW2qFX5IK8hQwmLxhhkdwg/MpjU0pRjW_02icfRT6yfwmUVtr_04JSkHtaJ-6OTygh0OjTc8sdh9a9imMDxdCYCmGFKO117UwKYgiCAsuE0U_NdQNd_QE4kN7Pw9Ac8IJrBw3GLuQHSlrTH7is-g2CKgU4qnF1OfABXk7msmVI7B4shZuApAyFu-GBot4QBz2E/3DFLOhhfhdW0_Hl0zRhCHTUPuxro3Xi3VvGQxkfXlpU","","NEEDS_REVIEW","Images use temporary Airtable URLs"
"Monument Sign MS 061 — MS-MOD061","Monument Sign MS 061","variable","MS-MOD061","Foam Monument Signs","MS 061.webp (https://v5.airtableusercontent.com/v3/u/57/57/1789048800000/oPbUhl206mYikLkxqW9hDA/IdYI919e_sNhG_pkgqQu7fvztTk_dsYlCAYMC9DzpS-lgp_5bwfsj4RRffAXZ5VZnJ69KAw08Nx_XlPf2Kv6eTM6hwhe-SWy36x3CEibcF4pT2021BRvWkABWPcikEYdJ0Bf3flM0N97_m_p5OcQj7SRWSARbzaV3zAX5FbfCws/2EVejRZTfl5JXtBMFz2b93_JE2xVtGAxGGL6vUPbyx0)","","Classic monument sign models","Our stucco monument signs are fabricated in what is commonly referred to in the construction industry as an EIFS stucco system. Here are the technical details and materials used in architectural sign fabrication.

 

CORE OF STRUCTURE IS MOLDED EXPANDED POLYSTYRENE (1#CF).

FAST CURE URETHANE, IMPACT RESISTANT SAFEGUARD-COATING™.

TEXTURED FINISHED SURFACE IS 100% AGGREGATED ACRYLIC.

3″ OR 4″ PVC (SCHEDULE 40) PIPE IS BONDED INTO CENTER OF STRUCTURE.

STEEL PIPE IS INSERTED DURING INSTALLATION AND SECURED WITH EXPANDING POLYMERIC RESIN FOAM.CONCRETE FOOTING (AS REQUIRED BY LOCAL LAW).

Price does not include an installation pipe, letters and logo. ","MS-MOD061-0001,MS-MOD061-0002","1","0","visible","none","1","10","","Texture — Sandblast,Texture — Freestyle,Texture — Quarzputz,Texture — Sandpebble,Texture — Sandpebble Fine,Texture — Mojave,Texture — Finesse,Texture — Coral,Texture — Coral Light","","3dsignfactory.com,3dsignfactory.us,royalfoam.art","","MS-MOD061","MS-MOD061-0001,MS-MOD061-0002","{""3dsignfactory.com"": ""3D Sign Factory"", ""3dsignfactory.us"": ""3D Sign Factory"", ""royalfoam.art"": ""Royal Foam Art Design""}","","{""3dsignfactory.com"": """", ""3dsignfactory.us"": """", ""royalfoam.art"": """"}","new","USD","Foam Monument Signs","","","","","","","Sandblast | Freestyle | Quarzputz | Sandpebble | Sandpebble Fine | Mojave | Finesse | Coral | Coral Light","","","","","","","","https://v5.airtableusercontent.com/v3/u/57/57/1789048800000/oPbUhl206mYikLkxqW9hDA/IdYI919e_sNhG_pkgqQu7fvztTk_dsYlCAYMC9DzpS-lgp_5bwfsj4RRffAXZ5VZnJ69KAw08Nx_XlPf2Kv6eTM6hwhe-SWy36x3CEibcF4pT2021BRvWkABWPcikEYdJ0Bf3flM0N97_m_p5OcQj7SRWSARbzaV3zAX5FbfCws/2EVejRZTfl5JXtBMFz2b93_JE2xVtGAxGGL6vUPbyx0","","NEEDS_REVIEW","Images use temporary Airtable URLs"
"Monument Sign MS 062 — MS-MOD062","Monument Sign MS 062","variable","MS-MOD062","Foam Monument Signs","MS 062.webp (https://v5.airtableusercontent.com/v3/u/57/57/1789048800000/ql3_S0NKwqwkGC7aSNBM7Q/2Owk_-hHK2-IE0cKE6eAqui_9x11m0pKGLDnhIEWJ77EMxhvaHav08YHTJckNE1lByU3SULe9GNbrQhAZ_uYdQHYnw6oNI6EgUEum_XbRoyXgl920B4bloAOaFStTj8iC_GrxFZEv1x-GWMo3lSxQW_m3RPDjc0FN0f_deIcEnE/Ku3WAOtCWsfJu5zV1aZupIvVF020OxkUvJsgLH5eefw)","","Classic monument sign models","Our stucco monument signs are fabricated in what is commonly referred to in the construction industry as an EIFS stucco system. Here are the technical details and materials used in architectural sign fabrication.

 

CORE OF STRUCTURE IS MOLDED EXPANDED POLYSTYRENE (1#CF).

FAST CURE URETHANE, IMPACT RESISTANT SAFEGUARD-COATING™.

TEXTURED FINISHED SURFACE IS 100% AGGREGATED ACRYLIC.

3″ OR 4″ PVC (SCHEDULE 40) PIPE IS BONDED INTO CENTER OF STRUCTURE.

STEEL PIPE IS INSERTED DURING INSTALLATION AND SECURED WITH EXPANDING POLYMERIC RESIN FOAM.CONCRETE FOOTING (AS REQUIRED BY LOCAL LAW).

Price does not include an installation pipe, letters and logo. ","MS-MOD062-0001,MS-MOD062-0002","1","0","visible","none","1","10","","Texture — Sandblast,Texture — Freestyle,Texture — Quarzputz,Texture — Sandpebble,Texture — Sandpebble Fine,Texture — Mojave,Texture — Finesse,Texture — Coral,Texture — Coral Light","","3dsignfactory.com,3dsignfactory.us,royalfoam.art","","MS-MOD062","MS-MOD062-0001,MS-MOD062-0002","{""3dsignfactory.com"": ""3D Sign Factory"", ""3dsignfactory.us"": ""3D Sign Factory"", ""royalfoam.art"": ""Royal Foam Art Design""}","","{""3dsignfactory.com"": """", ""3dsignfactory.us"": """", ""royalfoam.art"": """"}","new","USD","Foam Monument Signs","","","","","","","Sandblast | Freestyle | Quarzputz | Sandpebble | Sandpebble Fine | Mojave | Finesse | Coral | Coral Light","","","","","","","","https://v5.airtableusercontent.com/v3/u/57/57/1789048800000/ql3_S0NKwqwkGC7aSNBM7Q/2Owk_-hHK2-IE0cKE6eAqui_9x11m0pKGLDnhIEWJ77EMxhvaHav08YHTJckNE1lByU3SULe9GNbrQhAZ_uYdQHYnw6oNI6EgUEum_XbRoyXgl920B4bloAOaFStTj8iC_GrxFZEv1x-GWMo3lSxQW_m3RPDjc0FN0f_deIcEnE/Ku3WAOtCWsfJu5zV1aZupIvVF020OxkUvJsgLH5eefw","","NEEDS_REVIEW","Images use temporary Airtable URLs"
"Monument Sign MS 063 — MS-MOD063","Monument Sign MS 063","variable","MS-MOD063","Foam Monument Signs","MS 063.webp (https://v5.airtableusercontent.com/v3/u/57/57/1789048800000/1zCt127SUki_WIz2aMuneQ/z3GFz_AK1iyt8c_5f39_0PHzMb2D585Hd_aOwoGwzQZvyDiyrBZOSle3lplK638XkUe0AbeJYGFp7EHmav5_hHloKQB-W2nykL3Yz7Bd-Pyzup3tFAMSGakn6S-6o9LIPDCEKVJnwysZMM0f87fK_IT4yqxIx91KTxs3gQFfSAA/W6ultBP3RxMOUgNWI3s0ZPWuEAL1IwdCcLZgJQ8TFn0)","","Classic monument sign models","Our stucco monument signs are fabricated in what is commonly referred to in the construction industry as an EIFS stucco system. Here are the technical details and materials used in architectural sign fabrication.

 

CORE OF STRUCTURE IS MOLDED EXPANDED POLYSTYRENE (1#CF).

FAST CURE URETHANE, IMPACT RESISTANT SAFEGUARD-COATING™.

TEXTURED FINISHED SURFACE IS 100% AGGREGATED ACRYLIC.

3″ OR 4″ PVC (SCHEDULE 40) PIPE IS BONDED INTO CENTER OF STRUCTURE.

STEEL PIPE IS INSERTED DURING INSTALLATION AND SECURED WITH EXPANDING POLYMERIC RESIN FOAM.CONCRETE FOOTING (AS REQUIRED BY LOCAL LAW).

Price does not include an installation pipe, letters and logo. ","MS-MOD063-0001,MS-MOD063-0002","1","0","visible","none","1","10","","Texture — Sandblast,Texture — Freestyle,Texture — Quarzputz,Texture — Sandpebble,Texture — Sandpebble Fine,Texture — Mojave,Texture — Finesse,Texture — Coral,Texture — Coral Light","","3dsignfactory.com,3dsignfactory.us,royalfoam.art","","MS-MOD063","MS-MOD063-0001,MS-MOD063-0002","{""3dsignfactory.com"": ""3D Sign Factory"", ""3dsignfactory.us"": ""3D Sign Factory"", ""royalfoam.art"": ""Royal Foam Art Design""}","","{""3dsignfactory.com"": """", ""3dsignfactory.us"": """", ""royalfoam.art"": """"}","new","USD","Foam Monument Signs","","","","","","","Sandblast | Freestyle | Quarzputz | Sandpebble | Sandpebble Fine | Mojave | Finesse | Coral | Coral Light","","","","","","","","https://v5.airtableusercontent.com/v3/u/57/57/1789048800000/1zCt127SUki_WIz2aMuneQ/z3GFz_AK1iyt8c_5f39_0PHzMb2D585Hd_aOwoGwzQZvyDiyrBZOSle3lplK638XkUe0AbeJYGFp7EHmav5_hHloKQB-W2nykL3Yz7Bd-Pyzup3tFAMSGakn6S-6o9LIPDCEKVJnwysZMM0f87fK_IT4yqxIx91KTxs3gQFfSAA/W6ultBP3RxMOUgNWI3s0ZPWuEAL1IwdCcLZgJQ8TFn0","","NEEDS_REVIEW","Images use temporary Airtable URLs"
"Monument Sign MS 064 — MS-MOD064","Monument Sign MS 064","variable","MS-MOD064","Foam Monument Signs","MS 064.webp (https://v5.airtableusercontent.com/v3/u/57/57/1789048800000/Gr9TTueBc8BW530vYxT39w/eMS16S9__t2bY6Vp4rxWyTWJyIhgcVJ5GnHW2skv8jMPFhspNo3Bt4MxWuLFkchzcI6sQU2oNyYCAQVvHMPXhiY6bn1zd6bu69qYIW_oLKK-WJ0FsFouZXOmqL4DzvfABbOy8Fa5qSg_r_hfQESHprhj2HFP4htiL2ds8vQMfds/PG5m3TiOQMh_jethFb-7PIZ7XY5QfghQoDnDmX3u80w)","","Classic monument sign models","Our stucco monument signs are fabricated in what is commonly referred to in the construction industry as an EIFS stucco system. Here are the technical details and materials used in architectural sign fabrication.

 

CORE OF STRUCTURE IS MOLDED EXPANDED POLYSTYRENE (1#CF).

FAST CURE URETHANE, IMPACT RESISTANT SAFEGUARD-COATING™.

TEXTURED FINISHED SURFACE IS 100% AGGREGATED ACRYLIC.

3″ OR 4″ PVC (SCHEDULE 40) PIPE IS BONDED INTO CENTER OF STRUCTURE.

STEEL PIPE IS INSERTED DURING INSTALLATION AND SECURED WITH EXPANDING POLYMERIC RESIN FOAM.CONCRETE FOOTING (AS REQUIRED BY LOCAL LAW).

Price does not include an installation pipe, letters and logo. ","MS-MOD064-0001,MS-MOD064-0002","1","0","visible","none","1","10","","Texture — Sandblast,Texture — Freestyle,Texture — Quarzputz,Texture — Sandpebble,Texture — Sandpebble Fine,Texture — Mojave,Texture — Finesse,Texture — Coral,Texture — Coral Light","","3dsignfactory.com,3dsignfactory.us,royalfoam.art","","MS-MOD064","MS-MOD064-0001,MS-MOD064-0002","{""3dsignfactory.com"": ""3D Sign Factory"", ""3dsignfactory.us"": ""3D Sign Factory"", ""royalfoam.art"": ""Royal Foam Art Design""}","","{""3dsignfactory.com"": """", ""3dsignfactory.us"": """", ""royalfoam.art"": """"}","new","USD","Foam Monument Signs","","","","","","","Sandblast | Freestyle | Quarzputz | Sandpebble | Sandpebble Fine | Mojave | Finesse | Coral | Coral Light","","","","","","","","https://v5.airtableusercontent.com/v3/u/57/57/1789048800000/Gr9TTueBc8BW530vYxT39w/eMS16S9__t2bY6Vp4rxWyTWJyIhgcVJ5GnHW2skv8jMPFhspNo3Bt4MxWuLFkchzcI6sQU2oNyYCAQVvHMPXhiY6bn1zd6bu69qYIW_oLKK-WJ0FsFouZXOmqL4DzvfABbOy8Fa5qSg_r_hfQESHprhj2HFP4htiL2ds8vQMfds/PG5m3TiOQMh_jethFb-7PIZ7XY5QfghQoDnDmX3u80w","","NEEDS_REVIEW","Images use temporary Airtable URLs"
"Monument Sign MS 065 — MS-MOD065","Monument Sign MS 065","variable","MS-MOD065","Foam Monument Signs","MS 065.webp (https://v5.airtableusercontent.com/v3/u/57/57/1789048800000/u7Q8wzRvRP0Q_ssQ-8dm-g/ww5uxxruOV4pgcQJXSkPVf1dxTQYJv51vaZ58xhmL5aigMUlywL7BMIZb542Vjigl9ZOO0e1BU0QFtmNpnS9uNhBIhHKHsMsAN3i6RmxYpu1j0zcR5uuAT3r5YYrcjOuFonXMYKV2UME5RqjCJZZ2hs1fHqmM2nKx52fCfuqo8U/FUiSXaKNOwOcVwsk0lv_g_NoQTKJr1e9EvQG-cPU4Y0)","","Classic monument sign models","Our stucco monument signs are fabricated in what is commonly referred to in the construction industry as an EIFS stucco system. Here are the technical details and materials used in architectural sign fabrication.

 

CORE OF STRUCTURE IS MOLDED EXPANDED POLYSTYRENE (1#CF).

FAST CURE URETHANE, IMPACT RESISTANT SAFEGUARD-COATING™.

TEXTURED FINISHED SURFACE IS 100% AGGREGATED ACRYLIC.

3″ OR 4″ PVC (SCHEDULE 40) PIPE IS BONDED INTO CENTER OF STRUCTURE.

STEEL PIPE IS INSERTED DURING INSTALLATION AND SECURED WITH EXPANDING POLYMERIC RESIN FOAM.CONCRETE FOOTING (AS REQUIRED BY LOCAL LAW).

Price does not include an installation pipe, letters and logo. ","MS-MOD065-0001,MS-MOD065-0002","1","0","visible","none","1","10","","Texture — Sandblast,Texture — Freestyle,Texture — Quarzputz,Texture — Sandpebble,Texture — Sandpebble Fine,Texture — Mojave,Texture — Finesse,Texture — Coral,Texture — Coral Light","","3dsignfactory.com,3dsignfactory.us,royalfoam.art","","MS-MOD065","MS-MOD065-0001,MS-MOD065-0002","{""3dsignfactory.com"": ""3D Sign Factory"", ""3dsignfactory.us"": ""3D Sign Factory"", ""royalfoam.art"": ""Royal Foam Art Design""}","","{""3dsignfactory.com"": """", ""3dsignfactory.us"": """", ""royalfoam.art"": """"}","new","USD","Foam Monument Signs","","","","","","","Sandblast | Freestyle | Quarzputz | Sandpebble | Sandpebble Fine | Mojave | Finesse | Coral | Coral Light","","","","","","","","https://v5.airtableusercontent.com/v3/u/57/57/1789048800000/u7Q8wzRvRP0Q_ssQ-8dm-g/ww5uxxruOV4pgcQJXSkPVf1dxTQYJv51vaZ58xhmL5aigMUlywL7BMIZb542Vjigl9ZOO0e1BU0QFtmNpnS9uNhBIhHKHsMsAN3i6RmxYpu1j0zcR5uuAT3r5YYrcjOuFonXMYKV2UME5RqjCJZZ2hs1fHqmM2nKx52fCfuqo8U/FUiSXaKNOwOcVwsk0lv_g_NoQTKJr1e9EvQG-cPU4Y0","","NEEDS_REVIEW","Images use temporary Airtable URLs"
"Monument Sign MS 066 — MS-MOD066","Monument Sign MS 066","variable","MS-MOD066","Foam Monument Signs","MS 066.webp (https://v5.airtableusercontent.com/v3/u/57/57/1789048800000/lrdS33pW_nB0wBRU6gVCsA/eTybGVqzKNRWhcs4UWhakhU08ke5v70WRkdPf1ZuPvG1Qc5ib5jBKkhyFkqAJV7KIC49cM9IiqJ4zIurQXh_lWLK1KO60AHozSxY7hwb9syQyEjhj2qrk79FwFcRrsiOakt1OM65YBkbtq6dh4QwOpnDnUVg9Jk6E5FgnJWw4Rs/ROUOEa5sdDwMecReD0384QluNWIm7OfNaOJwRpQQKcc)","","Classic monument sign models","Our stucco monument signs are fabricated in what is commonly referred to in the construction industry as an EIFS stucco system. Here are the technical details and materials used in architectural sign fabrication.

 

CORE OF STRUCTURE IS MOLDED EXPANDED POLYSTYRENE (1#CF).

FAST CURE URETHANE, IMPACT RESISTANT SAFEGUARD-COATING™.

TEXTURED FINISHED SURFACE IS 100% AGGREGATED ACRYLIC.

3″ OR 4″ PVC (SCHEDULE 40) PIPE IS BONDED INTO CENTER OF STRUCTURE.

STEEL PIPE IS INSERTED DURING INSTALLATION AND SECURED WITH EXPANDING POLYMERIC RESIN FOAM.CONCRETE FOOTING (AS REQUIRED BY LOCAL LAW).

Price does not include an installation pipe, letters and logo. ","MS-MOD066-0001,MS-MOD066-0002","1","0","visible","none","1","10","","Texture — Sandblast,Texture — Freestyle,Texture — Quarzputz,Texture — Sandpebble,Texture — Sandpebble Fine,Texture — Mojave,Texture — Finesse,Texture — Coral,Texture — Coral Light","","3dsignfactory.com,3dsignfactory.us,royalfoam.art","","MS-MOD066","MS-MOD066-0001,MS-MOD066-0002","{""3dsignfactory.com"": ""3D Sign Factory"", ""3dsignfactory.us"": ""3D Sign Factory"", ""royalfoam.art"": ""Royal Foam Art Design""}","","{""3dsignfactory.com"": """", ""3dsignfactory.us"": """", ""royalfoam.art"": """"}","new","USD","Foam Monument Signs","","","","","","","Sandblast | Freestyle | Quarzputz | Sandpebble | Sandpebble Fine | Mojave | Finesse | Coral | Coral Light","","","","","","","","https://v5.airtableusercontent.com/v3/u/57/57/1789048800000/lrdS33pW_nB0wBRU6gVCsA/eTybGVqzKNRWhcs4UWhakhU08ke5v70WRkdPf1ZuPvG1Qc5ib5jBKkhyFkqAJV7KIC49cM9IiqJ4zIurQXh_lWLK1KO60AHozSxY7hwb9syQyEjhj2qrk79FwFcRrsiOakt1OM65YBkbtq6dh4QwOpnDnUVg9Jk6E5FgnJWw4Rs/ROUOEa5sdDwMecReD0384QluNWIm7OfNaOJwRpQQKcc","","NEEDS_REVIEW","Images use temporary Airtable URLs"
"Monument Sign MS 067 — MS-MOD067","Monument Sign MS 067","variable","MS-MOD067","Foam Monument Signs","MS 067.webp (https://v5.airtableusercontent.com/v3/u/57/57/1789048800000/umrkmXT8ih7VdkqjzK_BqQ/2wI780zQTTXRJTSv4iClzSS9_zM3cSWwWNfpwjLKIXiaWQ7saQCssyhB4Rynk1L7MkzgCVrU1lYfmTVRSY0G1P6-vCo9O6Ni_3fiEFD_tb0A3ZEzkk39-VaJTmlu_owlOPNEP8TaSaNWQuJIRa1rPHEDrIcFluc1ofnSElOyJZ4/e2Y6b4uLygoXHrFlkAiJrzj3am2EwmPoyzni7D2ljC4)","","Classic monument sign models","Our stucco monument signs are fabricated in what is commonly referred to in the construction industry as an EIFS stucco system. Here are the technical details and materials used in architectural sign fabrication.

 

CORE OF STRUCTURE IS MOLDED EXPANDED POLYSTYRENE (1#CF).

FAST CURE URETHANE, IMPACT RESISTANT SAFEGUARD-COATING™.

TEXTURED FINISHED SURFACE IS 100% AGGREGATED ACRYLIC.

3″ OR 4″ PVC (SCHEDULE 40) PIPE IS BONDED INTO CENTER OF STRUCTURE.

STEEL PIPE IS INSERTED DURING INSTALLATION AND SECURED WITH EXPANDING POLYMERIC RESIN FOAM.CONCRETE FOOTING (AS REQUIRED BY LOCAL LAW).

Price does not include an installation pipe, letters and logo. ","MS-MOD067-0001,MS-MOD067-0002","1","0","visible","none","1","10","","Texture — Sandblast,Texture — Freestyle,Texture — Quarzputz,Texture — Sandpebble,Texture — Sandpebble Fine,Texture — Mojave,Texture — Finesse,Texture — Coral,Texture — Coral Light","","3dsignfactory.com,3dsignfactory.us,royalfoam.art","","MS-MOD067","MS-MOD067-0001,MS-MOD067-0002","{""3dsignfactory.com"": ""3D Sign Factory"", ""3dsignfactory.us"": ""3D Sign Factory"", ""royalfoam.art"": ""Royal Foam Art Design""}","","{""3dsignfactory.com"": """", ""3dsignfactory.us"": """", ""royalfoam.art"": """"}","new","USD","Foam Monument Signs","","","","","","","Sandblast | Freestyle | Quarzputz | Sandpebble | Sandpebble Fine | Mojave | Finesse | Coral | Coral Light","","","","","","","","https://v5.airtableusercontent.com/v3/u/57/57/1789048800000/umrkmXT8ih7VdkqjzK_BqQ/2wI780zQTTXRJTSv4iClzSS9_zM3cSWwWNfpwjLKIXiaWQ7saQCssyhB4Rynk1L7MkzgCVrU1lYfmTVRSY0G1P6-vCo9O6Ni_3fiEFD_tb0A3ZEzkk39-VaJTmlu_owlOPNEP8TaSaNWQuJIRa1rPHEDrIcFluc1ofnSElOyJZ4/e2Y6b4uLygoXHrFlkAiJrzj3am2EwmPoyzni7D2ljC4","","NEEDS_REVIEW","Images use temporary Airtable URLs"
"Monument Sign MS 068 — MS-MOD068","Monument Sign MS 068","variable","MS-MOD068","Foam Monument Signs","MS 068.webp (https://v5.airtableusercontent.com/v3/u/57/57/1789048800000/rFWE7oW7clS1a4WxKqyMPQ/ngwDCKEWMyJUC0h-2MtsdWjjjaT7wKvGlz7uBpzhJljraEzYmPOduGzhR6dmfQ7p7GmmgFY5AzIFCiKrNcWzQw3317B_igpGlvc3NUjfr0vrxhmpVotTOo2QwQPxUEB98lV_K4LX915waAV-MnYcf3_mDiGHJ3D7683mIhRHg6A/yz5vpFVB1pCbzOb99rDBepv2iR0EfnE7fErfTZRibDY)","","Classic monument sign models","Our stucco monument signs are fabricated in what is commonly referred to in the construction industry as an EIFS stucco system. Here are the technical details and materials used in architectural sign fabrication.

 

CORE OF STRUCTURE IS MOLDED EXPANDED POLYSTYRENE (1#CF).

FAST CURE URETHANE, IMPACT RESISTANT SAFEGUARD-COATING™.

TEXTURED FINISHED SURFACE IS 100% AGGREGATED ACRYLIC.

3″ OR 4″ PVC (SCHEDULE 40) PIPE IS BONDED INTO CENTER OF STRUCTURE.

STEEL PIPE IS INSERTED DURING INSTALLATION AND SECURED WITH EXPANDING POLYMERIC RESIN FOAM.CONCRETE FOOTING (AS REQUIRED BY LOCAL LAW).

Price does not include an installation pipe, letters and logo. ","MS-MOD068-0001,MS-MOD068-0002","1","0","visible","none","1","10","","Texture — Sandblast,Texture — Freestyle,Texture — Quarzputz,Texture — Sandpebble,Texture — Sandpebble Fine,Texture — Mojave,Texture — Finesse,Texture — Coral,Texture — Coral Light","","3dsignfactory.com,3dsignfactory.us,royalfoam.art","","MS-MOD068","MS-MOD068-0001,MS-MOD068-0002","{""3dsignfactory.com"": ""3D Sign Factory"", ""3dsignfactory.us"": ""3D Sign Factory"", ""royalfoam.art"": ""Royal Foam Art Design""}","","{""3dsignfactory.com"": """", ""3dsignfactory.us"": """", ""royalfoam.art"": """"}","new","USD","Foam Monument Signs","","","","","","","Sandblast | Freestyle | Quarzputz | Sandpebble | Sandpebble Fine | Mojave | Finesse | Coral | Coral Light","","","","","","","","https://v5.airtableusercontent.com/v3/u/57/57/1789048800000/rFWE7oW7clS1a4WxKqyMPQ/ngwDCKEWMyJUC0h-2MtsdWjjjaT7wKvGlz7uBpzhJljraEzYmPOduGzhR6dmfQ7p7GmmgFY5AzIFCiKrNcWzQw3317B_igpGlvc3NUjfr0vrxhmpVotTOo2QwQPxUEB98lV_K4LX915waAV-MnYcf3_mDiGHJ3D7683mIhRHg6A/yz5vpFVB1pCbzOb99rDBepv2iR0EfnE7fErfTZRibDY","","NEEDS_REVIEW","Images use temporary Airtable URLs"
"Monument Sign MS 069 — MS-MOD069","Monument Sign MS 069","variable","MS-MOD069","Foam Monument Signs","MS 069.webp (https://v5.airtableusercontent.com/v3/u/57/57/1789048800000/xGaF_gVjsp7nz_Fa_9ImZQ/oevROp6o5OaubLaphREvio-79QR0pm7uCzapVZLMxpFaKZv6nGQDES2UsxE7BvOIQyyAzSGPkzSdR6gR5UirobnitgBL9NhKGTumi1oTbujcUYhzkIjFfElG2zJFopTmKIHPYWdHMz4E2l9NrGgMyjp_aWyYQUiuCY_1FQxRI2A/SkH2i0cHisYAEeBlM88xAMaDjJ1C-h_ADsRoPJnRLpc)","","Classic monument sign models","Our stucco monument signs are fabricated in what is commonly referred to in the construction industry as an EIFS stucco system. Here are the technical details and materials used in architectural sign fabrication.

 

CORE OF STRUCTURE IS MOLDED EXPANDED POLYSTYRENE (1#CF).

FAST CURE URETHANE, IMPACT RESISTANT SAFEGUARD-COATING™.

TEXTURED FINISHED SURFACE IS 100% AGGREGATED ACRYLIC.

3″ OR 4″ PVC (SCHEDULE 40) PIPE IS BONDED INTO CENTER OF STRUCTURE.

STEEL PIPE IS INSERTED DURING INSTALLATION AND SECURED WITH EXPANDING POLYMERIC RESIN FOAM.CONCRETE FOOTING (AS REQUIRED BY LOCAL LAW).

Price does not include an installation pipe, letters and logo. ","MS-MOD069-0001,MS-MOD069-0002","1","0","visible","none","1","10","","Texture — Sandblast,Texture — Freestyle,Texture — Quarzputz,Texture — Sandpebble,Texture — Sandpebble Fine,Texture — Mojave,Texture — Finesse,Texture — Coral,Texture — Coral Light","","3dsignfactory.com,3dsignfactory.us,royalfoam.art","","MS-MOD069","MS-MOD069-0001,MS-MOD069-0002","{""3dsignfactory.com"": ""3D Sign Factory"", ""3dsignfactory.us"": ""3D Sign Factory"", ""royalfoam.art"": ""Royal Foam Art Design""}","","{""3dsignfactory.com"": """", ""3dsignfactory.us"": """", ""royalfoam.art"": """"}","new","USD","Foam Monument Signs","","","","","","","Sandblast | Freestyle | Quarzputz | Sandpebble | Sandpebble Fine | Mojave | Finesse | Coral | Coral Light","","","","","","","","https://v5.airtableusercontent.com/v3/u/57/57/1789048800000/xGaF_gVjsp7nz_Fa_9ImZQ/oevROp6o5OaubLaphREvio-79QR0pm7uCzapVZLMxpFaKZv6nGQDES2UsxE7BvOIQyyAzSGPkzSdR6gR5UirobnitgBL9NhKGTumi1oTbujcUYhzkIjFfElG2zJFopTmKIHPYWdHMz4E2l9NrGgMyjp_aWyYQUiuCY_1FQxRI2A/SkH2i0cHisYAEeBlM88xAMaDjJ1C-h_ADsRoPJnRLpc","","NEEDS_REVIEW","Images use temporary Airtable URLs"
"Monument Sign MS 070 — MS-MOD070","Monument Sign MS 070","variable","MS-MOD070","Foam Monument Signs","MS 070.webp (https://v5.airtableusercontent.com/v3/u/57/57/1789048800000/61li8YZSAFJIR9AI-NkEQw/b-Nf5g7aIBPeEclfsgph-NRtr2W1HxwJ9wrVO2VhmPWnzrinDqfgYxyMubJ2SJKUFN4PchR83StkeowygBcaNydxD9OGc-QWEyR9dVlqoUDUFVStueHdqu0T2vt3QdKeoHRLRs79MGMr_LaheuXiLm-bqHQ6mV4988ISCKzI9Ks/MtQvZgfhqCRzPtaIWj4iByuscPYYe_MzxiJIgOd2aO8)","","Classic monument sign models","Our stucco monument signs are fabricated in what is commonly referred to in the construction industry as an EIFS stucco system. Here are the technical details and materials used in architectural sign fabrication.

 

CORE OF STRUCTURE IS MOLDED EXPANDED POLYSTYRENE (1#CF).

FAST CURE URETHANE, IMPACT RESISTANT SAFEGUARD-COATING™.

TEXTURED FINISHED SURFACE IS 100% AGGREGATED ACRYLIC.

3″ OR 4″ PVC (SCHEDULE 40) PIPE IS BONDED INTO CENTER OF STRUCTURE.

STEEL PIPE IS INSERTED DURING INSTALLATION AND SECURED WITH EXPANDING POLYMERIC RESIN FOAM.CONCRETE FOOTING (AS REQUIRED BY LOCAL LAW).

Price does not include an installation pipe, letters and logo. ","MS-MOD070-0001,MS-MOD070-0002","1","0","visible","none","1","10","","Texture — Sandblast,Texture — Freestyle,Texture — Quarzputz,Texture — Sandpebble,Texture — Sandpebble Fine,Texture — Mojave,Texture — Finesse,Texture — Coral,Texture — Coral Light","","3dsignfactory.com,3dsignfactory.us,royalfoam.art","","MS-MOD070","MS-MOD070-0001,MS-MOD070-0002","{""3dsignfactory.com"": ""3D Sign Factory"", ""3dsignfactory.us"": ""3D Sign Factory"", ""royalfoam.art"": ""Royal Foam Art Design""}","","{""3dsignfactory.com"": """", ""3dsignfactory.us"": """", ""royalfoam.art"": """"}","new","USD","Foam Monument Signs","","","","","","","Sandblast | Freestyle | Quarzputz | Sandpebble | Sandpebble Fine | Mojave | Finesse | Coral | Coral Light","","","","","","","","https://v5.airtableusercontent.com/v3/u/57/57/1789048800000/61li8YZSAFJIR9AI-NkEQw/b-Nf5g7aIBPeEclfsgph-NRtr2W1HxwJ9wrVO2VhmPWnzrinDqfgYxyMubJ2SJKUFN4PchR83StkeowygBcaNydxD9OGc-QWEyR9dVlqoUDUFVStueHdqu0T2vt3QdKeoHRLRs79MGMr_LaheuXiLm-bqHQ6mV4988ISCKzI9Ks/MtQvZgfhqCRzPtaIWj4iByuscPYYe_MzxiJIgOd2aO8","","NEEDS_REVIEW","Images use temporary Airtable URLs"
"Monument Sign MS 071 — MS-MOD071","Monument Sign MS 071","variable","MS-MOD071","Foam Monument Signs","MS 071.webp (https://v5.airtableusercontent.com/v3/u/57/57/1789048800000/W4h54dLDbMinBjRQz3I0Eg/uqbLK9SvMVAKTby2eCYL4QsFj3HLU2gTln8eXXOxLAoK7I7UHnGwwrTknQQ1IBVW291KCobmL4Q3pBbxfi4lTXRBNSXvjZTu61rzXT2DoUJOHHIZhKqBxlDoT0Q0tVo_4Qd79kfS0sxeqOxE3CUwo0sRc88p0o1zITQ6pai8vj0/-T-asnpX7WTSUWEp07peDIxPY4Uo4CUZFF3i7uZW3PU)","","Classic monument sign models","Our stucco monument signs are fabricated in what is commonly referred to in the construction industry as an EIFS stucco system. Here are the technical details and materials used in architectural sign fabrication.

 

CORE OF STRUCTURE IS MOLDED EXPANDED POLYSTYRENE (1#CF).

FAST CURE URETHANE, IMPACT RESISTANT SAFEGUARD-COATING™.

TEXTURED FINISHED SURFACE IS 100% AGGREGATED ACRYLIC.

3″ OR 4″ PVC (SCHEDULE 40) PIPE IS BONDED INTO CENTER OF STRUCTURE.

STEEL PIPE IS INSERTED DURING INSTALLATION AND SECURED WITH EXPANDING POLYMERIC RESIN FOAM.CONCRETE FOOTING (AS REQUIRED BY LOCAL LAW).

Price does not include an installation pipe, letters and logo. ","MS-MOD071-0001,MS-MOD071-0002","1","0","visible","none","1","10","","Texture — Sandblast,Texture — Freestyle,Texture — Quarzputz,Texture — Sandpebble,Texture — Sandpebble Fine,Texture — Mojave,Texture — Finesse,Texture — Coral,Texture — Coral Light","","3dsignfactory.com,3dsignfactory.us,royalfoam.art","","MS-MOD071","MS-MOD071-0001,MS-MOD071-0002","{""3dsignfactory.com"": ""3D Sign Factory"", ""3dsignfactory.us"": ""3D Sign Factory"", ""royalfoam.art"": ""Royal Foam Art Design""}","","{""3dsignfactory.com"": """", ""3dsignfactory.us"": """", ""royalfoam.art"": """"}","new","USD","Foam Monument Signs","","","","","","","Sandblast | Freestyle | Quarzputz | Sandpebble | Sandpebble Fine | Mojave | Finesse | Coral | Coral Light","","","","","","","","https://v5.airtableusercontent.com/v3/u/57/57/1789048800000/W4h54dLDbMinBjRQz3I0Eg/uqbLK9SvMVAKTby2eCYL4QsFj3HLU2gTln8eXXOxLAoK7I7UHnGwwrTknQQ1IBVW291KCobmL4Q3pBbxfi4lTXRBNSXvjZTu61rzXT2DoUJOHHIZhKqBxlDoT0Q0tVo_4Qd79kfS0sxeqOxE3CUwo0sRc88p0o1zITQ6pai8vj0/-T-asnpX7WTSUWEp07peDIxPY4Uo4CUZFF3i7uZW3PU","","NEEDS_REVIEW","Images use temporary Airtable URLs"
"Monument Sign MS 072 — MS-MOD072","Monument Sign MS 072","variable","MS-MOD072","Foam Monument Signs","MS 072.webp (https://v5.airtableusercontent.com/v3/u/57/57/1789048800000/3TU4Bl2o3am7036RUOBCBA/wDqKUdPPWpyHtK_Km4miu0taU599aQC2aT0QKtIMEISkuolABjMNvwOqWQUpVGmajZJsRIn7Z1z-Yr839OboIY0C_sNOfcZUtrfxFnW_9Gx1yzh5-qU22pQ1b6qEBJhzmXx1L5ZaqqGMlk1xd7VgLyc2cyyrkGkTN__YvZxv5DY/ffoHwY0hVzOxWHlqtVqMfDpWoXO1--OkD-seeGnf6R8)","","Classic monument sign models","Our stucco monument signs are fabricated in what is commonly referred to in the construction industry as an EIFS stucco system. Here are the technical details and materials used in architectural sign fabrication.

 

CORE OF STRUCTURE IS MOLDED EXPANDED POLYSTYRENE (1#CF).

FAST CURE URETHANE, IMPACT RESISTANT SAFEGUARD-COATING™.

TEXTURED FINISHED SURFACE IS 100% AGGREGATED ACRYLIC.

3″ OR 4″ PVC (SCHEDULE 40) PIPE IS BONDED INTO CENTER OF STRUCTURE.

STEEL PIPE IS INSERTED DURING INSTALLATION AND SECURED WITH EXPANDING POLYMERIC RESIN FOAM.CONCRETE FOOTING (AS REQUIRED BY LOCAL LAW).

Price does not include an installation pipe, letters and logo. ","MS-MOD072-0001,MS-MOD072-0002","1","0","visible","none","1","10","","Texture — Sandblast,Texture — Freestyle,Texture — Quarzputz,Texture — Sandpebble,Texture — Sandpebble Fine,Texture — Mojave,Texture — Finesse,Texture — Coral,Texture — Coral Light","","3dsignfactory.com,3dsignfactory.us,royalfoam.art","","MS-MOD072","MS-MOD072-0001,MS-MOD072-0002","{""3dsignfactory.com"": ""3D Sign Factory"", ""3dsignfactory.us"": ""3D Sign Factory"", ""royalfoam.art"": ""Royal Foam Art Design""}","","{""3dsignfactory.com"": """", ""3dsignfactory.us"": """", ""royalfoam.art"": """"}","new","USD","Foam Monument Signs","","","","","","","Sandblast | Freestyle | Quarzputz | Sandpebble | Sandpebble Fine | Mojave | Finesse | Coral | Coral Light","","","","","","","","https://v5.airtableusercontent.com/v3/u/57/57/1789048800000/3TU4Bl2o3am7036RUOBCBA/wDqKUdPPWpyHtK_Km4miu0taU599aQC2aT0QKtIMEISkuolABjMNvwOqWQUpVGmajZJsRIn7Z1z-Yr839OboIY0C_sNOfcZUtrfxFnW_9Gx1yzh5-qU22pQ1b6qEBJhzmXx1L5ZaqqGMlk1xd7VgLyc2cyyrkGkTN__YvZxv5DY/ffoHwY0hVzOxWHlqtVqMfDpWoXO1--OkD-seeGnf6R8","","NEEDS_REVIEW","Images use temporary Airtable URLs"
"Monument Sign MS 073 — MS-MOD073","Monument Sign MS 073","variable","MS-MOD073","Foam Monument Signs","MS 073.webp (https://v5.airtableusercontent.com/v3/u/57/57/1789048800000/yEs_DjUCdD55XkHxLBoSiA/iO5XYLcMkFJP07UD8lUS6d9lKocAYMy-kNKlzzF5vFvXxUWm10GcFfUmtfTvWEJLeuV-eivoN4vOJRTBfs7hpCnhfORjtcz-qyw61ZVBkj7J2nt2JkNOUzOSvMB7m5gCvlIBDXHyy82ZZs0foSy6oXK-R8McNoffgmq4QxDznBM/8waEVvZI7k7dC1tJFRABWFcAovvGQml8rpPZAYCYRpY)","","Classic monument sign models","Our stucco monument signs are fabricated in what is commonly referred to in the construction industry as an EIFS stucco system. Here are the technical details and materials used in architectural sign fabrication.

 

CORE OF STRUCTURE IS MOLDED EXPANDED POLYSTYRENE (1#CF).

FAST CURE URETHANE, IMPACT RESISTANT SAFEGUARD-COATING™.

TEXTURED FINISHED SURFACE IS 100% AGGREGATED ACRYLIC.

3″ OR 4″ PVC (SCHEDULE 40) PIPE IS BONDED INTO CENTER OF STRUCTURE.

STEEL PIPE IS INSERTED DURING INSTALLATION AND SECURED WITH EXPANDING POLYMERIC RESIN FOAM.CONCRETE FOOTING (AS REQUIRED BY LOCAL LAW).

Price does not include an installation pipe, letters and logo. ","MS-MOD073-0001,MS-MOD073-0002","1","0","visible","none","1","10","","Texture — Sandblast,Texture — Freestyle,Texture — Quarzputz,Texture — Sandpebble,Texture — Sandpebble Fine,Texture — Mojave,Texture — Finesse,Texture — Coral,Texture — Coral Light","","3dsignfactory.com,3dsignfactory.us,royalfoam.art","","MS-MOD073","MS-MOD073-0001,MS-MOD073-0002","{""3dsignfactory.com"": ""3D Sign Factory"", ""3dsignfactory.us"": ""3D Sign Factory"", ""royalfoam.art"": ""Royal Foam Art Design""}","","{""3dsignfactory.com"": """", ""3dsignfactory.us"": """", ""royalfoam.art"": """"}","new","USD","Foam Monument Signs","","","","","","","Sandblast | Freestyle | Quarzputz | Sandpebble | Sandpebble Fine | Mojave | Finesse | Coral | Coral Light","","","","","","","","https://v5.airtableusercontent.com/v3/u/57/57/1789048800000/yEs_DjUCdD55XkHxLBoSiA/iO5XYLcMkFJP07UD8lUS6d9lKocAYMy-kNKlzzF5vFvXxUWm10GcFfUmtfTvWEJLeuV-eivoN4vOJRTBfs7hpCnhfORjtcz-qyw61ZVBkj7J2nt2JkNOUzOSvMB7m5gCvlIBDXHyy82ZZs0foSy6oXK-R8McNoffgmq4QxDznBM/8waEVvZI7k7dC1tJFRABWFcAovvGQml8rpPZAYCYRpY","","NEEDS_REVIEW","Images use temporary Airtable URLs"
"Monument Sign MS 074 — MS-MOD074","Monument Sign MS 074","variable","MS-MOD074","Foam Monument Signs","MS 074.webp (https://v5.airtableusercontent.com/v3/u/57/57/1789048800000/l-MtRTyafCfQagW-9rq9Qw/cm0VNFi87NhQHuNS-fTm84vngB-y8DjsqEZZ9wpQeQD5zCCSwekKidFmmsOJOmlhfwMcIvFLZjtzhBIaOUtvR1-pNVlhr3-_0b5nF_FXn_v7_eoaB5kxf1AnehU82ZlDogNwxYiq8WU06vnhONitBhYo-wwfz3nJIrH23r0BzRs/Q1B2tI0Z-ZZdpSIN7_9BBGQqRHcu5MLU6U_l_gsKM7E)","","Classic monument sign models","Our stucco monument signs are fabricated in what is commonly referred to in the construction industry as an EIFS stucco system. Here are the technical details and materials used in architectural sign fabrication.

 

CORE OF STRUCTURE IS MOLDED EXPANDED POLYSTYRENE (1#CF).

FAST CURE URETHANE, IMPACT RESISTANT SAFEGUARD-COATING™.

TEXTURED FINISHED SURFACE IS 100% AGGREGATED ACRYLIC.

3″ OR 4″ PVC (SCHEDULE 40) PIPE IS BONDED INTO CENTER OF STRUCTURE.

STEEL PIPE IS INSERTED DURING INSTALLATION AND SECURED WITH EXPANDING POLYMERIC RESIN FOAM.CONCRETE FOOTING (AS REQUIRED BY LOCAL LAW).

Price does not include an installation pipe, letters and logo. ","MS-MOD074-0001,MS-MOD074-0002","1","0","visible","none","1","10","","Texture — Sandblast,Texture — Freestyle,Texture — Quarzputz,Texture — Sandpebble,Texture — Sandpebble Fine,Texture — Mojave,Texture — Finesse,Texture — Coral,Texture — Coral Light","","3dsignfactory.com,3dsignfactory.us,royalfoam.art","","MS-MOD074","MS-MOD074-0001,MS-MOD074-0002","{""3dsignfactory.com"": ""3D Sign Factory"", ""3dsignfactory.us"": ""3D Sign Factory"", ""royalfoam.art"": ""Royal Foam Art Design""}","","{""3dsignfactory.com"": """", ""3dsignfactory.us"": """", ""royalfoam.art"": """"}","new","USD","Foam Monument Signs","","","","","","","Sandblast | Freestyle | Quarzputz | Sandpebble | Sandpebble Fine | Mojave | Finesse | Coral | Coral Light","","","","","","","","https://v5.airtableusercontent.com/v3/u/57/57/1789048800000/l-MtRTyafCfQagW-9rq9Qw/cm0VNFi87NhQHuNS-fTm84vngB-y8DjsqEZZ9wpQeQD5zCCSwekKidFmmsOJOmlhfwMcIvFLZjtzhBIaOUtvR1-pNVlhr3-_0b5nF_FXn_v7_eoaB5kxf1AnehU82ZlDogNwxYiq8WU06vnhONitBhYo-wwfz3nJIrH23r0BzRs/Q1B2tI0Z-ZZdpSIN7_9BBGQqRHcu5MLU6U_l_gsKM7E","","NEEDS_REVIEW","Images use temporary Airtable URLs"
"Monument Sign MS 075 — MS-MOD075","Monument Sign MS 075","variable","MS-MOD075","Foam Monument Signs","MS 075.webp (https://v5.airtableusercontent.com/v3/u/57/57/1789048800000/mq5qn0xKrnaYrqpGlAiaBA/dKt9ElQ30wjnsSugkoLbZWbs8soHDb64jvp4MP1tpa0zLQoYAjuxa6Vob0lfrC20lTNumu8gkRq7hCS4oDVg0KvoGJJG2G5lic5cbSE3hDOs7QSAW09MpY97M2xENt0Iiv5QAO36ELjXKcfHHW3ao2HvBa7NZN2NzFTVWIIdzPI/NO8CRTyMX3uqer2K-IxF9FzijYk8GpL_Ao1bLIfk5Rk)","","Classic monument sign models","Our stucco monument signs are fabricated in what is commonly referred to in the construction industry as an EIFS stucco system. Here are the technical details and materials used in architectural sign fabrication.

 

CORE OF STRUCTURE IS MOLDED EXPANDED POLYSTYRENE (1#CF).

FAST CURE URETHANE, IMPACT RESISTANT SAFEGUARD-COATING™.

TEXTURED FINISHED SURFACE IS 100% AGGREGATED ACRYLIC.

3″ OR 4″ PVC (SCHEDULE 40) PIPE IS BONDED INTO CENTER OF STRUCTURE.

STEEL PIPE IS INSERTED DURING INSTALLATION AND SECURED WITH EXPANDING POLYMERIC RESIN FOAM.CONCRETE FOOTING (AS REQUIRED BY LOCAL LAW).

Price does not include an installation pipe, letters and logo. ","MS-MOD075-0001,MS-MOD075-0002","1","0","visible","none","1","10","","Texture — Sandblast,Texture — Freestyle,Texture — Quarzputz,Texture — Sandpebble,Texture — Sandpebble Fine,Texture — Mojave,Texture — Finesse,Texture — Coral,Texture — Coral Light","","3dsignfactory.com,3dsignfactory.us,royalfoam.art","","MS-MOD075","MS-MOD075-0001,MS-MOD075-0002","{""3dsignfactory.com"": ""3D Sign Factory"", ""3dsignfactory.us"": ""3D Sign Factory"", ""royalfoam.art"": ""Royal Foam Art Design""}","","{""3dsignfactory.com"": """", ""3dsignfactory.us"": """", ""royalfoam.art"": """"}","new","USD","Foam Monument Signs","","","","","","","Sandblast | Freestyle | Quarzputz | Sandpebble | Sandpebble Fine | Mojave | Finesse | Coral | Coral Light","","","","","","","","https://v5.airtableusercontent.com/v3/u/57/57/1789048800000/mq5qn0xKrnaYrqpGlAiaBA/dKt9ElQ30wjnsSugkoLbZWbs8soHDb64jvp4MP1tpa0zLQoYAjuxa6Vob0lfrC20lTNumu8gkRq7hCS4oDVg0KvoGJJG2G5lic5cbSE3hDOs7QSAW09MpY97M2xENt0Iiv5QAO36ELjXKcfHHW3ao2HvBa7NZN2NzFTVWIIdzPI/NO8CRTyMX3uqer2K-IxF9FzijYk8GpL_Ao1bLIfk5Rk","","NEEDS_REVIEW","Images use temporary Airtable URLs"
"Round Plain Column Set - Tuscan Round Cap & Tuscan Base Round — COLSET-MOD001","Round Plain Column Set - Tuscan Round Cap & Tuscan Base Round","variable","COLSET-MOD001","Architectural Сolumn kits","","","Complete round column set","Complete round column set: plain (smooth) shaft with Tuscan Round capital and Tuscan base. Available in 8 shaft diameters and 9 overall heights.","COLSET-MOD001-0001,COLSET-MOD001-0002,COLSET-MOD001-0003,COLSET-MOD001-0004,COLSET-MOD001-0005,COLSET-MOD001-0006,COLSET-MOD001-0007,COLSET-MOD001-0008,COLSET-MOD001-0009,COLSET-MOD001-0010,COLSET-MOD001-0011,COLSET-MOD001-0012,COLSET-MOD001-0013,COLSET-MOD001-0014,COLSET-MOD001-0015,COLSET-MOD001-0016,COLSET-MOD001-0017,COLSET-MOD001-0018,COLSET-MOD001-0019,COLSET-MOD001-0020,COLSET-MOD001-0021,COLSET-MOD001-0022,COLSET-MOD001-0023,COLSET-MOD001-0024,COLSET-MOD001-0025,COLSET-MOD001-0026,COLSET-MOD001-0027,COLSET-MOD001-0028,COLSET-MOD001-0029,COLSET-MOD001-0030,COLSET-MOD001-0031,COLSET-MOD001-0032,COLSET-MOD001-0033,COLSET-MOD001-0034","1","0","visible","none","1","10","","""Diameter — 8"""""",""Diameter — 10"""""",""Diameter — 12"""""",""Diameter — 14"""""",""Diameter — 16"""""",""Diameter — 18"""""",""Diameter — 20"""""",""Diameter — 24"""""",""Height — 96"""""",""Height — 108"""""",""Height — 120"""""",""Height — 144"""""",""Height — 168"""""",""Height — 192"""""",""Height — 216"""""",""Height — 240"""""",""Height — 264"""""",Texture — Sandblast,Texture — Freestyle,Texture — Quarzputz,Texture — Sandpebble,Texture — Sandpebble Fine,Texture — Mojave,Texture — Limestone,Texture — Finesse,Texture — Adobe,Texture — Coral,Texture — Coral Light","","decorativearchitecturalshapes.com,decorativearchitecturalproducts.com","","COLSET-MOD001","COLSET-MOD001-0001,COLSET-MOD001-0002,COLSET-MOD001-0003,COLSET-MOD001-0004,COLSET-MOD001-0005,COLSET-MOD001-0006,COLSET-MOD001-0007,COLSET-MOD001-0008,COLSET-MOD001-0009,COLSET-MOD001-0010,COLSET-MOD001-0011,COLSET-MOD001-0012,COLSET-MOD001-0013,COLSET-MOD001-0014,COLSET-MOD001-0015,COLSET-MOD001-0016,COLSET-MOD001-0017,COLSET-MOD001-0018,COLSET-MOD001-0019,COLSET-MOD001-0020,COLSET-MOD001-0021,COLSET-MOD001-0022,COLSET-MOD001-0023,COLSET-MOD001-0024,COLSET-MOD001-0025,COLSET-MOD001-0026,COLSET-MOD001-0027,COLSET-MOD001-0028,COLSET-MOD001-0029,COLSET-MOD001-0030,COLSET-MOD001-0031,COLSET-MOD001-0032,COLSET-MOD001-0033,COLSET-MOD001-0034","{""decorativearchitecturalproducts.com"": ""Decorative Architectural Products"", ""decorativearchitecturalshapes.com"": ""Decorative Architectural Shapes""}","","{""decorativearchitecturalproducts.com"": """", ""decorativearchitecturalshapes.com"": """"}","new","USD","Architectural Сolumn kits","","","","","","","Sandblast | Freestyle | Quarzputz | Sandpebble | Sandpebble Fine | Mojave | Limestone | Finesse | Adobe | Coral | Coral Light","","","96"" | 108"" | 120"" | 144"" | 168"" | 192"" | 216"" | 240"" | 264""","","","8"" | 10"" | 12"" | 14"" | 16"" | 18"" | 20"" | 24""","","","","NEEDS_REVIEW","Image is missing"
"Round Tapered Column Set - Tuscan Round Cap & Tuscan Base Round — COLSET-MOD002","Round Tapered Column Set - Tuscan Round Cap & Tuscan Base Round","variable","COLSET-MOD002","Architectural Сolumn kits","","","Complete round column set","Complete round column set: classically tapered shaft with Tuscan Round capital and Tuscan base. Solid only — no retrofit cutout. PRICING NOT CONFIRMED BY SOURCE: same Diameter×Height grid as Round Plain (COLSET-MOD001), applied on the assumption that shaft style does not affect set price. Verify before publishing.","COLSET-MOD002-0001,COLSET-MOD002-0002,COLSET-MOD002-0003,COLSET-MOD002-0004,COLSET-MOD002-0005,COLSET-MOD002-0006,COLSET-MOD002-0007,COLSET-MOD002-0008,COLSET-MOD002-0009,COLSET-MOD002-0010,COLSET-MOD002-0011,COLSET-MOD002-0012,COLSET-MOD002-0013,COLSET-MOD002-0014,COLSET-MOD002-0015,COLSET-MOD002-0016,COLSET-MOD002-0017,COLSET-MOD002-0018,COLSET-MOD002-0019,COLSET-MOD002-0020,COLSET-MOD002-0021,COLSET-MOD002-0022,COLSET-MOD002-0023,COLSET-MOD002-0024,COLSET-MOD002-0025,COLSET-MOD002-0026,COLSET-MOD002-0027,COLSET-MOD002-0028,COLSET-MOD002-0029,COLSET-MOD002-0030,COLSET-MOD002-0031,COLSET-MOD002-0032,COLSET-MOD002-0033,COLSET-MOD002-0034","1","0","visible","none","1","10","","""Diameter — 8"""""",""Diameter — 10"""""",""Diameter — 12"""""",""Diameter — 14"""""",""Diameter — 16"""""",""Diameter — 18"""""",""Diameter — 20"""""",""Diameter — 24"""""",""Height — 96"""""",""Height — 108"""""",""Height — 120"""""",""Height — 144"""""",""Height — 168"""""",""Height — 192"""""",""Height — 216"""""",""Height — 240"""""",""Height — 264"""""",Texture — Sandblast,Texture — Freestyle,Texture — Quarzputz,Texture — Sandpebble,Texture — Sandpebble Fine,Texture — Mojave,Texture — Limestone,Texture — Finesse,Texture — Adobe,Texture — Coral,Texture — Coral Light","","decorativearchitecturalshapes.com,decorativearchitecturalproducts.com","","COLSET-MOD002","COLSET-MOD002-0001,COLSET-MOD002-0002,COLSET-MOD002-0003,COLSET-MOD002-0004,COLSET-MOD002-0005,COLSET-MOD002-0006,COLSET-MOD002-0007,COLSET-MOD002-0008,COLSET-MOD002-0009,COLSET-MOD002-0010,COLSET-MOD002-0011,COLSET-MOD002-0012,COLSET-MOD002-0013,COLSET-MOD002-0014,COLSET-MOD002-0015,COLSET-MOD002-0016,COLSET-MOD002-0017,COLSET-MOD002-0018,COLSET-MOD002-0019,COLSET-MOD002-0020,COLSET-MOD002-0021,COLSET-MOD002-0022,COLSET-MOD002-0023,COLSET-MOD002-0024,COLSET-MOD002-0025,COLSET-MOD002-0026,COLSET-MOD002-0027,COLSET-MOD002-0028,COLSET-MOD002-0029,COLSET-MOD002-0030,COLSET-MOD002-0031,COLSET-MOD002-0032,COLSET-MOD002-0033,COLSET-MOD002-0034","{""decorativearchitecturalproducts.com"": ""Decorative Architectural Products"", ""decorativearchitecturalshapes.com"": ""Decorative Architectural Shapes""}","","{""decorativearchitecturalproducts.com"": """", ""decorativearchitecturalshapes.com"": """"}","new","USD","Architectural Сolumn kits","","","","","","","Sandblast | Freestyle | Quarzputz | Sandpebble | Sandpebble Fine | Mojave | Limestone | Finesse | Adobe | Coral | Coral Light","","","96"" | 108"" | 120"" | 144"" | 168"" | 192"" | 216"" | 240"" | 264""","","","8"" | 10"" | 12"" | 14"" | 16"" | 18"" | 20"" | 24""","","","","NEEDS_REVIEW","Image is missing"
"Round Belly Column Set - Tuscan Round Cap & Tuscan Base Round — COLSET-MOD003","Round Belly Column Set - Tuscan Round Cap & Tuscan Base Round","variable","COLSET-MOD003","Architectural Сolumn kits","","","Complete round column set","Complete round column set: traditional full-round belly shaft with Tuscan Round capital and Tuscan base. Solid only — no retrofit cutout. PRICING NOT CONFIRMED BY SOURCE: same Diameter×Height grid as Round Plain (COLSET-MOD001), applied on the assumption that shaft style does not affect set price. Verify before publishing.","COLSET-MOD003-0001,COLSET-MOD003-0002,COLSET-MOD003-0003,COLSET-MOD003-0004,COLSET-MOD003-0005,COLSET-MOD003-0006,COLSET-MOD003-0007,COLSET-MOD003-0008,COLSET-MOD003-0009,COLSET-MOD003-0010,COLSET-MOD003-0011,COLSET-MOD003-0012,COLSET-MOD003-0013,COLSET-MOD003-0014,COLSET-MOD003-0015,COLSET-MOD003-0016,COLSET-MOD003-0017,COLSET-MOD003-0018,COLSET-MOD003-0019,COLSET-MOD003-0020,COLSET-MOD003-0021,COLSET-MOD003-0022,COLSET-MOD003-0023,COLSET-MOD003-0024,COLSET-MOD003-0025,COLSET-MOD003-0026,COLSET-MOD003-0027,COLSET-MOD003-0028,COLSET-MOD003-0029,COLSET-MOD003-0030,COLSET-MOD003-0031,COLSET-MOD003-0032,COLSET-MOD003-0033,COLSET-MOD003-0034","1","0","visible","none","1","10","","""Diameter — 8"""""",""Diameter — 10"""""",""Diameter — 12"""""",""Diameter — 14"""""",""Diameter — 16"""""",""Diameter — 18"""""",""Diameter — 20"""""",""Diameter — 24"""""",""Height — 96"""""",""Height — 108"""""",""Height — 120"""""",""Height — 144"""""",""Height — 168"""""",""Height — 192"""""",""Height — 216"""""",""Height — 240"""""",""Height — 264"""""",Texture — Sandblast,Texture — Freestyle,Texture — Quarzputz,Texture — Sandpebble,Texture — Sandpebble Fine,Texture — Mojave,Texture — Limestone,Texture — Finesse,Texture — Adobe,Texture — Coral,Texture — Coral Light","","decorativearchitecturalshapes.com,decorativearchitecturalproducts.com","","COLSET-MOD003","COLSET-MOD003-0001,COLSET-MOD003-0002,COLSET-MOD003-0003,COLSET-MOD003-0004,COLSET-MOD003-0005,COLSET-MOD003-0006,COLSET-MOD003-0007,COLSET-MOD003-0008,COLSET-MOD003-0009,COLSET-MOD003-0010,COLSET-MOD003-0011,COLSET-MOD003-0012,COLSET-MOD003-0013,COLSET-MOD003-0014,COLSET-MOD003-0015,COLSET-MOD003-0016,COLSET-MOD003-0017,COLSET-MOD003-0018,COLSET-MOD003-0019,COLSET-MOD003-0020,COLSET-MOD003-0021,COLSET-MOD003-0022,COLSET-MOD003-0023,COLSET-MOD003-0024,COLSET-MOD003-0025,COLSET-MOD003-0026,COLSET-MOD003-0027,COLSET-MOD003-0028,COLSET-MOD003-0029,COLSET-MOD003-0030,COLSET-MOD003-0031,COLSET-MOD003-0032,COLSET-MOD003-0033,COLSET-MOD003-0034","{""decorativearchitecturalproducts.com"": ""Decorative Architectural Products"", ""decorativearchitecturalshapes.com"": ""Decorative Architectural Shapes""}","","{""decorativearchitecturalproducts.com"": """", ""decorativearchitecturalshapes.com"": """"}","new","USD","Architectural Сolumn kits","","","","","","","Sandblast | Freestyle | Quarzputz | Sandpebble | Sandpebble Fine | Mojave | Limestone | Finesse | Adobe | Coral | Coral Light","","","96"" | 108"" | 120"" | 144"" | 168"" | 192"" | 216"" | 240"" | 264""","","","8"" | 10"" | 12"" | 14"" | 16"" | 18"" | 20"" | 24""","","","","NEEDS_REVIEW","Image is missing"
"Round Half-Belly Column Set - Tuscan Round Cap & Tuscan Base Round — COLSET-MOD004","Round Half-Belly Column Set - Tuscan Round Cap & Tuscan Base Round","variable","COLSET-MOD004","Architectural Сolumn kits","","","Complete round column set","Complete round column set: curved barrel half-belly shaft with Tuscan Round capital and Tuscan base. Retrofit-capable — available solid or with round/square cutout. PRICING NOT CONFIRMED BY SOURCE: same Diameter×Height grid as Round Plain (COLSET-MOD001), applied on the assumption that shaft style does not affect set price. Verify before publishing.","COLSET-MOD004-0001,COLSET-MOD004-0002,COLSET-MOD004-0003,COLSET-MOD004-0004,COLSET-MOD004-0005,COLSET-MOD004-0006,COLSET-MOD004-0007,COLSET-MOD004-0008,COLSET-MOD004-0009,COLSET-MOD004-0010,COLSET-MOD004-0011,COLSET-MOD004-0012,COLSET-MOD004-0013,COLSET-MOD004-0014,COLSET-MOD004-0015,COLSET-MOD004-0016,COLSET-MOD004-0017,COLSET-MOD004-0018,COLSET-MOD004-0019,COLSET-MOD004-0020,COLSET-MOD004-0021,COLSET-MOD004-0022,COLSET-MOD004-0023,COLSET-MOD004-0024,COLSET-MOD004-0025,COLSET-MOD004-0026,COLSET-MOD004-0027,COLSET-MOD004-0028,COLSET-MOD004-0029,COLSET-MOD004-0030,COLSET-MOD004-0031,COLSET-MOD004-0032,COLSET-MOD004-0033,COLSET-MOD004-0034","1","0","visible","none","1","10","","""Diameter — 8"""""",""Diameter — 10"""""",""Diameter — 12"""""",""Diameter — 14"""""",""Diameter — 16"""""",""Diameter — 18"""""",""Diameter — 20"""""",""Diameter — 24"""""",""Height — 96"""""",""Height — 108"""""",""Height — 120"""""",""Height — 144"""""",""Height — 168"""""",""Height — 192"""""",""Height — 216"""""",""Height — 240"""""",""Height — 264"""""",Texture — Sandblast,Texture — Freestyle,Texture — Quarzputz,Texture — Sandpebble,Texture — Sandpebble Fine,Texture — Mojave,Texture — Limestone,Texture — Finesse,Texture — Adobe,Texture — Coral,Texture — Coral Light","","decorativearchitecturalshapes.com,decorativearchitecturalproducts.com","","COLSET-MOD004","COLSET-MOD004-0001,COLSET-MOD004-0002,COLSET-MOD004-0003,COLSET-MOD004-0004,COLSET-MOD004-0005,COLSET-MOD004-0006,COLSET-MOD004-0007,COLSET-MOD004-0008,COLSET-MOD004-0009,COLSET-MOD004-0010,COLSET-MOD004-0011,COLSET-MOD004-0012,COLSET-MOD004-0013,COLSET-MOD004-0014,COLSET-MOD004-0015,COLSET-MOD004-0016,COLSET-MOD004-0017,COLSET-MOD004-0018,COLSET-MOD004-0019,COLSET-MOD004-0020,COLSET-MOD004-0021,COLSET-MOD004-0022,COLSET-MOD004-0023,COLSET-MOD004-0024,COLSET-MOD004-0025,COLSET-MOD004-0026,COLSET-MOD004-0027,COLSET-MOD004-0028,COLSET-MOD004-0029,COLSET-MOD004-0030,COLSET-MOD004-0031,COLSET-MOD004-0032,COLSET-MOD004-0033,COLSET-MOD004-0034","{""decorativearchitecturalproducts.com"": ""Decorative Architectural Products"", ""decorativearchitecturalshapes.com"": ""Decorative Architectural Shapes""}","","{""decorativearchitecturalproducts.com"": """", ""decorativearchitecturalshapes.com"": """"}","new","USD","Architectural Сolumn kits","","","","","","","Sandblast | Freestyle | Quarzputz | Sandpebble | Sandpebble Fine | Mojave | Limestone | Finesse | Adobe | Coral | Coral Light","","","96"" | 108"" | 120"" | 144"" | 168"" | 192"" | 216"" | 240"" | 264""","","","8"" | 10"" | 12"" | 14"" | 16"" | 18"" | 20"" | 24""","","","","NEEDS_REVIEW","Image is missing"
"Square Plain Column Set - Tuscan Square Cap & Tuscan Base Square — COLSET-MOD005","Square Plain Column Set - Tuscan Square Cap & Tuscan Base Square","variable","COLSET-MOD005","Architectural Сolumn kits","","","Complete square column set","Complete square column set: modern plain shaft with Tuscan Square capital and Tuscan square base. Retrofit-capable — available solid or with round/square cutout. PRICING NOT CONFIRMED BY SOURCE: same Width×Height grid as Round Plain (COLSET-MOD001), applied on the assumption that shaft style and profile do not affect set price. Verify before publishing.","COLSET-MOD005-0001,COLSET-MOD005-0002,COLSET-MOD005-0003,COLSET-MOD005-0004,COLSET-MOD005-0005,COLSET-MOD005-0006,COLSET-MOD005-0007,COLSET-MOD005-0008,COLSET-MOD005-0009,COLSET-MOD005-0010,COLSET-MOD005-0011,COLSET-MOD005-0012,COLSET-MOD005-0013,COLSET-MOD005-0014,COLSET-MOD005-0015,COLSET-MOD005-0016,COLSET-MOD005-0017,COLSET-MOD005-0018,COLSET-MOD005-0019,COLSET-MOD005-0020,COLSET-MOD005-0021,COLSET-MOD005-0022,COLSET-MOD005-0023,COLSET-MOD005-0024,COLSET-MOD005-0025,COLSET-MOD005-0026,COLSET-MOD005-0027,COLSET-MOD005-0028,COLSET-MOD005-0029,COLSET-MOD005-0030,COLSET-MOD005-0031,COLSET-MOD005-0032,COLSET-MOD005-0033,COLSET-MOD005-0034","1","0","visible","none","1","10","","""Width — 8"""""",""Width — 10"""""",""Width — 12"""""",""Width — 14"""""",""Width — 16"""""",""Width — 18"""""",""Width — 20"""""",""Width — 24"""""",""Height — 96"""""",""Height — 108"""""",""Height — 120"""""",""Height — 144"""""",""Height — 168"""""",""Height — 192"""""",""Height — 216"""""",""Height — 240"""""",""Height — 264"""""",Texture — Sandblast,Texture — Freestyle,Texture — Quarzputz,Texture — Sandpebble,Texture — Sandpebble Fine,Texture — Mojave,Texture — Limestone,Texture — Finesse,Texture — Adobe,Texture — Coral,Texture — Coral Light","","decorativearchitecturalshapes.com,decorativearchitecturalproducts.com","","COLSET-MOD005","COLSET-MOD005-0001,COLSET-MOD005-0002,COLSET-MOD005-0003,COLSET-MOD005-0004,COLSET-MOD005-0005,COLSET-MOD005-0006,COLSET-MOD005-0007,COLSET-MOD005-0008,COLSET-MOD005-0009,COLSET-MOD005-0010,COLSET-MOD005-0011,COLSET-MOD005-0012,COLSET-MOD005-0013,COLSET-MOD005-0014,COLSET-MOD005-0015,COLSET-MOD005-0016,COLSET-MOD005-0017,COLSET-MOD005-0018,COLSET-MOD005-0019,COLSET-MOD005-0020,COLSET-MOD005-0021,COLSET-MOD005-0022,COLSET-MOD005-0023,COLSET-MOD005-0024,COLSET-MOD005-0025,COLSET-MOD005-0026,COLSET-MOD005-0027,COLSET-MOD005-0028,COLSET-MOD005-0029,COLSET-MOD005-0030,COLSET-MOD005-0031,COLSET-MOD005-0032,COLSET-MOD005-0033,COLSET-MOD005-0034","{""decorativearchitecturalproducts.com"": ""Decorative Architectural Products"", ""decorativearchitecturalshapes.com"": ""Decorative Architectural Shapes""}","","{""decorativearchitecturalproducts.com"": """", ""decorativearchitecturalshapes.com"": """"}","new","USD","Architectural Сolumn kits","","","","","","","Sandblast | Freestyle | Quarzputz | Sandpebble | Sandpebble Fine | Mojave | Limestone | Finesse | Adobe | Coral | Coral Light","","8"" | 10"" | 12"" | 14"" | 16"" | 18"" | 20"" | 24""","96"" | 108"" | 120"" | 144"" | 168"" | 192"" | 216"" | 240"" | 264""","","","","","","","NEEDS_REVIEW","Image is missing"
"Square Tapered Column Set - Tuscan Square Cap & Tuscan Base Square — COLSET-MOD006","Square Tapered Column Set - Tuscan Square Cap & Tuscan Base Square","variable","COLSET-MOD006","Architectural Сolumn kits","","","Complete square column set","Complete square column set: elegant tapered shaft with Tuscan Square capital and Tuscan square base. Solid only — no retrofit cutout. PRICING NOT CONFIRMED BY SOURCE: same Width×Height grid as Round Plain (COLSET-MOD001), applied on the assumption that shaft style and profile do not affect set price. Verify before publishing.","COLSET-MOD006-0001,COLSET-MOD006-0002,COLSET-MOD006-0003,COLSET-MOD006-0004,COLSET-MOD006-0005,COLSET-MOD006-0006,COLSET-MOD006-0007,COLSET-MOD006-0008,COLSET-MOD006-0009,COLSET-MOD006-0010,COLSET-MOD006-0011,COLSET-MOD006-0012,COLSET-MOD006-0013,COLSET-MOD006-0014,COLSET-MOD006-0015,COLSET-MOD006-0016,COLSET-MOD006-0017,COLSET-MOD006-0018,COLSET-MOD006-0019,COLSET-MOD006-0020,COLSET-MOD006-0021,COLSET-MOD006-0022,COLSET-MOD006-0023,COLSET-MOD006-0024,COLSET-MOD006-0025,COLSET-MOD006-0026,COLSET-MOD006-0027,COLSET-MOD006-0028,COLSET-MOD006-0029,COLSET-MOD006-0030,COLSET-MOD006-0031,COLSET-MOD006-0032,COLSET-MOD006-0033,COLSET-MOD006-0034","1","0","visible","none","1","10","","""Width — 8"""""",""Width — 10"""""",""Width — 12"""""",""Width — 14"""""",""Width — 16"""""",""Width — 18"""""",""Width — 20"""""",""Width — 24"""""",""Height — 96"""""",""Height — 108"""""",""Height — 120"""""",""Height — 144"""""",""Height — 168"""""",""Height — 192"""""",""Height — 216"""""",""Height — 240"""""",""Height — 264"""""",Texture — Sandblast,Texture — Freestyle,Texture — Quarzputz,Texture — Sandpebble,Texture — Sandpebble Fine,Texture — Mojave,Texture — Limestone,Texture — Finesse,Texture — Adobe,Texture — Coral,Texture — Coral Light","","decorativearchitecturalshapes.com,decorativearchitecturalproducts.com","","COLSET-MOD006","COLSET-MOD006-0001,COLSET-MOD006-0002,COLSET-MOD006-0003,COLSET-MOD006-0004,COLSET-MOD006-0005,COLSET-MOD006-0006,COLSET-MOD006-0007,COLSET-MOD006-0008,COLSET-MOD006-0009,COLSET-MOD006-0010,COLSET-MOD006-0011,COLSET-MOD006-0012,COLSET-MOD006-0013,COLSET-MOD006-0014,COLSET-MOD006-0015,COLSET-MOD006-0016,COLSET-MOD006-0017,COLSET-MOD006-0018,COLSET-MOD006-0019,COLSET-MOD006-0020,COLSET-MOD006-0021,COLSET-MOD006-0022,COLSET-MOD006-0023,COLSET-MOD006-0024,COLSET-MOD006-0025,COLSET-MOD006-0026,COLSET-MOD006-0027,COLSET-MOD006-0028,COLSET-MOD006-0029,COLSET-MOD006-0030,COLSET-MOD006-0031,COLSET-MOD006-0032,COLSET-MOD006-0033,COLSET-MOD006-0034","{""decorativearchitecturalproducts.com"": ""Decorative Architectural Products"", ""decorativearchitecturalshapes.com"": ""Decorative Architectural Shapes""}","","{""decorativearchitecturalproducts.com"": """", ""decorativearchitecturalshapes.com"": """"}","new","USD","Architectural Сolumn kits","","","","","","","Sandblast | Freestyle | Quarzputz | Sandpebble | Sandpebble Fine | Mojave | Limestone | Finesse | Adobe | Coral | Coral Light","","8"" | 10"" | 12"" | 14"" | 16"" | 18"" | 20"" | 24""","96"" | 108"" | 120"" | 144"" | 168"" | 192"" | 216"" | 240"" | 264""","","","","","","","NEEDS_REVIEW","Image is missing"
"Square Slotted Column Set - Tuscan Square Cap & Tuscan Base Square — COLSET-MOD007","Square Slotted Column Set - Tuscan Square Cap & Tuscan Base Square","variable","COLSET-MOD007","Architectural Сolumn kits","","","Complete square column set","Complete square column set: precision-slotted shaft for post retrofit, with Tuscan Square capital and Tuscan square base. Retrofit-capable — available solid or with round/square cutout. PRICING NOT CONFIRMED BY SOURCE: same Width×Height grid as Round Plain (COLSET-MOD001), applied on the assumption that shaft style and profile do not affect set price. Verify before publishing.","COLSET-MOD007-0001,COLSET-MOD007-0002,COLSET-MOD007-0003,COLSET-MOD007-0004,COLSET-MOD007-0005,COLSET-MOD007-0006,COLSET-MOD007-0007,COLSET-MOD007-0008,COLSET-MOD007-0009,COLSET-MOD007-0010,COLSET-MOD007-0011,COLSET-MOD007-0012,COLSET-MOD007-0013,COLSET-MOD007-0014,COLSET-MOD007-0015,COLSET-MOD007-0016,COLSET-MOD007-0017,COLSET-MOD007-0018,COLSET-MOD007-0019,COLSET-MOD007-0020,COLSET-MOD007-0021,COLSET-MOD007-0022,COLSET-MOD007-0023,COLSET-MOD007-0024,COLSET-MOD007-0025,COLSET-MOD007-0026,COLSET-MOD007-0027,COLSET-MOD007-0028,COLSET-MOD007-0029,COLSET-MOD007-0030,COLSET-MOD007-0031,COLSET-MOD007-0032,COLSET-MOD007-0033,COLSET-MOD007-0034","1","0","visible","none","1","10","","""Width — 8"""""",""Width — 10"""""",""Width — 12"""""",""Width — 14"""""",""Width — 16"""""",""Width — 18"""""",""Width — 20"""""",""Width — 24"""""",""Height — 96"""""",""Height — 108"""""",""Height — 120"""""",""Height — 144"""""",""Height — 168"""""",""Height — 192"""""",""Height — 216"""""",""Height — 240"""""",""Height — 264"""""",Texture — Sandblast,Texture — Freestyle,Texture — Quarzputz,Texture — Sandpebble,Texture — Sandpebble Fine,Texture — Mojave,Texture — Limestone,Texture — Finesse,Texture — Adobe,Texture — Coral,Texture — Coral Light","","decorativearchitecturalshapes.com,decorativearchitecturalproducts.com","","COLSET-MOD007","COLSET-MOD007-0001,COLSET-MOD007-0002,COLSET-MOD007-0003,COLSET-MOD007-0004,COLSET-MOD007-0005,COLSET-MOD007-0006,COLSET-MOD007-0007,COLSET-MOD007-0008,COLSET-MOD007-0009,COLSET-MOD007-0010,COLSET-MOD007-0011,COLSET-MOD007-0012,COLSET-MOD007-0013,COLSET-MOD007-0014,COLSET-MOD007-0015,COLSET-MOD007-0016,COLSET-MOD007-0017,COLSET-MOD007-0018,COLSET-MOD007-0019,COLSET-MOD007-0020,COLSET-MOD007-0021,COLSET-MOD007-0022,COLSET-MOD007-0023,COLSET-MOD007-0024,COLSET-MOD007-0025,COLSET-MOD007-0026,COLSET-MOD007-0027,COLSET-MOD007-0028,COLSET-MOD007-0029,COLSET-MOD007-0030,COLSET-MOD007-0031,COLSET-MOD007-0032,COLSET-MOD007-0033,COLSET-MOD007-0034","{""decorativearchitecturalproducts.com"": ""Decorative Architectural Products"", ""decorativearchitecturalshapes.com"": ""Decorative Architectural Shapes""}","","{""decorativearchitecturalproducts.com"": """", ""decorativearchitecturalshapes.com"": """"}","new","USD","Architectural Сolumn kits","","","","","","","Sandblast | Freestyle | Quarzputz | Sandpebble | Sandpebble Fine | Mojave | Limestone | Finesse | Adobe | Coral | Coral Light","","8"" | 10"" | 12"" | 14"" | 16"" | 18"" | 20"" | 24""","96"" | 108"" | 120"" | 144"" | 168"" | 192"" | 216"" | 240"" | 264""","","","","","","","NEEDS_REVIEW","Image is missing"
"Square Fluted Column Set - Tuscan Square Cap & Tuscan Base Square — COLSET-MOD008","Square Fluted Column Set - Tuscan Square Cap & Tuscan Base Square","variable","COLSET-MOD008","Architectural Сolumn kits","","","Complete square column set","Complete square column set: classical fluted shaft with Tuscan Square capital and Tuscan square base. Retrofit-capable — available solid or with square cutout. PRICING NOT CONFIRMED BY SOURCE: same Width×Height grid as Round Plain (COLSET-MOD001), applied on the assumption that shaft style and profile do not affect set price. Verify before publishing.","COLSET-MOD008-0001,COLSET-MOD008-0002,COLSET-MOD008-0003,COLSET-MOD008-0004,COLSET-MOD008-0005,COLSET-MOD008-0006,COLSET-MOD008-0007,COLSET-MOD008-0008,COLSET-MOD008-0009,COLSET-MOD008-0010,COLSET-MOD008-0011,COLSET-MOD008-0012,COLSET-MOD008-0013,COLSET-MOD008-0014,COLSET-MOD008-0015,COLSET-MOD008-0016,COLSET-MOD008-0017,COLSET-MOD008-0018,COLSET-MOD008-0019,COLSET-MOD008-0020,COLSET-MOD008-0021,COLSET-MOD008-0022,COLSET-MOD008-0023,COLSET-MOD008-0024,COLSET-MOD008-0025,COLSET-MOD008-0026,COLSET-MOD008-0027,COLSET-MOD008-0028,COLSET-MOD008-0029,COLSET-MOD008-0030,COLSET-MOD008-0031,COLSET-MOD008-0032,COLSET-MOD008-0033,COLSET-MOD008-0034","1","0","visible","none","1","10","","""Width — 8"""""",""Width — 10"""""",""Width — 12"""""",""Width — 14"""""",""Width — 16"""""",""Width — 18"""""",""Width — 20"""""",""Width — 24"""""",""Height — 96"""""",""Height — 108"""""",""Height — 120"""""",""Height — 144"""""",""Height — 168"""""",""Height — 192"""""",""Height — 216"""""",""Height — 240"""""",""Height — 264"""""",Texture — Sandblast,Texture — Freestyle,Texture — Quarzputz,Texture — Sandpebble,Texture — Sandpebble Fine,Texture — Mojave,Texture — Limestone,Texture — Finesse,Texture — Adobe,Texture — Coral,Texture — Coral Light","","decorativearchitecturalshapes.com,decorativearchitecturalproducts.com","","COLSET-MOD008","COLSET-MOD008-0001,COLSET-MOD008-0002,COLSET-MOD008-0003,COLSET-MOD008-0004,COLSET-MOD008-0005,COLSET-MOD008-0006,COLSET-MOD008-0007,COLSET-MOD008-0008,COLSET-MOD008-0009,COLSET-MOD008-0010,COLSET-MOD008-0011,COLSET-MOD008-0012,COLSET-MOD008-0013,COLSET-MOD008-0014,COLSET-MOD008-0015,COLSET-MOD008-0016,COLSET-MOD008-0017,COLSET-MOD008-0018,COLSET-MOD008-0019,COLSET-MOD008-0020,COLSET-MOD008-0021,COLSET-MOD008-0022,COLSET-MOD008-0023,COLSET-MOD008-0024,COLSET-MOD008-0025,COLSET-MOD008-0026,COLSET-MOD008-0027,COLSET-MOD008-0028,COLSET-MOD008-0029,COLSET-MOD008-0030,COLSET-MOD008-0031,COLSET-MOD008-0032,COLSET-MOD008-0033,COLSET-MOD008-0034","{""decorativearchitecturalproducts.com"": ""Decorative Architectural Products"", ""decorativearchitecturalshapes.com"": ""Decorative Architectural Shapes""}","","{""decorativearchitecturalproducts.com"": """", ""decorativearchitecturalshapes.com"": """"}","new","USD","Architectural Сolumn kits","","","","","","","Sandblast | Freestyle | Quarzputz | Sandpebble | Sandpebble Fine | Mojave | Limestone | Finesse | Adobe | Coral | Coral Light","","8"" | 10"" | 12"" | 14"" | 16"" | 18"" | 20"" | 24""","96"" | 108"" | 120"" | 144"" | 168"" | 192"" | 216"" | 240"" | 264""","","","","","","","NEEDS_REVIEW","Image is missing"
"Round Fluted Column Set - Tuscan Round Cap & Tuscan Base Round — COLSET-MOD009","Round Fluted Column Set - Tuscan Round Cap & Tuscan Base Round","variable","COLSET-MOD009","Architectural Сolumn kits","","","Complete round column set","Complete round column set: classical fluted shaft with Tuscan Round capital and Tuscan base. Retrofit-capable — available solid or with round cutout. PRICING NOT CONFIRMED BY SOURCE: same Diameter×Height grid as Round Plain (COLSET-MOD001), applied on the assumption that shaft style does not affect set price. Verify before publishing.","COLSET-MOD009-0001,COLSET-MOD009-0002,COLSET-MOD009-0003,COLSET-MOD009-0004,COLSET-MOD009-0005,COLSET-MOD009-0006,COLSET-MOD009-0007,COLSET-MOD009-0008,COLSET-MOD009-0009,COLSET-MOD009-0010,COLSET-MOD009-0011,COLSET-MOD009-0012,COLSET-MOD009-0013,COLSET-MOD009-0014,COLSET-MOD009-0015,COLSET-MOD009-0016,COLSET-MOD009-0017,COLSET-MOD009-0018,COLSET-MOD009-0019,COLSET-MOD009-0020,COLSET-MOD009-0021,COLSET-MOD009-0022,COLSET-MOD009-0023,COLSET-MOD009-0024,COLSET-MOD009-0025,COLSET-MOD009-0026,COLSET-MOD009-0027,COLSET-MOD009-0028,COLSET-MOD009-0029,COLSET-MOD009-0030,COLSET-MOD009-0031,COLSET-MOD009-0032,COLSET-MOD009-0033,COLSET-MOD009-0034","1","0","visible","none","1","10","","""Diameter — 8"""""",""Diameter — 10"""""",""Diameter — 12"""""",""Diameter — 14"""""",""Diameter — 16"""""",""Diameter — 18"""""",""Diameter — 20"""""",""Diameter — 24"""""",""Height — 96"""""",""Height — 108"""""",""Height — 120"""""",""Height — 144"""""",""Height — 168"""""",""Height — 192"""""",""Height — 216"""""",""Height — 240"""""",""Height — 264"""""",Texture — Sandblast,Texture — Freestyle,Texture — Quarzputz,Texture — Sandpebble,Texture — Sandpebble Fine,Texture — Mojave,Texture — Limestone,Texture — Finesse,Texture — Adobe,Texture — Coral,Texture — Coral Light","","decorativearchitecturalshapes.com,decorativearchitecturalproducts.com","","COLSET-MOD009","COLSET-MOD009-0001,COLSET-MOD009-0002,COLSET-MOD009-0003,COLSET-MOD009-0004,COLSET-MOD009-0005,COLSET-MOD009-0006,COLSET-MOD009-0007,COLSET-MOD009-0008,COLSET-MOD009-0009,COLSET-MOD009-0010,COLSET-MOD009-0011,COLSET-MOD009-0012,COLSET-MOD009-0013,COLSET-MOD009-0014,COLSET-MOD009-0015,COLSET-MOD009-0016,COLSET-MOD009-0017,COLSET-MOD009-0018,COLSET-MOD009-0019,COLSET-MOD009-0020,COLSET-MOD009-0021,COLSET-MOD009-0022,COLSET-MOD009-0023,COLSET-MOD009-0024,COLSET-MOD009-0025,COLSET-MOD009-0026,COLSET-MOD009-0027,COLSET-MOD009-0028,COLSET-MOD009-0029,COLSET-MOD009-0030,COLSET-MOD009-0031,COLSET-MOD009-0032,COLSET-MOD009-0033,COLSET-MOD009-0034","{""decorativearchitecturalproducts.com"": ""Decorative Architectural Products"", ""decorativearchitecturalshapes.com"": ""Decorative Architectural Shapes""}","","{""decorativearchitecturalproducts.com"": """", ""decorativearchitecturalshapes.com"": """"}","new","USD","Architectural Сolumn kits","","","","","","","Sandblast | Freestyle | Quarzputz | Sandpebble | Sandpebble Fine | Mojave | Limestone | Finesse | Adobe | Coral | Coral Light","","","96"" | 108"" | 120"" | 144"" | 168"" | 192"" | 216"" | 240"" | 264""","","","8"" | 10"" | 12"" | 14"" | 16"" | 18"" | 20"" | 24""","","","","NEEDS_REVIEW","Image is missing"
"Spiral Round Column Set - Tuscan Round Cap & Tuscan Base Round — COLSET-MOD010","Spiral Round Column Set - Tuscan Round Cap & Tuscan Base Round","variable","COLSET-MOD010","Architectural Сolumn kits","","","Complete round column set","Complete round column set: spiral-carved shaft with Tuscan Round capital and Tuscan base. Retrofit-capable — available solid or with round cutout. PRICING NOT CONFIRMED BY SOURCE: same Diameter×Height grid as Round Plain (COLSET-MOD001), applied on the assumption that shaft style does not affect set price. Verify before publishing.","COLSET-MOD010-0001,COLSET-MOD010-0002,COLSET-MOD010-0003,COLSET-MOD010-0004,COLSET-MOD010-0005,COLSET-MOD010-0006,COLSET-MOD010-0007,COLSET-MOD010-0008,COLSET-MOD010-0009,COLSET-MOD010-0010,COLSET-MOD010-0011,COLSET-MOD010-0012,COLSET-MOD010-0013,COLSET-MOD010-0014,COLSET-MOD010-0015,COLSET-MOD010-0016,COLSET-MOD010-0017,COLSET-MOD010-0018,COLSET-MOD010-0019,COLSET-MOD010-0020,COLSET-MOD010-0021,COLSET-MOD010-0022,COLSET-MOD010-0023,COLSET-MOD010-0024,COLSET-MOD010-0025,COLSET-MOD010-0026,COLSET-MOD010-0027,COLSET-MOD010-0028,COLSET-MOD010-0029,COLSET-MOD010-0030,COLSET-MOD010-0031,COLSET-MOD010-0032,COLSET-MOD010-0033,COLSET-MOD010-0034","1","0","visible","none","1","10","","""Diameter — 8"""""",""Diameter — 10"""""",""Diameter — 12"""""",""Diameter — 14"""""",""Diameter — 16"""""",""Diameter — 18"""""",""Diameter — 20"""""",""Diameter — 24"""""",""Height — 96"""""",""Height — 108"""""",""Height — 120"""""",""Height — 144"""""",""Height — 168"""""",""Height — 192"""""",""Height — 216"""""",""Height — 240"""""",""Height — 264"""""",Texture — Sandblast,Texture — Freestyle,Texture — Quarzputz,Texture — Sandpebble,Texture — Sandpebble Fine,Texture — Mojave,Texture — Limestone,Texture — Finesse,Texture — Adobe,Texture — Coral,Texture — Coral Light","","decorativearchitecturalshapes.com,decorativearchitecturalproducts.com","","COLSET-MOD010","COLSET-MOD010-0001,COLSET-MOD010-0002,COLSET-MOD010-0003,COLSET-MOD010-0004,COLSET-MOD010-0005,COLSET-MOD010-0006,COLSET-MOD010-0007,COLSET-MOD010-0008,COLSET-MOD010-0009,COLSET-MOD010-0010,COLSET-MOD010-0011,COLSET-MOD010-0012,COLSET-MOD010-0013,COLSET-MOD010-0014,COLSET-MOD010-0015,COLSET-MOD010-0016,COLSET-MOD010-0017,COLSET-MOD010-0018,COLSET-MOD010-0019,COLSET-MOD010-0020,COLSET-MOD010-0021,COLSET-MOD010-0022,COLSET-MOD010-0023,COLSET-MOD010-0024,COLSET-MOD010-0025,COLSET-MOD010-0026,COLSET-MOD010-0027,COLSET-MOD010-0028,COLSET-MOD010-0029,COLSET-MOD010-0030,COLSET-MOD010-0031,COLSET-MOD010-0032,COLSET-MOD010-0033,COLSET-MOD010-0034","{""decorativearchitecturalproducts.com"": ""Decorative Architectural Products"", ""decorativearchitecturalshapes.com"": ""Decorative Architectural Shapes""}","","{""decorativearchitecturalproducts.com"": """", ""decorativearchitecturalshapes.com"": """"}","new","USD","Architectural Сolumn kits","","","","","","","Sandblast | Freestyle | Quarzputz | Sandpebble | Sandpebble Fine | Mojave | Limestone | Finesse | Adobe | Coral | Coral Light","","","96"" | 108"" | 120"" | 144"" | 168"" | 192"" | 216"" | 240"" | 264""","","","8"" | 10"" | 12"" | 14"" | 16"" | 18"" | 20"" | 24""","","","","NEEDS_REVIEW","Image is missing"
"Spiral Square Column Set - Tuscan Square Cap & Tuscan Base Square — COLSET-MOD011","Spiral Square Column Set - Tuscan Square Cap & Tuscan Base Square","variable","COLSET-MOD011","Architectural Сolumn kits","","","Complete square column set","Complete square column set: spiral-carved shaft with Tuscan Square capital and Tuscan square base. Retrofit-capable — available solid or with square cutout. PRICING NOT CONFIRMED BY SOURCE: same Width×Height grid as Round Plain (COLSET-MOD001), applied on the assumption that shaft style and profile do not affect set price. Verify before publishing.","COLSET-MOD011-0001,COLSET-MOD011-0002,COLSET-MOD011-0003,COLSET-MOD011-0004,COLSET-MOD011-0005,COLSET-MOD011-0006,COLSET-MOD011-0007,COLSET-MOD011-0008,COLSET-MOD011-0009,COLSET-MOD011-0010,COLSET-MOD011-0011,COLSET-MOD011-0012,COLSET-MOD011-0013,COLSET-MOD011-0014,COLSET-MOD011-0015,COLSET-MOD011-0016,COLSET-MOD011-0017,COLSET-MOD011-0018,COLSET-MOD011-0019,COLSET-MOD011-0020,COLSET-MOD011-0021,COLSET-MOD011-0022,COLSET-MOD011-0023,COLSET-MOD011-0024,COLSET-MOD011-0025,COLSET-MOD011-0026,COLSET-MOD011-0027,COLSET-MOD011-0028,COLSET-MOD011-0029,COLSET-MOD011-0030,COLSET-MOD011-0031,COLSET-MOD011-0032,COLSET-MOD011-0033,COLSET-MOD011-0034","1","0","visible","none","1","10","","""Width — 8"""""",""Width — 10"""""",""Width — 12"""""",""Width — 14"""""",""Width — 16"""""",""Width — 18"""""",""Width — 20"""""",""Width — 24"""""",""Height — 96"""""",""Height — 108"""""",""Height — 120"""""",""Height — 144"""""",""Height — 168"""""",""Height — 192"""""",""Height — 216"""""",""Height — 240"""""",""Height — 264"""""",Texture — Sandblast,Texture — Freestyle,Texture — Quarzputz,Texture — Sandpebble,Texture — Sandpebble Fine,Texture — Mojave,Texture — Limestone,Texture — Finesse,Texture — Adobe,Texture — Coral,Texture — Coral Light","","decorativearchitecturalshapes.com,decorativearchitecturalproducts.com","","COLSET-MOD011","COLSET-MOD011-0001,COLSET-MOD011-0002,COLSET-MOD011-0003,COLSET-MOD011-0004,COLSET-MOD011-0005,COLSET-MOD011-0006,COLSET-MOD011-0007,COLSET-MOD011-0008,COLSET-MOD011-0009,COLSET-MOD011-0010,COLSET-MOD011-0011,COLSET-MOD011-0012,COLSET-MOD011-0013,COLSET-MOD011-0014,COLSET-MOD011-0015,COLSET-MOD011-0016,COLSET-MOD011-0017,COLSET-MOD011-0018,COLSET-MOD011-0019,COLSET-MOD011-0020,COLSET-MOD011-0021,COLSET-MOD011-0022,COLSET-MOD011-0023,COLSET-MOD011-0024,COLSET-MOD011-0025,COLSET-MOD011-0026,COLSET-MOD011-0027,COLSET-MOD011-0028,COLSET-MOD011-0029,COLSET-MOD011-0030,COLSET-MOD011-0031,COLSET-MOD011-0032,COLSET-MOD011-0033,COLSET-MOD011-0034","{""decorativearchitecturalproducts.com"": ""Decorative Architectural Products"", ""decorativearchitecturalshapes.com"": ""Decorative Architectural Shapes""}","","{""decorativearchitecturalproducts.com"": """", ""decorativearchitecturalshapes.com"": """"}","new","USD","Architectural Сolumn kits","","","","","","","Sandblast | Freestyle | Quarzputz | Sandpebble | Sandpebble Fine | Mojave | Limestone | Finesse | Adobe | Coral | Coral Light","","8"" | 10"" | 12"" | 14"" | 16"" | 18"" | 20"" | 24""","96"" | 108"" | 120"" | 144"" | 168"" | 192"" | 216"" | 240"" | 264""","","","","","","","NEEDS_REVIEW","Image is missing"
"Stacked Column Set - Tuscan Round Cap & Tuscan Base Round — COLSET-MOD012","Stacked Column Set - Tuscan Round Cap & Tuscan Base Round","variable","COLSET-MOD012","Architectural Сolumn kits","","","Complete round column set","Complete round column set: multi-section stacked shaft for customizable height, with Tuscan Round capital and Tuscan base. Solid only — no retrofit cutout. PRICING NOT CONFIRMED BY SOURCE: same Diameter×Height grid as Round Plain (COLSET-MOD001), applied on the assumption that shaft style does not affect set price. Verify before publishing.","COLSET-MOD012-0001,COLSET-MOD012-0002,COLSET-MOD012-0003,COLSET-MOD012-0004,COLSET-MOD012-0005,COLSET-MOD012-0006,COLSET-MOD012-0007,COLSET-MOD012-0008,COLSET-MOD012-0009,COLSET-MOD012-0010,COLSET-MOD012-0011,COLSET-MOD012-0012,COLSET-MOD012-0013,COLSET-MOD012-0014,COLSET-MOD012-0015,COLSET-MOD012-0016,COLSET-MOD012-0017,COLSET-MOD012-0018,COLSET-MOD012-0019,COLSET-MOD012-0020,COLSET-MOD012-0021,COLSET-MOD012-0022,COLSET-MOD012-0023,COLSET-MOD012-0024,COLSET-MOD012-0025,COLSET-MOD012-0026,COLSET-MOD012-0027,COLSET-MOD012-0028,COLSET-MOD012-0029,COLSET-MOD012-0030,COLSET-MOD012-0031,COLSET-MOD012-0032,COLSET-MOD012-0033,COLSET-MOD012-0034","1","0","visible","none","1","10","","""Diameter — 8"""""",""Diameter — 10"""""",""Diameter — 12"""""",""Diameter — 14"""""",""Diameter — 16"""""",""Diameter — 18"""""",""Diameter — 20"""""",""Diameter — 24"""""",""Height — 96"""""",""Height — 108"""""",""Height — 120"""""",""Height — 144"""""",""Height — 168"""""",""Height — 192"""""",""Height — 216"""""",""Height — 240"""""",""Height — 264"""""",Texture — Sandblast,Texture — Freestyle,Texture — Quarzputz,Texture — Sandpebble,Texture — Sandpebble Fine,Texture — Mojave,Texture — Limestone,Texture — Finesse,Texture — Adobe,Texture — Coral,Texture — Coral Light","","decorativearchitecturalshapes.com,decorativearchitecturalproducts.com","","COLSET-MOD012","COLSET-MOD012-0001,COLSET-MOD012-0002,COLSET-MOD012-0003,COLSET-MOD012-0004,COLSET-MOD012-0005,COLSET-MOD012-0006,COLSET-MOD012-0007,COLSET-MOD012-0008,COLSET-MOD012-0009,COLSET-MOD012-0010,COLSET-MOD012-0011,COLSET-MOD012-0012,COLSET-MOD012-0013,COLSET-MOD012-0014,COLSET-MOD012-0015,COLSET-MOD012-0016,COLSET-MOD012-0017,COLSET-MOD012-0018,COLSET-MOD012-0019,COLSET-MOD012-0020,COLSET-MOD012-0021,COLSET-MOD012-0022,COLSET-MOD012-0023,COLSET-MOD012-0024,COLSET-MOD012-0025,COLSET-MOD012-0026,COLSET-MOD012-0027,COLSET-MOD012-0028,COLSET-MOD012-0029,COLSET-MOD012-0030,COLSET-MOD012-0031,COLSET-MOD012-0032,COLSET-MOD012-0033,COLSET-MOD012-0034","{""decorativearchitecturalproducts.com"": ""Decorative Architectural Products"", ""decorativearchitecturalshapes.com"": ""Decorative Architectural Shapes""}","","{""decorativearchitecturalproducts.com"": """", ""decorativearchitecturalshapes.com"": """"}","new","USD","Architectural Сolumn kits","","","","","","","Sandblast | Freestyle | Quarzputz | Sandpebble | Sandpebble Fine | Mojave | Limestone | Finesse | Adobe | Coral | Coral Light","","","96"" | 108"" | 120"" | 144"" | 168"" | 192"" | 216"" | 240"" | 264""","","","8"" | 10"" | 12"" | 14"" | 16"" | 18"" | 20"" | 24""","","","","NEEDS_REVIEW","Image is missing"
"Stacked Square Column Set - Tuscan Square Cap & Tuscan Base Square — COLSET-MOD013","Stacked Square Column Set - Tuscan Square Cap & Tuscan Base Square","variable","COLSET-MOD013","Architectural Сolumn kits","","","Complete square column set","Complete square column set: modular interlocking block shaft with Tuscan Square capital and Tuscan square base. Solid only — no retrofit cutout. PRICING NOT CONFIRMED BY SOURCE: same Width×Height grid as Round Plain (COLSET-MOD001), applied on the assumption that shaft style and profile do not affect set price. Verify before publishing.","COLSET-MOD013-0001,COLSET-MOD013-0002,COLSET-MOD013-0003,COLSET-MOD013-0004,COLSET-MOD013-0005,COLSET-MOD013-0006,COLSET-MOD013-0007,COLSET-MOD013-0008,COLSET-MOD013-0009,COLSET-MOD013-0010,COLSET-MOD013-0011,COLSET-MOD013-0012,COLSET-MOD013-0013,COLSET-MOD013-0014,COLSET-MOD013-0015,COLSET-MOD013-0016,COLSET-MOD013-0017,COLSET-MOD013-0018,COLSET-MOD013-0019,COLSET-MOD013-0020,COLSET-MOD013-0021,COLSET-MOD013-0022,COLSET-MOD013-0023,COLSET-MOD013-0024,COLSET-MOD013-0025,COLSET-MOD013-0026,COLSET-MOD013-0027,COLSET-MOD013-0028,COLSET-MOD013-0029,COLSET-MOD013-0030,COLSET-MOD013-0031,COLSET-MOD013-0032,COLSET-MOD013-0033,COLSET-MOD013-0034","1","0","visible","none","1","10","","""Width — 8"""""",""Width — 10"""""",""Width — 12"""""",""Width — 14"""""",""Width — 16"""""",""Width — 18"""""",""Width — 20"""""",""Width — 24"""""",""Height — 96"""""",""Height — 108"""""",""Height — 120"""""",""Height — 144"""""",""Height — 168"""""",""Height — 192"""""",""Height — 216"""""",""Height — 240"""""",""Height — 264"""""",Texture — Sandblast,Texture — Freestyle,Texture — Quarzputz,Texture — Sandpebble,Texture — Sandpebble Fine,Texture — Mojave,Texture — Limestone,Texture — Finesse,Texture — Adobe,Texture — Coral,Texture — Coral Light","","decorativearchitecturalshapes.com,decorativearchitecturalproducts.com","","COLSET-MOD013","COLSET-MOD013-0001,COLSET-MOD013-0002,COLSET-MOD013-0003,COLSET-MOD013-0004,COLSET-MOD013-0005,COLSET-MOD013-0006,COLSET-MOD013-0007,COLSET-MOD013-0008,COLSET-MOD013-0009,COLSET-MOD013-0010,COLSET-MOD013-0011,COLSET-MOD013-0012,COLSET-MOD013-0013,COLSET-MOD013-0014,COLSET-MOD013-0015,COLSET-MOD013-0016,COLSET-MOD013-0017,COLSET-MOD013-0018,COLSET-MOD013-0019,COLSET-MOD013-0020,COLSET-MOD013-0021,COLSET-MOD013-0022,COLSET-MOD013-0023,COLSET-MOD013-0024,COLSET-MOD013-0025,COLSET-MOD013-0026,COLSET-MOD013-0027,COLSET-MOD013-0028,COLSET-MOD013-0029,COLSET-MOD013-0030,COLSET-MOD013-0031,COLSET-MOD013-0032,COLSET-MOD013-0033,COLSET-MOD013-0034","{""decorativearchitecturalproducts.com"": ""Decorative Architectural Products"", ""decorativearchitecturalshapes.com"": ""Decorative Architectural Shapes""}","","{""decorativearchitecturalproducts.com"": """", ""decorativearchitecturalshapes.com"": """"}","new","USD","Architectural Сolumn kits","","","","","","","Sandblast | Freestyle | Quarzputz | Sandpebble | Sandpebble Fine | Mojave | Limestone | Finesse | Adobe | Coral | Coral Light","","8"" | 10"" | 12"" | 14"" | 16"" | 18"" | 20"" | 24""","96"" | 108"" | 120"" | 144"" | 168"" | 192"" | 216"" | 240"" | 264""","","","","","","","NEEDS_REVIEW","Image is missing"
"Foam Routed Signs MOD001 — FRS-MOD001","Foam Routed Signs MOD001","variable","FRS-MOD001","Foam Routed Signs","foam_routed_signs_1.webp (https://v5.airtableusercontent.com/v3/u/57/57/1789048800000/guQAapHAZBZdv5k3Q8C6kA/CEapPTg8hIO1UbcfPsLhHg2QGkLvF3J2F8y1RCY4BJzSMe1sUmkfj6eFmD3uPaJRNIJ306T1Q2KGsX4QjHSLyOgJPHWAl0XdhL814HQCrkqh2SWuaxbjohx5KO5h0rJUsXu59qQ30DjFWEuhLM1pypkXoI0al-A_2tvJL3FzyvI/z9qsp7UlK5WvJCF_JihdmoECPd4-6mm6DemrPmGeYno)","","Routed signs are ideal for creating branded
styles.","Routed Signs are dimensional signs and decorative panels produced using CNC routing technology. This method allows for precise cutting of letters, logos, ornaments, and complex shapes from materials such as acrylic, composite, aluminum, PVC, and HDU foam. Unlike flat printing or decals, these signs create a sense
of depth and premium quality that immediately sets your brand apart from competitors.","FRS-MOD001-0001,FRS-MOD001-0002","1","0","visible","none","1","10","","Texture — Sandblast,Texture — Freestyle,Texture — Quarzputz,Texture — Sandpebble,Texture — Sandpebble Fine,Texture — Mojave,Texture — Finesse,Texture — Coral,Texture — Coral Light","","3dsignfactory.com,3dsignfactory.us,royalfoam.art","","FRS-MOD001","FRS-MOD001-0001,FRS-MOD001-0002","{""3dsignfactory.com"": ""3D Sign Factory"", ""3dsignfactory.us"": ""3D Sign Factory"", ""royalfoam.art"": ""Royal Foam Art Design""}","","{""3dsignfactory.com"": """", ""3dsignfactory.us"": """", ""royalfoam.art"": """"}","new","USD","Foam Routed Signs","","","","","","","Sandblast | Freestyle | Quarzputz | Sandpebble | Sandpebble Fine | Mojave | Finesse | Coral | Coral Light","","","","","","","","https://v5.airtableusercontent.com/v3/u/57/57/1789048800000/guQAapHAZBZdv5k3Q8C6kA/CEapPTg8hIO1UbcfPsLhHg2QGkLvF3J2F8y1RCY4BJzSMe1sUmkfj6eFmD3uPaJRNIJ306T1Q2KGsX4QjHSLyOgJPHWAl0XdhL814HQCrkqh2SWuaxbjohx5KO5h0rJUsXu59qQ30DjFWEuhLM1pypkXoI0al-A_2tvJL3FzyvI/z9qsp7UlK5WvJCF_JihdmoECPd4-6mm6DemrPmGeYno","","NEEDS_REVIEW","Images use temporary Airtable URLs"
"Foam Routed Signs MOD002 — FRS-MOD002","Foam Routed Signs MOD002","variable","FRS-MOD002","Foam Routed Signs","foam_routed_signs_2.webp (https://v5.airtableusercontent.com/v3/u/57/57/1789048800000/5egtAR5YMciYnyc-sjmXYA/FcXHQVWNcyiiggoMg_DK5NcSDFBv7smFxzavX70hoJGTKqt7MxzORGV03bgpDrArIkPxY9zIZzrV8bFWIOTVvzgyxJ4f8kWemdy5UG105zf9nLrYchChdrinvnsVRxMsnvwLHFPwmqH7lEUHuemwB1D-Fh7N87bIpJ1O3wOH9Qg/BKP795C5c426XxGdMo5Pt--u0EOPq3J1sQkrBVVHAUE)","","Routed signs are ideal for creating branded
styles.","Routed Signs are dimensional signs and decorative panels produced using CNC routing technology. This method allows for precise cutting of letters, logos, ornaments, and complex shapes from materials such as acrylic, composite, aluminum, PVC, and HDU foam. Unlike flat printing or decals, these signs create a sense
of depth and premium quality that immediately sets your brand apart from competitors.","FRS-MOD002-0001,FRS-MOD002-0002","1","0","visible","none","1","10","","Texture — Sandblast,Texture — Freestyle,Texture — Quarzputz,Texture — Sandpebble,Texture — Sandpebble Fine,Texture — Mojave,Texture — Finesse,Texture — Coral,Texture — Coral Light","","3dsignfactory.com,3dsignfactory.us,royalfoam.art","","FRS-MOD002","FRS-MOD002-0001,FRS-MOD002-0002","{""3dsignfactory.com"": ""3D Sign Factory"", ""3dsignfactory.us"": ""3D Sign Factory"", ""royalfoam.art"": ""Royal Foam Art Design""}","","{""3dsignfactory.com"": """", ""3dsignfactory.us"": """", ""royalfoam.art"": """"}","new","USD","Foam Routed Signs","","","","","","","Sandblast | Freestyle | Quarzputz | Sandpebble | Sandpebble Fine | Mojave | Finesse | Coral | Coral Light","","","","","","","","https://v5.airtableusercontent.com/v3/u/57/57/1789048800000/5egtAR5YMciYnyc-sjmXYA/FcXHQVWNcyiiggoMg_DK5NcSDFBv7smFxzavX70hoJGTKqt7MxzORGV03bgpDrArIkPxY9zIZzrV8bFWIOTVvzgyxJ4f8kWemdy5UG105zf9nLrYchChdrinvnsVRxMsnvwLHFPwmqH7lEUHuemwB1D-Fh7N87bIpJ1O3wOH9Qg/BKP795C5c426XxGdMo5Pt--u0EOPq3J1sQkrBVVHAUE","","NEEDS_REVIEW","Images use temporary Airtable URLs"
"Foam Routed Signs MOD003 — FRS-MOD003","Foam Routed Signs MOD003","variable","FRS-MOD003","Foam Routed Signs","foam_routed_signs_3.webp (https://v5.airtableusercontent.com/v3/u/57/57/1789048800000/4wYr02fvBwbs4DOX7seFHA/0sXiYIFsMlNMmntreoRoEpZfEBPdaMPj6RKDhFPXZ0AztjibrbBsaIWIX0hLJKGnBEvASh9W11YtseJezeQplvlRw73osWoTK0N4wjab4nt5RHMf_G86uwguQ6vsZgsA8OxBFFfTv2OJIqf2xVMURkIPtHCQAGKChIAn2SXvaDs/odIn9Cm5gl4mi4Tj3hWwhJvKa0bPDTqAX1MYms6nOC8)","","Routed signs are ideal for creating branded
styles.","Routed Signs are dimensional signs and decorative panels produced using CNC routing technology. This method allows for precise cutting of letters, logos, ornaments, and complex shapes from materials such as acrylic, composite, aluminum, PVC, and HDU foam. Unlike flat printing or decals, these signs create a sense
of depth and premium quality that immediately sets your brand apart from competitors.","FRS-MOD003-0001,FRS-MOD003-0002","1","0","visible","none","1","10","","Texture — Sandblast,Texture — Freestyle,Texture — Quarzputz,Texture — Sandpebble,Texture — Sandpebble Fine,Texture — Mojave,Texture — Finesse,Texture — Coral,Texture — Coral Light","","3dsignfactory.com,3dsignfactory.us,royalfoam.art","","FRS-MOD003","FRS-MOD003-0001,FRS-MOD003-0002","{""3dsignfactory.com"": ""3D Sign Factory"", ""3dsignfactory.us"": ""3D Sign Factory"", ""royalfoam.art"": ""Royal Foam Art Design""}","","{""3dsignfactory.com"": """", ""3dsignfactory.us"": """", ""royalfoam.art"": """"}","new","USD","Foam Routed Signs","","","","","","","Sandblast | Freestyle | Quarzputz | Sandpebble | Sandpebble Fine | Mojave | Finesse | Coral | Coral Light","","","","","","","","https://v5.airtableusercontent.com/v3/u/57/57/1789048800000/4wYr02fvBwbs4DOX7seFHA/0sXiYIFsMlNMmntreoRoEpZfEBPdaMPj6RKDhFPXZ0AztjibrbBsaIWIX0hLJKGnBEvASh9W11YtseJezeQplvlRw73osWoTK0N4wjab4nt5RHMf_G86uwguQ6vsZgsA8OxBFFfTv2OJIqf2xVMURkIPtHCQAGKChIAn2SXvaDs/odIn9Cm5gl4mi4Tj3hWwhJvKa0bPDTqAX1MYms6nOC8","","NEEDS_REVIEW","Images use temporary Airtable URLs"
"Foam Routed Signs MOD004 — FRS-MOD004","Foam Routed Signs MOD004","variable","FRS-MOD004","Foam Routed Signs","foam_routed_signs_4.webp (https://v5.airtableusercontent.com/v3/u/57/57/1789048800000/2JQoe_k6u27mfed9IM2ibA/7sqmMVVtOYR-F_brNyrWsaf9KJPa39ydm6p23cVKsD_FdEj0zGoGySOyrTflVQgvsAUYw-mY5Pt27JXumZgHH3bhy4r7Wb_xMdCVhfj55KaAcylvwfWPybVB0BI5WwlZv6zWG39BUhBCfwRaK7Qyn2RH3e6HewncM7kcnE7r5bs/J6NDTmPyE2cO6XwCTf0iVhhG8Fpag9WTV1OI0efuOHg)","","Routed signs are ideal for creating branded
styles.","Routed Signs are dimensional signs and decorative panels produced using CNC routing technology. This method allows for precise cutting of letters, logos, ornaments, and complex shapes from materials such as acrylic, composite, aluminum, PVC, and HDU foam. Unlike flat printing or decals, these signs create a sense
of depth and premium quality that immediately sets your brand apart from competitors.","FRS-MOD004-0001,FRS-MOD004-0002","1","0","visible","none","1","10","","Texture — Sandblast,Texture — Freestyle,Texture — Quarzputz,Texture — Sandpebble,Texture — Sandpebble Fine,Texture — Mojave,Texture — Finesse,Texture — Coral,Texture — Coral Light","","3dsignfactory.com,3dsignfactory.us,royalfoam.art","","FRS-MOD004","FRS-MOD004-0001,FRS-MOD004-0002","{""3dsignfactory.com"": ""3D Sign Factory"", ""3dsignfactory.us"": ""3D Sign Factory"", ""royalfoam.art"": ""Royal Foam Art Design""}","","{""3dsignfactory.com"": """", ""3dsignfactory.us"": """", ""royalfoam.art"": """"}","new","USD","Foam Routed Signs","","","","","","","Sandblast | Freestyle | Quarzputz | Sandpebble | Sandpebble Fine | Mojave | Finesse | Coral | Coral Light","","","","","","","","https://v5.airtableusercontent.com/v3/u/57/57/1789048800000/2JQoe_k6u27mfed9IM2ibA/7sqmMVVtOYR-F_brNyrWsaf9KJPa39ydm6p23cVKsD_FdEj0zGoGySOyrTflVQgvsAUYw-mY5Pt27JXumZgHH3bhy4r7Wb_xMdCVhfj55KaAcylvwfWPybVB0BI5WwlZv6zWG39BUhBCfwRaK7Qyn2RH3e6HewncM7kcnE7r5bs/J6NDTmPyE2cO6XwCTf0iVhhG8Fpag9WTV1OI0efuOHg","","NEEDS_REVIEW","Images use temporary Airtable URLs"
"Foam Routed Signs MOD005 — FRS-MOD005","Foam Routed Signs MOD005","variable","FRS-MOD005","Foam Routed Signs","foam_routed_signs_5.webp (https://v5.airtableusercontent.com/v3/u/57/57/1789048800000/S53ZaV13bUtZkN3HgidEdg/Y-GQrHc8xyPmLE1vokH3A14a-dd5v5fyrqYxVgoyNMvlAAqCGrLCgp6pHNtUXDz1p_VdEcDG0oleSec-gW9yrDTk0l24vx1f8SvMWmBeEfgDSLV3dKh0Ybrx1B2sPEMfSEBXyWjzCgXPReA18Rqo2WHdR6TyNVbT9I9UHmfWND8/igrM5frFZoTVywmC8CcGPiOtUwj9jv_XnoSegkn06LI)","","Routed signs are ideal for creating branded
styles.","Routed Signs are dimensional signs and decorative panels produced using CNC routing technology. This method allows for precise cutting of letters, logos, ornaments, and complex shapes from materials such as acrylic, composite, aluminum, PVC, and HDU foam. Unlike flat printing or decals, these signs create a sense
of depth and premium quality that immediately sets your brand apart from competitors.","FRS-MOD005-0001,FRS-MOD005-0002","1","0","visible","none","1","10","","Texture — Sandblast,Texture — Freestyle,Texture — Quarzputz,Texture — Sandpebble,Texture — Sandpebble Fine,Texture — Mojave,Texture — Finesse,Texture — Coral,Texture — Coral Light","","3dsignfactory.com,3dsignfactory.us,royalfoam.art","","FRS-MOD005","FRS-MOD005-0001,FRS-MOD005-0002","{""3dsignfactory.com"": ""3D Sign Factory"", ""3dsignfactory.us"": ""3D Sign Factory"", ""royalfoam.art"": ""Royal Foam Art Design""}","","{""3dsignfactory.com"": """", ""3dsignfactory.us"": """", ""royalfoam.art"": """"}","new","USD","Foam Routed Signs","","","","","","","Sandblast | Freestyle | Quarzputz | Sandpebble | Sandpebble Fine | Mojave | Finesse | Coral | Coral Light","","","","","","","","https://v5.airtableusercontent.com/v3/u/57/57/1789048800000/S53ZaV13bUtZkN3HgidEdg/Y-GQrHc8xyPmLE1vokH3A14a-dd5v5fyrqYxVgoyNMvlAAqCGrLCgp6pHNtUXDz1p_VdEcDG0oleSec-gW9yrDTk0l24vx1f8SvMWmBeEfgDSLV3dKh0Ybrx1B2sPEMfSEBXyWjzCgXPReA18Rqo2WHdR6TyNVbT9I9UHmfWND8/igrM5frFZoTVywmC8CcGPiOtUwj9jv_XnoSegkn06LI","","NEEDS_REVIEW","Images use temporary Airtable URLs"
"Foam Routed Signs MOD006 — FRS-MOD006","Foam Routed Signs MOD006","variable","FRS-MOD006","Foam Routed Signs","foam_routed_signs_6.webp (https://v5.airtableusercontent.com/v3/u/57/57/1789048800000/GEvq5oa5D6SZvALEWG6eGg/w7iqn17CqSOu2frimvUj7nS1ScPSS9jX0STIS3bpIz602yzLI8uHdLc8tx0xYj2_vyrBNKrVTCbRNDL8-LysVt0ZhI8nrTfqHdvzMtS7HIrGbYdylwa-O56L7Dt1IVlJEpB9f3iM15Je_ln7SwmJ5IY2G3DoRXIcXNK04m2C2pY/2TQ6s1vF7lNkXkgNT0hiaXX6xbhRYszWXI9G8tLVmDg)","","Routed signs are ideal for creating branded
styles.","Routed Signs are dimensional signs and decorative panels produced using CNC routing technology. This method allows for precise cutting of letters, logos, ornaments, and complex shapes from materials such as acrylic, composite, aluminum, PVC, and HDU foam. Unlike flat printing or decals, these signs create a sense
of depth and premium quality that immediately sets your brand apart from competitors.","FRS-MOD006-0001,FRS-MOD006-0002","1","0","visible","none","1","10","","Texture — Sandblast,Texture — Freestyle,Texture — Quarzputz,Texture — Sandpebble,Texture — Sandpebble Fine,Texture — Mojave,Texture — Finesse,Texture — Coral,Texture — Coral Light","","3dsignfactory.com,3dsignfactory.us,royalfoam.art","","FRS-MOD006","FRS-MOD006-0001,FRS-MOD006-0002","{""3dsignfactory.com"": ""3D Sign Factory"", ""3dsignfactory.us"": ""3D Sign Factory"", ""royalfoam.art"": ""Royal Foam Art Design""}","","{""3dsignfactory.com"": """", ""3dsignfactory.us"": """", ""royalfoam.art"": """"}","new","USD","Foam Routed Signs","","","","","","","Sandblast | Freestyle | Quarzputz | Sandpebble | Sandpebble Fine | Mojave | Finesse | Coral | Coral Light","","","","","","","","https://v5.airtableusercontent.com/v3/u/57/57/1789048800000/GEvq5oa5D6SZvALEWG6eGg/w7iqn17CqSOu2frimvUj7nS1ScPSS9jX0STIS3bpIz602yzLI8uHdLc8tx0xYj2_vyrBNKrVTCbRNDL8-LysVt0ZhI8nrTfqHdvzMtS7HIrGbYdylwa-O56L7Dt1IVlJEpB9f3iM15Je_ln7SwmJ5IY2G3DoRXIcXNK04m2C2pY/2TQ6s1vF7lNkXkgNT0hiaXX6xbhRYszWXI9G8tLVmDg","","NEEDS_REVIEW","Images use temporary Airtable URLs"
"Foam Routed Signs MOD007 — FRS-MOD007","Foam Routed Signs MOD007","variable","FRS-MOD007","Foam Routed Signs","foam_routed_signs_7-2.webp (https://v5.airtableusercontent.com/v3/u/57/57/1789048800000/qwTvTtVabXrockqYxSAwvA/3T1phNJG-hkQ__sdp_TDgj6AexWjIyh_Mb69R_pOh7lV5Q_yY5LXy7pevLVOjib8j8ayGcQJIXXt6yqTOvwy33Udjm56SRY1Anep4FetzZ8IB6EOunbKNK-v90VRvOSmZrVcdJ3iD5sMmmRCgum5PBkTu_Ux_mkFyVeABc0ksfloCqqjG2G-OcmElQ-wCumx/O-G-og03x5Ypt6MvOw3nwIekjTE3YwnI3fPMjvAk5Bs)","","Routed signs are ideal for creating branded
styles.","Routed Signs are dimensional signs and decorative panels produced using CNC routing technology. This method allows for precise cutting of letters, logos, ornaments, and complex shapes from materials such as acrylic, composite, aluminum, PVC, and HDU foam. Unlike flat printing or decals, these signs create a sense
of depth and premium quality that immediately sets your brand apart from competitors.","FRS-MOD007-0001,FRS-MOD007-0002","1","0","visible","none","1","10","","Texture — Sandblast,Texture — Freestyle,Texture — Quarzputz,Texture — Sandpebble,Texture — Sandpebble Fine,Texture — Mojave,Texture — Finesse,Texture — Coral,Texture — Coral Light","","3dsignfactory.com,3dsignfactory.us,royalfoam.art","","FRS-MOD007","FRS-MOD007-0001,FRS-MOD007-0002","{""3dsignfactory.com"": ""3D Sign Factory"", ""3dsignfactory.us"": ""3D Sign Factory"", ""royalfoam.art"": ""Royal Foam Art Design""}","","{""3dsignfactory.com"": """", ""3dsignfactory.us"": """", ""royalfoam.art"": """"}","new","USD","Foam Routed Signs","","","","","","","Sandblast | Freestyle | Quarzputz | Sandpebble | Sandpebble Fine | Mojave | Finesse | Coral | Coral Light","","","","","","","","https://v5.airtableusercontent.com/v3/u/57/57/1789048800000/qwTvTtVabXrockqYxSAwvA/3T1phNJG-hkQ__sdp_TDgj6AexWjIyh_Mb69R_pOh7lV5Q_yY5LXy7pevLVOjib8j8ayGcQJIXXt6yqTOvwy33Udjm56SRY1Anep4FetzZ8IB6EOunbKNK-v90VRvOSmZrVcdJ3iD5sMmmRCgum5PBkTu_Ux_mkFyVeABc0ksfloCqqjG2G-OcmElQ-wCumx/O-G-og03x5Ypt6MvOw3nwIekjTE3YwnI3fPMjvAk5Bs","","NEEDS_REVIEW","Images use temporary Airtable URLs"
"Foam Routed Signs MOD008 — FRS-MOD008","Foam Routed Signs MOD008","variable","FRS-MOD008","Foam Routed Signs","foam_routed_signs_8.webp (https://v5.airtableusercontent.com/v3/u/57/57/1789048800000/-ODF9rWCKgHq_iRCC-fiHA/6wDlHmkJBo4WM8zWs5n5if9dDebiDYviRm-7vZpuiCMfKNLoSDwmQMOxknt7ii9R6y4v-oanMPQc8-bH5aStan9K5Bu1DkVEiQ9M_EOH_Frw1P1XrkYsNo0bzY_nc35VDYhSEkONiht-uMNnjaxAgiC9khmSI_dBokckQjL-Clk/lvAI3yZw9Vo61mwr8YsYOXZwXXQ2cwHEXQVnYq_3M0U)","","Routed signs are ideal for creating branded
styles.","Routed Signs are dimensional signs and decorative panels produced using CNC routing technology. This method allows for precise cutting of letters, logos, ornaments, and complex shapes from materials such as acrylic, composite, aluminum, PVC, and HDU foam. Unlike flat printing or decals, these signs create a sense
of depth and premium quality that immediately sets your brand apart from competitors.","FRS-MOD008-0001,FRS-MOD008-0002","1","0","visible","none","1","10","","Texture — Sandblast,Texture — Freestyle,Texture — Quarzputz,Texture — Sandpebble,Texture — Sandpebble Fine,Texture — Mojave,Texture — Finesse,Texture — Coral,Texture — Coral Light","","3dsignfactory.com,3dsignfactory.us,royalfoam.art","","FRS-MOD008","FRS-MOD008-0001,FRS-MOD008-0002","{""3dsignfactory.com"": ""3D Sign Factory"", ""3dsignfactory.us"": ""3D Sign Factory"", ""royalfoam.art"": ""Royal Foam Art Design""}","","{""3dsignfactory.com"": """", ""3dsignfactory.us"": """", ""royalfoam.art"": """"}","new","USD","Foam Routed Signs","","","","","","","Sandblast | Freestyle | Quarzputz | Sandpebble | Sandpebble Fine | Mojave | Finesse | Coral | Coral Light","","","","","","","","https://v5.airtableusercontent.com/v3/u/57/57/1789048800000/-ODF9rWCKgHq_iRCC-fiHA/6wDlHmkJBo4WM8zWs5n5if9dDebiDYviRm-7vZpuiCMfKNLoSDwmQMOxknt7ii9R6y4v-oanMPQc8-bH5aStan9K5Bu1DkVEiQ9M_EOH_Frw1P1XrkYsNo0bzY_nc35VDYhSEkONiht-uMNnjaxAgiC9khmSI_dBokckQjL-Clk/lvAI3yZw9Vo61mwr8YsYOXZwXXQ2cwHEXQVnYq_3M0U","","NEEDS_REVIEW","Images use temporary Airtable URLs"
"Foam Routed Signs MOD009 — FRS-MOD009","Foam Routed Signs MOD009","variable","FRS-MOD009","Foam Routed Signs","foam_routed_signs_9.webp (https://v5.airtableusercontent.com/v3/u/57/57/1789048800000/bS4f254d5keynDdjzC7QpQ/iN5R8F78oznnk62IkIFVW2Iu-Vaqqrd0SaG9jmRHFJ57PU2LlHzw20hnrZzIliSl_vPPQ5eFts_FTs4OmwjidKEVFyyKjE6bKUprTV4c0LWmzJ7_akM29R5joVfXpzGAFgPZY0Z-qHYyqmM91Bf8Ps7zMHiZjjg6ckROgyRO7B0/tgcZjOJGC4qKjVLB0CuzQhQIa0v5E8y8h5ugbDT2M5U)","","Routed signs are ideal for creating branded
styles.","Routed Signs are dimensional signs and decorative panels produced using CNC routing technology. This method allows for precise cutting of letters, logos, ornaments, and complex shapes from materials such as acrylic, composite, aluminum, PVC, and HDU foam. Unlike flat printing or decals, these signs create a sense
of depth and premium quality that immediately sets your brand apart from competitors.","FRS-MOD009-0001,FRS-MOD009-0002","1","0","visible","none","1","10","","Texture — Sandblast,Texture — Freestyle,Texture — Quarzputz,Texture — Sandpebble,Texture — Sandpebble Fine,Texture — Mojave,Texture — Finesse,Texture — Coral,Texture — Coral Light","","3dsignfactory.com,3dsignfactory.us,royalfoam.art","","FRS-MOD009","FRS-MOD009-0001,FRS-MOD009-0002","{""3dsignfactory.com"": ""3D Sign Factory"", ""3dsignfactory.us"": ""3D Sign Factory"", ""royalfoam.art"": ""Royal Foam Art Design""}","","{""3dsignfactory.com"": """", ""3dsignfactory.us"": """", ""royalfoam.art"": """"}","new","USD","Foam Routed Signs","","","","","","","Sandblast | Freestyle | Quarzputz | Sandpebble | Sandpebble Fine | Mojave | Finesse | Coral | Coral Light","","","","","","","","https://v5.airtableusercontent.com/v3/u/57/57/1789048800000/bS4f254d5keynDdjzC7QpQ/iN5R8F78oznnk62IkIFVW2Iu-Vaqqrd0SaG9jmRHFJ57PU2LlHzw20hnrZzIliSl_vPPQ5eFts_FTs4OmwjidKEVFyyKjE6bKUprTV4c0LWmzJ7_akM29R5joVfXpzGAFgPZY0Z-qHYyqmM91Bf8Ps7zMHiZjjg6ckROgyRO7B0/tgcZjOJGC4qKjVLB0CuzQhQIa0v5E8y8h5ugbDT2M5U","","NEEDS_REVIEW","Images use temporary Airtable URLs"
"Foam Routed Signs MOD010 — FRS-MOD010","Foam Routed Signs MOD010","variable","FRS-MOD010","Foam Routed Signs","foam_routed_signs_10.webp (https://v5.airtableusercontent.com/v3/u/57/57/1789048800000/NwFwpOldYNSeIoDusj4bHA/XrWXGSjeETc1dtqZ8S5vYPPiwF-53qbM1L5L88yZH_Vmv7ksomokLBQ0rB7Pxns07960v49qe65-jVxY71ekxxrc8esw3ij12U5qaYi1IVE8G7wF0K23LwwOMfw83tw5zlDyAwunA_thoh55s3VVfiXWO6z60guqxkNG2eFdBok/jr0rtWUyZQ0N2hM-HZc0z90EnFQqsK-zf7y_dyg6rRc)","","Routed signs are ideal for creating branded
styles.","Routed Signs are dimensional signs and decorative panels produced using CNC routing technology. This method allows for precise cutting of letters, logos, ornaments, and complex shapes from materials such as acrylic, composite, aluminum, PVC, and HDU foam. Unlike flat printing or decals, these signs create a sense
of depth and premium quality that immediately sets your brand apart from competitors.","FRS-MOD010-0001,FRS-MOD010-0002","1","0","visible","none","1","10","","Texture — Sandblast,Texture — Freestyle,Texture — Quarzputz,Texture — Sandpebble,Texture — Sandpebble Fine,Texture — Mojave,Texture — Finesse,Texture — Coral,Texture — Coral Light","","3dsignfactory.com,3dsignfactory.us,royalfoam.art","","FRS-MOD010","FRS-MOD010-0001,FRS-MOD010-0002","{""3dsignfactory.com"": ""3D Sign Factory"", ""3dsignfactory.us"": ""3D Sign Factory"", ""royalfoam.art"": ""Royal Foam Art Design""}","","{""3dsignfactory.com"": """", ""3dsignfactory.us"": """", ""royalfoam.art"": """"}","new","USD","Foam Routed Signs","","","","","","","Sandblast | Freestyle | Quarzputz | Sandpebble | Sandpebble Fine | Mojave | Finesse | Coral | Coral Light","","","","","","","","https://v5.airtableusercontent.com/v3/u/57/57/1789048800000/NwFwpOldYNSeIoDusj4bHA/XrWXGSjeETc1dtqZ8S5vYPPiwF-53qbM1L5L88yZH_Vmv7ksomokLBQ0rB7Pxns07960v49qe65-jVxY71ekxxrc8esw3ij12U5qaYi1IVE8G7wF0K23LwwOMfw83tw5zlDyAwunA_thoh55s3VVfiXWO6z60guqxkNG2eFdBok/jr0rtWUyZQ0N2hM-HZc0z90EnFQqsK-zf7y_dyg6rRc","","NEEDS_REVIEW","Images use temporary Airtable URLs"
"Sandblasted & V Carved Signs MOD001 — SVCS-MOD001","Sandblasted & V Carved Signs MOD001","variable","SVCS-MOD001","Sandblasted & V Carved Signs","sandblasted-v-carved-signs_1.webp (https://v5.airtableusercontent.com/v3/u/57/57/1789048800000/X3P0RyWXSkFx16-wdwrx5Q/JtCtDDGKu_SUed09aH134CjL9uKH7cGHDlVp3Ct_uPp7SijcyNNdERsfZ0d1pXgUn6BaQ-bXai6a2dXWquE0nfTpeHjc-qn7HAqRAeaaDwgaChpbcvOHc5bBabjwhspgRri8ppeFYWgVFJV6w2Gbi092ekeYTch1VG8xvbfk_HbsliREeWd1dILvaeT0-gLy/IfOFB3aiKrXUng35vGVai01GRQc6GUee7oqLxxyR8cc)","","","","SVCS-MOD001-0001,SVCS-MOD001-0002","1","0","visible","none","1","10","","Texture — Sandblast,Texture — Freestyle,Texture — Quarzputz,Texture — Sandpebble,Texture — Sandpebble Fine,Texture — Mojave,Texture — Finesse,Texture — Coral,Texture — Coral Light","","3dsignfactory.com,3dsignfactory.us,royalfoam.art","","SVCS-MOD001","SVCS-MOD001-0001,SVCS-MOD001-0002","{""3dsignfactory.com"": ""3D Sign Factory"", ""3dsignfactory.us"": ""3D Sign Factory"", ""royalfoam.art"": ""Royal Foam Art Design""}","","{""3dsignfactory.com"": """", ""3dsignfactory.us"": """", ""royalfoam.art"": """"}","new","USD","Sandblasted & V Carved Signs","","","","","","","Sandblast | Freestyle | Quarzputz | Sandpebble | Sandpebble Fine | Mojave | Finesse | Coral | Coral Light","","","","","","","","https://v5.airtableusercontent.com/v3/u/57/57/1789048800000/X3P0RyWXSkFx16-wdwrx5Q/JtCtDDGKu_SUed09aH134CjL9uKH7cGHDlVp3Ct_uPp7SijcyNNdERsfZ0d1pXgUn6BaQ-bXai6a2dXWquE0nfTpeHjc-qn7HAqRAeaaDwgaChpbcvOHc5bBabjwhspgRri8ppeFYWgVFJV6w2Gbi092ekeYTch1VG8xvbfk_HbsliREeWd1dILvaeT0-gLy/IfOFB3aiKrXUng35vGVai01GRQc6GUee7oqLxxyR8cc","","NEEDS_REVIEW","Description is empty | Images use temporary Airtable URLs"
"Sandblasted & V Carved Signs MOD002 — SVCS-MOD002","Sandblasted & V Carved Signs MOD002","variable","SVCS-MOD002","Sandblasted & V Carved Signs","sandblasted-v-carved-signs_2.webp (https://v5.airtableusercontent.com/v3/u/57/57/1789048800000/Pgrok9I7YGbdPbrC-IOB6g/rMt6T8b-qloOzC9sh1mrMGR3qz0yqrB9BdqaiFqwKS4tFB1zufjdz8UwxY9qmYmHBWvt5plyIELePkmtGGgwKsRoltC6IIAxF0TEHCVkcl2DreXounPjuzaqxR1IHdUHyrANC-scG51OuHCR-GGMkqxygjIjkfVKQpjMhqskpooe4C_sCfmaa3lYxWpASoFQ/MonHceQZ7lq6161i4r2AonectDoiPVraJdSKjx58aKI)","","","","SVCS-MOD002-0001,SVCS-MOD002-0002","1","0","visible","none","1","10","","Texture — Sandblast,Texture — Freestyle,Texture — Quarzputz,Texture — Sandpebble,Texture — Sandpebble Fine,Texture — Mojave,Texture — Finesse,Texture — Coral,Texture — Coral Light","","3dsignfactory.com,3dsignfactory.us,royalfoam.art","","SVCS-MOD002","SVCS-MOD002-0001,SVCS-MOD002-0002","{""3dsignfactory.com"": ""3D Sign Factory"", ""3dsignfactory.us"": ""3D Sign Factory"", ""royalfoam.art"": ""Royal Foam Art Design""}","","{""3dsignfactory.com"": """", ""3dsignfactory.us"": """", ""royalfoam.art"": """"}","new","USD","Sandblasted & V Carved Signs","","","","","","","Sandblast | Freestyle | Quarzputz | Sandpebble | Sandpebble Fine | Mojave | Finesse | Coral | Coral Light","","","","","","","","https://v5.airtableusercontent.com/v3/u/57/57/1789048800000/Pgrok9I7YGbdPbrC-IOB6g/rMt6T8b-qloOzC9sh1mrMGR3qz0yqrB9BdqaiFqwKS4tFB1zufjdz8UwxY9qmYmHBWvt5plyIELePkmtGGgwKsRoltC6IIAxF0TEHCVkcl2DreXounPjuzaqxR1IHdUHyrANC-scG51OuHCR-GGMkqxygjIjkfVKQpjMhqskpooe4C_sCfmaa3lYxWpASoFQ/MonHceQZ7lq6161i4r2AonectDoiPVraJdSKjx58aKI","","NEEDS_REVIEW","Description is empty | Images use temporary Airtable URLs"
"Sandblasted & V Carved Signs MOD003 — SVCS-MOD003","Sandblasted & V Carved Signs MOD003","variable","SVCS-MOD003","Sandblasted & V Carved Signs","sandblasted-v-carved-signs_3.webp (https://v5.airtableusercontent.com/v3/u/57/57/1789048800000/zDErOnynp2kgY_PgA-ZrgA/Mpx38kemfOgeZBsxycXVtRmaFWkhIsBuIbtp7x1XPdxfn2gUjfhSPSKMWy1uCAWLcU5yA0zJbEWl1f0FhTgW9eh49YbtIRakd8a9STb9Xgwtj38WzXNakzaX8r7v-hvmf5BsffS4NvQH_YTs5u3iVQtkKK4zJ3ovZa_FdHTE92rSEPJAbGRWEWISRFoK-B2R/0DMXt115dHXimLB9HEAcLYYLvtyxJVHxugxK0rUXAqE)","","","","SVCS-MOD003-0001,SVCS-MOD003-0002","1","0","visible","none","1","10","","Texture — Sandblast,Texture — Freestyle,Texture — Quarzputz,Texture — Sandpebble,Texture — Sandpebble Fine,Texture — Mojave,Texture — Finesse,Texture — Coral,Texture — Coral Light","","3dsignfactory.com,3dsignfactory.us,royalfoam.art","","SVCS-MOD003","SVCS-MOD003-0001,SVCS-MOD003-0002","{""3dsignfactory.com"": ""3D Sign Factory"", ""3dsignfactory.us"": ""3D Sign Factory"", ""royalfoam.art"": ""Royal Foam Art Design""}","","{""3dsignfactory.com"": """", ""3dsignfactory.us"": """", ""royalfoam.art"": """"}","new","USD","Sandblasted & V Carved Signs","","","","","","","Sandblast | Freestyle | Quarzputz | Sandpebble | Sandpebble Fine | Mojave | Finesse | Coral | Coral Light","","","","","","","","https://v5.airtableusercontent.com/v3/u/57/57/1789048800000/zDErOnynp2kgY_PgA-ZrgA/Mpx38kemfOgeZBsxycXVtRmaFWkhIsBuIbtp7x1XPdxfn2gUjfhSPSKMWy1uCAWLcU5yA0zJbEWl1f0FhTgW9eh49YbtIRakd8a9STb9Xgwtj38WzXNakzaX8r7v-hvmf5BsffS4NvQH_YTs5u3iVQtkKK4zJ3ovZa_FdHTE92rSEPJAbGRWEWISRFoK-B2R/0DMXt115dHXimLB9HEAcLYYLvtyxJVHxugxK0rUXAqE","","NEEDS_REVIEW","Description is empty | Images use temporary Airtable URLs"
"Sandblasted & V Carved Signs MOD004 — SVCS-MOD004","Sandblasted & V Carved Signs MOD004","variable","SVCS-MOD004","Sandblasted & V Carved Signs","sandblasted-v-carved-signs_4.webp (https://v5.airtableusercontent.com/v3/u/57/57/1789048800000/3XXU-jYbThmVxp--Arb3xA/S2srxUFa37ZhfchqS13ZScaiRNx7fbgMsi57_Qu3oFqSD-e-ceujwvZb9u5wwvpIkThVXISE3Q4c1SmYNGfOY57Jws70g6RdboPHp79mGPZgAQ4nJC5LRkPqKaNAii2oVHi73MoyxNBcDn32aOyfyv0jZlKodyoW3z4iHMPagEF8RYOgdcbz0oe0ey1kANri/QVWhll-K8k_9aKrvaCW5iOPBvKEUE_MG5wCtOc9jgh4)","","","","SVCS-MOD004-0001,SVCS-MOD004-0002","1","0","visible","none","1","10","","Texture — Sandblast,Texture — Freestyle,Texture — Quarzputz,Texture — Sandpebble,Texture — Sandpebble Fine,Texture — Mojave,Texture — Finesse,Texture — Coral,Texture — Coral Light","","3dsignfactory.com,3dsignfactory.us,royalfoam.art","","SVCS-MOD004","SVCS-MOD004-0001,SVCS-MOD004-0002","{""3dsignfactory.com"": ""3D Sign Factory"", ""3dsignfactory.us"": ""3D Sign Factory"", ""royalfoam.art"": ""Royal Foam Art Design""}","","{""3dsignfactory.com"": """", ""3dsignfactory.us"": """", ""royalfoam.art"": """"}","new","USD","Sandblasted & V Carved Signs","","","","","","","Sandblast | Freestyle | Quarzputz | Sandpebble | Sandpebble Fine | Mojave | Finesse | Coral | Coral Light","","","","","","","","https://v5.airtableusercontent.com/v3/u/57/57/1789048800000/3XXU-jYbThmVxp--Arb3xA/S2srxUFa37ZhfchqS13ZScaiRNx7fbgMsi57_Qu3oFqSD-e-ceujwvZb9u5wwvpIkThVXISE3Q4c1SmYNGfOY57Jws70g6RdboPHp79mGPZgAQ4nJC5LRkPqKaNAii2oVHi73MoyxNBcDn32aOyfyv0jZlKodyoW3z4iHMPagEF8RYOgdcbz0oe0ey1kANri/QVWhll-K8k_9aKrvaCW5iOPBvKEUE_MG5wCtOc9jgh4","","NEEDS_REVIEW","Description is empty | Images use temporary Airtable URLs"
"Sandblasted & V Carved Signs MOD005 — SVCS-MOD005","Sandblasted & V Carved Signs MOD005","variable","SVCS-MOD005","Sandblasted & V Carved Signs","sandblasted-v-carved-signs_5.webp (https://v5.airtableusercontent.com/v3/u/57/57/1789048800000/sK5YJ-WI2MAhIJjYWV2C1g/8GkNx0EWV-pPHndJR_IXeeDxVgkjAUWHEB9-0aWTbBGDRNxCGI_lgdWTvWWY3JvonV6SBzrQE8umLcTD10cmYjoTnK0WagTsUFUSGOEppDV9OwjqiSdKn7fedQ8hPuhx8dFuFGl9trkLRi3RoXbWWozoG3DHLMixNsbJyYZRr__hSGvFhmIzrS1nM2ktXqBJ/Mhx6AD-GxBpUPGL8QhcqbqtN7Dq9ox-KG97UXJ5bO3s)","","","","SVCS-MOD005-0001,SVCS-MOD005-0002","1","0","visible","none","1","10","","Texture — Sandblast,Texture — Freestyle,Texture — Quarzputz,Texture — Sandpebble,Texture — Sandpebble Fine,Texture — Mojave,Texture — Finesse,Texture — Coral,Texture — Coral Light","","3dsignfactory.com,3dsignfactory.us,royalfoam.art","","SVCS-MOD005","SVCS-MOD005-0001,SVCS-MOD005-0002","{""3dsignfactory.com"": ""3D Sign Factory"", ""3dsignfactory.us"": ""3D Sign Factory"", ""royalfoam.art"": ""Royal Foam Art Design""}","","{""3dsignfactory.com"": """", ""3dsignfactory.us"": """", ""royalfoam.art"": """"}","new","USD","Sandblasted & V Carved Signs","","","","","","","Sandblast | Freestyle | Quarzputz | Sandpebble | Sandpebble Fine | Mojave | Finesse | Coral | Coral Light","","","","","","","","https://v5.airtableusercontent.com/v3/u/57/57/1789048800000/sK5YJ-WI2MAhIJjYWV2C1g/8GkNx0EWV-pPHndJR_IXeeDxVgkjAUWHEB9-0aWTbBGDRNxCGI_lgdWTvWWY3JvonV6SBzrQE8umLcTD10cmYjoTnK0WagTsUFUSGOEppDV9OwjqiSdKn7fedQ8hPuhx8dFuFGl9trkLRi3RoXbWWozoG3DHLMixNsbJyYZRr__hSGvFhmIzrS1nM2ktXqBJ/Mhx6AD-GxBpUPGL8QhcqbqtN7Dq9ox-KG97UXJ5bO3s","","NEEDS_REVIEW","Description is empty | Images use temporary Airtable URLs"
"Sandblasted & V Carved Signs MOD006 — SVCS-MOD006","Sandblasted & V Carved Signs MOD006","variable","SVCS-MOD006","Sandblasted & V Carved Signs","sandblasted-v-carved-signs_6.webp (https://v5.airtableusercontent.com/v3/u/57/57/1789048800000/IZCWc2EHFvC9mx5OjniVCg/bMOzNF1ubhBQX90VVxkKfk_iAI8zOxWlzrdBgQFNA1L_3tVGQTFvO7nNTJWtM8NtjlpTvsdo1IMc8JB1oUJlkbDPvSKOl7r5TA_iooeFwFgGW-4WHdIfsINUuB9zbasDKR7VfbON-aq-GO8QquDxfP3cqKxBWMV_pkQFuO6zUuNaBllY7UaWutHb9xRyOtVn/0xfWWwHjrJ0te6LepGp3WB8i1a4P86H0zgPYEi1xwUM)","","","","SVCS-MOD006-0001,SVCS-MOD006-0002","1","0","visible","none","1","10","","Texture — Sandblast,Texture — Freestyle,Texture — Quarzputz,Texture — Sandpebble,Texture — Sandpebble Fine,Texture — Mojave,Texture — Finesse,Texture — Coral,Texture — Coral Light","","3dsignfactory.com,3dsignfactory.us,royalfoam.art","","SVCS-MOD006","SVCS-MOD006-0001,SVCS-MOD006-0002","{""3dsignfactory.com"": ""3D Sign Factory"", ""3dsignfactory.us"": ""3D Sign Factory"", ""royalfoam.art"": ""Royal Foam Art Design""}","","{""3dsignfactory.com"": """", ""3dsignfactory.us"": """", ""royalfoam.art"": """"}","new","USD","Sandblasted & V Carved Signs","","","","","","","Sandblast | Freestyle | Quarzputz | Sandpebble | Sandpebble Fine | Mojave | Finesse | Coral | Coral Light","","","","","","","","https://v5.airtableusercontent.com/v3/u/57/57/1789048800000/IZCWc2EHFvC9mx5OjniVCg/bMOzNF1ubhBQX90VVxkKfk_iAI8zOxWlzrdBgQFNA1L_3tVGQTFvO7nNTJWtM8NtjlpTvsdo1IMc8JB1oUJlkbDPvSKOl7r5TA_iooeFwFgGW-4WHdIfsINUuB9zbasDKR7VfbON-aq-GO8QquDxfP3cqKxBWMV_pkQFuO6zUuNaBllY7UaWutHb9xRyOtVn/0xfWWwHjrJ0te6LepGp3WB8i1a4P86H0zgPYEi1xwUM","","NEEDS_REVIEW","Description is empty | Images use temporary Airtable URLs"
"Sandblasted & V Carved Signs MOD007 — SVCS-MOD007","Sandblasted & V Carved Signs MOD007","variable","SVCS-MOD007","Sandblasted & V Carved Signs","sandblasted-v-carved-signs_7.webp (https://v5.airtableusercontent.com/v3/u/57/57/1789048800000/qAztKMoy5Vbpxzz4F68N8g/uJhkf93jZztazVkFK8qe2pSsmlPBn6WG7V5AltA6xHWJs1iLXK-VgmNG1WreS2CXBmAT-VNDv0dD4h9bIRlRmQh52vYudmlFLDUp8O9dJHneV-bo67WWaFFvcodscHyWiJ9EoM8AuA8mmdZDmyILhR93QgxcKoYJJbBPPC-ok2PVanTN1VeDPzCLYXIi8RGe/ENgsOYCdvmhdpbzgsGnSuYnYQ-yX6s4a5lpTdmpn_JE)","","","","SVCS-MOD007-0001,SVCS-MOD007-0002","1","0","visible","none","1","10","","Texture — Sandblast,Texture — Freestyle,Texture — Quarzputz,Texture — Sandpebble,Texture — Sandpebble Fine,Texture — Mojave,Texture — Finesse,Texture — Coral,Texture — Coral Light","","3dsignfactory.com,3dsignfactory.us,royalfoam.art","","SVCS-MOD007","SVCS-MOD007-0001,SVCS-MOD007-0002","{""3dsignfactory.com"": ""3D Sign Factory"", ""3dsignfactory.us"": ""3D Sign Factory"", ""royalfoam.art"": ""Royal Foam Art Design""}","","{""3dsignfactory.com"": """", ""3dsignfactory.us"": """", ""royalfoam.art"": """"}","new","USD","Sandblasted & V Carved Signs","","","","","","","Sandblast | Freestyle | Quarzputz | Sandpebble | Sandpebble Fine | Mojave | Finesse | Coral | Coral Light","","","","","","","","https://v5.airtableusercontent.com/v3/u/57/57/1789048800000/qAztKMoy5Vbpxzz4F68N8g/uJhkf93jZztazVkFK8qe2pSsmlPBn6WG7V5AltA6xHWJs1iLXK-VgmNG1WreS2CXBmAT-VNDv0dD4h9bIRlRmQh52vYudmlFLDUp8O9dJHneV-bo67WWaFFvcodscHyWiJ9EoM8AuA8mmdZDmyILhR93QgxcKoYJJbBPPC-ok2PVanTN1VeDPzCLYXIi8RGe/ENgsOYCdvmhdpbzgsGnSuYnYQ-yX6s4a5lpTdmpn_JE","","NEEDS_REVIEW","Description is empty | Images use temporary Airtable URLs"
"Sandblasted & V Carved Signs MOD008 — SVCS-MOD008","Sandblasted & V Carved Signs MOD008","variable","SVCS-MOD008","Sandblasted & V Carved Signs","sandblasted-v-carved-signs_8.webp (https://v5.airtableusercontent.com/v3/u/57/57/1789048800000/_uxQqHoMN186YVcClUI0pg/kl0ER7r1FetzoXZ2NVzLOgLHSk7N-fpxplr5C-W16rxOPSjBOrQM13w6Ycs2YkvtWvAHy1F4x_VgYnkNi74QpmLT5F_sPFPlQZv5jelitXzv5_kcCI3AAhgneCVmFobGL5rhhI_Epb4AMxg1R3wSYRxJMXYjgs8VIrev80NZszijDSdXeuXC0TLtKbmZRkjf/3XpegWnO0P7yWegDFuOxlFDB3auss9aDgDlBQ8ysYRI)","","","","SVCS-MOD008-0001,SVCS-MOD008-0002","1","0","visible","none","1","10","","Texture — Sandblast,Texture — Freestyle,Texture — Quarzputz,Texture — Sandpebble,Texture — Sandpebble Fine,Texture — Mojave,Texture — Finesse,Texture — Coral,Texture — Coral Light","","3dsignfactory.com,3dsignfactory.us,royalfoam.art","","SVCS-MOD008","SVCS-MOD008-0001,SVCS-MOD008-0002","{""3dsignfactory.com"": ""3D Sign Factory"", ""3dsignfactory.us"": ""3D Sign Factory"", ""royalfoam.art"": ""Royal Foam Art Design""}","","{""3dsignfactory.com"": """", ""3dsignfactory.us"": """", ""royalfoam.art"": """"}","new","USD","Sandblasted & V Carved Signs","","","","","","","Sandblast | Freestyle | Quarzputz | Sandpebble | Sandpebble Fine | Mojave | Finesse | Coral | Coral Light","","","","","","","","https://v5.airtableusercontent.com/v3/u/57/57/1789048800000/_uxQqHoMN186YVcClUI0pg/kl0ER7r1FetzoXZ2NVzLOgLHSk7N-fpxplr5C-W16rxOPSjBOrQM13w6Ycs2YkvtWvAHy1F4x_VgYnkNi74QpmLT5F_sPFPlQZv5jelitXzv5_kcCI3AAhgneCVmFobGL5rhhI_Epb4AMxg1R3wSYRxJMXYjgs8VIrev80NZszijDSdXeuXC0TLtKbmZRkjf/3XpegWnO0P7yWegDFuOxlFDB3auss9aDgDlBQ8ysYRI","","NEEDS_REVIEW","Description is empty | Images use temporary Airtable URLs"
"Sandblasted & V Carved Signs MOD009 — SVCS-MOD009","Sandblasted & V Carved Signs MOD009","variable","SVCS-MOD009","Sandblasted & V Carved Signs","sandblasted-v-carved-signs_9.webp (https://v5.airtableusercontent.com/v3/u/57/57/1789048800000/9Aolwo8p_7rFxjJ2zTE5cg/aTBwsKOeTd8VYFy4cmKKAuGx_QQiry9sRDp2rgK_FNyaEpgjrHc2L8hi585ybsuSUGmtwKSMZNQP6PslcZlgyoDQbbi7e9zNChgbUm7XR9UwEB75b1eQUhpzdxIPaODfV4SHHU1exC58LeczHtECN1Vl9m9WCF7EMywmRXjaxpyAh-MgcI0dBSMHTMqxD2Rp/7i3arHTSo0gpdPZyiZJYUW07R-uo83GdCONZsGMBpD0)","","","","SVCS-MOD009-0001,SVCS-MOD009-0002","1","0","visible","none","1","10","","Texture — Sandblast,Texture — Freestyle,Texture — Quarzputz,Texture — Sandpebble,Texture — Sandpebble Fine,Texture — Mojave,Texture — Finesse,Texture — Coral,Texture — Coral Light","","3dsignfactory.com,3dsignfactory.us,royalfoam.art","","SVCS-MOD009","SVCS-MOD009-0001,SVCS-MOD009-0002","{""3dsignfactory.com"": ""3D Sign Factory"", ""3dsignfactory.us"": ""3D Sign Factory"", ""royalfoam.art"": ""Royal Foam Art Design""}","","{""3dsignfactory.com"": """", ""3dsignfactory.us"": """", ""royalfoam.art"": """"}","new","USD","Sandblasted & V Carved Signs","","","","","","","Sandblast | Freestyle | Quarzputz | Sandpebble | Sandpebble Fine | Mojave | Finesse | Coral | Coral Light","","","","","","","","https://v5.airtableusercontent.com/v3/u/57/57/1789048800000/9Aolwo8p_7rFxjJ2zTE5cg/aTBwsKOeTd8VYFy4cmKKAuGx_QQiry9sRDp2rgK_FNyaEpgjrHc2L8hi585ybsuSUGmtwKSMZNQP6PslcZlgyoDQbbi7e9zNChgbUm7XR9UwEB75b1eQUhpzdxIPaODfV4SHHU1exC58LeczHtECN1Vl9m9WCF7EMywmRXjaxpyAh-MgcI0dBSMHTMqxD2Rp/7i3arHTSo0gpdPZyiZJYUW07R-uo83GdCONZsGMBpD0","","NEEDS_REVIEW","Description is empty | Images use temporary Airtable URLs"
"Sandblasted & V Carved Signs MOD010 — SVCS-MOD010","Sandblasted & V Carved Signs MOD010","variable","SVCS-MOD010","Sandblasted & V Carved Signs","sandblasted-v-carved-signs_10.webp (https://v5.airtableusercontent.com/v3/u/57/57/1789048800000/HgZ1PiDrNiDCdQEoGB9ZPA/2tSg5FBfNqwjquY-fVJDt4zzqMek11PbsXG73_yKaGo9DPVcqPlEfT4kUyFp0h45MfQslF3HHAcdJj017CnfmVvroblRvgvYCpbjuAhqwiz4AGg55n3nGKCL0HMu_3kHqAWearYwk4ltM8g-GE-3wLPshKbmF3tIPw8y2EKYeVt_MB3GoxMjlyImzqHcTIzR/6TZ__gTCQgaQmCnk_96APAZF7fa1I0qDTZqrZKnfqHc)","","","","SVCS-MOD010-0001,SVCS-MOD010-0002","1","0","visible","none","1","10","","Texture — Sandblast,Texture — Freestyle,Texture — Quarzputz,Texture — Sandpebble,Texture — Sandpebble Fine,Texture — Mojave,Texture — Finesse,Texture — Coral,Texture — Coral Light","","3dsignfactory.com,3dsignfactory.us,royalfoam.art","","SVCS-MOD010","SVCS-MOD010-0001,SVCS-MOD010-0002","{""3dsignfactory.com"": ""3D Sign Factory"", ""3dsignfactory.us"": ""3D Sign Factory"", ""royalfoam.art"": ""Royal Foam Art Design""}","","{""3dsignfactory.com"": """", ""3dsignfactory.us"": """", ""royalfoam.art"": """"}","new","USD","Sandblasted & V Carved Signs","","","","","","","Sandblast | Freestyle | Quarzputz | Sandpebble | Sandpebble Fine | Mojave | Finesse | Coral | Coral Light","","","","","","","","https://v5.airtableusercontent.com/v3/u/57/57/1789048800000/HgZ1PiDrNiDCdQEoGB9ZPA/2tSg5FBfNqwjquY-fVJDt4zzqMek11PbsXG73_yKaGo9DPVcqPlEfT4kUyFp0h45MfQslF3HHAcdJj017CnfmVvroblRvgvYCpbjuAhqwiz4AGg55n3nGKCL0HMu_3kHqAWearYwk4ltM8g-GE-3wLPshKbmF3tIPw8y2EKYeVt_MB3GoxMjlyImzqHcTIzR/6TZ__gTCQgaQmCnk_96APAZF7fa1I0qDTZqrZKnfqHc","","NEEDS_REVIEW","Description is empty | Images use temporary Airtable URLs"
"Sandblasted & V Carved Signs MOD011 — SVCS-MOD011","Sandblasted & V Carved Signs MOD011","variable","SVCS-MOD011","Sandblasted & V Carved Signs","sandblasted-v-carved-signs_11.webp (https://v5.airtableusercontent.com/v3/u/57/57/1789048800000/osUpk3KXkxutiSmv9Pee8w/vEUs_fVZCBcTXnUwVFzWEsJSazUG_Zf7ED1_KutMdjrjEYqoHnWqFAlmZQt3mDS1JKbv_QyzYTLgQ_Romt761A8lmk9LQjMn88d86sZk4brWtPG4O36CFqwGp0cElCci9Es1rF-iQjTbzLfgJrd938uTr-ga3Y0zXzdjET1fJWT-UB9IqJShWp643X7Ne9rY/FaY7VMgsEJhhskz-AliZIOZzt27OsrjNvGXJ_D2c9Sc)","","","","SVCS-MOD011-0001,SVCS-MOD011-0002","1","0","visible","none","1","10","","Texture — Sandblast,Texture — Freestyle,Texture — Quarzputz,Texture — Sandpebble,Texture — Sandpebble Fine,Texture — Mojave,Texture — Finesse,Texture — Coral,Texture — Coral Light","","3dsignfactory.com,3dsignfactory.us,royalfoam.art","","SVCS-MOD011","SVCS-MOD011-0001,SVCS-MOD011-0002","{""3dsignfactory.com"": ""3D Sign Factory"", ""3dsignfactory.us"": ""3D Sign Factory"", ""royalfoam.art"": ""Royal Foam Art Design""}","","{""3dsignfactory.com"": """", ""3dsignfactory.us"": """", ""royalfoam.art"": """"}","new","USD","Sandblasted & V Carved Signs","","","","","","","Sandblast | Freestyle | Quarzputz | Sandpebble | Sandpebble Fine | Mojave | Finesse | Coral | Coral Light","","","","","","","","https://v5.airtableusercontent.com/v3/u/57/57/1789048800000/osUpk3KXkxutiSmv9Pee8w/vEUs_fVZCBcTXnUwVFzWEsJSazUG_Zf7ED1_KutMdjrjEYqoHnWqFAlmZQt3mDS1JKbv_QyzYTLgQ_Romt761A8lmk9LQjMn88d86sZk4brWtPG4O36CFqwGp0cElCci9Es1rF-iQjTbzLfgJrd938uTr-ga3Y0zXzdjET1fJWT-UB9IqJShWp643X7Ne9rY/FaY7VMgsEJhhskz-AliZIOZzt27OsrjNvGXJ_D2c9Sc","","NEEDS_REVIEW","Description is empty | Images use temporary Airtable URLs"
"Sandblasted & V Carved Signs MOD012 — SVCS-MOD012","Sandblasted & V Carved Signs MOD012","variable","SVCS-MOD012","Sandblasted & V Carved Signs","sandblasted-v-carved-signs_12.webp (https://v5.airtableusercontent.com/v3/u/57/57/1789048800000/IJRVKzzDyyRZe1pVh0axtQ/Kxsa3BO-bDLfzdqKpJjmGWR_-mL5GGCKbClGi81pJQR_BoazqJmmA0itbAEkeQ_N4wn3ZCA6YrDkfevCQ779SzM9f3epXHaFXzHHrRUetiIp28yQx4NYVYddlAqOsK-s3UrursJRcV8w03xTB5Q51qLuj9nIySGZXS3nmPt7VPLhLT1-Txyc1WDvq5PCWNPE/4EAwosK9Tg2MLIOi4zdGVA7AiSTPrUD52NTFpvK4t6c)","","","","SVCS-MOD012-0001,SVCS-MOD012-0002","1","0","visible","none","1","10","","Texture — Sandblast,Texture — Freestyle,Texture — Quarzputz,Texture — Sandpebble,Texture — Sandpebble Fine,Texture — Mojave,Texture — Finesse,Texture — Coral,Texture — Coral Light","","3dsignfactory.com,3dsignfactory.us,royalfoam.art","","SVCS-MOD012","SVCS-MOD012-0001,SVCS-MOD012-0002","{""3dsignfactory.com"": ""3D Sign Factory"", ""3dsignfactory.us"": ""3D Sign Factory"", ""royalfoam.art"": ""Royal Foam Art Design""}","","{""3dsignfactory.com"": """", ""3dsignfactory.us"": """", ""royalfoam.art"": """"}","new","USD","Sandblasted & V Carved Signs","","","","","","","Sandblast | Freestyle | Quarzputz | Sandpebble | Sandpebble Fine | Mojave | Finesse | Coral | Coral Light","","","","","","","","https://v5.airtableusercontent.com/v3/u/57/57/1789048800000/IJRVKzzDyyRZe1pVh0axtQ/Kxsa3BO-bDLfzdqKpJjmGWR_-mL5GGCKbClGi81pJQR_BoazqJmmA0itbAEkeQ_N4wn3ZCA6YrDkfevCQ779SzM9f3epXHaFXzHHrRUetiIp28yQx4NYVYddlAqOsK-s3UrursJRcV8w03xTB5Q51qLuj9nIySGZXS3nmPt7VPLhLT1-Txyc1WDvq5PCWNPE/4EAwosK9Tg2MLIOi4zdGVA7AiSTPrUD52NTFpvK4t6c","","NEEDS_REVIEW","Description is empty | Images use temporary Airtable URLs"
"Sandblasted & V Carved Signs MOD013 — SVCS-MOD013","Sandblasted & V Carved Signs MOD013","variable","SVCS-MOD013","Sandblasted & V Carved Signs","sandblasted-v-carved-signs_13.webp (https://v5.airtableusercontent.com/v3/u/57/57/1789048800000/4X1NXRhTyWtMAW7EUbu0EA/UTzreFkSMCpCC55pzYbN7Dr0tfWDuK6V3rECEELUv5wKVMtV5AHWlzXW-iKZ-2i21Y2CX-JKl8yINfJPNhsYXDg9KD6FRie6-CT3QnRg9RWul37_3QH24buBp1RgkFwwVG_uMWjhhs4A3ATXrzDUhoGIMk9lLDO4xczLRQj3qg0kyNAPLJ2YSS4Pbafnv588/Gp5t8SwmuXtr-K5YJIfa5B3h6pB612eZDwi02BgfWLY)","","","","SVCS-MOD013-0001,SVCS-MOD013-0002","1","0","visible","none","1","10","","Texture — Sandblast,Texture — Freestyle,Texture — Quarzputz,Texture — Sandpebble,Texture — Sandpebble Fine,Texture — Mojave,Texture — Finesse,Texture — Coral,Texture — Coral Light","","3dsignfactory.com,3dsignfactory.us,royalfoam.art","","SVCS-MOD013","SVCS-MOD013-0001,SVCS-MOD013-0002","{""3dsignfactory.com"": ""3D Sign Factory"", ""3dsignfactory.us"": ""3D Sign Factory"", ""royalfoam.art"": ""Royal Foam Art Design""}","","{""3dsignfactory.com"": """", ""3dsignfactory.us"": """", ""royalfoam.art"": """"}","new","USD","Sandblasted & V Carved Signs","","","","","","","Sandblast | Freestyle | Quarzputz | Sandpebble | Sandpebble Fine | Mojave | Finesse | Coral | Coral Light","","","","","","","","https://v5.airtableusercontent.com/v3/u/57/57/1789048800000/4X1NXRhTyWtMAW7EUbu0EA/UTzreFkSMCpCC55pzYbN7Dr0tfWDuK6V3rECEELUv5wKVMtV5AHWlzXW-iKZ-2i21Y2CX-JKl8yINfJPNhsYXDg9KD6FRie6-CT3QnRg9RWul37_3QH24buBp1RgkFwwVG_uMWjhhs4A3ATXrzDUhoGIMk9lLDO4xczLRQj3qg0kyNAPLJ2YSS4Pbafnv588/Gp5t8SwmuXtr-K5YJIfa5B3h6pB612eZDwi02BgfWLY","","NEEDS_REVIEW","Description is empty | Images use temporary Airtable URLs"
"Sandblasted & V Carved Signs MOD014 — SVCS-MOD014","Sandblasted & V Carved Signs MOD014","variable","SVCS-MOD014","Sandblasted & V Carved Signs","sandblasted-v-carved-signs_14.webp (https://v5.airtableusercontent.com/v3/u/57/57/1789048800000/kAHolTZKFUJ0Ed843ukrKQ/bv0s3V8UEewdCYVDj7eCDuav0ruh8Ga6v8_8yuGoz05nlLupsUtIEFOL-_nQ4Amy1cXkmH2qip4NabOgGSH-yc2yu5NmpJCbD7ru-qw1I8uBpT4Kd4vhFlbXoTSPI4ILmNsHYyRU43wGKj9QncCCZ5ebXsp9MXlZ3bPXhBsOa2vusXlrxiqNKqr3XJdSFaFt/htmekegKihLfmUch3GjGMG50e_OkvdP3beorEITt7QI)","","","","SVCS-MOD014-0001,SVCS-MOD014-0002","1","0","visible","none","1","10","","Texture — Sandblast,Texture — Freestyle,Texture — Quarzputz,Texture — Sandpebble,Texture — Sandpebble Fine,Texture — Mojave,Texture — Finesse,Texture — Coral,Texture — Coral Light","","3dsignfactory.com,3dsignfactory.us,royalfoam.art","","SVCS-MOD014","SVCS-MOD014-0001,SVCS-MOD014-0002","{""3dsignfactory.com"": ""3D Sign Factory"", ""3dsignfactory.us"": ""3D Sign Factory"", ""royalfoam.art"": ""Royal Foam Art Design""}","","{""3dsignfactory.com"": """", ""3dsignfactory.us"": """", ""royalfoam.art"": """"}","new","USD","Sandblasted & V Carved Signs","","","","","","","Sandblast | Freestyle | Quarzputz | Sandpebble | Sandpebble Fine | Mojave | Finesse | Coral | Coral Light","","","","","","","","https://v5.airtableusercontent.com/v3/u/57/57/1789048800000/kAHolTZKFUJ0Ed843ukrKQ/bv0s3V8UEewdCYVDj7eCDuav0ruh8Ga6v8_8yuGoz05nlLupsUtIEFOL-_nQ4Amy1cXkmH2qip4NabOgGSH-yc2yu5NmpJCbD7ru-qw1I8uBpT4Kd4vhFlbXoTSPI4ILmNsHYyRU43wGKj9QncCCZ5ebXsp9MXlZ3bPXhBsOa2vusXlrxiqNKqr3XJdSFaFt/htmekegKihLfmUch3GjGMG50e_OkvdP3beorEITt7QI","","NEEDS_REVIEW","Description is empty | Images use temporary Airtable URLs"
"Sandblasted & V Carved Signs MOD015 — SVCS-MOD015","Sandblasted & V Carved Signs MOD015","variable","SVCS-MOD015","Sandblasted & V Carved Signs","sandblasted-v-carved-signs_15.webp (https://v5.airtableusercontent.com/v3/u/57/57/1789048800000/L-euo8md6pPMrUsR05_hgQ/NuAseDJIIkf1inVCq5XrdByYyuF7-DmUSONZ1kwbdBB5CxAW-zHWOR0jF8j2u-65fZMzW4Iz_3vgnLE0zQZFM7zbrK1crnfk4EoXHyAE9pQQE3m1HKsaCxIzt5-QnJhQswlUVc5ivjg0rMEiXD-plSy9cjE7qMUXz-YDt44fKwnoiTdIxmIjuY22zIZVFcTp/lQco0EweSOffziklBONDK1-XqTRd8iwaa9ECN3B2QZo)","","","","SVCS-MOD015-0001,SVCS-MOD015-0002","1","0","visible","none","1","10","","Texture — Sandblast,Texture — Freestyle,Texture — Quarzputz,Texture — Sandpebble,Texture — Sandpebble Fine,Texture — Mojave,Texture — Finesse,Texture — Coral,Texture — Coral Light","","3dsignfactory.com,3dsignfactory.us,royalfoam.art","","SVCS-MOD015","SVCS-MOD015-0001,SVCS-MOD015-0002","{""3dsignfactory.com"": ""3D Sign Factory"", ""3dsignfactory.us"": ""3D Sign Factory"", ""royalfoam.art"": ""Royal Foam Art Design""}","","{""3dsignfactory.com"": """", ""3dsignfactory.us"": """", ""royalfoam.art"": """"}","new","USD","Sandblasted & V Carved Signs","","","","","","","Sandblast | Freestyle | Quarzputz | Sandpebble | Sandpebble Fine | Mojave | Finesse | Coral | Coral Light","","","","","","","","https://v5.airtableusercontent.com/v3/u/57/57/1789048800000/L-euo8md6pPMrUsR05_hgQ/NuAseDJIIkf1inVCq5XrdByYyuF7-DmUSONZ1kwbdBB5CxAW-zHWOR0jF8j2u-65fZMzW4Iz_3vgnLE0zQZFM7zbrK1crnfk4EoXHyAE9pQQE3m1HKsaCxIzt5-QnJhQswlUVc5ivjg0rMEiXD-plSy9cjE7qMUXz-YDt44fKwnoiTdIxmIjuY22zIZVFcTp/lQco0EweSOffziklBONDK1-XqTRd8iwaa9ECN3B2QZo","","NEEDS_REVIEW","Description is empty | Images use temporary Airtable URLs"
"Oversized Foam Letters & Logos MOD001 — OFLL-MOD001","Oversized Foam Letters & Logos MOD001","variable","OFLL-MOD001","Oversized Foam Letters & Logos","oversized-foam-letters-logos_1.webp (https://v5.airtableusercontent.com/v3/u/57/57/1789048800000/OlD-1PhKs7z1KXxr1p6vnA/71A2N6H8tRzNlC0L2BeDvrSs8EFM9OBPGeI2lue4VoT0Yw4Q_pNk0XHXlJLFSsutjw1nsF9kG2CIJ0MAWZbGz1L20kJLjeUHln3rnPm3dU4cFNYmxaOKIrLhhWB_ZVS6Ydt7x_FL5zeJ6EaIPIZDswIgxMgEsCRYKWpF9tYkmD0-seWx1alhvPXlhDoMMcGA/81GYZJ3eUdXB8k3BeOR6WMgRo-T6jSBdTpCDbXtiC3Q)","","Freestanding lettering","Freestanding lettering refers to large three-dimensional letters and logos that stand on the floor, a podium, or a custom base without being attached to walls or facades. They create eye-catching structures that immediately draw attention and become the focal point of any space. Such letters are often used at exhibitions, presentations, showrooms, retail areas, and corporate offices to brand zones or photo areas.","OFLL-MOD001-0001,OFLL-MOD001-0002","1","0","visible","none","1","10","","Texture — Sandblast,Texture — Freestyle,Texture — Quarzputz,Texture — Sandpebble,Texture — Sandpebble Fine,Texture — Mojave,Texture — Finesse,Texture — Coral,Texture — Coral Light","","3dsignfactory.com,3dsignfactory.us,royalfoam.art","","OFLL-MOD001","OFLL-MOD001-0001,OFLL-MOD001-0002","{""3dsignfactory.com"": ""3D Sign Factory"", ""3dsignfactory.us"": ""3D Sign Factory"", ""royalfoam.art"": ""Royal Foam Art Design""}","","{""3dsignfactory.com"": """", ""3dsignfactory.us"": """", ""royalfoam.art"": """"}","new","USD","Oversized Foam Letters & Logos","","","","","","","Sandblast | Freestyle | Quarzputz | Sandpebble | Sandpebble Fine | Mojave | Finesse | Coral | Coral Light","","","","","","","","https://v5.airtableusercontent.com/v3/u/57/57/1789048800000/OlD-1PhKs7z1KXxr1p6vnA/71A2N6H8tRzNlC0L2BeDvrSs8EFM9OBPGeI2lue4VoT0Yw4Q_pNk0XHXlJLFSsutjw1nsF9kG2CIJ0MAWZbGz1L20kJLjeUHln3rnPm3dU4cFNYmxaOKIrLhhWB_ZVS6Ydt7x_FL5zeJ6EaIPIZDswIgxMgEsCRYKWpF9tYkmD0-seWx1alhvPXlhDoMMcGA/81GYZJ3eUdXB8k3BeOR6WMgRo-T6jSBdTpCDbXtiC3Q","","NEEDS_REVIEW","Images use temporary Airtable URLs"
"Oversized Foam Letters & Logos MOD002 — OFLL-MOD002","Oversized Foam Letters & Logos MOD002","variable","OFLL-MOD002","Oversized Foam Letters & Logos","oversized-foam-letters-logos_2.webp (https://v5.airtableusercontent.com/v3/u/57/57/1789048800000/zyPNR5Qp67Qh4RIxdQnPhQ/VnVk0wAVg_tk-ten_RWT2NFuzH_S00w2dBN8Gtx6ZAG6avt4Dk32gm7GNkU7wC0pm47QyDzlsxQ4_hGSy_GA-TPS6zB9oAx3UmQBM0TkrzdR6sU80HVVcREnivyFd5giAHbnwlQXhc4SzzrjN7MxKlJtCMiC2g8jnakQenI6xfJliN7U3iFA93dXZ0Dv--Zb/4e83437VmDSWCl3SCttkqIxwznZQWyRZxrL97jQbsN8)","","Freestanding lettering","Freestanding lettering refers to large three-dimensional letters and logos that stand on the floor, a podium, or a custom base without being attached to walls or facades. They create eye-catching structures that immediately draw attention and become the focal point of any space. Such letters are often used at exhibitions, presentations, showrooms, retail areas, and corporate offices to brand zones or photo areas.","OFLL-MOD002-0001,OFLL-MOD002-0002","1","0","visible","none","1","10","","Texture — Sandblast,Texture — Freestyle,Texture — Quarzputz,Texture — Sandpebble,Texture — Sandpebble Fine,Texture — Mojave,Texture — Finesse,Texture — Coral,Texture — Coral Light","","3dsignfactory.com,3dsignfactory.us,royalfoam.art","","OFLL-MOD002","OFLL-MOD002-0001,OFLL-MOD002-0002","{""3dsignfactory.com"": ""3D Sign Factory"", ""3dsignfactory.us"": ""3D Sign Factory"", ""royalfoam.art"": ""Royal Foam Art Design""}","","{""3dsignfactory.com"": """", ""3dsignfactory.us"": """", ""royalfoam.art"": """"}","new","USD","Oversized Foam Letters & Logos","","","","","","","Sandblast | Freestyle | Quarzputz | Sandpebble | Sandpebble Fine | Mojave | Finesse | Coral | Coral Light","","","","","","","","https://v5.airtableusercontent.com/v3/u/57/57/1789048800000/zyPNR5Qp67Qh4RIxdQnPhQ/VnVk0wAVg_tk-ten_RWT2NFuzH_S00w2dBN8Gtx6ZAG6avt4Dk32gm7GNkU7wC0pm47QyDzlsxQ4_hGSy_GA-TPS6zB9oAx3UmQBM0TkrzdR6sU80HVVcREnivyFd5giAHbnwlQXhc4SzzrjN7MxKlJtCMiC2g8jnakQenI6xfJliN7U3iFA93dXZ0Dv--Zb/4e83437VmDSWCl3SCttkqIxwznZQWyRZxrL97jQbsN8","","NEEDS_REVIEW","Images use temporary Airtable URLs"
"Oversized Foam Letters & Logos MOD003 — OFLL-MOD003","Oversized Foam Letters & Logos MOD003","variable","OFLL-MOD003","Oversized Foam Letters & Logos","oversized-foam-letters-logos_3.webp (https://v5.airtableusercontent.com/v3/u/57/57/1789048800000/P-cMdMZW-988hNG5WvcZHA/sVKStRt-ed7D7jscrZzzAzHVWozDDMvTuwnMcsG8zUXWDCH48X_KQBRj_vZ0z3jiy-pfVrWaYj9qGr4d7Z4-TsFdt0urA4zNPz8rhQj492yJjP14gaB9UJfKaVdwXtEllzFZK6yJQgv0cnDq1jEC2GDTrpoA_b1xoEwzFHXM2OlrussUQ10aqwgEsoRF6Idh/-WhkGYX8cbVWUqP0qtkMhcdp4mX2eC6kNpKZ4BEvKw0)","","Freestanding lettering","Freestanding lettering refers to large three-dimensional letters and logos that stand on the floor, a podium, or a custom base without being attached to walls or facades. They create eye-catching structures that immediately draw attention and become the focal point of any space. Such letters are often used at exhibitions, presentations, showrooms, retail areas, and corporate offices to brand zones or photo areas.","OFLL-MOD003-0001,OFLL-MOD003-0002","1","0","visible","none","1","10","","Texture — Sandblast,Texture — Freestyle,Texture — Quarzputz,Texture — Sandpebble,Texture — Sandpebble Fine,Texture — Mojave,Texture — Finesse,Texture — Coral,Texture — Coral Light","","3dsignfactory.com,3dsignfactory.us,royalfoam.art","","OFLL-MOD003","OFLL-MOD003-0001,OFLL-MOD003-0002","{""3dsignfactory.com"": ""3D Sign Factory"", ""3dsignfactory.us"": ""3D Sign Factory"", ""royalfoam.art"": ""Royal Foam Art Design""}","","{""3dsignfactory.com"": """", ""3dsignfactory.us"": """", ""royalfoam.art"": """"}","new","USD","Oversized Foam Letters & Logos","","","","","","","Sandblast | Freestyle | Quarzputz | Sandpebble | Sandpebble Fine | Mojave | Finesse | Coral | Coral Light","","","","","","","","https://v5.airtableusercontent.com/v3/u/57/57/1789048800000/P-cMdMZW-988hNG5WvcZHA/sVKStRt-ed7D7jscrZzzAzHVWozDDMvTuwnMcsG8zUXWDCH48X_KQBRj_vZ0z3jiy-pfVrWaYj9qGr4d7Z4-TsFdt0urA4zNPz8rhQj492yJjP14gaB9UJfKaVdwXtEllzFZK6yJQgv0cnDq1jEC2GDTrpoA_b1xoEwzFHXM2OlrussUQ10aqwgEsoRF6Idh/-WhkGYX8cbVWUqP0qtkMhcdp4mX2eC6kNpKZ4BEvKw0","","NEEDS_REVIEW","Images use temporary Airtable URLs"
"Oversized Foam Letters & Logos MOD004 — OFLL-MOD004","Oversized Foam Letters & Logos MOD004","variable","OFLL-MOD004","Oversized Foam Letters & Logos","oversized-foam-letters-logos_4.webp (https://v5.airtableusercontent.com/v3/u/57/57/1789048800000/IoxJijmBZi8k17D01ACuhQ/AuZZqKFDO70NAB0TYrGEc2qoFutJ0Duowh9CUnPsHlVSUISUV-EgCa6aYAShHuWhs0Xzpm1U6fOBUhgJ34gBdOzYsthgoeCOvfX6z3d7I8jWfrhsBLwuHSkWmH8uaKWSnrUG7DIxi7h_iROm-nSSlkIY7qKoa184X9looDabiu5HzfeVBxYZLb6cGIPfW0Xd/8fTEBerPVb-9Je_cJMSakWDJOy2TVGlIQHejmWCGxMU)","","Freestanding lettering","Freestanding lettering refers to large three-dimensional letters and logos that stand on the floor, a podium, or a custom base without being attached to walls or facades. They create eye-catching structures that immediately draw attention and become the focal point of any space. Such letters are often used at exhibitions, presentations, showrooms, retail areas, and corporate offices to brand zones or photo areas.","OFLL-MOD004-0001,OFLL-MOD004-0002","1","0","visible","none","1","10","","Texture — Sandblast,Texture — Freestyle,Texture — Quarzputz,Texture — Sandpebble,Texture — Sandpebble Fine,Texture — Mojave,Texture — Finesse,Texture — Coral,Texture — Coral Light","","3dsignfactory.com,3dsignfactory.us,royalfoam.art","","OFLL-MOD004","OFLL-MOD004-0001,OFLL-MOD004-0002","{""3dsignfactory.com"": ""3D Sign Factory"", ""3dsignfactory.us"": ""3D Sign Factory"", ""royalfoam.art"": ""Royal Foam Art Design""}","","{""3dsignfactory.com"": """", ""3dsignfactory.us"": """", ""royalfoam.art"": """"}","new","USD","Oversized Foam Letters & Logos","","","","","","","Sandblast | Freestyle | Quarzputz | Sandpebble | Sandpebble Fine | Mojave | Finesse | Coral | Coral Light","","","","","","","","https://v5.airtableusercontent.com/v3/u/57/57/1789048800000/IoxJijmBZi8k17D01ACuhQ/AuZZqKFDO70NAB0TYrGEc2qoFutJ0Duowh9CUnPsHlVSUISUV-EgCa6aYAShHuWhs0Xzpm1U6fOBUhgJ34gBdOzYsthgoeCOvfX6z3d7I8jWfrhsBLwuHSkWmH8uaKWSnrUG7DIxi7h_iROm-nSSlkIY7qKoa184X9looDabiu5HzfeVBxYZLb6cGIPfW0Xd/8fTEBerPVb-9Je_cJMSakWDJOy2TVGlIQHejmWCGxMU","","NEEDS_REVIEW","Images use temporary Airtable URLs"
"Oversized Foam Letters & Logos MOD005 — OFLL-MOD005","Oversized Foam Letters & Logos MOD005","variable","OFLL-MOD005","Oversized Foam Letters & Logos","oversized-foam-letters-logos_5.webp (https://v5.airtableusercontent.com/v3/u/57/57/1789048800000/Z9dBZGQlOfDmmdNLhlhbBA/rtD4t0VrXhCp7AWtDF2sLxG-PCLvCed26b-vR6pATmi_kFUzSVESUHkkkIPlOnh60XygcHYReL9Pxp9cs2ermKKlMhYmo1mbFVnRSTP89pWwUWC5KhAlAdhoM-jM8Lpn6hvUhrvXAG9XAyT6Iq7e4v-ApqCaIP0XxZjHKj9nahL4yxySxs6-3674YWP-rWb6/Yjtjim90VBLUwoDqfsHXdkMjSoEdcou36AFmwjrV6Qk)","","Freestanding lettering","Freestanding lettering refers to large three-dimensional letters and logos that stand on the floor, a podium, or a custom base without being attached to walls or facades. They create eye-catching structures that immediately draw attention and become the focal point of any space. Such letters are often used at exhibitions, presentations, showrooms, retail areas, and corporate offices to brand zones or photo areas.","OFLL-MOD005-0001,OFLL-MOD005-0002","1","0","visible","none","1","10","","Texture — Sandblast,Texture — Freestyle,Texture — Quarzputz,Texture — Sandpebble,Texture — Sandpebble Fine,Texture — Mojave,Texture — Finesse,Texture — Coral,Texture — Coral Light","","3dsignfactory.com,3dsignfactory.us,royalfoam.art","","OFLL-MOD005","OFLL-MOD005-0001,OFLL-MOD005-0002","{""3dsignfactory.com"": ""3D Sign Factory"", ""3dsignfactory.us"": ""3D Sign Factory"", ""royalfoam.art"": ""Royal Foam Art Design""}","","{""3dsignfactory.com"": """", ""3dsignfactory.us"": """", ""royalfoam.art"": """"}","new","USD","Oversized Foam Letters & Logos","","","","","","","Sandblast | Freestyle | Quarzputz | Sandpebble | Sandpebble Fine | Mojave | Finesse | Coral | Coral Light","","","","","","","","https://v5.airtableusercontent.com/v3/u/57/57/1789048800000/Z9dBZGQlOfDmmdNLhlhbBA/rtD4t0VrXhCp7AWtDF2sLxG-PCLvCed26b-vR6pATmi_kFUzSVESUHkkkIPlOnh60XygcHYReL9Pxp9cs2ermKKlMhYmo1mbFVnRSTP89pWwUWC5KhAlAdhoM-jM8Lpn6hvUhrvXAG9XAyT6Iq7e4v-ApqCaIP0XxZjHKj9nahL4yxySxs6-3674YWP-rWb6/Yjtjim90VBLUwoDqfsHXdkMjSoEdcou36AFmwjrV6Qk","","NEEDS_REVIEW","Images use temporary Airtable URLs"
"Oversized Foam Letters & Logos MOD006 — OFLL-MOD006","Oversized Foam Letters & Logos MOD006","variable","OFLL-MOD006","Oversized Foam Letters & Logos","oversized-foam-letters-logos_6.webp (https://v5.airtableusercontent.com/v3/u/57/57/1789048800000/iqJzWRjGhLI7tX81qfMZMQ/nZadRQyk0ilN70aGWtuz5uBjEDaY0f-3m2hmytdQ2EwFgz4uF057aZaYqAW65oUOHYu81emNRhuCAtVWlSYbpnwALoD8Ib15GSk-1BSDawolOU_yZkKF5HDJ3NFGZVIhdshCIa8_cQt5mJdWO-c43c69WkMVpg8PeRUFLV81GbpOY6GLHj_XBgfcgJ22n-VF/5JBzZaTbMqs_5QFcsLpDbU63GY8nL8p0j08Um-FbOAs)","","Freestanding lettering","Freestanding lettering refers to large three-dimensional letters and logos that stand on the floor, a podium, or a custom base without being attached to walls or facades. They create eye-catching structures that immediately draw attention and become the focal point of any space. Such letters are often used at exhibitions, presentations, showrooms, retail areas, and corporate offices to brand zones or photo areas.","OFLL-MOD006-0001,OFLL-MOD006-0002","1","0","visible","none","1","10","","Texture — Sandblast,Texture — Freestyle,Texture — Quarzputz,Texture — Sandpebble,Texture — Sandpebble Fine,Texture — Mojave,Texture — Finesse,Texture — Coral,Texture — Coral Light","","3dsignfactory.com,3dsignfactory.us,royalfoam.art","","OFLL-MOD006","OFLL-MOD006-0001,OFLL-MOD006-0002","{""3dsignfactory.com"": ""3D Sign Factory"", ""3dsignfactory.us"": ""3D Sign Factory"", ""royalfoam.art"": ""Royal Foam Art Design""}","","{""3dsignfactory.com"": """", ""3dsignfactory.us"": """", ""royalfoam.art"": """"}","new","USD","Oversized Foam Letters & Logos","","","","","","","Sandblast | Freestyle | Quarzputz | Sandpebble | Sandpebble Fine | Mojave | Finesse | Coral | Coral Light","","","","","","","","https://v5.airtableusercontent.com/v3/u/57/57/1789048800000/iqJzWRjGhLI7tX81qfMZMQ/nZadRQyk0ilN70aGWtuz5uBjEDaY0f-3m2hmytdQ2EwFgz4uF057aZaYqAW65oUOHYu81emNRhuCAtVWlSYbpnwALoD8Ib15GSk-1BSDawolOU_yZkKF5HDJ3NFGZVIhdshCIa8_cQt5mJdWO-c43c69WkMVpg8PeRUFLV81GbpOY6GLHj_XBgfcgJ22n-VF/5JBzZaTbMqs_5QFcsLpDbU63GY8nL8p0j08Um-FbOAs","","NEEDS_REVIEW","Images use temporary Airtable URLs"
"Oversized Foam Letters & Logos MOD007 — OFLL-MOD007","Oversized Foam Letters & Logos MOD007","variable","OFLL-MOD007","Oversized Foam Letters & Logos","oversized-foam-letters-logos_7.webp (https://v5.airtableusercontent.com/v3/u/57/57/1789048800000/t_4Guh2tLDBA64euDDKNKw/5o2RnyACkYq49ysJ98UJOLQoqTpm71C_3PYS3rPXtIl0VvkbJQVBCljs5i_c136so9nkwPtNSh5GnCYaWFoOdWFol3_CSPjt0VZu9aHiFOGESDRvRIcEtmmN92dTzhRj4zQCJuRulhDq5UZsPUJdH_yHcrbFnTk6aXSnE4onTiueFZuPVEI2k7znEGqNEL8g/5kxnmrG5zHHIcTbPl5ERKy5HSEAPeexwXSnnylXzgyQ)","","Freestanding lettering","Freestanding lettering refers to large three-dimensional letters and logos that stand on the floor, a podium, or a custom base without being attached to walls or facades. They create eye-catching structures that immediately draw attention and become the focal point of any space. Such letters are often used at exhibitions, presentations, showrooms, retail areas, and corporate offices to brand zones or photo areas.","OFLL-MOD007-0001,OFLL-MOD007-0002","1","0","visible","none","1","10","","Texture — Sandblast,Texture — Freestyle,Texture — Quarzputz,Texture — Sandpebble,Texture — Sandpebble Fine,Texture — Mojave,Texture — Finesse,Texture — Coral,Texture — Coral Light","","3dsignfactory.com,3dsignfactory.us,royalfoam.art","","OFLL-MOD007","OFLL-MOD007-0001,OFLL-MOD007-0002","{""3dsignfactory.com"": ""3D Sign Factory"", ""3dsignfactory.us"": ""3D Sign Factory"", ""royalfoam.art"": ""Royal Foam Art Design""}","","{""3dsignfactory.com"": """", ""3dsignfactory.us"": """", ""royalfoam.art"": """"}","new","USD","Oversized Foam Letters & Logos","","","","","","","Sandblast | Freestyle | Quarzputz | Sandpebble | Sandpebble Fine | Mojave | Finesse | Coral | Coral Light","","","","","","","","https://v5.airtableusercontent.com/v3/u/57/57/1789048800000/t_4Guh2tLDBA64euDDKNKw/5o2RnyACkYq49ysJ98UJOLQoqTpm71C_3PYS3rPXtIl0VvkbJQVBCljs5i_c136so9nkwPtNSh5GnCYaWFoOdWFol3_CSPjt0VZu9aHiFOGESDRvRIcEtmmN92dTzhRj4zQCJuRulhDq5UZsPUJdH_yHcrbFnTk6aXSnE4onTiueFZuPVEI2k7znEGqNEL8g/5kxnmrG5zHHIcTbPl5ERKy5HSEAPeexwXSnnylXzgyQ","","NEEDS_REVIEW","Images use temporary Airtable URLs"
"Oversized Foam Letters & Logos MOD008 — OFLL-MOD008","Oversized Foam Letters & Logos MOD008","variable","OFLL-MOD008","Oversized Foam Letters & Logos","oversized-foam-letters-logos_8.webp (https://v5.airtableusercontent.com/v3/u/57/57/1789048800000/UkNw4_jcBdfODyQn1OIc_A/nILR4iqCa_xNOXZgfznRrV5bk2hkap57CvjV4vShsvzygE92Wi2KoFjuVl1MtCBlsN3pppdqoAbPw2Q8ov7QCFI27aelQm5NJKwjt3AV03PpWHT2ytM6hyWzAfeg7bKfBRP98dnBgrazYpTKzQVrDFMIJGBU5L-Lng2q4JYUbLmsRjPYxWTCjST5eQK6U3ql/MYF7vhLGaBPAgFcTTnBznsWx2K0Y7TKDwDhvvTc9KHA)","","Freestanding lettering","Freestanding lettering refers to large three-dimensional letters and logos that stand on the floor, a podium, or a custom base without being attached to walls or facades. They create eye-catching structures that immediately draw attention and become the focal point of any space. Such letters are often used at exhibitions, presentations, showrooms, retail areas, and corporate offices to brand zones or photo areas.","OFLL-MOD008-0001,OFLL-MOD008-0002","1","0","visible","none","1","10","","Texture — Sandblast,Texture — Freestyle,Texture — Quarzputz,Texture — Sandpebble,Texture — Sandpebble Fine,Texture — Mojave,Texture — Finesse,Texture — Coral,Texture — Coral Light","","3dsignfactory.com,3dsignfactory.us,royalfoam.art","","OFLL-MOD008","OFLL-MOD008-0001,OFLL-MOD008-0002","{""3dsignfactory.com"": ""3D Sign Factory"", ""3dsignfactory.us"": ""3D Sign Factory"", ""royalfoam.art"": ""Royal Foam Art Design""}","","{""3dsignfactory.com"": """", ""3dsignfactory.us"": """", ""royalfoam.art"": """"}","new","USD","Oversized Foam Letters & Logos","","","","","","","Sandblast | Freestyle | Quarzputz | Sandpebble | Sandpebble Fine | Mojave | Finesse | Coral | Coral Light","","","","","","","","https://v5.airtableusercontent.com/v3/u/57/57/1789048800000/UkNw4_jcBdfODyQn1OIc_A/nILR4iqCa_xNOXZgfznRrV5bk2hkap57CvjV4vShsvzygE92Wi2KoFjuVl1MtCBlsN3pppdqoAbPw2Q8ov7QCFI27aelQm5NJKwjt3AV03PpWHT2ytM6hyWzAfeg7bKfBRP98dnBgrazYpTKzQVrDFMIJGBU5L-Lng2q4JYUbLmsRjPYxWTCjST5eQK6U3ql/MYF7vhLGaBPAgFcTTnBznsWx2K0Y7TKDwDhvvTc9KHA","","NEEDS_REVIEW","Images use temporary Airtable URLs"
"Oversized Foam Letters & Logos MOD009 — OFLL-MOD009","Oversized Foam Letters & Logos MOD009","variable","OFLL-MOD009","Oversized Foam Letters & Logos","oversized-foam-letters-logos_9.webp (https://v5.airtableusercontent.com/v3/u/57/57/1789048800000/P0C5RcbPSLKR-1VehNADiQ/hfaz4hOmfPdv1k_HxBe3FD4nWR0hlO_ZSiVyVHNSz-nwd85AB9VTXFtAuJoftVnSpWoPybgdu3ilf0r9jtf9hSu_PXQzK3Plq9RUJJbnJCKpj2YphoJ6LQ1-f8bRwkIsXm7sT_Dhy405BZdWW-RsObfb-HYQM-kAHSG8E9DQnc5SPIc9XPKa9T8UzDaUjAzX/7pq-PVj7_NqlN3jXhwdL9yJhU7rAZhfdVPb8bGURSEk)","","Freestanding lettering","Freestanding lettering refers to large three-dimensional letters and logos that stand on the floor, a podium, or a custom base without being attached to walls or facades. They create eye-catching structures that immediately draw attention and become the focal point of any space. Such letters are often used at exhibitions, presentations, showrooms, retail areas, and corporate offices to brand zones or photo areas.","OFLL-MOD009-0001,OFLL-MOD009-0002","1","0","visible","none","1","10","","Texture — Sandblast,Texture — Freestyle,Texture — Quarzputz,Texture — Sandpebble,Texture — Sandpebble Fine,Texture — Mojave,Texture — Finesse,Texture — Coral,Texture — Coral Light","","3dsignfactory.com,3dsignfactory.us,royalfoam.art","","OFLL-MOD009","OFLL-MOD009-0001,OFLL-MOD009-0002","{""3dsignfactory.com"": ""3D Sign Factory"", ""3dsignfactory.us"": ""3D Sign Factory"", ""royalfoam.art"": ""Royal Foam Art Design""}","","{""3dsignfactory.com"": """", ""3dsignfactory.us"": """", ""royalfoam.art"": """"}","new","USD","Oversized Foam Letters & Logos","","","","","","","Sandblast | Freestyle | Quarzputz | Sandpebble | Sandpebble Fine | Mojave | Finesse | Coral | Coral Light","","","","","","","","https://v5.airtableusercontent.com/v3/u/57/57/1789048800000/P0C5RcbPSLKR-1VehNADiQ/hfaz4hOmfPdv1k_HxBe3FD4nWR0hlO_ZSiVyVHNSz-nwd85AB9VTXFtAuJoftVnSpWoPybgdu3ilf0r9jtf9hSu_PXQzK3Plq9RUJJbnJCKpj2YphoJ6LQ1-f8bRwkIsXm7sT_Dhy405BZdWW-RsObfb-HYQM-kAHSG8E9DQnc5SPIc9XPKa9T8UzDaUjAzX/7pq-PVj7_NqlN3jXhwdL9yJhU7rAZhfdVPb8bGURSEk","","NEEDS_REVIEW","Images use temporary Airtable URLs"
"Oversized Foam Letters & Logos MOD010 — OFLL-MOD010","Oversized Foam Letters & Logos MOD010","variable","OFLL-MOD010","Oversized Foam Letters & Logos","oversized-foam-letters-logos_10.webp (https://v5.airtableusercontent.com/v3/u/57/57/1789048800000/jPZujVJaQzXM8q4MWys7sg/MbWXyYpDv0s-PJi_6n0wopMbgwJwii_FdGqdYslEI2E4yTscnOesLLlVdauNVy8GnktBUY653VuizhYE6QM83uItYC1XcyeeLOR55pqFxSq3tjTmagIutYDPJ4FVNK-Wrt4x_BFTulPTrvqToxpN-fMSzWkF0y9scRTtTepnJiokxj9hKqLiMGYDmuL-dJXs/RozcWsvlHVyPZFV90XDbnrM6i1zB-0EvedYbzluBk2s)","","Freestanding lettering","Freestanding lettering refers to large three-dimensional letters and logos that stand on the floor, a podium, or a custom base without being attached to walls or facades. They create eye-catching structures that immediately draw attention and become the focal point of any space. Such letters are often used at exhibitions, presentations, showrooms, retail areas, and corporate offices to brand zones or photo areas.","OFLL-MOD010-0001,OFLL-MOD010-0002","1","0","visible","none","1","10","","Texture — Sandblast,Texture — Freestyle,Texture — Quarzputz,Texture — Sandpebble,Texture — Sandpebble Fine,Texture — Mojave,Texture — Finesse,Texture — Coral,Texture — Coral Light","","3dsignfactory.com,3dsignfactory.us,royalfoam.art","","OFLL-MOD010","OFLL-MOD010-0001,OFLL-MOD010-0002","{""3dsignfactory.com"": ""3D Sign Factory"", ""3dsignfactory.us"": ""3D Sign Factory"", ""royalfoam.art"": ""Royal Foam Art Design""}","","{""3dsignfactory.com"": """", ""3dsignfactory.us"": """", ""royalfoam.art"": """"}","new","USD","Oversized Foam Letters & Logos","","","","","","","Sandblast | Freestyle | Quarzputz | Sandpebble | Sandpebble Fine | Mojave | Finesse | Coral | Coral Light","","","","","","","","https://v5.airtableusercontent.com/v3/u/57/57/1789048800000/jPZujVJaQzXM8q4MWys7sg/MbWXyYpDv0s-PJi_6n0wopMbgwJwii_FdGqdYslEI2E4yTscnOesLLlVdauNVy8GnktBUY653VuizhYE6QM83uItYC1XcyeeLOR55pqFxSq3tjTmagIutYDPJ4FVNK-Wrt4x_BFTulPTrvqToxpN-fMSzWkF0y9scRTtTepnJiokxj9hKqLiMGYDmuL-dJXs/RozcWsvlHVyPZFV90XDbnrM6i1zB-0EvedYbzluBk2s","","NEEDS_REVIEW","Images use temporary Airtable URLs"
"Oversized Foam Letters & Logos MOD011 — OFLL-MOD011","Oversized Foam Letters & Logos MOD011","variable","OFLL-MOD011","Oversized Foam Letters & Logos","oversized-foam-letters-logos_11.webp (https://v5.airtableusercontent.com/v3/u/57/57/1789048800000/6Rd_GjC7av6DBg7qXJ6LcQ/aCb6bfHHMRwLxipf_3VmOsIWIJa60S5sH1kirheMDHp1j5oz9g2Gq1lMGaqXgdeWDT1_OIRCgcmX_0IZtPKRNcv7bidgY5COapVwziaIwJgbX8xYMoCDgP449Q1cqgHflMn1RF33j1-SS_aW8sDSyxCG-pR7lO-yEd4D1YVvSa2fcvjQGGRYPpSDPHNV0d4z/5ZPpP4spijD8kL6VruBxE0RK0RA-QUU9nEfCd1CihSw)","","Freestanding lettering","Freestanding lettering refers to large three-dimensional letters and logos that stand on the floor, a podium, or a custom base without being attached to walls or facades. They create eye-catching structures that immediately draw attention and become the focal point of any space. Such letters are often used at exhibitions, presentations, showrooms, retail areas, and corporate offices to brand zones or photo areas.","OFLL-MOD011-0001,OFLL-MOD011-0002","1","0","visible","none","1","10","","Texture — Sandblast,Texture — Freestyle,Texture — Quarzputz,Texture — Sandpebble,Texture — Sandpebble Fine,Texture — Mojave,Texture — Finesse,Texture — Coral,Texture — Coral Light","","3dsignfactory.com,3dsignfactory.us,royalfoam.art","","OFLL-MOD011","OFLL-MOD011-0001,OFLL-MOD011-0002","{""3dsignfactory.com"": ""3D Sign Factory"", ""3dsignfactory.us"": ""3D Sign Factory"", ""royalfoam.art"": ""Royal Foam Art Design""}","","{""3dsignfactory.com"": """", ""3dsignfactory.us"": """", ""royalfoam.art"": """"}","new","USD","Oversized Foam Letters & Logos","","","","","","","Sandblast | Freestyle | Quarzputz | Sandpebble | Sandpebble Fine | Mojave | Finesse | Coral | Coral Light","","","","","","","","https://v5.airtableusercontent.com/v3/u/57/57/1789048800000/6Rd_GjC7av6DBg7qXJ6LcQ/aCb6bfHHMRwLxipf_3VmOsIWIJa60S5sH1kirheMDHp1j5oz9g2Gq1lMGaqXgdeWDT1_OIRCgcmX_0IZtPKRNcv7bidgY5COapVwziaIwJgbX8xYMoCDgP449Q1cqgHflMn1RF33j1-SS_aW8sDSyxCG-pR7lO-yEd4D1YVvSa2fcvjQGGRYPpSDPHNV0d4z/5ZPpP4spijD8kL6VruBxE0RK0RA-QUU9nEfCd1CihSw","","NEEDS_REVIEW","Images use temporary Airtable URLs"
"Oversized Foam Letters & Logos MOD012 — OFLL-MOD012","Oversized Foam Letters & Logos MOD012","variable","OFLL-MOD012","Oversized Foam Letters & Logos","oversized-foam-letters-logos_12.webp (https://v5.airtableusercontent.com/v3/u/57/57/1789048800000/tq5J2zxr_KnBGdqn4qvNcg/vJcnc-zvKehnCv3oiR4kF_frgHH6BVvElXxseE84fnvlcU8-N-idSP5voWSygPUb-V74MH2EYjKDvzpx1eom79vv9ukGQj43SE2MGkiQvxqbqVVkUYwAtRXeJ_WOLLO6miTLFk1mjKpW6qSSd4_O6X6ygQP2N6Wnvxe4CJHnKHb3VJbIpf08accJ5l4-MOFO/g2LDJZwxl3CqU1cyk-INqvTxVw1rqFe9R8x0cvYN6lE)","","Freestanding lettering","Freestanding lettering refers to large three-dimensional letters and logos that stand on the floor, a podium, or a custom base without being attached to walls or facades. They create eye-catching structures that immediately draw attention and become the focal point of any space. Such letters are often used at exhibitions, presentations, showrooms, retail areas, and corporate offices to brand zones or photo areas.","OFLL-MOD012-0001,OFLL-MOD012-0002","1","0","visible","none","1","10","","Texture — Sandblast,Texture — Freestyle,Texture — Quarzputz,Texture — Sandpebble,Texture — Sandpebble Fine,Texture — Mojave,Texture — Finesse,Texture — Coral,Texture — Coral Light","","3dsignfactory.com,3dsignfactory.us,royalfoam.art","","OFLL-MOD012","OFLL-MOD012-0001,OFLL-MOD012-0002","{""3dsignfactory.com"": ""3D Sign Factory"", ""3dsignfactory.us"": ""3D Sign Factory"", ""royalfoam.art"": ""Royal Foam Art Design""}","","{""3dsignfactory.com"": """", ""3dsignfactory.us"": """", ""royalfoam.art"": """"}","new","USD","Oversized Foam Letters & Logos","","","","","","","Sandblast | Freestyle | Quarzputz | Sandpebble | Sandpebble Fine | Mojave | Finesse | Coral | Coral Light","","","","","","","","https://v5.airtableusercontent.com/v3/u/57/57/1789048800000/tq5J2zxr_KnBGdqn4qvNcg/vJcnc-zvKehnCv3oiR4kF_frgHH6BVvElXxseE84fnvlcU8-N-idSP5voWSygPUb-V74MH2EYjKDvzpx1eom79vv9ukGQj43SE2MGkiQvxqbqVVkUYwAtRXeJ_WOLLO6miTLFk1mjKpW6qSSd4_O6X6ygQP2N6Wnvxe4CJHnKHb3VJbIpf08accJ5l4-MOFO/g2LDJZwxl3CqU1cyk-INqvTxVw1rqFe9R8x0cvYN6lE","","NEEDS_REVIEW","Images use temporary Airtable URLs"
"Oversized Foam Letters & Logos MOD013 — OFLL-MOD013","Oversized Foam Letters & Logos MOD013","variable","OFLL-MOD013","Oversized Foam Letters & Logos","oversized-foam-letters-logos_13.webp (https://v5.airtableusercontent.com/v3/u/57/57/1789048800000/XlGSXpBx62rG8t80deDdZg/v8xg-aLJk3kKzDms3qPJ92em5-B3m_NM668tWKEMJx_oD7guk5ZQWvnGXdQvXbLgoNcl-ImRGHbXtibOwtnUcRilP_GRpENXzyQQLt-QBuQMua0FFwRYYqwCplmIZXldC9TwStWvT8OHOnNnJdivatPx8u725B6ktaup96OgS2haJU6iopQBd6TSrIyRI9nu/pW3qD8gIrLkEbsMhdNs1OMx-DdbGEIQ7ddoRnSj_E7I)","","Freestanding lettering","Freestanding lettering refers to large three-dimensional letters and logos that stand on the floor, a podium, or a custom base without being attached to walls or facades. They create eye-catching structures that immediately draw attention and become the focal point of any space. Such letters are often used at exhibitions, presentations, showrooms, retail areas, and corporate offices to brand zones or photo areas.","OFLL-MOD013-0001,OFLL-MOD013-0002","1","0","visible","none","1","10","","Texture — Sandblast,Texture — Freestyle,Texture — Quarzputz,Texture — Sandpebble,Texture — Sandpebble Fine,Texture — Mojave,Texture — Finesse,Texture — Coral,Texture — Coral Light","","3dsignfactory.com,3dsignfactory.us,royalfoam.art","","OFLL-MOD013","OFLL-MOD013-0001,OFLL-MOD013-0002","{""3dsignfactory.com"": ""3D Sign Factory"", ""3dsignfactory.us"": ""3D Sign Factory"", ""royalfoam.art"": ""Royal Foam Art Design""}","","{""3dsignfactory.com"": """", ""3dsignfactory.us"": """", ""royalfoam.art"": """"}","new","USD","Oversized Foam Letters & Logos","","","","","","","Sandblast | Freestyle | Quarzputz | Sandpebble | Sandpebble Fine | Mojave | Finesse | Coral | Coral Light","","","","","","","","https://v5.airtableusercontent.com/v3/u/57/57/1789048800000/XlGSXpBx62rG8t80deDdZg/v8xg-aLJk3kKzDms3qPJ92em5-B3m_NM668tWKEMJx_oD7guk5ZQWvnGXdQvXbLgoNcl-ImRGHbXtibOwtnUcRilP_GRpENXzyQQLt-QBuQMua0FFwRYYqwCplmIZXldC9TwStWvT8OHOnNnJdivatPx8u725B6ktaup96OgS2haJU6iopQBd6TSrIyRI9nu/pW3qD8gIrLkEbsMhdNs1OMx-DdbGEIQ7ddoRnSj_E7I","","NEEDS_REVIEW","Images use temporary Airtable URLs"
"Oversized Foam Letters & Logos MOD014 — OFLL-MOD014","Oversized Foam Letters & Logos MOD014","variable","OFLL-MOD014","Oversized Foam Letters & Logos","oversized-foam-letters-logos_14.webp (https://v5.airtableusercontent.com/v3/u/57/57/1789048800000/iAO0Pi2Y7hUnKvyoRccFlQ/MCoD8RQZHMdKdaWsHJsfx9CHKjJIth3qeU65DVQsIYxmdmCiFuFbUCWrxhXJbGDJaJDEoZU3tce8aSFBY2k5Ssu12x-lQIbkrywFSa5y3zdZYukNTaKDvLjwfdodRcBtrKRk9uofZlz1h-SOl7u7CyaljNeDp41KySTCmjhfZ8WD9tQQvEH33voxNKCfm9jD/RJVpOuDMw8aCKiYlVmLBnqODdQvAGmmFQatI6hqsOnY)","","Freestanding lettering","Freestanding lettering refers to large three-dimensional letters and logos that stand on the floor, a podium, or a custom base without being attached to walls or facades. They create eye-catching structures that immediately draw attention and become the focal point of any space. Such letters are often used at exhibitions, presentations, showrooms, retail areas, and corporate offices to brand zones or photo areas.","OFLL-MOD014-0001,OFLL-MOD014-0002","1","0","visible","none","1","10","","Texture — Sandblast,Texture — Freestyle,Texture — Quarzputz,Texture — Sandpebble,Texture — Sandpebble Fine,Texture — Mojave,Texture — Finesse,Texture — Coral,Texture — Coral Light","","3dsignfactory.com,3dsignfactory.us,royalfoam.art","","OFLL-MOD014","OFLL-MOD014-0001,OFLL-MOD014-0002","{""3dsignfactory.com"": ""3D Sign Factory"", ""3dsignfactory.us"": ""3D Sign Factory"", ""royalfoam.art"": ""Royal Foam Art Design""}","","{""3dsignfactory.com"": """", ""3dsignfactory.us"": """", ""royalfoam.art"": """"}","new","USD","Oversized Foam Letters & Logos","","","","","","","Sandblast | Freestyle | Quarzputz | Sandpebble | Sandpebble Fine | Mojave | Finesse | Coral | Coral Light","","","","","","","","https://v5.airtableusercontent.com/v3/u/57/57/1789048800000/iAO0Pi2Y7hUnKvyoRccFlQ/MCoD8RQZHMdKdaWsHJsfx9CHKjJIth3qeU65DVQsIYxmdmCiFuFbUCWrxhXJbGDJaJDEoZU3tce8aSFBY2k5Ssu12x-lQIbkrywFSa5y3zdZYukNTaKDvLjwfdodRcBtrKRk9uofZlz1h-SOl7u7CyaljNeDp41KySTCmjhfZ8WD9tQQvEH33voxNKCfm9jD/RJVpOuDMw8aCKiYlVmLBnqODdQvAGmmFQatI6hqsOnY","","NEEDS_REVIEW","Images use temporary Airtable URLs"
"Oversized Foam Letters & Logos MOD015 — OFLL-MOD015","Oversized Foam Letters & Logos MOD015","variable","OFLL-MOD015","Oversized Foam Letters & Logos","oversized-foam-letters-logos_15.webp (https://v5.airtableusercontent.com/v3/u/57/57/1789048800000/k7mW05DN-NAhJzhNiiUhaw/95N_qw8Em7Tq0iS3kIBcrmYKylm-EYx83oAyj2qjDO1lOWQw6MQgxZ7_BM39-lW7EkCn3ylxy1Xk5v1JfsBj2sXDgOLV1nGsQDPZeeXANPCB7EE4UtlCXjHFiB97zw1aouxwVKVWuKy3Z_XpKHl50RdCzSuZ1zlNq43RHr_0Lc0eD5CrGq7t27Z8oTq79z0g/ZMAOwFTdho5cT11vSHBF8HWh2qPL1qv1ScG_35KGpjQ)","","Freestanding lettering","Freestanding lettering refers to large three-dimensional letters and logos that stand on the floor, a podium, or a custom base without being attached to walls or facades. They create eye-catching structures that immediately draw attention and become the focal point of any space. Such letters are often used at exhibitions, presentations, showrooms, retail areas, and corporate offices to brand zones or photo areas.","OFLL-MOD015-0001,OFLL-MOD015-0002","1","0","visible","none","1","10","","Texture — Sandblast,Texture — Freestyle,Texture — Quarzputz,Texture — Sandpebble,Texture — Sandpebble Fine,Texture — Mojave,Texture — Finesse,Texture — Coral,Texture — Coral Light","","3dsignfactory.com,3dsignfactory.us,royalfoam.art","","OFLL-MOD015","OFLL-MOD015-0001,OFLL-MOD015-0002","{""3dsignfactory.com"": ""3D Sign Factory"", ""3dsignfactory.us"": ""3D Sign Factory"", ""royalfoam.art"": ""Royal Foam Art Design""}","","{""3dsignfactory.com"": """", ""3dsignfactory.us"": """", ""royalfoam.art"": """"}","new","USD","Oversized Foam Letters & Logos","","","","","","","Sandblast | Freestyle | Quarzputz | Sandpebble | Sandpebble Fine | Mojave | Finesse | Coral | Coral Light","","","","","","","","https://v5.airtableusercontent.com/v3/u/57/57/1789048800000/k7mW05DN-NAhJzhNiiUhaw/95N_qw8Em7Tq0iS3kIBcrmYKylm-EYx83oAyj2qjDO1lOWQw6MQgxZ7_BM39-lW7EkCn3ylxy1Xk5v1JfsBj2sXDgOLV1nGsQDPZeeXANPCB7EE4UtlCXjHFiB97zw1aouxwVKVWuKy3Z_XpKHl50RdCzSuZ1zlNq43RHr_0Lc0eD5CrGq7t27Z8oTq79z0g/ZMAOwFTdho5cT11vSHBF8HWh2qPL1qv1ScG_35KGpjQ","","NEEDS_REVIEW","Images use temporary Airtable URLs"
"Oversized Foam Letters & Logos MOD016 — OFLL-MOD016","Oversized Foam Letters & Logos MOD016","variable","OFLL-MOD016","Oversized Foam Letters & Logos","oversized-foam-letters-logos_16.webp (https://v5.airtableusercontent.com/v3/u/57/57/1789048800000/4v4osIxb2UsKuTuQESdi0g/wZ9xNVBiI1OOFKS8qiFMkimkEahoQWE3NGvcm3MUdnRnSWTEchZECm3Q-gpZhU59Zjb0W14pSKjfNuY9e5YRtE5U84Ul77diebvf2I9Bv1Q74BtWpZSxSosnvkDrFiiErcSkD3jmNN5RIYoyH3FRSK1PVUtD5bp1sckeoGQv3rfZe6nMyTSonMvCn7eLrjVv/ERdaIJY4jtRAKKtR5hSLCFggSGnNdw6zaAIWT3Msdaw)","","Freestanding lettering","Freestanding lettering refers to large three-dimensional letters and logos that stand on the floor, a podium, or a custom base without being attached to walls or facades. They create eye-catching structures that immediately draw attention and become the focal point of any space. Such letters are often used at exhibitions, presentations, showrooms, retail areas, and corporate offices to brand zones or photo areas.","OFLL-MOD016-0001,OFLL-MOD016-0002","1","0","visible","none","1","10","","Texture — Sandblast,Texture — Freestyle,Texture — Quarzputz,Texture — Sandpebble,Texture — Sandpebble Fine,Texture — Mojave,Texture — Finesse,Texture — Coral,Texture — Coral Light","","3dsignfactory.com,3dsignfactory.us,royalfoam.art","","OFLL-MOD016","OFLL-MOD016-0001,OFLL-MOD016-0002","{""3dsignfactory.com"": ""3D Sign Factory"", ""3dsignfactory.us"": ""3D Sign Factory"", ""royalfoam.art"": ""Royal Foam Art Design""}","","{""3dsignfactory.com"": """", ""3dsignfactory.us"": """", ""royalfoam.art"": """"}","new","USD","Oversized Foam Letters & Logos","","","","","","","Sandblast | Freestyle | Quarzputz | Sandpebble | Sandpebble Fine | Mojave | Finesse | Coral | Coral Light","","","","","","","","https://v5.airtableusercontent.com/v3/u/57/57/1789048800000/4v4osIxb2UsKuTuQESdi0g/wZ9xNVBiI1OOFKS8qiFMkimkEahoQWE3NGvcm3MUdnRnSWTEchZECm3Q-gpZhU59Zjb0W14pSKjfNuY9e5YRtE5U84Ul77diebvf2I9Bv1Q74BtWpZSxSosnvkDrFiiErcSkD3jmNN5RIYoyH3FRSK1PVUtD5bp1sckeoGQv3rfZe6nMyTSonMvCn7eLrjVv/ERdaIJY4jtRAKKtR5hSLCFggSGnNdw6zaAIWT3Msdaw","","NEEDS_REVIEW","Images use temporary Airtable URLs"
"Oversized Foam Letters & Logos MOD017 — OFLL-MOD017","Oversized Foam Letters & Logos MOD017","variable","OFLL-MOD017","Oversized Foam Letters & Logos","oversized-foam-letters-logos_17.webp (https://v5.airtableusercontent.com/v3/u/57/57/1789048800000/Z6VQcsIGUFUTFw-jjXXVrw/VPrgfeC3Gxkxh_JfADMNWWxtQJHd5wo6QW_PUF7Wk0Ot6C51DGGLmwkf7MXiOM_BFLz4LoEjPn74ZuQJzQh0y8yIvdjdZHWJcsM_g8iNm-FKuDBCwzURy79zFJeLVpnsTfzSXrkj7f6xBSWbCrxQ679t4hcRTQ8y92xuVAz_MEzSPLrk9DX0mLOUPS1Oc5yH/uBm3BCtH3AJA3BnSuFSVWy9jryZmjTFJzmMXUROIaTs)","","Freestanding lettering","Freestanding lettering refers to large three-dimensional letters and logos that stand on the floor, a podium, or a custom base without being attached to walls or facades. They create eye-catching structures that immediately draw attention and become the focal point of any space. Such letters are often used at exhibitions, presentations, showrooms, retail areas, and corporate offices to brand zones or photo areas.","OFLL-MOD017-0001,OFLL-MOD017-0002","1","0","visible","none","1","10","","Texture — Sandblast,Texture — Freestyle,Texture — Quarzputz,Texture — Sandpebble,Texture — Sandpebble Fine,Texture — Mojave,Texture — Finesse,Texture — Coral,Texture — Coral Light","","3dsignfactory.com,3dsignfactory.us,royalfoam.art","","OFLL-MOD017","OFLL-MOD017-0001,OFLL-MOD017-0002","{""3dsignfactory.com"": ""3D Sign Factory"", ""3dsignfactory.us"": ""3D Sign Factory"", ""royalfoam.art"": ""Royal Foam Art Design""}","","{""3dsignfactory.com"": """", ""3dsignfactory.us"": """", ""royalfoam.art"": """"}","new","USD","Oversized Foam Letters & Logos","","","","","","","Sandblast | Freestyle | Quarzputz | Sandpebble | Sandpebble Fine | Mojave | Finesse | Coral | Coral Light","","","","","","","","https://v5.airtableusercontent.com/v3/u/57/57/1789048800000/Z6VQcsIGUFUTFw-jjXXVrw/VPrgfeC3Gxkxh_JfADMNWWxtQJHd5wo6QW_PUF7Wk0Ot6C51DGGLmwkf7MXiOM_BFLz4LoEjPn74ZuQJzQh0y8yIvdjdZHWJcsM_g8iNm-FKuDBCwzURy79zFJeLVpnsTfzSXrkj7f6xBSWbCrxQ679t4hcRTQ8y92xuVAz_MEzSPLrk9DX0mLOUPS1Oc5yH/uBm3BCtH3AJA3BnSuFSVWy9jryZmjTFJzmMXUROIaTs","","NEEDS_REVIEW","Images use temporary Airtable URLs"
"Stucco Wall Fence MOD001 — SFAS-MOD001","Stucco Wall Fence MOD001","variable","SFAS-MOD001","Stucco Architectural Fencing Systems","SAFS-001-_.png (https://v5.airtableusercontent.com/v3/u/57/57/1789048800000/LO2K6gwYn8kR8gBBUUOvmg/NCBvF6C9L8C3aSRP-DfXeAc91nEXYOVNe0SjHnYllBrviMXiLqDVvKu_nurrz04-0IZyTwgVDtSY1HKcj2bTlVXpW2YT1eI89EBpM4YcprUhvCS3mSxoWp04hOkBLrXBGe9hTGYgSDmIw8wIcCMiHBAey84yyUwcQd3Fddswdo8/jgi4jlb54bRy2LOeVNbcH4UjHiRkC3wr_lZJlFeLfVQ)","","Impressive faux stone barrier","This impressive faux stone barrier radiates everlasting strength and modern reliability. Its rugged, textured façade symbolizes permanence, while simple metal accents add a touch of elegance. It’s built for endurance and surrounds your residence with honor, projecting authority while uniting noble style with steadfast protection for you and your loved ones.","SFAS-MOD001-0001,SFAS-MOD001-0002","1","0","visible","none","1","10","","","","greenwall.art","","SFAS-MOD001","SFAS-MOD001-0001,SFAS-MOD001-0002","{""greenwall.art"": ""Green Wall Art""}","Green Wall Art","{""greenwall.art"": """"}","new","USD","Stucco Architectural Fencing Systems","","","","","","","","","","","","","","","https://v5.airtableusercontent.com/v3/u/57/57/1789048800000/LO2K6gwYn8kR8gBBUUOvmg/NCBvF6C9L8C3aSRP-DfXeAc91nEXYOVNe0SjHnYllBrviMXiLqDVvKu_nurrz04-0IZyTwgVDtSY1HKcj2bTlVXpW2YT1eI89EBpM4YcprUhvCS3mSxoWp04hOkBLrXBGe9hTGYgSDmIw8wIcCMiHBAey84yyUwcQd3Fddswdo8/jgi4jlb54bRy2LOeVNbcH4UjHiRkC3wr_lZJlFeLfVQ","","NEEDS_REVIEW","Images use temporary Airtable URLs"
"Stucco Wall Fence MOD002 — SFAS-MOD002","Stucco Wall Fence MOD002","variable","SFAS-MOD002","Stucco Architectural Fencing Systems","SAFS-002-_.png (https://v5.airtableusercontent.com/v3/u/57/57/1789048800000/GXW66c5ZN2vGuD7YCpe2VA/WLGYHWt68Af2pIA_RX9Pa1GE-kZcQG6Mqoy17jpaLJFq-KS2EGwQWIvpVRNQBJZi-zAeAruXdKevchHyebY_QFj4VxCDM0-fVLEWUyUclXILxkFGsiUwkpxGzDnSE9kuvYDwjM_b-V6HbnLlENTfKI-XtfSn1UYMChc6KBS6v94/1mmvc0ankniHfdBxbevJnBz4997MY18UGJ2TSKpQIbg)","","Impressive faux stone barrier","This impressive faux stone barrier radiates everlasting strength and modern reliability. Its rugged, textured façade symbolizes permanence, while simple metal accents add a touch of elegance. It’s built for endurance and surrounds your residence with honor, projecting authority while uniting noble style with steadfast protection for you and your loved ones.","SFAS-MOD002-0001,SFAS-MOD002-0002","1","0","visible","none","1","10","","","","greenwall.art","","SFAS-MOD002","SFAS-MOD002-0001,SFAS-MOD002-0002","{""greenwall.art"": ""Green Wall Art""}","Green Wall Art","{""greenwall.art"": """"}","new","USD","Stucco Architectural Fencing Systems","","","","","","","","","","","","","","","https://v5.airtableusercontent.com/v3/u/57/57/1789048800000/GXW66c5ZN2vGuD7YCpe2VA/WLGYHWt68Af2pIA_RX9Pa1GE-kZcQG6Mqoy17jpaLJFq-KS2EGwQWIvpVRNQBJZi-zAeAruXdKevchHyebY_QFj4VxCDM0-fVLEWUyUclXILxkFGsiUwkpxGzDnSE9kuvYDwjM_b-V6HbnLlENTfKI-XtfSn1UYMChc6KBS6v94/1mmvc0ankniHfdBxbevJnBz4997MY18UGJ2TSKpQIbg","","NEEDS_REVIEW","Images use temporary Airtable URLs"
"Stucco Wall Fence MOD003 — SFAS-MOD003","Stucco Wall Fence MOD003","variable","SFAS-MOD003","Stucco Architectural Fencing Systems","SAFS-003-_.png (https://v5.airtableusercontent.com/v3/u/57/57/1789048800000/agqwhmC_A7u-F1U8Z6dtXg/ZV2R5sTstY5Adsl_aCi7uuFhPoUczB3xDcKTYRhLz4oO18POC9wqN6C5eiiLS5GOlVV_pHOJSks4llMQoqHoBQJcBOMwOWiFghXaQPBkbDhKDqJ3NHPAJJ-2ur4VhssFp84HFoWdd8w5C8uJXlgSh1qErUlyR0NpsOEi3eunivw/RZvI-xqVDfBigSV-1Pnt9a1b9uVW9pJfd3Rq_JATQ44)","","Impressive faux stone barrier","This impressive faux stone barrier radiates everlasting strength and modern reliability. Its rugged, textured façade symbolizes permanence, while simple metal accents add a touch of elegance. It’s built for endurance and surrounds your residence with honor, projecting authority while uniting noble style with steadfast protection for you and your loved ones.","SFAS-MOD003-0001,SFAS-MOD003-0002","1","0","visible","none","1","10","","","","greenwall.art","","SFAS-MOD003","SFAS-MOD003-0001,SFAS-MOD003-0002","{""greenwall.art"": ""Green Wall Art""}","Green Wall Art","{""greenwall.art"": """"}","new","USD","Stucco Architectural Fencing Systems","","","","","","","","","","","","","","","https://v5.airtableusercontent.com/v3/u/57/57/1789048800000/agqwhmC_A7u-F1U8Z6dtXg/ZV2R5sTstY5Adsl_aCi7uuFhPoUczB3xDcKTYRhLz4oO18POC9wqN6C5eiiLS5GOlVV_pHOJSks4llMQoqHoBQJcBOMwOWiFghXaQPBkbDhKDqJ3NHPAJJ-2ur4VhssFp84HFoWdd8w5C8uJXlgSh1qErUlyR0NpsOEi3eunivw/RZvI-xqVDfBigSV-1Pnt9a1b9uVW9pJfd3Rq_JATQ44","","NEEDS_REVIEW","Images use temporary Airtable URLs"
"Stucco Wall Fence MOD004 — SFAS-MOD004","Stucco Wall Fence MOD004","variable","SFAS-MOD004","Stucco Architectural Fencing Systems","SAFS-004-_.png (https://v5.airtableusercontent.com/v3/u/57/57/1789048800000/lozyW-XtH49Svbq9fNCDMQ/5RJukixq4wDuev5x2FSDGinkLW_hXv6A1_j-DAbxqkjMQuaOvIYFSBPdrp-khR3VxQE0QeXqVnDCVKqXrw3V8YBvz0PEu0qBxluN-_ZZkoxfnly6b99Saj-bZq4MDizQqgL8w-rDWmzPldIw2E0cR__r9uqZ-4WAtI7bcRcqsLs/b4QWNVWUbiKobORn-e-bhibGdwAByUWTg2qdM5XHwRw)","","Impressive faux stone barrier","This impressive faux stone barrier radiates everlasting strength and modern reliability. Its rugged, textured façade symbolizes permanence, while simple metal accents add a touch of elegance. It’s built for endurance and surrounds your residence with honor, projecting authority while uniting noble style with steadfast protection for you and your loved ones.","SFAS-MOD004-0001,SFAS-MOD004-0002","1","0","visible","none","1","10","","","","greenwall.art","","SFAS-MOD004","SFAS-MOD004-0001,SFAS-MOD004-0002","{""greenwall.art"": ""Green Wall Art""}","Green Wall Art","{""greenwall.art"": """"}","new","USD","Stucco Architectural Fencing Systems","","","","","","","","","","","","","","","https://v5.airtableusercontent.com/v3/u/57/57/1789048800000/lozyW-XtH49Svbq9fNCDMQ/5RJukixq4wDuev5x2FSDGinkLW_hXv6A1_j-DAbxqkjMQuaOvIYFSBPdrp-khR3VxQE0QeXqVnDCVKqXrw3V8YBvz0PEu0qBxluN-_ZZkoxfnly6b99Saj-bZq4MDizQqgL8w-rDWmzPldIw2E0cR__r9uqZ-4WAtI7bcRcqsLs/b4QWNVWUbiKobORn-e-bhibGdwAByUWTg2qdM5XHwRw","","NEEDS_REVIEW","Images use temporary Airtable URLs"
"Stucco Wall Fence MOD005 — SFAS-MOD005","Stucco Wall Fence MOD005","variable","SFAS-MOD005","Stucco Architectural Fencing Systems","SAFS-005-_.png (https://v5.airtableusercontent.com/v3/u/57/57/1789048800000/893S3obtmwb_1jI9Aj165w/39FX1LuBNBlUIbvm4m9Wq6GvZ9V3GIVLlKYfNd8xl7u1lU4f7nkc2Q0fFbJ2wDu0VTRmmtF8inBqx9Jb5esWHMiuV6o1PUaF_q82BAiYQ_PkcKEKpx1Tkx8q05ReqsXOITX54QnTROeXO3YVaq96ToHYmlKiHlV8Fxmftl2U_1U/8b_4Q327IGhE1mTMBHPbaJHzsQGdPIBZ3o0zBrmm-gk)","","Impressive faux stone barrier","This impressive faux stone barrier radiates everlasting strength and modern reliability. Its rugged, textured façade symbolizes permanence, while simple metal accents add a touch of elegance. It’s built for endurance and surrounds your residence with honor, projecting authority while uniting noble style with steadfast protection for you and your loved ones.","SFAS-MOD005-0001,SFAS-MOD005-0002","1","0","visible","none","1","10","","","","greenwall.art","","SFAS-MOD005","SFAS-MOD005-0001,SFAS-MOD005-0002","{""greenwall.art"": ""Green Wall Art""}","Green Wall Art","{""greenwall.art"": """"}","new","USD","Stucco Architectural Fencing Systems","","","","","","","","","","","","","","","https://v5.airtableusercontent.com/v3/u/57/57/1789048800000/893S3obtmwb_1jI9Aj165w/39FX1LuBNBlUIbvm4m9Wq6GvZ9V3GIVLlKYfNd8xl7u1lU4f7nkc2Q0fFbJ2wDu0VTRmmtF8inBqx9Jb5esWHMiuV6o1PUaF_q82BAiYQ_PkcKEKpx1Tkx8q05ReqsXOITX54QnTROeXO3YVaq96ToHYmlKiHlV8Fxmftl2U_1U/8b_4Q327IGhE1mTMBHPbaJHzsQGdPIBZ3o0zBrmm-gk","","NEEDS_REVIEW","Images use temporary Airtable URLs"
"Stucco Wall Fence MOD006 — SFAS-MOD006","Stucco Wall Fence MOD006","variable","SFAS-MOD006","Stucco Architectural Fencing Systems","SAFS-006-_.png (https://v5.airtableusercontent.com/v3/u/57/57/1789048800000/PT2IibXnoRcF_WGEQ9Mtpg/3rbLjK6qe3zbjPTE7O8tkYXYrF36-CHl-4z1qR6s7S0tU8GTv4GTr75HC40GcoyJAI0ZqyugChsA6GNfhdZBhGoqNQlxN3jAzytH9kfLf_bJouxcmd0kLV4pUMhYgkwi1ISbpmcvOjmf_c8Wt6nlZfIKCK1ROinW2w6xD9n_dDw/xWAFuPDtt__s87EjDwQ984gb0XefgQhfN4j76_nYpYw)","","Impressive faux stone barrier","This impressive faux stone barrier radiates everlasting strength and modern reliability. Its rugged, textured façade symbolizes permanence, while simple metal accents add a touch of elegance. It’s built for endurance and surrounds your residence with honor, projecting authority while uniting noble style with steadfast protection for you and your loved ones.","SFAS-MOD006-0001,SFAS-MOD006-0002","1","0","visible","none","1","10","","","","greenwall.art","","SFAS-MOD006","SFAS-MOD006-0001,SFAS-MOD006-0002","{""greenwall.art"": ""Green Wall Art""}","Green Wall Art","{""greenwall.art"": """"}","new","USD","Stucco Architectural Fencing Systems","","","","","","","","","","","","","","","https://v5.airtableusercontent.com/v3/u/57/57/1789048800000/PT2IibXnoRcF_WGEQ9Mtpg/3rbLjK6qe3zbjPTE7O8tkYXYrF36-CHl-4z1qR6s7S0tU8GTv4GTr75HC40GcoyJAI0ZqyugChsA6GNfhdZBhGoqNQlxN3jAzytH9kfLf_bJouxcmd0kLV4pUMhYgkwi1ISbpmcvOjmf_c8Wt6nlZfIKCK1ROinW2w6xD9n_dDw/xWAFuPDtt__s87EjDwQ984gb0XefgQhfN4j76_nYpYw","","NEEDS_REVIEW","Images use temporary Airtable URLs"
"Stucco Wall Fence MOD007 — SFAS-MOD007","Stucco Wall Fence MOD007","variable","SFAS-MOD007","Stucco Architectural Fencing Systems","SAFS-007-_.png (https://v5.airtableusercontent.com/v3/u/57/57/1789048800000/lTHCzyDrB2QfGDqxqvwaFA/EC-bscEOZrxLf-AfBwelOsqejcyQP_WSglo3pjibIlLk6hC9FezRkk_6x4lZLC7an0cTGV6yOm4uHTAcTGQ50i1dus7JtMWkrCJpA0NZIGMZu3m7z4EYu7dYeiT03ebcyHn95MssqesnIaCsgoYoEgUyG_i2u7QA9_HxeEIuag4/N8NCgZR8enZ19Qp0QWKsf3xnqIaamA8B4nuL2iAfk7s)","","Impressive faux stone barrier","This impressive faux stone barrier radiates everlasting strength and modern reliability. Its rugged, textured façade symbolizes permanence, while simple metal accents add a touch of elegance. It’s built for endurance and surrounds your residence with honor, projecting authority while uniting noble style with steadfast protection for you and your loved ones.","SFAS-MOD007-0001,SFAS-MOD007-0002","1","0","visible","none","1","10","","","","greenwall.art","","SFAS-MOD007","SFAS-MOD007-0001,SFAS-MOD007-0002","{""greenwall.art"": ""Green Wall Art""}","Green Wall Art","{""greenwall.art"": """"}","new","USD","Stucco Architectural Fencing Systems","","","","","","","","","","","","","","","https://v5.airtableusercontent.com/v3/u/57/57/1789048800000/lTHCzyDrB2QfGDqxqvwaFA/EC-bscEOZrxLf-AfBwelOsqejcyQP_WSglo3pjibIlLk6hC9FezRkk_6x4lZLC7an0cTGV6yOm4uHTAcTGQ50i1dus7JtMWkrCJpA0NZIGMZu3m7z4EYu7dYeiT03ebcyHn95MssqesnIaCsgoYoEgUyG_i2u7QA9_HxeEIuag4/N8NCgZR8enZ19Qp0QWKsf3xnqIaamA8B4nuL2iAfk7s","","NEEDS_REVIEW","Images use temporary Airtable URLs"
"Stucco Wall Fence MOD008 — SFAS-MOD008","Stucco Wall Fence MOD008","variable","SFAS-MOD008","Stucco Architectural Fencing Systems","SAFS-014.png (https://v5.airtableusercontent.com/v3/u/57/57/1789048800000/WEtdDDfeTGtjJu6Oo2kncg/0vxLTG_9YVvNgYEmN0JVO9RXmRHnjeIib-9BUZtch8UFrnSK0CyZPHos19iuTdH1tWZ2BN5cpfKYqIcPNF2BFYZdvXWuD9kp688I_54DPAOXjMPtgJobwEwCbnH-hmdgcuv_r9y-hodvJUCjRKpQz2FEG6a7zoqePThqeIIC0XQ/pV0IdBjBwzdj-FsOLzW_jUbzYggtvM2ne7TZ4qaFsaY)","","Impressive faux stone barrier","This impressive faux stone barrier radiates everlasting strength and modern reliability. Its rugged, textured façade symbolizes permanence, while simple metal accents add a touch of elegance. It’s built for endurance and surrounds your residence with honor, projecting authority while uniting noble style with steadfast protection for you and your loved ones.","SFAS-MOD008-0001,SFAS-MOD008-0002","1","0","visible","none","1","10","","","","greenwall.art","","SFAS-MOD008","SFAS-MOD008-0001,SFAS-MOD008-0002","{""greenwall.art"": ""Green Wall Art""}","Green Wall Art","{""greenwall.art"": """"}","new","USD","Stucco Architectural Fencing Systems","","","","","","","","","","","","","","","https://v5.airtableusercontent.com/v3/u/57/57/1789048800000/WEtdDDfeTGtjJu6Oo2kncg/0vxLTG_9YVvNgYEmN0JVO9RXmRHnjeIib-9BUZtch8UFrnSK0CyZPHos19iuTdH1tWZ2BN5cpfKYqIcPNF2BFYZdvXWuD9kp688I_54DPAOXjMPtgJobwEwCbnH-hmdgcuv_r9y-hodvJUCjRKpQz2FEG6a7zoqePThqeIIC0XQ/pV0IdBjBwzdj-FsOLzW_jUbzYggtvM2ne7TZ4qaFsaY","","NEEDS_REVIEW","Images use temporary Airtable URLs"
"Stucco Wall Fence MOD009 — SFAS-MOD009","Stucco Wall Fence MOD009","variable","SFAS-MOD009","Stucco Architectural Fencing Systems","SAFS-008-_.png (https://v5.airtableusercontent.com/v3/u/57/57/1789048800000/JKO-luUkx1_txc5-dSWa6A/VA8iO8_Ct0a1x5-j9n8aviV2-pXCnsS9Ojkt1V3m6pu6_PeRfSeqNoW4KqbW0A1r8DKTTIE8QARXpj_T7xTl4SnXTUEV-ULYs68gUBl13Nn9F1zFOzwQzrthTr7HVQLou0Ws65SnTYqi0GQy8fVJ6v48plEUY9_xa2MwllRXw3M/9Uw7j2cbqByd9Ltjn34M_5xEuLO_KPgMJ6Av67ndzZI)","","Impressive faux stone barrier","This impressive faux stone barrier radiates everlasting strength and modern reliability. Its rugged, textured façade symbolizes permanence, while simple metal accents add a touch of elegance. It’s built for endurance and surrounds your residence with honor, projecting authority while uniting noble style with steadfast protection for you and your loved ones.","SFAS-MOD009-0001,SFAS-MOD009-0002","1","0","visible","none","1","10","","","","greenwall.art","","SFAS-MOD009","SFAS-MOD009-0001,SFAS-MOD009-0002","{""greenwall.art"": ""Green Wall Art""}","Green Wall Art","{""greenwall.art"": """"}","new","USD","Stucco Architectural Fencing Systems","","","","","","","","","","","","","","","https://v5.airtableusercontent.com/v3/u/57/57/1789048800000/JKO-luUkx1_txc5-dSWa6A/VA8iO8_Ct0a1x5-j9n8aviV2-pXCnsS9Ojkt1V3m6pu6_PeRfSeqNoW4KqbW0A1r8DKTTIE8QARXpj_T7xTl4SnXTUEV-ULYs68gUBl13Nn9F1zFOzwQzrthTr7HVQLou0Ws65SnTYqi0GQy8fVJ6v48plEUY9_xa2MwllRXw3M/9Uw7j2cbqByd9Ltjn34M_5xEuLO_KPgMJ6Av67ndzZI","","NEEDS_REVIEW","Images use temporary Airtable URLs"
"Stucco Wall Fence MOD010 — SFAS-MOD010","Stucco Wall Fence MOD010","variable","SFAS-MOD010","Stucco Architectural Fencing Systems","SAFS-009-_.png (https://v5.airtableusercontent.com/v3/u/57/57/1789048800000/aA-cvNZKcy2kHO4agpfl8A/qnW24uMBCp5WFOYI_S43lwUDGJVoIOI1CTEBier0zZQLV8xpTbQvOzqVVW2BzcIfBh0rgGFVK1bx_avj-TfNJ7CKE6mQO6WJPcNHyEltrBRAzfaKMOBGJbV8-kVvWzzxjS2psdB4_l1WxklTNfYFnd_hbrftlcZfaN8AB2LC8wA/PCpl9-fqgNkCwY-Fxqs-U1ax4f-SUOwGS19eAafYsEA)","","Impressive faux stone barrier","This impressive faux stone barrier radiates everlasting strength and modern reliability. Its rugged, textured façade symbolizes permanence, while simple metal accents add a touch of elegance. It’s built for endurance and surrounds your residence with honor, projecting authority while uniting noble style with steadfast protection for you and your loved ones.","SFAS-MOD010-0001,SFAS-MOD010-0002","1","0","visible","none","1","10","","","","greenwall.art","","SFAS-MOD010","SFAS-MOD010-0001,SFAS-MOD010-0002","{""greenwall.art"": ""Green Wall Art""}","Green Wall Art","{""greenwall.art"": """"}","new","USD","Stucco Architectural Fencing Systems","","","","","","","","","","","","","","","https://v5.airtableusercontent.com/v3/u/57/57/1789048800000/aA-cvNZKcy2kHO4agpfl8A/qnW24uMBCp5WFOYI_S43lwUDGJVoIOI1CTEBier0zZQLV8xpTbQvOzqVVW2BzcIfBh0rgGFVK1bx_avj-TfNJ7CKE6mQO6WJPcNHyEltrBRAzfaKMOBGJbV8-kVvWzzxjS2psdB4_l1WxklTNfYFnd_hbrftlcZfaN8AB2LC8wA/PCpl9-fqgNkCwY-Fxqs-U1ax4f-SUOwGS19eAafYsEA","","NEEDS_REVIEW","Images use temporary Airtable URLs"
"Stucco Wall Fence MOD011 — SFAS-MOD011","Stucco Wall Fence MOD011","variable","SFAS-MOD011","Stucco Architectural Fencing Systems","SAFS-010-_.png (https://v5.airtableusercontent.com/v3/u/57/57/1789048800000/Nik_3bR1JJ0AKHgxAnGMRA/xh93AYwpvPYmjSCxyFkxufCimnoUvS0xEl47U0EWmLwIYFANAGfwy6b80QQTxgXRjb75hqgIJzJVFYaqzrqpoOzHkCFgMZbWIox4QyDk44OIkikYMuhwjuVLfR_llllU8GPcbJ_x_iyX0EfQqqptcPUeLPqhl_l9TQajrsKjn0U/y1wmdrenK0WS_DMR_KfSEALR5nQZHN-QBIvltW_-c4c)","","Impressive faux stone barrier","This impressive faux stone barrier radiates everlasting strength and modern reliability. Its rugged, textured façade symbolizes permanence, while simple metal accents add a touch of elegance. It’s built for endurance and surrounds your residence with honor, projecting authority while uniting noble style with steadfast protection for you and your loved ones.","SFAS-MOD011-0001,SFAS-MOD011-0002","1","0","visible","none","1","10","","","","greenwall.art","","SFAS-MOD011","SFAS-MOD011-0001,SFAS-MOD011-0002","{""greenwall.art"": ""Green Wall Art""}","Green Wall Art","{""greenwall.art"": """"}","new","USD","Stucco Architectural Fencing Systems","","","","","","","","","","","","","","","https://v5.airtableusercontent.com/v3/u/57/57/1789048800000/Nik_3bR1JJ0AKHgxAnGMRA/xh93AYwpvPYmjSCxyFkxufCimnoUvS0xEl47U0EWmLwIYFANAGfwy6b80QQTxgXRjb75hqgIJzJVFYaqzrqpoOzHkCFgMZbWIox4QyDk44OIkikYMuhwjuVLfR_llllU8GPcbJ_x_iyX0EfQqqptcPUeLPqhl_l9TQajrsKjn0U/y1wmdrenK0WS_DMR_KfSEALR5nQZHN-QBIvltW_-c4c","","NEEDS_REVIEW","Images use temporary Airtable URLs"
"Stucco Wall Fence MOD012 — SFAS-MOD012","Stucco Wall Fence MOD012","variable","SFAS-MOD012","Stucco Architectural Fencing Systems","SAFS-011-_.png (https://v5.airtableusercontent.com/v3/u/57/57/1789048800000/Oee6D-dr3JzMMJHyHhMfqQ/q0fi5x3Kk-HFG66YOtOKFHrH9da--C1-tnVjgAa2LhixV-L5Lhr5NmN2qvTvo75CZto5PYaTvQVQ8ZQeuMtOQh27F7stI_r9A9AqZdOic-pbQ4y-eI-HvDm_OAzvxdFI6bnagmnMiQXX2i0lQCKv8zWLpXYfyocX4z0TYypbxq8/5Xy2nXnhLr6MmhhbXRHdJjcRKEgeu2am9xw1EOD82AM)","","Impressive faux stone barrier","This impressive faux stone barrier radiates everlasting strength and modern reliability. Its rugged, textured façade symbolizes permanence, while simple metal accents add a touch of elegance. It’s built for endurance and surrounds your residence with honor, projecting authority while uniting noble style with steadfast protection for you and your loved ones.","SFAS-MOD012-0001,SFAS-MOD012-0002","1","0","visible","none","1","10","","","","greenwall.art","","SFAS-MOD012","SFAS-MOD012-0001,SFAS-MOD012-0002","{""greenwall.art"": ""Green Wall Art""}","Green Wall Art","{""greenwall.art"": """"}","new","USD","Stucco Architectural Fencing Systems","","","","","","","","","","","","","","","https://v5.airtableusercontent.com/v3/u/57/57/1789048800000/Oee6D-dr3JzMMJHyHhMfqQ/q0fi5x3Kk-HFG66YOtOKFHrH9da--C1-tnVjgAa2LhixV-L5Lhr5NmN2qvTvo75CZto5PYaTvQVQ8ZQeuMtOQh27F7stI_r9A9AqZdOic-pbQ4y-eI-HvDm_OAzvxdFI6bnagmnMiQXX2i0lQCKv8zWLpXYfyocX4z0TYypbxq8/5Xy2nXnhLr6MmhhbXRHdJjcRKEgeu2am9xw1EOD82AM","","NEEDS_REVIEW","Images use temporary Airtable URLs"
"Stucco Wall Fence MOD013 — SFAS-MOD013","Stucco Wall Fence MOD013","variable","SFAS-MOD013","Stucco Architectural Fencing Systems","SAFS-012-_.png (https://v5.airtableusercontent.com/v3/u/57/57/1789048800000/Lj0egzcgk_nYi5-ej7epIQ/qMFxRh_iYSc_gA96KEn1QttRHSAcvBIPBDTaiAtq6Rs8RExHtyJoXoGT7B7qhLFo1GCrOTnaXURmoGATfWsAIomotpuyG2zRtvIpx61sDynPtJjzzWxbFzx6s5kXz2xeLxBRSpSNfAmLnQdVVlNpGtzlJ7783h_mUXqbMDzxBAA/BEg-WKItjo7vEpeO_wV-7anzHYxiF8oLBdohOhtEfx4)","","Impressive faux stone barrier","This impressive faux stone barrier radiates everlasting strength and modern reliability. Its rugged, textured façade symbolizes permanence, while simple metal accents add a touch of elegance. It’s built for endurance and surrounds your residence with honor, projecting authority while uniting noble style with steadfast protection for you and your loved ones.","SFAS-MOD013-0001,SFAS-MOD013-0002","1","0","visible","none","1","10","","","","greenwall.art","","SFAS-MOD013","SFAS-MOD013-0001,SFAS-MOD013-0002","{""greenwall.art"": ""Green Wall Art""}","Green Wall Art","{""greenwall.art"": """"}","new","USD","Stucco Architectural Fencing Systems","","","","","","","","","","","","","","","https://v5.airtableusercontent.com/v3/u/57/57/1789048800000/Lj0egzcgk_nYi5-ej7epIQ/qMFxRh_iYSc_gA96KEn1QttRHSAcvBIPBDTaiAtq6Rs8RExHtyJoXoGT7B7qhLFo1GCrOTnaXURmoGATfWsAIomotpuyG2zRtvIpx61sDynPtJjzzWxbFzx6s5kXz2xeLxBRSpSNfAmLnQdVVlNpGtzlJ7783h_mUXqbMDzxBAA/BEg-WKItjo7vEpeO_wV-7anzHYxiF8oLBdohOhtEfx4","","NEEDS_REVIEW","Images use temporary Airtable URLs"
"Stucco Wall Fence MOD015 — SFAS-MOD015","Stucco Wall Fence MOD015","variable","SFAS-MOD015","Stucco Architectural Fencing Systems","SAFS-013-_.png (https://v5.airtableusercontent.com/v3/u/57/57/1789048800000/-14X5U8UPO-jembMfmWQcA/EOtiVLypB6zR1rQyaCktruJIl4LAfUGqc0Gg5VMZpI23G2B2ajvJbcbFMVI199NLVidKhUPqPIUlj7xuKLKdbUr0G-h96mWkRYi9horHuaZsVLopGrixzlDBK2i8dchBqjb7hxD9ovu-WIQ_DLyZPsk03IJLQmtwSvRTDnYyBpU/UTy7wZED6Ip_5IHpVZM5SO4cfVDXByoaT42RKOBVtak)","","Impressive faux stone barrier","This impressive faux stone barrier radiates everlasting strength and modern reliability. Its rugged, textured façade symbolizes permanence, while simple metal accents add a touch of elegance. It’s built for endurance and surrounds your residence with honor, projecting authority while uniting noble style with steadfast protection for you and your loved ones.","SFAS-MOD015-0001,SFAS-MOD015-0002","1","0","visible","none","1","10","","","","greenwall.art","","SFAS-MOD015","SFAS-MOD015-0001,SFAS-MOD015-0002","{""greenwall.art"": ""Green Wall Art""}","Green Wall Art","{""greenwall.art"": """"}","new","USD","Stucco Architectural Fencing Systems","","","","","","","","","","","","","","","https://v5.airtableusercontent.com/v3/u/57/57/1789048800000/-14X5U8UPO-jembMfmWQcA/EOtiVLypB6zR1rQyaCktruJIl4LAfUGqc0Gg5VMZpI23G2B2ajvJbcbFMVI199NLVidKhUPqPIUlj7xuKLKdbUr0G-h96mWkRYi9horHuaZsVLopGrixzlDBK2i8dchBqjb7hxD9ovu-WIQ_DLyZPsk03IJLQmtwSvRTDnYyBpU/UTy7wZED6Ip_5IHpVZM5SO4cfVDXByoaT42RKOBVtak","","NEEDS_REVIEW","Images use temporary Airtable URLs"
"Custom Stucco Mailbox MOD001 — SMLPk-MOD001","Custom Stucco Mailbox MOD001","variable","SMLPk-MOD001","Stucco Mailboxes and Lamp Posts kits","SMLPk-001.png (https://v5.airtableusercontent.com/v3/u/57/57/1789048800000/FvTXGqRtkIrYC6Hilvni0w/NkGiiDYcxISI0OTd3u4_eqXEgsZmsxycDOYsiBW73lCtV_jf0WbPXXInhTNTrHCHbt3Cz_Eokdon5ThPfJZ_tUMdmDEd-g-2_MEQqHZHIbNgJzJXUNNae-iltwx46KY0OhK0-33NnvDE21RI4pBadmOh14q0RTRufhcA9za_8uo/646VmoP_pvF-gWUiNfpd9UEnhDzyVEOGp63FGziiKsw)","","Increase the value of your home and transform ordinary to interesting with over 100 designs, we have something to match every décor style. Custom Stucco Mailboxes Lightweight for quick and easy installation.","Increase the value of your home and transform ordinary to interesting with over 100 designs, we have something to match every décor style. Custom Stucco Mailboxes Lightweight for quick and easy installation.","SMLPk-MOD001-0001","1","0","visible","none","1","10","","","","greenwall.art","","SMLPk-MOD001","SMLPk-MOD001-0001","{""greenwall.art"": ""Green Wall Art""}","Green Wall Art","{""greenwall.art"": """"}","new","USD","Stucco Mailboxes and Lamp Posts kits","","","","","","","","","","","","","","","https://v5.airtableusercontent.com/v3/u/57/57/1789048800000/FvTXGqRtkIrYC6Hilvni0w/NkGiiDYcxISI0OTd3u4_eqXEgsZmsxycDOYsiBW73lCtV_jf0WbPXXInhTNTrHCHbt3Cz_Eokdon5ThPfJZ_tUMdmDEd-g-2_MEQqHZHIbNgJzJXUNNae-iltwx46KY0OhK0-33NnvDE21RI4pBadmOh14q0RTRufhcA9za_8uo/646VmoP_pvF-gWUiNfpd9UEnhDzyVEOGp63FGziiKsw","","NEEDS_REVIEW","Images use temporary Airtable URLs"
"Custom Stucco Mailbox MOD002 — SMLPk-MOD002","Custom Stucco Mailbox MOD002","variable","SMLPk-MOD002","Stucco Mailboxes and Lamp Posts kits","SMLPk-002.png (https://v5.airtableusercontent.com/v3/u/57/57/1789048800000/UAdYczjrvHNY_6sz11748g/L_yrOVKd2Eb6V0nySB8qGg6dbSOeo47FyWt6olZUtN-fFSjhsU7oGZAvGMLDDMl3ggR5WgWLwjZqyCf5NkCWy9B7dxVXwGlNX4WIvihtCXBGDyA0N4kP7lv4syU_d40RJqE4Jq6xRzhpEdnl0egupDlOAxKJx8tJylEjCAAIka8/Sne6w0oxOhB_EPuQrJyJ5YIk60OJeTscOO3OH3RSsW4)","","Increase the value of your home and transform ordinary to interesting with over 100 designs, we have something to match every décor style. Custom Stucco Mailboxes Lightweight for quick and easy installation.","Increase the value of your home and transform ordinary to interesting with over 100 designs, we have something to match every décor style. Custom Stucco Mailboxes Lightweight for quick and easy installation.","","1","0","visible","none","1","10","","","","greenwall.art","","SMLPk-MOD002","","{""greenwall.art"": ""Green Wall Art""}","Green Wall Art","{""greenwall.art"": """"}","new","USD","Stucco Mailboxes and Lamp Posts kits","","","","","","","","","","","","","","","https://v5.airtableusercontent.com/v3/u/57/57/1789048800000/UAdYczjrvHNY_6sz11748g/L_yrOVKd2Eb6V0nySB8qGg6dbSOeo47FyWt6olZUtN-fFSjhsU7oGZAvGMLDDMl3ggR5WgWLwjZqyCf5NkCWy9B7dxVXwGlNX4WIvihtCXBGDyA0N4kP7lv4syU_d40RJqE4Jq6xRzhpEdnl0egupDlOAxKJx8tJylEjCAAIka8/Sne6w0oxOhB_EPuQrJyJ5YIk60OJeTscOO3OH3RSsW4","","NEEDS_REVIEW","Images use temporary Airtable URLs | No valid linked variations"
"Custom Stucco Mailbox MOD003 — SMLPk-MOD003","Custom Stucco Mailbox MOD003","variable","SMLPk-MOD003","Stucco Mailboxes and Lamp Posts kits","SMLPk-003.png (https://v5.airtableusercontent.com/v3/u/57/57/1789048800000/p5Vm9DBY5vSKDbVW9rfKXg/_wAOFSA4rnK4q-SSXWPpblcKUU8Nmr--bymuHkhoOFrzVQxDmajm0A4tqBhQk6OReLMEHQ_fhB7t2FQ8R4EvrsYvX84oyIqh5yxDw4Hf635h3hOAILFglTKu6VqzQkc7FBnp6888D-lqIMO-XLHGcAs-W-zMIgDJ5RymRhBLJbA/6V5nTYPGWJirtbD4K5QbgnKVm9V7oHjXRr0xJFts3Eo)","","Increase the value of your home and transform ordinary to interesting with over 100 designs, we have something to match every décor style. Custom Stucco Mailboxes Lightweight for quick and easy installation.","Increase the value of your home and transform ordinary to interesting with over 100 designs, we have something to match every décor style. Custom Stucco Mailboxes Lightweight for quick and easy installation.","","1","0","visible","none","1","10","","","","greenwall.art","","SMLPk-MOD003","","{""greenwall.art"": ""Green Wall Art""}","Green Wall Art","{""greenwall.art"": """"}","new","USD","Stucco Mailboxes and Lamp Posts kits","","","","","","","","","","","","","","","https://v5.airtableusercontent.com/v3/u/57/57/1789048800000/p5Vm9DBY5vSKDbVW9rfKXg/_wAOFSA4rnK4q-SSXWPpblcKUU8Nmr--bymuHkhoOFrzVQxDmajm0A4tqBhQk6OReLMEHQ_fhB7t2FQ8R4EvrsYvX84oyIqh5yxDw4Hf635h3hOAILFglTKu6VqzQkc7FBnp6888D-lqIMO-XLHGcAs-W-zMIgDJ5RymRhBLJbA/6V5nTYPGWJirtbD4K5QbgnKVm9V7oHjXRr0xJFts3Eo","","NEEDS_REVIEW","Images use temporary Airtable URLs | No valid linked variations"
"Custom Stucco Mailbox MOD004 — SMLPk-MOD004","Custom Stucco Mailbox MOD004","variable","SMLPk-MOD004","Stucco Mailboxes and Lamp Posts kits","SMLPk-004.png (https://v5.airtableusercontent.com/v3/u/57/57/1789048800000/Ele0_h3cVBnDXExxSmLWZw/0fqdm522MDa2B0S2pckOWkXhuCSkI3-W5RGQzbLjBRUrCnLE_EdejO-aiKEursnLEBcRria59ewj6iQWXIOaaFJ0C0ZH1ohFfBRF1qnOXr8madceMvh9zO0rtqOxsHUFbCqN_1Y5Ro_URhNhrX6jaK9dXmlS3fXhvbh2tijXaTo/wciBb4BFZk5pWN72zK4g--k6VPMAMOjtNiaeQbQOb9k)","","Increase the value of your home and transform ordinary to interesting with over 100 designs, we have something to match every décor style. Custom Stucco Mailboxes Lightweight for quick and easy installation.","Increase the value of your home and transform ordinary to interesting with over 100 designs, we have something to match every décor style. Custom Stucco Mailboxes Lightweight for quick and easy installation.","","1","0","visible","none","1","10","","","","greenwall.art","","SMLPk-MOD004","","{""greenwall.art"": ""Green Wall Art""}","Green Wall Art","{""greenwall.art"": """"}","new","USD","Stucco Mailboxes and Lamp Posts kits","","","","","","","","","","","","","","","https://v5.airtableusercontent.com/v3/u/57/57/1789048800000/Ele0_h3cVBnDXExxSmLWZw/0fqdm522MDa2B0S2pckOWkXhuCSkI3-W5RGQzbLjBRUrCnLE_EdejO-aiKEursnLEBcRria59ewj6iQWXIOaaFJ0C0ZH1ohFfBRF1qnOXr8madceMvh9zO0rtqOxsHUFbCqN_1Y5Ro_URhNhrX6jaK9dXmlS3fXhvbh2tijXaTo/wciBb4BFZk5pWN72zK4g--k6VPMAMOjtNiaeQbQOb9k","","NEEDS_REVIEW","Images use temporary Airtable URLs | No valid linked variations"
"Custom Stucco Mailbox MOD005 — SMLPk-MOD005","Custom Stucco Mailbox MOD005","variable","SMLPk-MOD005","Stucco Mailboxes and Lamp Posts kits","SMLPk-005.png (https://v5.airtableusercontent.com/v3/u/57/57/1789048800000/F2ga6ccIT-4h3nFjwO2h7Q/Qr5pdGp36OvPTt2mT7lkAVF82j4WSewtivVUzypPAPTpjbVpcvCzdPkym1ANeXQ4unjEb6ENvZXuUiItd3bn-B27C4lBqL0n33SiBPNoxABlTvISCLtmdaPsqY--n6q6YVOOxgld8BQFbVLpzxMuZF9ZJKYTKMxQgz2il4WIgA0/RZMDH_7wxw7aPi1jo-HMv-66-2e_XPnigIQjW27mfJ4)","","Increase the value of your home and transform ordinary to interesting with over 100 designs, we have something to match every décor style. Custom Stucco Mailboxes Lightweight for quick and easy installation.","Increase the value of your home and transform ordinary to interesting with over 100 designs, we have something to match every décor style. Custom Stucco Mailboxes Lightweight for quick and easy installation.","","1","0","visible","none","1","10","","","","greenwall.art","","SMLPk-MOD005","","{""greenwall.art"": ""Green Wall Art""}","Green Wall Art","{""greenwall.art"": """"}","new","USD","Stucco Mailboxes and Lamp Posts kits","","","","","","","","","","","","","","","https://v5.airtableusercontent.com/v3/u/57/57/1789048800000/F2ga6ccIT-4h3nFjwO2h7Q/Qr5pdGp36OvPTt2mT7lkAVF82j4WSewtivVUzypPAPTpjbVpcvCzdPkym1ANeXQ4unjEb6ENvZXuUiItd3bn-B27C4lBqL0n33SiBPNoxABlTvISCLtmdaPsqY--n6q6YVOOxgld8BQFbVLpzxMuZF9ZJKYTKMxQgz2il4WIgA0/RZMDH_7wxw7aPi1jo-HMv-66-2e_XPnigIQjW27mfJ4","","NEEDS_REVIEW","Images use temporary Airtable URLs | No valid linked variations"
"Custom Stucco Mailbox MOD006 — SMLPk-MOD006","Custom Stucco Mailbox MOD006","variable","SMLPk-MOD006","Stucco Mailboxes and Lamp Posts kits","SMLPk-006.png (https://v5.airtableusercontent.com/v3/u/57/57/1789048800000/q3IK6jeV_bhc9aIyh1ocbQ/jg_-EMHcJekGsqOG7ahza7mDGqJfjRCGfkD0-APgsQaVeJK0hzKrWxuzo58z3H50a9QR3iOw0OElrzAV2CBsnKFnHT-KsTzMsU5s4_FP7O7eGs6Igy2JHA_o_CcF8wIgmSEeFKv3mgAcOcpOMRMOls1AaVJJaRUT-HgLa3Bn5Es/Drphx_UhiphGJOvqOgbC4Z168y-d_HTX-PClGkI92Fw)","","Increase the value of your home and transform ordinary to interesting with over 100 designs, we have something to match every décor style. Custom Stucco Mailboxes Lightweight for quick and easy installation.","Increase the value of your home and transform ordinary to interesting with over 100 designs, we have something to match every décor style. Custom Stucco Mailboxes Lightweight for quick and easy installation.","","1","0","visible","none","1","10","","","","greenwall.art","","SMLPk-MOD006","","{""greenwall.art"": ""Green Wall Art""}","Green Wall Art","{""greenwall.art"": """"}","new","USD","Stucco Mailboxes and Lamp Posts kits","","","","","","","","","","","","","","","https://v5.airtableusercontent.com/v3/u/57/57/1789048800000/q3IK6jeV_bhc9aIyh1ocbQ/jg_-EMHcJekGsqOG7ahza7mDGqJfjRCGfkD0-APgsQaVeJK0hzKrWxuzo58z3H50a9QR3iOw0OElrzAV2CBsnKFnHT-KsTzMsU5s4_FP7O7eGs6Igy2JHA_o_CcF8wIgmSEeFKv3mgAcOcpOMRMOls1AaVJJaRUT-HgLa3Bn5Es/Drphx_UhiphGJOvqOgbC4Z168y-d_HTX-PClGkI92Fw","","NEEDS_REVIEW","Images use temporary Airtable URLs | No valid linked variations"
"Custom Stucco Mailbox MOD007 — SMLPk-MOD007","Custom Stucco Mailbox MOD007","variable","SMLPk-MOD007","Stucco Mailboxes and Lamp Posts kits","SMLPk-007.png (https://v5.airtableusercontent.com/v3/u/57/57/1789048800000/4Y1q9W37dyeDsXvYCKdxlw/FXLxkYYc7v4X_Q-RMFUtOaGLDeJpKAqZH73x0g5kbxvlRlttJ9a04Zd0i-95FkK5gr2ln2KOSvEu7PalL7gSXE0cmVSW8plKI1PTuLa3PMqakT4T-VU7O3XvaV_adOLtamF1uiCcEZWdTlr2sXxmXuPQ5mv0Bb2pNssFFjK5EvA/AqVDiQi4p3iA4iILWplOXQDHfbX2y7Dk-UHJviZInEI)","","Increase the value of your home and transform ordinary to interesting with over 100 designs, we have something to match every décor style. Custom Stucco Mailboxes Lightweight for quick and easy installation.","Increase the value of your home and transform ordinary to interesting with over 100 designs, we have something to match every décor style. Custom Stucco Mailboxes Lightweight for quick and easy installation.","","1","0","visible","none","1","10","","","","greenwall.art","","SMLPk-MOD007","","{""greenwall.art"": ""Green Wall Art""}","Green Wall Art","{""greenwall.art"": """"}","new","USD","Stucco Mailboxes and Lamp Posts kits","","","","","","","","","","","","","","","https://v5.airtableusercontent.com/v3/u/57/57/1789048800000/4Y1q9W37dyeDsXvYCKdxlw/FXLxkYYc7v4X_Q-RMFUtOaGLDeJpKAqZH73x0g5kbxvlRlttJ9a04Zd0i-95FkK5gr2ln2KOSvEu7PalL7gSXE0cmVSW8plKI1PTuLa3PMqakT4T-VU7O3XvaV_adOLtamF1uiCcEZWdTlr2sXxmXuPQ5mv0Bb2pNssFFjK5EvA/AqVDiQi4p3iA4iILWplOXQDHfbX2y7Dk-UHJviZInEI","","NEEDS_REVIEW","Images use temporary Airtable URLs | No valid linked variations"
"Custom Stucco Mailbox MOD008 — SMLPk-MOD008","Custom Stucco Mailbox MOD008","variable","SMLPk-MOD008","Stucco Mailboxes and Lamp Posts kits","SMLPk-008.png (https://v5.airtableusercontent.com/v3/u/57/57/1789048800000/UXVdt3BOO9Lf2PnFlVQuyw/cHnqP71-36ftg-cxa84RcLAJbpCJfsQ7vLwfOZFgXhxMHQz375FMfRKTPGA7tX8zTOpIqhpY0SouMS2CVGrtHn8dWj0GvbwxjYGVRvU7RyBIcwkTx3QyHlHpGNdpLYRhRwAH9U9NcVOLyJ4Kb5ZzZRMYUUpe1pEfKVJ8u-Gol2w/Yoo9XnjgxmHUcUSrLY0rSvOlA2rMRSuas3LHqRkaT6c)","","Increase the value of your home and transform ordinary to interesting with over 100 designs, we have something to match every décor style. Custom Stucco Mailboxes Lightweight for quick and easy installation.","Increase the value of your home and transform ordinary to interesting with over 100 designs, we have something to match every décor style. Custom Stucco Mailboxes Lightweight for quick and easy installation.","","1","0","visible","none","1","10","","","","greenwall.art","","SMLPk-MOD008","","{""greenwall.art"": ""Green Wall Art""}","Green Wall Art","{""greenwall.art"": """"}","new","USD","Stucco Mailboxes and Lamp Posts kits","","","","","","","","","","","","","","","https://v5.airtableusercontent.com/v3/u/57/57/1789048800000/UXVdt3BOO9Lf2PnFlVQuyw/cHnqP71-36ftg-cxa84RcLAJbpCJfsQ7vLwfOZFgXhxMHQz375FMfRKTPGA7tX8zTOpIqhpY0SouMS2CVGrtHn8dWj0GvbwxjYGVRvU7RyBIcwkTx3QyHlHpGNdpLYRhRwAH9U9NcVOLyJ4Kb5ZzZRMYUUpe1pEfKVJ8u-Gol2w/Yoo9XnjgxmHUcUSrLY0rSvOlA2rMRSuas3LHqRkaT6c","","NEEDS_REVIEW","Images use temporary Airtable URLs | No valid linked variations"
"Custom Stucco Mailbox MOD009 — SMLPk-MOD009","Custom Stucco Mailbox MOD009","variable","SMLPk-MOD009","Stucco Mailboxes and Lamp Posts kits","SMLPk-009.png (https://v5.airtableusercontent.com/v3/u/57/57/1789048800000/SRt76oXmJnvgm2Sn8xURDQ/v0EWq5bt7RsWcK4PAm7mJAKPNnqio_M_BzS-ZtlXsa4JDihPHfX0uEngX77S3EkzwFmLw8kgU8mQBNCzc5Pnt_3O8sx105dVXywyiOnCYpXGZp4MN1a2GP2ZvcY2Lb79GrLsnwyoZ6SQAix9c-Ih4-kMmHAKDwhbfgyt7GxToMY/oquOEc3Q0baJ6vXi_Wj6Ce0_KEbzT0JJX5ZsBh-H9Gc)","","Increase the value of your home and transform ordinary to interesting with over 100 designs, we have something to match every décor style. Custom Stucco Mailboxes Lightweight for quick and easy installation.","Increase the value of your home and transform ordinary to interesting with over 100 designs, we have something to match every décor style. Custom Stucco Mailboxes Lightweight for quick and easy installation.","","1","0","visible","none","1","10","","","","greenwall.art","","SMLPk-MOD009","","{""greenwall.art"": ""Green Wall Art""}","Green Wall Art","{""greenwall.art"": """"}","new","USD","Stucco Mailboxes and Lamp Posts kits","","","","","","","","","","","","","","","https://v5.airtableusercontent.com/v3/u/57/57/1789048800000/SRt76oXmJnvgm2Sn8xURDQ/v0EWq5bt7RsWcK4PAm7mJAKPNnqio_M_BzS-ZtlXsa4JDihPHfX0uEngX77S3EkzwFmLw8kgU8mQBNCzc5Pnt_3O8sx105dVXywyiOnCYpXGZp4MN1a2GP2ZvcY2Lb79GrLsnwyoZ6SQAix9c-Ih4-kMmHAKDwhbfgyt7GxToMY/oquOEc3Q0baJ6vXi_Wj6Ce0_KEbzT0JJX5ZsBh-H9Gc","","NEEDS_REVIEW","Images use temporary Airtable URLs | No valid linked variations"
"Custom Stucco Mailbox MOD010 — SMLPk-MOD010","Custom Stucco Mailbox MOD010","variable","SMLPk-MOD010","Stucco Mailboxes and Lamp Posts kits","SMLPk-010.png (https://v5.airtableusercontent.com/v3/u/57/57/1789048800000/wdv0MkN1B3FNWqv5l4ZfCg/9ZnEJXivI6Knp1LblBHnetskvNPpQI9vmOH8TH_4gwEdSLFWgrauHjWYXteeoZZsugnQ-CuvUp9VaEAHU5GS9s7ODeQd4cZn0bh4DaPxbnBHdbushHUq2smcVzW8l-8aDZFirYdE0W3n9Kj4xLh3ZhootWxHiRYBbYrDpKS4U4A/h_sZPohXBlvI4hop1gKJ3DU3trwC-AEJN8J5fClZuWk)","","Increase the value of your home and transform ordinary to interesting with over 100 designs, we have something to match every décor style. Custom Stucco Mailboxes Lightweight for quick and easy installation.","Increase the value of your home and transform ordinary to interesting with over 100 designs, we have something to match every décor style. Custom Stucco Mailboxes Lightweight for quick and easy installation.","","1","0","visible","none","1","10","","","","greenwall.art","","SMLPk-MOD010","","{""greenwall.art"": ""Green Wall Art""}","Green Wall Art","{""greenwall.art"": """"}","new","USD","Stucco Mailboxes and Lamp Posts kits","","","","","","","","","","","","","","","https://v5.airtableusercontent.com/v3/u/57/57/1789048800000/wdv0MkN1B3FNWqv5l4ZfCg/9ZnEJXivI6Knp1LblBHnetskvNPpQI9vmOH8TH_4gwEdSLFWgrauHjWYXteeoZZsugnQ-CuvUp9VaEAHU5GS9s7ODeQd4cZn0bh4DaPxbnBHdbushHUq2smcVzW8l-8aDZFirYdE0W3n9Kj4xLh3ZhootWxHiRYBbYrDpKS4U4A/h_sZPohXBlvI4hop1gKJ3DU3trwC-AEJN8J5fClZuWk","","NEEDS_REVIEW","Images use temporary Airtable URLs | No valid linked variations"
"Custom Stucco Mailbox MOD011 — SMLPk-MOD011","Custom Stucco Mailbox MOD011","variable","SMLPk-MOD011","Stucco Mailboxes and Lamp Posts kits","SMLPk-011.png (https://v5.airtableusercontent.com/v3/u/57/57/1789048800000/imE9X-qSwW8Hrms4rn0MqQ/964JgK5nrsUdLKiUqO8AlNPdRwRjJ-3P9va4glAIxhrZ86UhJHMVFYsYmp33pvPMxlMP74U4Eyxwg8YLMGtN4PRffDtCHIUTRYLsUOHQNThZGlk_STYvyo9B-vE-CTsnP6SEfT2mehUPK_76qfMFabLyemi9FnIYzRrm5VW5v9E/5bgnNmucfGZgF5Y2k9gpjhwMH-5y4Gdsr0kjstFcX3Q)","","Increase the value of your home and transform ordinary to interesting with over 100 designs, we have something to match every décor style. Custom Stucco Mailboxes Lightweight for quick and easy installation.","Increase the value of your home and transform ordinary to interesting with over 100 designs, we have something to match every décor style. Custom Stucco Mailboxes Lightweight for quick and easy installation.","","1","0","visible","none","1","10","","","","greenwall.art","","SMLPk-MOD011","","{""greenwall.art"": ""Green Wall Art""}","Green Wall Art","{""greenwall.art"": """"}","new","USD","Stucco Mailboxes and Lamp Posts kits","","","","","","","","","","","","","","","https://v5.airtableusercontent.com/v3/u/57/57/1789048800000/imE9X-qSwW8Hrms4rn0MqQ/964JgK5nrsUdLKiUqO8AlNPdRwRjJ-3P9va4glAIxhrZ86UhJHMVFYsYmp33pvPMxlMP74U4Eyxwg8YLMGtN4PRffDtCHIUTRYLsUOHQNThZGlk_STYvyo9B-vE-CTsnP6SEfT2mehUPK_76qfMFabLyemi9FnIYzRrm5VW5v9E/5bgnNmucfGZgF5Y2k9gpjhwMH-5y4Gdsr0kjstFcX3Q","","NEEDS_REVIEW","Images use temporary Airtable URLs | No valid linked variations"
"Custom Stucco Mailbox MOD012 — SMLPk-MOD012","Custom Stucco Mailbox MOD012","variable","SMLPk-MOD012","Stucco Mailboxes and Lamp Posts kits","SMLPk-012.png (https://v5.airtableusercontent.com/v3/u/57/57/1789048800000/898bRkK8v97m94cUtsRW9w/MYGO2rac8xgCrVo7-Oxo8NOnxB8z0-AK_3nlC53kqP-BpyAyhoFShjcK-1w6Xl1gik2ugOtbyg2SIOmVdz9FwNHHqKVjajX1M57NupJ6p69-TkQQkJJva3VkVE9XoV0IQEVmOfSw38XdewEB7L4iIaYca_r1KhKxG5X3Gc1wbe4/XdQBE2ZGZuyVWMDZq3CeY4WuRsLXd8JPYF2T0jcAkwY)","","Increase the value of your home and transform ordinary to interesting with over 100 designs, we have something to match every décor style. Custom Stucco Mailboxes Lightweight for quick and easy installation.","Increase the value of your home and transform ordinary to interesting with over 100 designs, we have something to match every décor style. Custom Stucco Mailboxes Lightweight for quick and easy installation.","","1","0","visible","none","1","10","","","","greenwall.art","","SMLPk-MOD012","","{""greenwall.art"": ""Green Wall Art""}","Green Wall Art","{""greenwall.art"": """"}","new","USD","Stucco Mailboxes and Lamp Posts kits","","","","","","","","","","","","","","","https://v5.airtableusercontent.com/v3/u/57/57/1789048800000/898bRkK8v97m94cUtsRW9w/MYGO2rac8xgCrVo7-Oxo8NOnxB8z0-AK_3nlC53kqP-BpyAyhoFShjcK-1w6Xl1gik2ugOtbyg2SIOmVdz9FwNHHqKVjajX1M57NupJ6p69-TkQQkJJva3VkVE9XoV0IQEVmOfSw38XdewEB7L4iIaYca_r1KhKxG5X3Gc1wbe4/XdQBE2ZGZuyVWMDZq3CeY4WuRsLXd8JPYF2T0jcAkwY","","NEEDS_REVIEW","Images use temporary Airtable URLs | No valid linked variations"
"Custom Stucco Mailbox MOD013 — SMLPk-MOD013","Custom Stucco Mailbox MOD013","variable","SMLPk-MOD013","Stucco Mailboxes and Lamp Posts kits","SMLPk-013.png (https://v5.airtableusercontent.com/v3/u/57/57/1789048800000/d6rQPobpyhW4khzWmPtbag/yLTmlQ9-alZ_4Brlz4BwoT8pkmnZVW6J7oTyw6VBi42qyNfY6BhyoCe5QJN93fSlQaYkSOyVR0mETZADtNkIRfwTvw3I9gRCOMUt9xTv13-yFBWzWutUC2ur8zcwR6Virrb1a1TFvbNlQ49cd83RGRgt2XwRqRWao5C904x6Fw8/Whmxk4HzKIhgPNvhh7s6L00NVT8pOoK1BQlhPn3Z4UE)","","Increase the value of your home and transform ordinary to interesting with over 100 designs, we have something to match every décor style. Custom Stucco Mailboxes Lightweight for quick and easy installation.","Increase the value of your home and transform ordinary to interesting with over 100 designs, we have something to match every décor style. Custom Stucco Mailboxes Lightweight for quick and easy installation.","","1","0","visible","none","1","10","","","","greenwall.art","","SMLPk-MOD013","","{""greenwall.art"": ""Green Wall Art""}","Green Wall Art","{""greenwall.art"": """"}","new","USD","Stucco Mailboxes and Lamp Posts kits","","","","","","","","","","","","","","","https://v5.airtableusercontent.com/v3/u/57/57/1789048800000/d6rQPobpyhW4khzWmPtbag/yLTmlQ9-alZ_4Brlz4BwoT8pkmnZVW6J7oTyw6VBi42qyNfY6BhyoCe5QJN93fSlQaYkSOyVR0mETZADtNkIRfwTvw3I9gRCOMUt9xTv13-yFBWzWutUC2ur8zcwR6Virrb1a1TFvbNlQ49cd83RGRgt2XwRqRWao5C904x6Fw8/Whmxk4HzKIhgPNvhh7s6L00NVT8pOoK1BQlhPn3Z4UE","","NEEDS_REVIEW","Images use temporary Airtable URLs | No valid linked variations"
"Custom Stucco Mailbox MOD014 — SMLPk-MOD014","Custom Stucco Mailbox MOD014","variable","SMLPk-MOD014","Stucco Mailboxes and Lamp Posts kits","SMLPk-014.png (https://v5.airtableusercontent.com/v3/u/57/57/1789048800000/3jcuxrYPNeSHUewAYmYZ4g/klPit7R1OBzmIapTnmGw_bWlRR6Bx7ogvjMc9OZOueGvC7eH5BJityb4RPMwQEQntxbEOKsVMUKTLybaHhsHPe9xoB4zZW5S6XWShH5pJIEx-pPgRwARpybeLCIK2pC2URHy4n5DJSc88Tm9kxBobdAVCgy418GYvFZfuQEuDoI/o71JGh1h_U1PtlEylrLe-WpYjFz-QFnlrgcVVqo5PoI)","","Increase the value of your home and transform ordinary to interesting with over 100 designs, we have something to match every décor style. Custom Stucco Mailboxes Lightweight for quick and easy installation.","Increase the value of your home and transform ordinary to interesting with over 100 designs, we have something to match every décor style. Custom Stucco Mailboxes Lightweight for quick and easy installation.","","1","0","visible","none","1","10","","","","greenwall.art","","SMLPk-MOD014","","{""greenwall.art"": ""Green Wall Art""}","Green Wall Art","{""greenwall.art"": """"}","new","USD","Stucco Mailboxes and Lamp Posts kits","","","","","","","","","","","","","","","https://v5.airtableusercontent.com/v3/u/57/57/1789048800000/3jcuxrYPNeSHUewAYmYZ4g/klPit7R1OBzmIapTnmGw_bWlRR6Bx7ogvjMc9OZOueGvC7eH5BJityb4RPMwQEQntxbEOKsVMUKTLybaHhsHPe9xoB4zZW5S6XWShH5pJIEx-pPgRwARpybeLCIK2pC2URHy4n5DJSc88Tm9kxBobdAVCgy418GYvFZfuQEuDoI/o71JGh1h_U1PtlEylrLe-WpYjFz-QFnlrgcVVqo5PoI","","NEEDS_REVIEW","Images use temporary Airtable URLs | No valid linked variations"
"Custom Stucco Mailbox MOD015 — SMLPk-MOD015","Custom Stucco Mailbox MOD015","variable","SMLPk-MOD015","Stucco Mailboxes and Lamp Posts kits","SMLPk-015.png (https://v5.airtableusercontent.com/v3/u/57/57/1789048800000/145lL0vne1KZnTzrQMytHg/572-h3ouqBEcftYzdtOS28mtJ9ZLB_q5YSAZzH-fQX1RMnQpcifBSotKfuuPUterha_vjxh5kDmkuk_gnxhQXJRntr4T7L2IfhC1xwplhT3auE6kC1iPB5gs0V3koycmqbE7OTyXXoPTJHZDe9bzzEMbL05My8zARUfGn63XWZw/qLs9rcXEFzClWQY1J7fezc_mkoJJqOApIWI9MraUOfs)","","Increase the value of your home and transform ordinary to interesting with over 100 designs, we have something to match every décor style. Custom Stucco Mailboxes Lightweight for quick and easy installation.","Increase the value of your home and transform ordinary to interesting with over 100 designs, we have something to match every décor style. Custom Stucco Mailboxes Lightweight for quick and easy installation.","","1","0","visible","none","1","10","","","","greenwall.art","","SMLPk-MOD015","","{""greenwall.art"": ""Green Wall Art""}","Green Wall Art","{""greenwall.art"": """"}","new","USD","Stucco Mailboxes and Lamp Posts kits","","","","","","","","","","","","","","","https://v5.airtableusercontent.com/v3/u/57/57/1789048800000/145lL0vne1KZnTzrQMytHg/572-h3ouqBEcftYzdtOS28mtJ9ZLB_q5YSAZzH-fQX1RMnQpcifBSotKfuuPUterha_vjxh5kDmkuk_gnxhQXJRntr4T7L2IfhC1xwplhT3auE6kC1iPB5gs0V3koycmqbE7OTyXXoPTJHZDe9bzzEMbL05My8zARUfGn63XWZw/qLs9rcXEFzClWQY1J7fezc_mkoJJqOApIWI9MraUOfs","","NEEDS_REVIEW","Images use temporary Airtable URLs | No valid linked variations"
"Custom Stucco Mailbox MOD016 — SMLPk-MOD016","Custom Stucco Mailbox MOD016","variable","SMLPk-MOD016","Stucco Mailboxes and Lamp Posts kits","SMLPk-016.png (https://v5.airtableusercontent.com/v3/u/57/57/1789048800000/9Oa--PemeBtlbDZOwSudWg/-qRbsjulhPnmJZlftL9UC-gPhDiCjecA01eyXZ3l1D7LT-SM3XohVDiVho1aDXDDP7dmZAKYsUmI9oN4FiCNrT4_UauOB2waVRyqtGvZXjHTwW2gvdCiTLgKaJEM2LnMG6O6ejJc3ZzpjlCHf9-tyHtSh8XNPY57r9yDFzCzlxQ/cC6gzhjdIoS0q8FPxbRCjsEchHBvdmwcwxWBvtY0Sv4)","","Increase the value of your home and transform ordinary to interesting with over 100 designs, we have something to match every décor style. Custom Stucco Mailboxes Lightweight for quick and easy installation.","Increase the value of your home and transform ordinary to interesting with over 100 designs, we have something to match every décor style. Custom Stucco Mailboxes Lightweight for quick and easy installation.","","1","0","visible","none","1","10","","","","greenwall.art","","SMLPk-MOD016","","{""greenwall.art"": ""Green Wall Art""}","Green Wall Art","{""greenwall.art"": """"}","new","USD","Stucco Mailboxes and Lamp Posts kits","","","","","","","","","","","","","","","https://v5.airtableusercontent.com/v3/u/57/57/1789048800000/9Oa--PemeBtlbDZOwSudWg/-qRbsjulhPnmJZlftL9UC-gPhDiCjecA01eyXZ3l1D7LT-SM3XohVDiVho1aDXDDP7dmZAKYsUmI9oN4FiCNrT4_UauOB2waVRyqtGvZXjHTwW2gvdCiTLgKaJEM2LnMG6O6ejJc3ZzpjlCHf9-tyHtSh8XNPY57r9yDFzCzlxQ/cC6gzhjdIoS0q8FPxbRCjsEchHBvdmwcwxWBvtY0Sv4","","NEEDS_REVIEW","Images use temporary Airtable URLs | No valid linked variations"
"Custom Stucco Mailbox MOD017 — SMLPk-MOD017","Custom Stucco Mailbox MOD017","variable","SMLPk-MOD017","Stucco Mailboxes and Lamp Posts kits","SMLPk-017.png (https://v5.airtableusercontent.com/v3/u/57/57/1789048800000/nvxnfvj7o9T5LPXdOeU9XQ/xdkr_4H6nkxW1vaPmBJLugSf7nn92ez8QmoYfvGoIXbPVqKc3pvA5azNBt7mnOx5omFy09UXLmXpbTmBZhNy0DP7-2LQkmw4bJL74Lv9pmJVznTqDzqLXgdGDFk0dVru1R358F9zgH6sPlCNajGFpJm16lskaPkMMi00ti5YNB0/XsEGyWrR5PdiDB5G1xMlCDySsFgfvMx_WZKu6yFtejA)","","Increase the value of your home and transform ordinary to interesting with over 100 designs, we have something to match every décor style. Custom Stucco Mailboxes Lightweight for quick and easy installation.","Increase the value of your home and transform ordinary to interesting with over 100 designs, we have something to match every décor style. Custom Stucco Mailboxes Lightweight for quick and easy installation.","","1","0","visible","none","1","10","","","","greenwall.art","","SMLPk-MOD017","","{""greenwall.art"": ""Green Wall Art""}","Green Wall Art","{""greenwall.art"": """"}","new","USD","Stucco Mailboxes and Lamp Posts kits","","","","","","","","","","","","","","","https://v5.airtableusercontent.com/v3/u/57/57/1789048800000/nvxnfvj7o9T5LPXdOeU9XQ/xdkr_4H6nkxW1vaPmBJLugSf7nn92ez8QmoYfvGoIXbPVqKc3pvA5azNBt7mnOx5omFy09UXLmXpbTmBZhNy0DP7-2LQkmw4bJL74Lv9pmJVznTqDzqLXgdGDFk0dVru1R358F9zgH6sPlCNajGFpJm16lskaPkMMi00ti5YNB0/XsEGyWrR5PdiDB5G1xMlCDySsFgfvMx_WZKu6yFtejA","","NEEDS_REVIEW","Images use temporary Airtable URLs | No valid linked variations"
"Custom Stucco Mailbox MOD018 — SMLPk-MOD018","Custom Stucco Mailbox MOD018","variable","SMLPk-MOD018","Stucco Mailboxes and Lamp Posts kits","SMLPk-018.png (https://v5.airtableusercontent.com/v3/u/57/57/1789048800000/9EsZ8JogHD7N8eoWC5qOKw/HvtH0wxKhcJPMrWTod0bnjRugYWlxEtIoWgPTEBVXkupG1h_7rx_tAngBpx8daqKAz08tn6xkOjkJa2BGC25qd-mcoTRyyAcUa6UftJ5O4QNBQ4QOMAfdf7ZEB0io7Zcxd-wkE-qnrjmJbSG2UfGCMimvaaoLph3sTXgzCKUJPM/XFxl0LxAqEsiqAyPHt7pa3VgJ1OOjjtl7fc-3vFtWuA)","","Increase the value of your home and transform ordinary to interesting with over 100 designs, we have something to match every décor style. Custom Stucco Mailboxes Lightweight for quick and easy installation.","Increase the value of your home and transform ordinary to interesting with over 100 designs, we have something to match every décor style. Custom Stucco Mailboxes Lightweight for quick and easy installation.","","1","0","visible","none","1","10","","","","greenwall.art","","SMLPk-MOD018","","{""greenwall.art"": ""Green Wall Art""}","Green Wall Art","{""greenwall.art"": """"}","new","USD","Stucco Mailboxes and Lamp Posts kits","","","","","","","","","","","","","","","https://v5.airtableusercontent.com/v3/u/57/57/1789048800000/9EsZ8JogHD7N8eoWC5qOKw/HvtH0wxKhcJPMrWTod0bnjRugYWlxEtIoWgPTEBVXkupG1h_7rx_tAngBpx8daqKAz08tn6xkOjkJa2BGC25qd-mcoTRyyAcUa6UftJ5O4QNBQ4QOMAfdf7ZEB0io7Zcxd-wkE-qnrjmJbSG2UfGCMimvaaoLph3sTXgzCKUJPM/XFxl0LxAqEsiqAyPHt7pa3VgJ1OOjjtl7fc-3vFtWuA","","NEEDS_REVIEW","Images use temporary Airtable URLs | No valid linked variations"
"Custom Stucco Mailbox MOD019 — SMLPk-MOD019","Custom Stucco Mailbox MOD019","variable","SMLPk-MOD019","Stucco Mailboxes and Lamp Posts kits","SMLPk-019.png (https://v5.airtableusercontent.com/v3/u/57/57/1789048800000/2gsc8guFHAKvfrdjKdlM1w/-UokPGCyn_FX2NGok2pUiBZJuk72FPSARXrvZ8Cudto6HtOk6mll4YHPm46uRWtyZ0SCLl89iQlqVWbYFqBzRdf9p3au0iYdjowNZwzoQOeC7nK1_yanjaGZ9i25QaJPmAGXsWeJk20v1oDy7O8h-13iVV1MtEPATHd1yRC_UlI/sZqot7aWhyUe9TSmC6WxEbD7r92OculaGD5m6mpr2bo)","","Increase the value of your home and transform ordinary to interesting with over 100 designs, we have something to match every décor style. Custom Stucco Mailboxes Lightweight for quick and easy installation.","Increase the value of your home and transform ordinary to interesting with over 100 designs, we have something to match every décor style. Custom Stucco Mailboxes Lightweight for quick and easy installation.","","1","0","visible","none","1","10","","","","greenwall.art","","SMLPk-MOD019","","{""greenwall.art"": ""Green Wall Art""}","Green Wall Art","{""greenwall.art"": """"}","new","USD","Stucco Mailboxes and Lamp Posts kits","","","","","","","","","","","","","","","https://v5.airtableusercontent.com/v3/u/57/57/1789048800000/2gsc8guFHAKvfrdjKdlM1w/-UokPGCyn_FX2NGok2pUiBZJuk72FPSARXrvZ8Cudto6HtOk6mll4YHPm46uRWtyZ0SCLl89iQlqVWbYFqBzRdf9p3au0iYdjowNZwzoQOeC7nK1_yanjaGZ9i25QaJPmAGXsWeJk20v1oDy7O8h-13iVV1MtEPATHd1yRC_UlI/sZqot7aWhyUe9TSmC6WxEbD7r92OculaGD5m6mpr2bo","","NEEDS_REVIEW","Images use temporary Airtable URLs | No valid linked variations"
"Custom Stucco Mailbox MOD020 — SMLPk-MOD020","Custom Stucco Mailbox MOD020","variable","SMLPk-MOD020","Stucco Mailboxes and Lamp Posts kits","SMLPk-020.png (https://v5.airtableusercontent.com/v3/u/57/57/1789048800000/jNJ_kjox9sul83Ks5CdkVw/VM1hVulKVF7tL1A4wRMIOF_xYHJToCzW_sA1JW8V_pAAR9-_sM2W4PY1PKnQqyoKUoOBldtmRgADfFWlmQJ2batkegSDDapokV9hdwX0BZUmCTeyvKGE_aYEJhoTKOWtQaPEjRXOfUXKU2MY45Rvl-O1Xih-HfakkPjZHCgrdiQ/9cYdEsPIhhsx8XGbz6OihzP9KpIjSocvmJmWPoErq7U)","","Increase the value of your home and transform ordinary to interesting with over 100 designs, we have something to match every décor style. Custom Stucco Mailboxes Lightweight for quick and easy installation.","Increase the value of your home and transform ordinary to interesting with over 100 designs, we have something to match every décor style. Custom Stucco Mailboxes Lightweight for quick and easy installation.","","1","0","visible","none","1","10","","","","greenwall.art","","SMLPk-MOD020","","{""greenwall.art"": ""Green Wall Art""}","Green Wall Art","{""greenwall.art"": """"}","new","USD","Stucco Mailboxes and Lamp Posts kits","","","","","","","","","","","","","","","https://v5.airtableusercontent.com/v3/u/57/57/1789048800000/jNJ_kjox9sul83Ks5CdkVw/VM1hVulKVF7tL1A4wRMIOF_xYHJToCzW_sA1JW8V_pAAR9-_sM2W4PY1PKnQqyoKUoOBldtmRgADfFWlmQJ2batkegSDDapokV9hdwX0BZUmCTeyvKGE_aYEJhoTKOWtQaPEjRXOfUXKU2MY45Rvl-O1Xih-HfakkPjZHCgrdiQ/9cYdEsPIhhsx8XGbz6OihzP9KpIjSocvmJmWPoErq7U","","NEEDS_REVIEW","Images use temporary Airtable URLs | No valid linked variations"
"Custom Stucco Mailbox MOD021 — SMLPk-MOD021","Custom Stucco Mailbox MOD021","variable","SMLPk-MOD021","Stucco Mailboxes and Lamp Posts kits","SMLPk-021.png (https://v5.airtableusercontent.com/v3/u/57/57/1789048800000/M1QabKZKlpT_NKS1sp7agg/wxgWuFMEdFen823Pa7u2RQZh2qlZGegmY8-DDXeryWz6uKOFSV8WCkbAuBLUR5c6ACNqL_DineCMxH_9llYpU7fQOKFLBLvU-Iwco3arNo3oxzRc7peNt46fmK809CHTM-fhV8VW2UHyXcMwaNsjQ5TEQaPvMNRqlRwgtd27Iw8/JDscd091CqNx4dVxb4ketHIB_UJklgQJd75Rpaw8P0E)","","Increase the value of your home and transform ordinary to interesting with over 100 designs, we have something to match every décor style. Custom Stucco Mailboxes Lightweight for quick and easy installation.","Increase the value of your home and transform ordinary to interesting with over 100 designs, we have something to match every décor style. Custom Stucco Mailboxes Lightweight for quick and easy installation.","","1","0","visible","none","1","10","","","","greenwall.art","","SMLPk-MOD021","","{""greenwall.art"": ""Green Wall Art""}","Green Wall Art","{""greenwall.art"": """"}","new","USD","Stucco Mailboxes and Lamp Posts kits","","","","","","","","","","","","","","","https://v5.airtableusercontent.com/v3/u/57/57/1789048800000/M1QabKZKlpT_NKS1sp7agg/wxgWuFMEdFen823Pa7u2RQZh2qlZGegmY8-DDXeryWz6uKOFSV8WCkbAuBLUR5c6ACNqL_DineCMxH_9llYpU7fQOKFLBLvU-Iwco3arNo3oxzRc7peNt46fmK809CHTM-fhV8VW2UHyXcMwaNsjQ5TEQaPvMNRqlRwgtd27Iw8/JDscd091CqNx4dVxb4ketHIB_UJklgQJd75Rpaw8P0E","","NEEDS_REVIEW","Images use temporary Airtable URLs | No valid linked variations"
"Custom Stucco Mailbox MOD022 — SMLPk-MOD022","Custom Stucco Mailbox MOD022","variable","SMLPk-MOD022","Stucco Mailboxes and Lamp Posts kits","SMLPk-022.png (https://v5.airtableusercontent.com/v3/u/57/57/1789048800000/db0SdiTgcVW1lLZCBvdlxQ/m98fmo5N2HQ2ctNtenL_LBEGdYOZHGMzho8Avo8nK1o0Q6ZnfXp1bUanKUOqRh7pVFRwNymsTgJgHaInc3f33qjEwq2dCkqRXGWwvdXzTJzeKYg372nPDYzr3HJwfpNne7inb2IuLqQCqF1-9zM5EQl5PRAVD15Uqe8VcqfoNs4/WtNn0Ub2ZA7XtsaUAjekeBpjS_zVcBFu-EDcBIeQhjQ)","","Increase the value of your home and transform ordinary to interesting with over 100 designs, we have something to match every décor style. Custom Stucco Mailboxes Lightweight for quick and easy installation.","Increase the value of your home and transform ordinary to interesting with over 100 designs, we have something to match every décor style. Custom Stucco Mailboxes Lightweight for quick and easy installation.","","1","0","visible","none","1","10","","","","greenwall.art","","SMLPk-MOD022","","{""greenwall.art"": ""Green Wall Art""}","Green Wall Art","{""greenwall.art"": """"}","new","USD","Stucco Mailboxes and Lamp Posts kits","","","","","","","","","","","","","","","https://v5.airtableusercontent.com/v3/u/57/57/1789048800000/db0SdiTgcVW1lLZCBvdlxQ/m98fmo5N2HQ2ctNtenL_LBEGdYOZHGMzho8Avo8nK1o0Q6ZnfXp1bUanKUOqRh7pVFRwNymsTgJgHaInc3f33qjEwq2dCkqRXGWwvdXzTJzeKYg372nPDYzr3HJwfpNne7inb2IuLqQCqF1-9zM5EQl5PRAVD15Uqe8VcqfoNs4/WtNn0Ub2ZA7XtsaUAjekeBpjS_zVcBFu-EDcBIeQhjQ","","NEEDS_REVIEW","Images use temporary Airtable URLs | No valid linked variations"
"Custom Stucco Mailbox MOD023 — SMLPk-MOD023","Custom Stucco Mailbox MOD023","variable","SMLPk-MOD023","Stucco Mailboxes and Lamp Posts kits","SMLPk-023.png (https://v5.airtableusercontent.com/v3/u/57/57/1789048800000/xq6JGlv5PLyaK1jIPgB0mQ/UlDIiTkAKxjhMGQXt-tKwAQi3XAbZWao9q5PyQx3HRUoKoX__y8cPcAja81r9AzsFMVNPwad9MzEuBbUYMy7h8hDz7xwowpuBSuCrLRaGIrlbYpHH219d1yprX_kuuMlQtoDWRo4uUEOUc0mv_2c8zmiaWWPm2AJBPBveBLhzGM/Kwbf7XWUGCcLu-l57N2jvjDDpjEHHCJpcoD1IHgwciA)","","Increase the value of your home and transform ordinary to interesting with over 100 designs, we have something to match every décor style. Custom Stucco Mailboxes Lightweight for quick and easy installation.","Increase the value of your home and transform ordinary to interesting with over 100 designs, we have something to match every décor style. Custom Stucco Mailboxes Lightweight for quick and easy installation.","","1","0","visible","none","1","10","","","","greenwall.art","","SMLPk-MOD023","","{""greenwall.art"": ""Green Wall Art""}","Green Wall Art","{""greenwall.art"": """"}","new","USD","Stucco Mailboxes and Lamp Posts kits","","","","","","","","","","","","","","","https://v5.airtableusercontent.com/v3/u/57/57/1789048800000/xq6JGlv5PLyaK1jIPgB0mQ/UlDIiTkAKxjhMGQXt-tKwAQi3XAbZWao9q5PyQx3HRUoKoX__y8cPcAja81r9AzsFMVNPwad9MzEuBbUYMy7h8hDz7xwowpuBSuCrLRaGIrlbYpHH219d1yprX_kuuMlQtoDWRo4uUEOUc0mv_2c8zmiaWWPm2AJBPBveBLhzGM/Kwbf7XWUGCcLu-l57N2jvjDDpjEHHCJpcoD1IHgwciA","","NEEDS_REVIEW","Images use temporary Airtable URLs | No valid linked variations"
"Custom Stucco Mailbox MOD024 — SMLPk-MOD024","Custom Stucco Mailbox MOD024","variable","SMLPk-MOD024","Stucco Mailboxes and Lamp Posts kits","SMLPk-024.png (https://v5.airtableusercontent.com/v3/u/57/57/1789048800000/9ixvbjz2qh0cI9m5QUPshA/4lkpTNYDMosZmCizTWBgXrNI4TsPD2aPozpl8xK0AMf9Qz7Dj3qBDZOVLF_FXl6pxtraxsf5xNXNOgl1vbleq4T-LLKr86awodhICvPCw1Fvzs-_n2KslYSR0xZeEq0XxEvR0JEhijg138ckmkjMEEO-QoAw01IFiEVKj4wfApw/2AVJ7wllIZxYSDT7JZ3kGeeFqmYCYU4w5Zy7e2TeGy4)","","Increase the value of your home and transform ordinary to interesting with over 100 designs, we have something to match every décor style. Custom Stucco Mailboxes Lightweight for quick and easy installation.","Increase the value of your home and transform ordinary to interesting with over 100 designs, we have something to match every décor style. Custom Stucco Mailboxes Lightweight for quick and easy installation.","","1","0","visible","none","1","10","","","","greenwall.art","","SMLPk-MOD024","","{""greenwall.art"": ""Green Wall Art""}","Green Wall Art","{""greenwall.art"": """"}","new","USD","Stucco Mailboxes and Lamp Posts kits","","","","","","","","","","","","","","","https://v5.airtableusercontent.com/v3/u/57/57/1789048800000/9ixvbjz2qh0cI9m5QUPshA/4lkpTNYDMosZmCizTWBgXrNI4TsPD2aPozpl8xK0AMf9Qz7Dj3qBDZOVLF_FXl6pxtraxsf5xNXNOgl1vbleq4T-LLKr86awodhICvPCw1Fvzs-_n2KslYSR0xZeEq0XxEvR0JEhijg138ckmkjMEEO-QoAw01IFiEVKj4wfApw/2AVJ7wllIZxYSDT7JZ3kGeeFqmYCYU4w5Zy7e2TeGy4","","NEEDS_REVIEW","Images use temporary Airtable URLs | No valid linked variations"
"Custom Stucco Mailbox MOD025 — SMLPk-MOD025","Custom Stucco Mailbox MOD025","variable","SMLPk-MOD025","Stucco Mailboxes and Lamp Posts kits","SMLPk-025.png (https://v5.airtableusercontent.com/v3/u/57/57/1789048800000/DQvssG8TWQVXdUctfGgJ5g/u_Hq09klAd2mO_XioWrgXNIM2Bus6fH0lCQeNlJ8w7uRlzbPzXUP1STBZwguC69Zt-s6JOtQjxh4kku54qug8W_cegh9Vn_ryA2Fih_N97lBQiiSbrv9TNTyWDJQlYsL5CFha2OIjydkK-wo0HMAe7jav7rVFT6cmKiYP-UezfI/lY8Y_DG-WtrX2XOKZxqFCd9ok9Wxj_PLVboONxl58QU)","","Increase the value of your home and transform ordinary to interesting with over 100 designs, we have something to match every décor style. Custom Stucco Mailboxes Lightweight for quick and easy installation.","Increase the value of your home and transform ordinary to interesting with over 100 designs, we have something to match every décor style. Custom Stucco Mailboxes Lightweight for quick and easy installation.","","1","0","visible","none","1","10","","","","greenwall.art","","SMLPk-MOD025","","{""greenwall.art"": ""Green Wall Art""}","Green Wall Art","{""greenwall.art"": """"}","new","USD","Stucco Mailboxes and Lamp Posts kits","","","","","","","","","","","","","","","https://v5.airtableusercontent.com/v3/u/57/57/1789048800000/DQvssG8TWQVXdUctfGgJ5g/u_Hq09klAd2mO_XioWrgXNIM2Bus6fH0lCQeNlJ8w7uRlzbPzXUP1STBZwguC69Zt-s6JOtQjxh4kku54qug8W_cegh9Vn_ryA2Fih_N97lBQiiSbrv9TNTyWDJQlYsL5CFha2OIjydkK-wo0HMAe7jav7rVFT6cmKiYP-UezfI/lY8Y_DG-WtrX2XOKZxqFCd9ok9Wxj_PLVboONxl58QU","","NEEDS_REVIEW","Images use temporary Airtable URLs | No valid linked variations"
"Full Dormer Window Suround MOD001 — FDWSr-MOD001","Full Dormer Window Suround MOD001","variable","FDWSr-MOD001","Full Dormer Windows Surround kits","FDWSK 001.png (https://v5.airtableusercontent.com/v3/u/57/57/1789048800000/IzrP1cXEhQ29F3JLmvbnrg/nUQdqIzyHz4WCpJeMh0sAjMInigIo5LPyj1iCax7OZGpmlTPtXCsk9tTaOT9fXphldL2Aa3GsbrFRPA3L1zGTqF10DJvGVKwoQ9bjK5GJHCHN-79AFfWW1Wmp4vE5CL3IX-tnNII9_avdqeHVK5r1xlXWzNW9-y5ayEpaQbyKX4/S-vIWS6IE9JQlmffVj00Vdue66AhMl7MlPIlsrU4zPs)","","","","","1","0","visible","none","1","10","","","","","","FDWSr-MOD001","","{}","","{}","new","USD","Full Dormer Windows Surround kits","","","","","","","","","","","","","","","https://v5.airtableusercontent.com/v3/u/57/57/1789048800000/IzrP1cXEhQ29F3JLmvbnrg/nUQdqIzyHz4WCpJeMh0sAjMInigIo5LPyj1iCax7OZGpmlTPtXCsk9tTaOT9fXphldL2Aa3GsbrFRPA3L1zGTqF10DJvGVKwoQ9bjK5GJHCHN-79AFfWW1Wmp4vE5CL3IX-tnNII9_avdqeHVK5r1xlXWzNW9-y5ayEpaQbyKX4/S-vIWS6IE9JQlmffVj00Vdue66AhMl7MlPIlsrU4zPs","","NEEDS_REVIEW","Linked Sites is empty | Description is empty | Images use temporary Airtable URLs | No valid linked variations"
"Full Dormer Window Suround MOD002 — FDWSr-MOD002","Full Dormer Window Suround MOD002","variable","FDWSr-MOD002","Full Dormer Windows Surround kits","FDWSK 002.png (https://v5.airtableusercontent.com/v3/u/57/57/1789048800000/aztZqF-HEbtACge8cGQv6w/A2iMZxyglZ0yTMtBa4ilHG8rn5Bh4SlyLmBD4MLBUWfDeqVq-5F8aVMuur5Mqrv77a_IWoxqeZYNXjEHM2nFRDw-nksxdY8DQCK-rbvGd8faWF2dYDLeQu2WqpK3DPn3_Bfe7o8f6TJgaQuNl6x_krQEzw-UZpn3AMKeTKRGta8/eUpdQ87R0EJiWP4grDikR4owZJhpccTF4pBRPOthKiI)","","","","","1","0","visible","none","1","10","","","","","","FDWSr-MOD002","","{}","","{}","new","USD","Full Dormer Windows Surround kits","","","","","","","","","","","","","","","https://v5.airtableusercontent.com/v3/u/57/57/1789048800000/aztZqF-HEbtACge8cGQv6w/A2iMZxyglZ0yTMtBa4ilHG8rn5Bh4SlyLmBD4MLBUWfDeqVq-5F8aVMuur5Mqrv77a_IWoxqeZYNXjEHM2nFRDw-nksxdY8DQCK-rbvGd8faWF2dYDLeQu2WqpK3DPn3_Bfe7o8f6TJgaQuNl6x_krQEzw-UZpn3AMKeTKRGta8/eUpdQ87R0EJiWP4grDikR4owZJhpccTF4pBRPOthKiI","","NEEDS_REVIEW","Linked Sites is empty | Description is empty | Images use temporary Airtable URLs | No valid linked variations"
"Full Dormer Window Suround MOD003 — FDWSr-MOD003","Full Dormer Window Suround MOD003","variable","FDWSr-MOD003","Full Dormer Windows Surround kits","FDWSK 003.png (https://v5.airtableusercontent.com/v3/u/57/57/1789048800000/EnP7BrlxpgUbno06mwTF7w/7aaoYNp2piV2eIJPzCWVDAkKVDajzRxN1D_1E1jt835WpRf1byHn1yyxbMsql82jgqazd5FRPU4Kepo2atNjf7dwvw_Wo5Rtb3kopzAh9ruAWcPabuH_4bYnkpf1URUdTvZmYvhw4pz7W5cwFZx-dQpGMm71pod7815dWEzFubg/KEXrenEJSxwemFS_KrksTDpHr5fAcBwl2W7QHXk4ILo)","","","","","1","0","visible","none","1","10","","","","","","FDWSr-MOD003","","{}","","{}","new","USD","Full Dormer Windows Surround kits","","","","","","","","","","","","","","","https://v5.airtableusercontent.com/v3/u/57/57/1789048800000/EnP7BrlxpgUbno06mwTF7w/7aaoYNp2piV2eIJPzCWVDAkKVDajzRxN1D_1E1jt835WpRf1byHn1yyxbMsql82jgqazd5FRPU4Kepo2atNjf7dwvw_Wo5Rtb3kopzAh9ruAWcPabuH_4bYnkpf1URUdTvZmYvhw4pz7W5cwFZx-dQpGMm71pod7815dWEzFubg/KEXrenEJSxwemFS_KrksTDpHr5fAcBwl2W7QHXk4ILo","","NEEDS_REVIEW","Linked Sites is empty | Description is empty | Images use temporary Airtable URLs | No valid linked variations"
"Full Dormer Window Suround MOD004 — FDWSr-MOD004","Full Dormer Window Suround MOD004","variable","FDWSr-MOD004","Full Dormer Windows Surround kits","FDWSK 004.png (https://v5.airtableusercontent.com/v3/u/57/57/1789048800000/mEHkODv-X0zPT1R0FH3beg/-lnsayffcTVIE9HWmKB7Rwt6eZ4k2c8p-f92Jdtyum9CmHFjvhSkaPuGgP1AIm1DgVpH7ze_UFFiN0MqGv6185L5Md10JrbO3pS6H4-RdU5OyyaHeakDJ_33Cs0TootRpRS3E2rdpe_RzS1bsqfMoKZRJg1gdZ7oaVjA336kes8/fPTvJocc3nMohJCgvRJsCB92KDdTPD6W6g2FUFO50yk)","","","","","1","0","visible","none","1","10","","","","","","FDWSr-MOD004","","{}","","{}","new","USD","Full Dormer Windows Surround kits","","","","","","","","","","","","","","","https://v5.airtableusercontent.com/v3/u/57/57/1789048800000/mEHkODv-X0zPT1R0FH3beg/-lnsayffcTVIE9HWmKB7Rwt6eZ4k2c8p-f92Jdtyum9CmHFjvhSkaPuGgP1AIm1DgVpH7ze_UFFiN0MqGv6185L5Md10JrbO3pS6H4-RdU5OyyaHeakDJ_33Cs0TootRpRS3E2rdpe_RzS1bsqfMoKZRJg1gdZ7oaVjA336kes8/fPTvJocc3nMohJCgvRJsCB92KDdTPD6W6g2FUFO50yk","","NEEDS_REVIEW","Linked Sites is empty | Description is empty | Images use temporary Airtable URLs | No valid linked variations"
"Full Dormer Window Suround MOD005 — FDWSr-MOD005","Full Dormer Window Suround MOD005","variable","FDWSr-MOD005","Full Dormer Windows Surround kits","FDWSK 005.png (https://v5.airtableusercontent.com/v3/u/57/57/1789048800000/FMLJcm05iIQSqpqO3J9QaA/nBQuWUv2Ka0ARoFl0eam5UBQEKq-sReMf_ZdcKOcOcqaRRCI-dqtvyYv1_UOGuRSdmRV5WzQgEmup3g_OHA4lbPxku1AcHBQdXv591P8KqlyJTWOxoHH-jEuQGR4hByqUieEaCtQZ8gYOcFGG_FQszCP-4CvzWr1MASFVW2j5JI/qnwOYfVvlKGxT3OSLHZR5v2rXDm2_2P-HBbVaW1giJs)","","","","","1","0","visible","none","1","10","","","","","","FDWSr-MOD005","","{}","","{}","new","USD","Full Dormer Windows Surround kits","","","","","","","","","","","","","","","https://v5.airtableusercontent.com/v3/u/57/57/1789048800000/FMLJcm05iIQSqpqO3J9QaA/nBQuWUv2Ka0ARoFl0eam5UBQEKq-sReMf_ZdcKOcOcqaRRCI-dqtvyYv1_UOGuRSdmRV5WzQgEmup3g_OHA4lbPxku1AcHBQdXv591P8KqlyJTWOxoHH-jEuQGR4hByqUieEaCtQZ8gYOcFGG_FQszCP-4CvzWr1MASFVW2j5JI/qnwOYfVvlKGxT3OSLHZR5v2rXDm2_2P-HBbVaW1giJs","","NEEDS_REVIEW","Linked Sites is empty | Description is empty | Images use temporary Airtable URLs | No valid linked variations"
"Full Dormer Window Suround MOD006 — FDWSr-MOD006","Full Dormer Window Suround MOD006","variable","FDWSr-MOD006","Full Dormer Windows Surround kits","FDWSK 006.png (https://v5.airtableusercontent.com/v3/u/57/57/1789048800000/VM142IXp9eU6r_wKzS7TVw/ipHojQKk3zJVip58M3YldL64nz31cdJuQfXlcHHKHMY_S_5kwmXYXxc-S9EZ5EqBayGvD5WnaAg_B1Ny4V9RCqz_JFnHXZfmGsFiqe4EOVClHft9zmn7eR5PPDtia9SM1xY0egmuwIqcrxZ43wHGV1bIQeCpBjjLTZh-IH6Nd0Q/vsKXvlKr7y3hqtfQ5H2zikJgLdYbq65VTxDw8PAuIe4)","","","","","1","0","visible","none","1","10","","","","","","FDWSr-MOD006","","{}","","{}","new","USD","Full Dormer Windows Surround kits","","","","","","","","","","","","","","","https://v5.airtableusercontent.com/v3/u/57/57/1789048800000/VM142IXp9eU6r_wKzS7TVw/ipHojQKk3zJVip58M3YldL64nz31cdJuQfXlcHHKHMY_S_5kwmXYXxc-S9EZ5EqBayGvD5WnaAg_B1Ny4V9RCqz_JFnHXZfmGsFiqe4EOVClHft9zmn7eR5PPDtia9SM1xY0egmuwIqcrxZ43wHGV1bIQeCpBjjLTZh-IH6Nd0Q/vsKXvlKr7y3hqtfQ5H2zikJgLdYbq65VTxDw8PAuIe4","","NEEDS_REVIEW","Linked Sites is empty | Description is empty | Images use temporary Airtable URLs | No valid linked variations"
"Full Dormer Window Suround MOD007 — FDWSr-MOD007","Full Dormer Window Suround MOD007","variable","FDWSr-MOD007","Full Dormer Windows Surround kits","FDWSK 007.png (https://v5.airtableusercontent.com/v3/u/57/57/1789048800000/d7-MgP92KTsU4IzoOFnEtg/87QFWoIcaWdbhs9lRI-BT9ainzHD92HFHUV90dWH85bxHSZc6_ufzgMLz2vznCMwSkEVYz28NQpHLc0KSmItomXMy9Cwf5CVtUUlKZqn3NPIA73enmVBV_E93C3JGNqtjFgX8CRqJZ3WgSTSiagmzDJ7AVXHoNc0-I6taZUqwL0/tlImvfzV3NZs0u-la-i9iXDEGn-Hd2_6w77PMNHPc9c)","","","","","1","0","visible","none","1","10","","","","","","FDWSr-MOD007","","{}","","{}","new","USD","Full Dormer Windows Surround kits","","","","","","","","","","","","","","","https://v5.airtableusercontent.com/v3/u/57/57/1789048800000/d7-MgP92KTsU4IzoOFnEtg/87QFWoIcaWdbhs9lRI-BT9ainzHD92HFHUV90dWH85bxHSZc6_ufzgMLz2vznCMwSkEVYz28NQpHLc0KSmItomXMy9Cwf5CVtUUlKZqn3NPIA73enmVBV_E93C3JGNqtjFgX8CRqJZ3WgSTSiagmzDJ7AVXHoNc0-I6taZUqwL0/tlImvfzV3NZs0u-la-i9iXDEGn-Hd2_6w77PMNHPc9c","","NEEDS_REVIEW","Linked Sites is empty | Description is empty | Images use temporary Airtable URLs | No valid linked variations"
"Full Dormer Window Suround MOD008 — FDWSr-MOD008","Full Dormer Window Suround MOD008","variable","FDWSr-MOD008","Full Dormer Windows Surround kits","FDWSK 008.png (https://v5.airtableusercontent.com/v3/u/57/57/1789048800000/DebgKJ6ruhhba5NdyAocKw/Y6N4X6apcco-Xg8P9e9F7XSIK8FqWPJT4H9P3z2DaTLemhtOMTUSeTpqyUooCG5G75AB8AZs0on3C1M0_1HKVOGti0X9NYhA5wKIt8Lpy_agPIO2b1qizWH8bGUMQ5-6m_ceiUvHpe7aLnxdeheca-URDfwGGAthEwd_5uLhMBY/1iSFDPaIqPVdmeHcCqsn8odxnBcYBb8RC6mJTFo50DY)","","","","","1","0","visible","none","1","10","","","","","","FDWSr-MOD008","","{}","","{}","new","USD","Full Dormer Windows Surround kits","","","","","","","","","","","","","","","https://v5.airtableusercontent.com/v3/u/57/57/1789048800000/DebgKJ6ruhhba5NdyAocKw/Y6N4X6apcco-Xg8P9e9F7XSIK8FqWPJT4H9P3z2DaTLemhtOMTUSeTpqyUooCG5G75AB8AZs0on3C1M0_1HKVOGti0X9NYhA5wKIt8Lpy_agPIO2b1qizWH8bGUMQ5-6m_ceiUvHpe7aLnxdeheca-URDfwGGAthEwd_5uLhMBY/1iSFDPaIqPVdmeHcCqsn8odxnBcYBb8RC6mJTFo50DY","","NEEDS_REVIEW","Linked Sites is empty | Description is empty | Images use temporary Airtable URLs | No valid linked variations"
"Full Dormer Window Suround MOD009 — FDWSr-MOD009","Full Dormer Window Suround MOD009","variable","FDWSr-MOD009","Full Dormer Windows Surround kits","FDWSK 009.png (https://v5.airtableusercontent.com/v3/u/57/57/1789048800000/5sh5h48OgZ3ELhkXLCjcjA/4KqPEaIiFYBtNyk3lxC_KKNW9l3h_ocwRuftqBWpNlNJ9Uh501ib_M9-JddrfVuDaQbdYGH78LJP8Y-UdixFjzgofKRfPFA5lIemYqwuQN9kE8m2TgwXwQ40u5VHNHpkBdD-EtsmIm8oDxjPkjdxZk_nosBlnYd9blBYwWxgvhw/eHXHTDMspBg8QXsqLcpVu2Iwz-15GZ6QsAJiuGYUmjo)","","","","","1","0","visible","none","1","10","","","","","","FDWSr-MOD009","","{}","","{}","new","USD","Full Dormer Windows Surround kits","","","","","","","","","","","","","","","https://v5.airtableusercontent.com/v3/u/57/57/1789048800000/5sh5h48OgZ3ELhkXLCjcjA/4KqPEaIiFYBtNyk3lxC_KKNW9l3h_ocwRuftqBWpNlNJ9Uh501ib_M9-JddrfVuDaQbdYGH78LJP8Y-UdixFjzgofKRfPFA5lIemYqwuQN9kE8m2TgwXwQ40u5VHNHpkBdD-EtsmIm8oDxjPkjdxZk_nosBlnYd9blBYwWxgvhw/eHXHTDMspBg8QXsqLcpVu2Iwz-15GZ6QsAJiuGYUmjo","","NEEDS_REVIEW","Linked Sites is empty | Description is empty | Images use temporary Airtable URLs | No valid linked variations"
"Full Dormer Window Suround MOD010 — FDWSr-MOD010","Full Dormer Window Suround MOD010","variable","FDWSr-MOD010","Full Dormer Windows Surround kits","FDWSK 010.png (https://v5.airtableusercontent.com/v3/u/57/57/1789048800000/Bv5-FCbXGDyo_oBgpxPi9A/1QQEToW5ck0t5CsY336TrQCXO0xmnr6CsHb3xZrGgEcmEa4izKc4GPQsQX0O-bIiQba1hqya0TfCkhQkRtzhDO2iwRNh29-VoMW2PBlsDEtO0vwJEFj_SGsYHbX953JswfPyAnHW0TPiDkNe2jcwY6X06FWsnXCASxlUW9wwIDw/egB5AOhjbCwDe7Z6P3C2owwedSHwQkUh9zhJNmm6vBo)","","","","","1","0","visible","none","1","10","","","","","","FDWSr-MOD010","","{}","","{}","new","USD","Full Dormer Windows Surround kits","","","","","","","","","","","","","","","https://v5.airtableusercontent.com/v3/u/57/57/1789048800000/Bv5-FCbXGDyo_oBgpxPi9A/1QQEToW5ck0t5CsY336TrQCXO0xmnr6CsHb3xZrGgEcmEa4izKc4GPQsQX0O-bIiQba1hqya0TfCkhQkRtzhDO2iwRNh29-VoMW2PBlsDEtO0vwJEFj_SGsYHbX953JswfPyAnHW0TPiDkNe2jcwY6X06FWsnXCASxlUW9wwIDw/egB5AOhjbCwDe7Z6P3C2owwedSHwQkUh9zhJNmm6vBo","","NEEDS_REVIEW","Linked Sites is empty | Description is empty | Images use temporary Airtable URLs | No valid linked variations"
"Full Dormer Window Suround MOD011 — FDWSr-MOD011","Full Dormer Window Suround MOD011","variable","FDWSr-MOD011","Full Dormer Windows Surround kits","FDWSK 011.png (https://v5.airtableusercontent.com/v3/u/57/57/1789048800000/ufeo-n26ykvm1A8aV4MBBA/UViVDs-eWi0k3Hf_V0xUVEIw3W8SoBiZREJQk4YBUMzxf757_TaVYhDrprcM6F9UWteQR-X6PBmYJRTreNkNHClw3h4ErxNG92OlWsaOxD8Wc2bXFRuoRuMsWgkFfAZKGrIAZ--yia_2cWsffVjq4dU5vl-8b144Fyh9hDVsdCI/9mqN-oHCB06DStsmdvFiIGNjxXqOSXelBju2A0ZDQdI)","","","","","1","0","visible","none","1","10","","","","","","FDWSr-MOD011","","{}","","{}","new","USD","Full Dormer Windows Surround kits","","","","","","","","","","","","","","","https://v5.airtableusercontent.com/v3/u/57/57/1789048800000/ufeo-n26ykvm1A8aV4MBBA/UViVDs-eWi0k3Hf_V0xUVEIw3W8SoBiZREJQk4YBUMzxf757_TaVYhDrprcM6F9UWteQR-X6PBmYJRTreNkNHClw3h4ErxNG92OlWsaOxD8Wc2bXFRuoRuMsWgkFfAZKGrIAZ--yia_2cWsffVjq4dU5vl-8b144Fyh9hDVsdCI/9mqN-oHCB06DStsmdvFiIGNjxXqOSXelBju2A0ZDQdI","","NEEDS_REVIEW","Linked Sites is empty | Description is empty | Images use temporary Airtable URLs | No valid linked variations"
"Full Dormer Window Suround MOD012 — FDWSr-MOD012","Full Dormer Window Suround MOD012","variable","FDWSr-MOD012","Full Dormer Windows Surround kits","FDWSK 012.png (https://v5.airtableusercontent.com/v3/u/57/57/1789048800000/qrbgMLy74gxgaUfCaH8HRA/3ImYxVC8fyfye3rPKlWjbTqOu3bOZwvWFm0mSrwRM_JSjoRJFdZSDlhsmZd_gUBjFs_GBox046GR22Wc9v8QUr9AoQ6iBJHa7sDrCrxfTRwLKrHKexeCFJ_C4Wxo1Fkssi3AmRLTdx3_ocVGWH6tkwKex28yBuitwEUzaMqQDVQ/tilqLwwtHoQ--ikI-Lqqp5u47mEwsBzChSVJteTkBjo)","","","","","1","0","visible","none","1","10","","","","","","FDWSr-MOD012","","{}","","{}","new","USD","Full Dormer Windows Surround kits","","","","","","","","","","","","","","","https://v5.airtableusercontent.com/v3/u/57/57/1789048800000/qrbgMLy74gxgaUfCaH8HRA/3ImYxVC8fyfye3rPKlWjbTqOu3bOZwvWFm0mSrwRM_JSjoRJFdZSDlhsmZd_gUBjFs_GBox046GR22Wc9v8QUr9AoQ6iBJHa7sDrCrxfTRwLKrHKexeCFJ_C4Wxo1Fkssi3AmRLTdx3_ocVGWH6tkwKex28yBuitwEUzaMqQDVQ/tilqLwwtHoQ--ikI-Lqqp5u47mEwsBzChSVJteTkBjo","","NEEDS_REVIEW","Linked Sites is empty | Description is empty | Images use temporary Airtable URLs | No valid linked variations"
"Full Dormer Window Suround MOD013 — FDWSr-MOD013","Full Dormer Window Suround MOD013","variable","FDWSr-MOD013","Full Dormer Windows Surround kits","FDWSK 013.png (https://v5.airtableusercontent.com/v3/u/57/57/1789048800000/5talQXacXJzT6HkJA7RkQA/oejQswFGwX5gfMpMRKyKDzEuidp0yl7fKMfAmpNDWNL6HWFA4b8m2pJv7SK5ZgoYJd95pVgFBD0S_fs6kdtJG9u0z1zg_Lu9FMF56J9fY9tkZeeBwZEkKRcfzc7ZPnJ3dQsT7A41A9JZTaczqA8mUkN8JoTbZq_ID9Gl9jhwUPw/uS0CS6rEi27HxQobj6bvRpRq2CgeBKMJqaVx_3gSiZ4)","","","","","1","0","visible","none","1","10","","","","","","FDWSr-MOD013","","{}","","{}","new","USD","Full Dormer Windows Surround kits","","","","","","","","","","","","","","","https://v5.airtableusercontent.com/v3/u/57/57/1789048800000/5talQXacXJzT6HkJA7RkQA/oejQswFGwX5gfMpMRKyKDzEuidp0yl7fKMfAmpNDWNL6HWFA4b8m2pJv7SK5ZgoYJd95pVgFBD0S_fs6kdtJG9u0z1zg_Lu9FMF56J9fY9tkZeeBwZEkKRcfzc7ZPnJ3dQsT7A41A9JZTaczqA8mUkN8JoTbZq_ID9Gl9jhwUPw/uS0CS6rEi27HxQobj6bvRpRq2CgeBKMJqaVx_3gSiZ4","","NEEDS_REVIEW","Linked Sites is empty | Description is empty | Images use temporary Airtable URLs | No valid linked variations"
"Full Dormer Window Suround MOD014 — FDWSr-MOD014","Full Dormer Window Suround MOD014","variable","FDWSr-MOD014","Full Dormer Windows Surround kits","FDWSK 014.png (https://v5.airtableusercontent.com/v3/u/57/57/1789048800000/xp2zxayF0tXcnyJPDHdfpw/-x9C-5B8qgqjFLQSV31hncXOWUgyRoc8pZqNDVx9qemUKv3SJeUcoGp6IYLogGFM-LPCghOQ2FJZtYuM_cwRyq3YrKStz7esTbjWcsoifRcorIQO4n5aj1byg6HGcxsHZeFUodep_nZ96bvCZKKUnmurgSgFlJM_SHiQ82wdy_A/paX6qACs38U7y_W7MHC5j6gRW3q6iNX0jH59nWz9VmA)","","","","","1","0","visible","none","1","10","","","","","","FDWSr-MOD014","","{}","","{}","new","USD","Full Dormer Windows Surround kits","","","","","","","","","","","","","","","https://v5.airtableusercontent.com/v3/u/57/57/1789048800000/xp2zxayF0tXcnyJPDHdfpw/-x9C-5B8qgqjFLQSV31hncXOWUgyRoc8pZqNDVx9qemUKv3SJeUcoGp6IYLogGFM-LPCghOQ2FJZtYuM_cwRyq3YrKStz7esTbjWcsoifRcorIQO4n5aj1byg6HGcxsHZeFUodep_nZ96bvCZKKUnmurgSgFlJM_SHiQ82wdy_A/paX6qACs38U7y_W7MHC5j6gRW3q6iNX0jH59nWz9VmA","","NEEDS_REVIEW","Linked Sites is empty | Description is empty | Images use temporary Airtable URLs | No valid linked variations"
"Full Dormer Window Suround MOD015 — FDWSr-MOD015","Full Dormer Window Suround MOD015","variable","FDWSr-MOD015","Full Dormer Windows Surround kits","FDWSK 015.png (https://v5.airtableusercontent.com/v3/u/57/57/1789048800000/tVdS5nxeisZkX7OxqZ7cJg/eI5HTedrmrIbaSbWyNpMc5cmoADVELfZwVe8udTFdGhl9p1_3q4imarh83Xhz70wfnjDlToXhozUXjVcGXUJQcuADAOBA6o8TMyhRglIokpIzkx3p2RrcVBzkvWRLgdNNvmO887tPecrc3tJDeKWDmMNH2VQO8QFlU2vktuZRs0/R7m_6Vpcx2o45qjfThOt7_RwBgcu86Y3hxWrhmguKqo)","","","","","1","0","visible","none","1","10","","","","","","FDWSr-MOD015","","{}","","{}","new","USD","Full Dormer Windows Surround kits","","","","","","","","","","","","","","","https://v5.airtableusercontent.com/v3/u/57/57/1789048800000/tVdS5nxeisZkX7OxqZ7cJg/eI5HTedrmrIbaSbWyNpMc5cmoADVELfZwVe8udTFdGhl9p1_3q4imarh83Xhz70wfnjDlToXhozUXjVcGXUJQcuADAOBA6o8TMyhRglIokpIzkx3p2RrcVBzkvWRLgdNNvmO887tPecrc3tJDeKWDmMNH2VQO8QFlU2vktuZRs0/R7m_6Vpcx2o45qjfThOt7_RwBgcu86Y3hxWrhmguKqo","","NEEDS_REVIEW","Linked Sites is empty | Description is empty | Images use temporary Airtable URLs | No valid linked variations"
"Full Dormer Window Suround MOD016 — FDWSr-MOD016","Full Dormer Window Suround MOD016","variable","FDWSr-MOD016","Full Dormer Windows Surround kits","FDWSK 016.png (https://v5.airtableusercontent.com/v3/u/57/57/1789048800000/5pEHp3T4Mh6ak5cS0vBSfg/ShF6f6eLphs_sWSaU1f9rSyPb6GgZy6UPbaMKG-IxjGYokGk57lS6Gw7hjqRlWz6EO3H0GvQNS5ib7EU3QIuUDo_KnnxWvpRd9x27A9OjkzSDGXbJJT4x7XU5Aj5KNWGwnK3dO4qCvxrj-iABc_PQ6ZT1kaJ04KQCfl4MQ6k2C8/h8Yj7cLSEz96aNHt0ta6HUk5Z2DhKijUNYpIvSrbiLk)","","","","","1","0","visible","none","1","10","","","","","","FDWSr-MOD016","","{}","","{}","new","USD","Full Dormer Windows Surround kits","","","","","","","","","","","","","","","https://v5.airtableusercontent.com/v3/u/57/57/1789048800000/5pEHp3T4Mh6ak5cS0vBSfg/ShF6f6eLphs_sWSaU1f9rSyPb6GgZy6UPbaMKG-IxjGYokGk57lS6Gw7hjqRlWz6EO3H0GvQNS5ib7EU3QIuUDo_KnnxWvpRd9x27A9OjkzSDGXbJJT4x7XU5Aj5KNWGwnK3dO4qCvxrj-iABc_PQ6ZT1kaJ04KQCfl4MQ6k2C8/h8Yj7cLSEz96aNHt0ta6HUk5Z2DhKijUNYpIvSrbiLk","","NEEDS_REVIEW","Linked Sites is empty | Description is empty | Images use temporary Airtable URLs | No valid linked variations"
"Full Dormer Window Suround MOD017 — FDWSr-MOD017","Full Dormer Window Suround MOD017","variable","FDWSr-MOD017","Full Dormer Windows Surround kits","FDWSK 017.png (https://v5.airtableusercontent.com/v3/u/57/57/1789048800000/QTCkTP4EmYS-2ZK5Fa5nqQ/02fVbEFlb9yePguzbaxdbHOsEblrVb89yY724OMwfYw6anvnsfX-TJpfPB_TNG_Kg337uuYoxluAaAYA4ZlQzos7sRW2rjI0vJL2P1VOIS-6tFerlDdrbHsb2avQLxaK0o_rWzIYjAc5ItGSgMq_48xnQOlWy4NNAYCzHZTz31o/R83E8Atgbf-uRoN8eJVN6g5_DACgvVFIttw-3a_kuU0)","","","","","1","0","visible","none","1","10","","","","","","FDWSr-MOD017","","{}","","{}","new","USD","Full Dormer Windows Surround kits","","","","","","","","","","","","","","","https://v5.airtableusercontent.com/v3/u/57/57/1789048800000/QTCkTP4EmYS-2ZK5Fa5nqQ/02fVbEFlb9yePguzbaxdbHOsEblrVb89yY724OMwfYw6anvnsfX-TJpfPB_TNG_Kg337uuYoxluAaAYA4ZlQzos7sRW2rjI0vJL2P1VOIS-6tFerlDdrbHsb2avQLxaK0o_rWzIYjAc5ItGSgMq_48xnQOlWy4NNAYCzHZTz31o/R83E8Atgbf-uRoN8eJVN6g5_DACgvVFIttw-3a_kuU0","","NEEDS_REVIEW","Linked Sites is empty | Description is empty | Images use temporary Airtable URLs | No valid linked variations"
"Full Dormer Window Suround MOD018 — FDWSr-MOD018","Full Dormer Window Suround MOD018","variable","FDWSr-MOD018","Full Dormer Windows Surround kits","FDWSK 018.png (https://v5.airtableusercontent.com/v3/u/57/57/1789048800000/2tTamHxVYOmC2d0NwU1Auw/a4lr1J4pSl_4PjLNOLZE56h9RZK3YbxvVMCmOtU-joXD_ilXWOSiQGBkKNdxJkGUn43YS5s2Y2AspFAFmxP4YSMQhbFIsOxFm2PrAoyW5VB1jGtTPeS35YMtRuuh480_pCwUIREW0LGdKcHEC0vsfsjqzP4r5NWXBRWxv-N5rG8/VKiL7qxS1TpdJy8J7EfIl-8zWyM5jiB36L4gOfUAxro)","","","","","1","0","visible","none","1","10","","","","","","FDWSr-MOD018","","{}","","{}","new","USD","Full Dormer Windows Surround kits","","","","","","","","","","","","","","","https://v5.airtableusercontent.com/v3/u/57/57/1789048800000/2tTamHxVYOmC2d0NwU1Auw/a4lr1J4pSl_4PjLNOLZE56h9RZK3YbxvVMCmOtU-joXD_ilXWOSiQGBkKNdxJkGUn43YS5s2Y2AspFAFmxP4YSMQhbFIsOxFm2PrAoyW5VB1jGtTPeS35YMtRuuh480_pCwUIREW0LGdKcHEC0vsfsjqzP4r5NWXBRWxv-N5rG8/VKiL7qxS1TpdJy8J7EfIl-8zWyM5jiB36L4gOfUAxro","","NEEDS_REVIEW","Linked Sites is empty | Description is empty | Images use temporary Airtable URLs | No valid linked variations"
"Full Dormer Window Suround MOD019 — FDWSr-MOD019","Full Dormer Window Suround MOD019","variable","FDWSr-MOD019","Full Dormer Windows Surround kits","FDWSK 019.png (https://v5.airtableusercontent.com/v3/u/57/57/1789048800000/Rs0ferhUAvNHF4AWW-JfzA/XpebHoFHNEAEIIUSoFcRh2wF4phnUVDFqFvkAireIF5uvuvBpJbkkJTGaQICbgJANAnhQ3GDWZ59dnnkmlX9LJhVfWAYGIvvfzMDnS_gDlYLNBk-AM0KhvUC8DqBeu3r0fCMOmbnLnRsyyAuDWR9WuWJ9EtC4eDClsqzJMDBYYw/MvpUV1T7Q5aMPAhwbHJnMqkyenjzb7rWJ4Dn3St59tk)","","","","","1","0","visible","none","1","10","","","","","","FDWSr-MOD019","","{}","","{}","new","USD","Full Dormer Windows Surround kits","","","","","","","","","","","","","","","https://v5.airtableusercontent.com/v3/u/57/57/1789048800000/Rs0ferhUAvNHF4AWW-JfzA/XpebHoFHNEAEIIUSoFcRh2wF4phnUVDFqFvkAireIF5uvuvBpJbkkJTGaQICbgJANAnhQ3GDWZ59dnnkmlX9LJhVfWAYGIvvfzMDnS_gDlYLNBk-AM0KhvUC8DqBeu3r0fCMOmbnLnRsyyAuDWR9WuWJ9EtC4eDClsqzJMDBYYw/MvpUV1T7Q5aMPAhwbHJnMqkyenjzb7rWJ4Dn3St59tk","","NEEDS_REVIEW","Linked Sites is empty | Description is empty | Images use temporary Airtable URLs | No valid linked variations"
"Full Dormer Window Suround MOD020 — FDWSr-MOD020","Full Dormer Window Suround MOD020","variable","FDWSr-MOD020","Full Dormer Windows Surround kits","FDWSK 020.png (https://v5.airtableusercontent.com/v3/u/57/57/1789048800000/_SaDLOeIn5e59OXd6mM6RA/CPdX3CdfU3b1_ssWZbWqysKjJ0kUAEbTg42ULLhMHI7x1bisig5fHXxfIsLjs4PmlITzIPEnzR3qqLepGBtU9NfmQ328Ho_qXhEmz6IyZz2O1SDvCnhpXa86y9zMIab4cW63bVA6R1xRJaaWruIVJ7ZZe64sSpIUhl1fYp0i_fM/5zqJwl1AA-P9fNcYAShHp888Alv8BucYT0Uug60qPgg)","","","","","1","0","visible","none","1","10","","","","","","FDWSr-MOD020","","{}","","{}","new","USD","Full Dormer Windows Surround kits","","","","","","","","","","","","","","","https://v5.airtableusercontent.com/v3/u/57/57/1789048800000/_SaDLOeIn5e59OXd6mM6RA/CPdX3CdfU3b1_ssWZbWqysKjJ0kUAEbTg42ULLhMHI7x1bisig5fHXxfIsLjs4PmlITzIPEnzR3qqLepGBtU9NfmQ328Ho_qXhEmz6IyZz2O1SDvCnhpXa86y9zMIab4cW63bVA6R1xRJaaWruIVJ7ZZe64sSpIUhl1fYp0i_fM/5zqJwl1AA-P9fNcYAShHp888Alv8BucYT0Uug60qPgg","","NEEDS_REVIEW","Linked Sites is empty | Description is empty | Images use temporary Airtable URLs | No valid linked variations"
"Full Dormer Window Suround MOD021 — FDWSr-MOD021","Full Dormer Window Suround MOD021","variable","FDWSr-MOD021","Full Dormer Windows Surround kits","FDWSK 021.png (https://v5.airtableusercontent.com/v3/u/57/57/1789048800000/c0xoG-5BN6kQxJ-ca5KZ2A/Z3OX4m7gL_pIiP77G6w5zPaUxZ6xeIxLoMbuI42CwvpR5XThD_wUSAyZZAD5TXo1HfCDlXm0Zs-S3KbTok0rIhIEIzH_YYTE_I-KnptgAabWEaZzttUc8fy2C3FtXjfVdRBB3KM7rRdx5vFweIAjBcG_SrJzGJOAfQPVRt6r6FE/Evb_9X6Mx3lLysIT4-3rVZsI2g6JwvwqIPGbTgFRdys)","","","","","1","0","visible","none","1","10","","","","","","FDWSr-MOD021","","{}","","{}","new","USD","Full Dormer Windows Surround kits","","","","","","","","","","","","","","","https://v5.airtableusercontent.com/v3/u/57/57/1789048800000/c0xoG-5BN6kQxJ-ca5KZ2A/Z3OX4m7gL_pIiP77G6w5zPaUxZ6xeIxLoMbuI42CwvpR5XThD_wUSAyZZAD5TXo1HfCDlXm0Zs-S3KbTok0rIhIEIzH_YYTE_I-KnptgAabWEaZzttUc8fy2C3FtXjfVdRBB3KM7rRdx5vFweIAjBcG_SrJzGJOAfQPVRt6r6FE/Evb_9X6Mx3lLysIT4-3rVZsI2g6JwvwqIPGbTgFRdys","","NEEDS_REVIEW","Linked Sites is empty | Description is empty | Images use temporary Airtable URLs | No valid linked variations"
"Full Dormer Window Suround MOD022 — FDWSr-MOD022","Full Dormer Window Suround MOD022","variable","FDWSr-MOD022","Full Dormer Windows Surround kits","FDWSK 022.png (https://v5.airtableusercontent.com/v3/u/57/57/1789048800000/7WRfZ6g1_mAtN7HcoP3ByA/vXxqDv0bs9s7S4E7bWmD_t-piO-NReAaxvvixBHtYB6xgp8GOQK5mFDBt-vyNZT6x6fHAeVe5Y80d6gK_n5xY5aBjujabYnitqLrXD-3acA-R5-tNOcpUJN4gWgkUVgfbkN5icQ11AhAkHDiUKTy9O1BexZUOdtZPTSLpZJ4ruA/V2n639x8OUBU5vkVZEbnbvmLNsUpsRlxtb_v9NLoZPc)","","","","","1","0","visible","none","1","10","","","","","","FDWSr-MOD022","","{}","","{}","new","USD","Full Dormer Windows Surround kits","","","","","","","","","","","","","","","https://v5.airtableusercontent.com/v3/u/57/57/1789048800000/7WRfZ6g1_mAtN7HcoP3ByA/vXxqDv0bs9s7S4E7bWmD_t-piO-NReAaxvvixBHtYB6xgp8GOQK5mFDBt-vyNZT6x6fHAeVe5Y80d6gK_n5xY5aBjujabYnitqLrXD-3acA-R5-tNOcpUJN4gWgkUVgfbkN5icQ11AhAkHDiUKTy9O1BexZUOdtZPTSLpZJ4ruA/V2n639x8OUBU5vkVZEbnbvmLNsUpsRlxtb_v9NLoZPc","","NEEDS_REVIEW","Linked Sites is empty | Description is empty | Images use temporary Airtable URLs | No valid linked variations"
"Full Dormer Window Suround MOD023 — FDWSr-MOD023","Full Dormer Window Suround MOD023","variable","FDWSr-MOD023","Full Dormer Windows Surround kits","FDWSK 023.png (https://v5.airtableusercontent.com/v3/u/57/57/1789048800000/H0Cj8pBi29PfmDVkboZLqQ/PmhPWlKhamBhmB44poSHVVhGW7W00KPbr6_j5ZK79NLWBG_QmTxjmUxXHF3e4GNiGBrxatoaZ_pjKlLnFR80KkPVmPdo-xhgrZ2crg4bULtvMIJZat8GQS3Dmx-hwP6KdEz8-ComqKOrB5ZIjg2K6CaINl2ehgl_MNhGlALqjVM/jWxw9EXZzeZhknQJqlA7jL_cJtu9TXeT3gjz7ER0va8)","","","","","1","0","visible","none","1","10","","","","","","FDWSr-MOD023","","{}","","{}","new","USD","Full Dormer Windows Surround kits","","","","","","","","","","","","","","","https://v5.airtableusercontent.com/v3/u/57/57/1789048800000/H0Cj8pBi29PfmDVkboZLqQ/PmhPWlKhamBhmB44poSHVVhGW7W00KPbr6_j5ZK79NLWBG_QmTxjmUxXHF3e4GNiGBrxatoaZ_pjKlLnFR80KkPVmPdo-xhgrZ2crg4bULtvMIJZat8GQS3Dmx-hwP6KdEz8-ComqKOrB5ZIjg2K6CaINl2ehgl_MNhGlALqjVM/jWxw9EXZzeZhknQJqlA7jL_cJtu9TXeT3gjz7ER0va8","","NEEDS_REVIEW","Linked Sites is empty | Description is empty | Images use temporary Airtable URLs | No valid linked variations"
"Full Dormer Window Suround MOD024 — FDWSr-MOD024","Full Dormer Window Suround MOD024","variable","FDWSr-MOD024","Full Dormer Windows Surround kits","FDWSK 024.png (https://v5.airtableusercontent.com/v3/u/57/57/1789048800000/bAUmgy9r45Df-Czp-i1lsg/DNdWwG92_Ki9fy9stzZj_PEhIfnzFNABcS3BOYatk1FsBgKAiW7ckvddfxyb98ToKXctWFGypNhEoh_28_dMn3KUHg0gfRyDKGpnE7RMDqbdA83l-3YQHH1SLLproaTJuiD_5thR_NkNhzhzW8MWT7NAA9NEpgJ8SYb64B7eW-I/kkRiM7HOdalFB6yVDCWB1b8s-qfa_PTFhFh5-v9reRU)","","","","","1","0","visible","none","1","10","","","","","","FDWSr-MOD024","","{}","","{}","new","USD","Full Dormer Windows Surround kits","","","","","","","","","","","","","","","https://v5.airtableusercontent.com/v3/u/57/57/1789048800000/bAUmgy9r45Df-Czp-i1lsg/DNdWwG92_Ki9fy9stzZj_PEhIfnzFNABcS3BOYatk1FsBgKAiW7ckvddfxyb98ToKXctWFGypNhEoh_28_dMn3KUHg0gfRyDKGpnE7RMDqbdA83l-3YQHH1SLLproaTJuiD_5thR_NkNhzhzW8MWT7NAA9NEpgJ8SYb64B7eW-I/kkRiM7HOdalFB6yVDCWB1b8s-qfa_PTFhFh5-v9reRU","","NEEDS_REVIEW","Linked Sites is empty | Description is empty | Images use temporary Airtable URLs | No valid linked variations"
