Variation Label,Parent Product,Variation SKU,SKU Status,Linked Attributes,Regular Price,Tiered Pricing,Stock,Is Active?,Published
Variation — recbgyAFPrVRzhOOA,Round Column Set - Tuscan Cap & Base — 333,,,,,,,checked,
Variation — recKl8HY8OgzjbMBw,Round Column Set - Tuscan Cap & Base — 0081E,,,,,,,,
Variation — recJokRNP9rLQUCgk,Round Column Set - Tuscan Cap & Base — 111,,,,,,,,
TEST-VARIABLE-001-S,,TEST-VARIABLE-001-S,,,$111.00,,5,checked,checked
TEST-VARIABLE-001-L,,TEST-VARIABLE-001-L,,,$222.00,,5,checked,checked
TEST-VARIABLE-055-test,test airtable 334 — TEST-VARIABLE11-004,TEST-VARIABLE-055-test,,,$555.00,"7:173,20:165",22,checked,checked
TEST-VARIABLE-1,test airtable 1 — TEST-VARIABLE1,TEST-VARIABLE-1,,,$200.00,"7:173,20:165",1,checked,checked
Variation — rec8RJYXJQRGwM9EW,"""Smooth Wood Beams — TEST_SWB-001
""",,,,$160.00,,5,checked,
TEST-VARIABLE-999,test airtable 1 — TEST-VARIABLE1,TEST-VARIABLE-999,,,$777.00,,10,checked,
3D-MOD001-1,3dsignfactory-test — 3D-MOD001,3D-MOD001-1,OK,"""Width — 3"""""",""Height — 6"""""",""Length — 4' 3"""" (51"""")""",$70.00,,10,checked,checked
3D-MOD001-2,3dsignfactory-test — 3D-MOD001,3D-MOD001-2,OK,"""Height — 7"""""",""Width — 3"""""",""Length — 5' 9"""" (69"""")""",$80.00,,10,checked,checked
CCS-MOD001-0001,Coffered Ceiling System MOD001 — CCS-MOD001,CCS-MOD001-0001,OK,"""Width — 4"""""",""Height — 4"""""",""Length — 8' (96"""")""",$257.00,,10,checked,checked
CCS-MOD002-0001,Coffered Ceiling System MOD002 — CCS-MOD002,CCS-MOD002-0001,OK,"""Width — 4"""""",""Height — 4"""""",""Length — 8' (96"""")""",$257.00,,10,checked,checked
CCS-MOD003-0001,Coffered Ceiling System MOD003 — CCS-MOD003,CCS-MOD003-0001,OK,"""Width — 4"""""",""Height — 4"""""",""Length — 8' (96"""")""",$257.00,,10,checked,checked
CCS-MOD004-0001,Coffered Ceiling System MOD004 — CCS-MOD004,CCS-MOD004-0001,OK,"""Width — 4"""""",""Height — 4"""""",""Length — 8' (96"""")""",$257.00,,10,checked,checked
CCS-MOD005-0001,Coffered Ceiling System MOD005 — CCS-MOD005,CCS-MOD005-0001,OK,"""Width — 4"""""",""Height — 4"""""",""Length — 8' (96"""")""",$257.00,,10,checked,checked
CCS-MOD006-0001,Coffered Ceiling System MOD006 — CCS-MOD006,CCS-MOD006-0001,OK,"""Width — 4"""""",""Height — 4"""""",""Length — 8' (96"""")""",$257.00,,10,checked,checked
CCS-MOD007-0001,Coffered Ceiling System MOD007 — CCS-MOD007,CCS-MOD007-0001,OK,"""Width — 4"""""",""Height — 4"""""",""Length — 8' (96"""")""",$257.00,,10,checked,checked
CCS-MOD008-0001,Coffered Ceiling System MOD008 — CCS-MOD008,CCS-MOD008-0001,OK,"""Width — 4"""""",""Height — 4"""""",""Length — 8' (96"""")""",$257.00,,10,checked,checked
GBV-MOD001-0001,"""NovikVent Half Round Gable Vent 22""""x34"""" - White — GBV-MOD001""",GBV-MOD001-0001,OK,"""Width — 22"""""",""Height — 34""""""",$103.00,,10,checked,checked
GBV-MOD002-0001,"""NovikVent Round 16"""" — GBV-MOD002""",GBV-MOD002-0001,OK,"""Diameter — 16""""""",$46.00,,10,checked,checked
GBV-MOD003-0001,"""NovikVent Round 22"""" — GBV-MOD003""",GBV-MOD003-0001,OK,"""Diameter — 22""""""",$61.00,,10,checked,checked
GBV-MOD004-0001,"""NovikVent Octagonal 16"""" — GBV-MOD004""",GBV-MOD004-0001,OK,"""Diameter — 16""""""",$46.00,,10,checked,checked
GBV-MOD005-0001,"""NovikVent Octagonal 22"""" — GBV-MOD005""",GBV-MOD005-0001,OK,"""Diameter — 22""""""",$61.00,,10,checked,checked
GBV-MOD006-0001,"""NovikVent Square 12""""x12"""" - White — GBV-MOD006""",GBV-MOD006-0001,OK,"""Width — 12"""""",""Height — 12""""""",$43.00,,10,checked,checked
GBV-MOD007-0001,"""NovikVent Rectangular 12""""x18"""" - White — GBV-MOD007""",GBV-MOD007-0001,OK,"""Width — 12"""""",""Height — 18""""""",$56.00,,10,checked,checked
GBV-MOD008-0001,"""NovikVent Rectangular 18""""x24"""" - White — GBV-MOD008""",GBV-MOD008-0001,OK,"""Width — 18"""""",""Height — 24""""""",$65.00,,10,checked,checked
FWT-MOD001-0001,Arched Cord King Post Truss with Straight Diagonals — FWT-MOD001,FWT-MOD001-0001,OK,"""Width — 3"""""",""Width — 4"""""",""Width — 4.5""""""",,,10,checked,checked
FWT-MOD001-0002,Raised Cord King Post Truss with Straight Diagonal — FWT-MOD002,FWT-MOD001-0002,OK,"""Width — 3"""""",""Width — 4"""""",""Width — 5""""""",,,10,checked,checked
MS-MOD001-0001,Monument Sign MS 001 — MS-MOD001,MS-MOD001-0001,OK,"""Height — 72"""""",""Length — 48"""""",""Depth — 48""""""",$6750.00,,10,checked,checked
MS-MOD001-0002,Monument Sign MS 001 — MS-MOD001,MS-MOD001-0002,OK,"Height — Any Custom Size,Length — Any Custom Size,Depth — Any Custom Size",$6750.00,,10,checked,checked
MS-MOD002-0001,Monument Sign MS 002 — MS-MOD002,MS-MOD002-0001,OK,"""Height — 62"""""",""Length — 120"""""",""Depth — 18""""""",$9375.00,,10,checked,checked
MS-MOD002-0002,Monument Sign MS 002 — MS-MOD002,MS-MOD002-0002,OK,"Height — Any Custom Size,Length — Any Custom Size,Depth — Any Custom Size",$9375.00,,10,checked,checked
MS-MOD003-0001,Monument Sign MS 003 — MS-MOD003,MS-MOD003-0001,OK,"""Height — 96"""""",""Length — 66"""""",""Depth — 24""""""",$8950.00,,10,checked,checked
MS-MOD003-0002,Monument Sign MS 003 — MS-MOD003,MS-MOD003-0002,OK,"Height — Any Custom Size,Length — Any Custom Size,Depth — Any Custom Size",$8950.00,,10,checked,checked
MS-MOD004-0001,Monument Sign MS 004 — MS-MOD004,MS-MOD004-0001,OK,"""Height — 96"""""",""Length — 240"""""",""Depth — 32""""""",$11750.00,,10,checked,checked
MS-MOD004-0002,Monument Sign MS 004 — MS-MOD004,MS-MOD004-0002,OK,"Height — Any Custom Size,Length — Any Custom Size,Depth — Any Custom Size",$11750.00,,10,checked,checked
MS-MOD005-0001,Monument Sign MS 005 — MS-MOD005,MS-MOD005-0001,OK,"""Height — 96"""""",""Length — 180"""""",""Depth — 42""""""",$8750.00,,10,checked,checked
MS-MOD005-0002,Monument Sign MS 005 — MS-MOD005,MS-MOD005-0002,OK,"Height — Any Custom Size,Length — Any Custom Size,Depth — Any Custom Size",$8750.00,,10,checked,checked
MS-MOD006-0001,Monument Sign MS 006 — MS-MOD006,MS-MOD006-0001,OK,"""Height — 82"""""",""Length — 120"""""",""Depth — 44""""""",$6750.00,,10,checked,checked
MS-MOD006-0002,Monument Sign MS 006 — MS-MOD006,MS-MOD006-0002,OK,"Height — Any Custom Size,Length — Any Custom Size,Depth — Any Custom Size",$6750.00,,10,checked,checked
MS-MOD007-0001,Monument Sign MS 007 — MS-MOD007,MS-MOD007-0001,OK,"""Height — 96"""""",""Length — 120"""""",""Depth — 40""""""",$6850.00,,10,checked,checked
MS-MOD007-0002,Monument Sign MS 007 — MS-MOD007,MS-MOD007-0002,OK,"Height — Any Custom Size,Length — Any Custom Size,Depth — Any Custom Size",$6850.00,,10,checked,checked
MS-MOD008-0001,Monument Sign MS 008 — MS-MOD008,MS-MOD008-0001,OK,"""Height — 48"""""",""Length — 111"""""",""Depth — 34""""""",$6750.00,,10,checked,checked
MS-MOD008-0002,Monument Sign MS 008 — MS-MOD008,MS-MOD008-0002,OK,"Height — Any Custom Size,Length — Any Custom Size,Depth — Any Custom Size",$6750.00,,10,checked,checked
MS-MOD009-0001,Monument Sign MS 009 — MS-MOD009,MS-MOD009-0001,OK,"""Height — 74"""""",""Length — 124"""""",""Depth — 60""""""",$7250.00,,10,checked,checked
MS-MOD009-0002,Monument Sign MS 009 — MS-MOD009,MS-MOD009-0002,OK,"Height — Any Custom Size,Length — Any Custom Size,Depth — Any Custom Size",$7250.00,,10,checked,checked
MS-MOD010-0001,Monument Sign MS 010 — MS-MOD010,MS-MOD010-0001,OK,"""Height — 96"""""",""Length — 240"""""",""Depth — 32""""""",$17850.00,,10,checked,checked
MS-MOD010-0002,Monument Sign MS 010 — MS-MOD010,MS-MOD010-0002,OK,"Height — Any Custom Size,Length — Any Custom Size,Depth — Any Custom Size",$17850.00,,10,checked,checked
MS-MOD011-0001,Monument Sign MS 011 — MS-MOD011,MS-MOD011-0001,OK,"""Height — 84"""""",""Length — 144"""""",""Depth — 32""""""",$8750.00,,10,checked,checked
MS-MOD011-0002,Monument Sign MS 011 — MS-MOD011,MS-MOD011-0002,OK,"Height — Any Custom Size,Length — Any Custom Size,Depth — Any Custom Size",$8750.00,,10,checked,checked
MS-MOD012-0001,Monument Sign MS 012 — MS-MOD012,MS-MOD012-0001,OK,"""Height — 96"""""",""Length — 126"""""",""Depth — 28""""""",$6850.00,,10,checked,checked
MS-MOD012-0002,Monument Sign MS 012 — MS-MOD012,MS-MOD012-0002,OK,"Height — Any Custom Size,Length — Any Custom Size,Depth — Any Custom Size",$6850.00,,10,checked,checked
MS-MOD013-0001,Monument Sign MS 013 — MS-MOD013,MS-MOD013-0001,OK,"""Height — 84"""""",""Length — 265"""""",""Depth — 50""""""",$12750.00,,10,checked,checked
MS-MOD013-0002,Monument Sign MS 013 — MS-MOD013,MS-MOD013-0002,OK,"Height — Any Custom Size,Length — Any Custom Size,Depth — Any Custom Size",$12750.00,,10,checked,checked
MS-MOD014-0001,Monument Sign MS 014 — MS-MOD014,MS-MOD014-0001,OK,"""Height — 48"""""",""Length — 84"""""",""Depth — 12""""""",$7850.00,,10,checked,checked
MS-MOD014-0002,Monument Sign MS 014 — MS-MOD014,MS-MOD014-0002,OK,"Height — Any Custom Size,Length — Any Custom Size,Depth — Any Custom Size",$7850.00,,10,checked,checked
MS-MOD015-0001,Monument Sign MS 015 — MS-MOD015,MS-MOD015-0001,OK,"""Height — 75"""""",""Length — 146"""""",""Depth — 22""""""",$23750.00,,10,checked,checked
MS-MOD015-0002,Monument Sign MS 015 — MS-MOD015,MS-MOD015-0002,OK,"Height — Any Custom Size,Length — Any Custom Size,Depth — Any Custom Size",$23750.00,,10,checked,checked
MS-MOD016-0001,Monument Sign MS 016 — MS-MOD016,MS-MOD016-0001,OK,"""Height — 90"""""",""Length — 120"""""",""Depth — 30""""""",$7375.00,,10,checked,checked
MS-MOD016-0002,Monument Sign MS 016 — MS-MOD016,MS-MOD016-0002,OK,"Height — Any Custom Size,Length — Any Custom Size,Depth — Any Custom Size",$7375.00,,10,checked,checked
MS-MOD017-0001,Monument Sign MS 017 — MS-MOD017,MS-MOD017-0001,OK,"""Height — 72"""""",""Length — 120"""""",""Depth — 24""""""",$8750.00,,10,checked,checked
MS-MOD017-0002,Monument Sign MS 017 — MS-MOD017,MS-MOD017-0002,OK,"Height — Any Custom Size,Length — Any Custom Size,Depth — Any Custom Size",$8750.00,,10,checked,checked
MS-MOD018-0001,Monument Sign MS 018 — MS-MOD018,MS-MOD018-0001,OK,"""Height — 138"""""",""Length — 144"""""",""Depth — 24""""""",$17850.00,,10,checked,checked
MS-MOD018-0002,Monument Sign MS 018 — MS-MOD018,MS-MOD018-0002,OK,"Height — Any Custom Size,Length — Any Custom Size,Depth — Any Custom Size",$17850.00,,10,checked,checked
MS-MOD019-0001,Monument Sign MS 019 — MS-MOD019,MS-MOD019-0001,OK,"""Height — 120"""""",""Length — 116"""""",""Depth — 30""""""",$23475.00,,10,checked,checked
MS-MOD019-0002,Monument Sign MS 019 — MS-MOD019,MS-MOD019-0002,OK,"Height — Any Custom Size,Length — Any Custom Size,Depth — Any Custom Size",$23475.00,,10,checked,checked
MS-MOD020-0001,Monument Sign MS 020 — MS-MOD020,MS-MOD020-0001,OK,"""Height — 62"""""",""Length — 120"""""",""Depth — 18""""""",$6850.00,,10,checked,checked
MS-MOD020-0002,Monument Sign MS 020 — MS-MOD020,MS-MOD020-0002,OK,"Height — Any Custom Size,Length — Any Custom Size,Depth — Any Custom Size",$6850.00,,10,checked,checked
MS-MOD021-0001,Monument Sign MS 021 — MS-MOD021,MS-MOD021-0001,OK,"""Height — 82"""""",""Length — 120"""""",""Depth — 24""""""",$21750.00,,10,checked,checked
MS-MOD021-0002,Monument Sign MS 021 — MS-MOD021,MS-MOD021-0002,OK,"Height — Any Custom Size,Length — Any Custom Size,Depth — Any Custom Size",$21750.00,,10,checked,checked
MS-MOD022-0001,Monument Sign MS 022 — MS-MOD022,MS-MOD022-0001,OK,"""Height — 72"""""",""Length — 120"""""",""Depth — 32""""""",$8750.00,,10,checked,checked
MS-MOD022-0002,Monument Sign MS 022 — MS-MOD022,MS-MOD022-0002,OK,"Height — Any Custom Size,Length — Any Custom Size,Depth — Any Custom Size",$8750.00,,10,checked,checked
MS-MOD023-0001,Monument Sign MS 023 — MS-MOD023,MS-MOD023-0001,OK,"""Height — 120"""""",""Length — 195"""""",""Depth — 48""""""",$9300.00,,10,checked,checked
MS-MOD023-0002,Monument Sign MS 023 — MS-MOD023,MS-MOD023-0002,OK,"Height — Any Custom Size,Length — Any Custom Size,Depth — Any Custom Size",$9300.00,,10,checked,checked
MS-MOD024-0001,Monument Sign MS 024 — MS-MOD024,MS-MOD024-0001,OK,"""Height — 56.5"""""",""Length — 191"""""",""Depth — 41""""""",$9750.00,,10,checked,checked
MS-MOD024-0002,Monument Sign MS 024 — MS-MOD024,MS-MOD024-0002,OK,"Height — Any Custom Size,Length — Any Custom Size,Depth — Any Custom Size",$9750.00,,10,checked,checked
MS-MOD025-0001,Monument Sign MS 025 — MS-MOD025,MS-MOD025-0001,OK,"""Height — 84"""""",""Length — 72"""""",""Depth — 18""""""",$3250.00,,10,checked,checked
MS-MOD025-0002,Monument Sign MS 025 — MS-MOD025,MS-MOD025-0002,OK,"Height — Any Custom Size,Length — Any Custom Size,Depth — Any Custom Size",$3250.00,,10,checked,checked
MS-MOD026-0001,Monument Sign MS 026 — MS-MOD026,MS-MOD026-0001,OK,"""Height — 84"""""",""Length — 72"""""",""Width — 18""""""",$3500.00,,10,checked,checked
MS-MOD026-0002,Monument Sign MS 026 — MS-MOD026,MS-MOD026-0002,OK,"Height — Any Custom Size,Length — Any Custom Size,Depth — Any Custom Size",$3500.00,,10,checked,checked
MS-MOD027-0001,Monument Sign MS 027 — MS-MOD027,MS-MOD027-0001,OK,"""Height — 84"""""",""Length — 72"""""",""Width — 18""""""",$3250.00,,10,checked,checked
MS-MOD027-0002,Monument Sign MS 027 — MS-MOD027,MS-MOD027-0002,OK,"Height — Any Custom Size,Length — Any Custom Size,Depth — Any Custom Size",$3250.00,,10,checked,checked
MS-MOD028-0001,Monument Sign MS 028 — MS-MOD028,MS-MOD028-0001,OK,"""Height — 72"""""",""Length — 120"""""",""Depth — 24""""""",$4500.00,,10,checked,checked
MS-MOD028-0002,Monument Sign MS 028 — MS-MOD028,MS-MOD028-0002,OK,"Height — Any Custom Size,Length — Any Custom Size,Depth — Any Custom Size",$4500.00,,10,checked,checked
MS-MOD029-0001,Monument Sign MS 029 — MS-MOD029,MS-MOD029-0001,OK,"""Height — 60"""""",""Length — 84"""""",""Depth — 18""""""",$3500.00,,10,checked,checked
MS-MOD029-0002,Monument Sign MS 029 — MS-MOD029,MS-MOD029-0002,OK,"Height — Any Custom Size,Length — Any Custom Size,Depth — Any Custom Size",$3500.00,,10,checked,checked
MS-MOD030-0001,Monument Sign MS 030 — MS-MOD030,MS-MOD030-0001,OK,"""Height — 72"""""",""Length — 60"""""",""Depth — 18""""""",$3750.00,,10,checked,checked
MS-MOD030-0002,Monument Sign MS 030 — MS-MOD030,MS-MOD030-0002,OK,"Height — Any Custom Size,Length — Any Custom Size,Depth — Any Custom Size",$3750.00,,10,checked,checked
MS-MOD031-0001,Monument Sign MS 031 — MS-MOD031,MS-MOD031-0001,OK,"""Height — 72"""""",""Length — 60"""""",""Depth — 18""""""",$3750.00,,10,checked,checked
MS-MOD031-0002,Monument Sign MS 031 — MS-MOD031,MS-MOD031-0002,OK,"Height — Any Custom Size,Length — Any Custom Size,Depth — Any Custom Size",$3750.00,,10,checked,checked
MS-MOD032-0001,Monument Sign MS 032 — MS-MOD032,MS-MOD032-0001,OK,"""Height — 72"""""",""Length — 60"""""",""Depth — 18""""""",$3750.00,,10,checked,checked
MS-MOD032-0002,Monument Sign MS 032 — MS-MOD032,MS-MOD032-0002,OK,"Height — Any Custom Size,Length — Any Custom Size,Depth — Any Custom Size",$3750.00,,10,checked,checked
MS-MOD033-0001,Monument Sign MS 033 — MS-MOD033,MS-MOD033-0001,OK,"""Height — 72"""""",""Length — 120"""""",""Depth — 24""""""",$4500.00,,10,checked,checked
MS-MOD033-0002,Monument Sign MS 033 — MS-MOD033,MS-MOD033-0002,OK,"Height — Any Custom Size,Length — Any Custom Size,Depth — Any Custom Size",$4500.00,,10,checked,checked
MS-MOD034-0001,Monument Sign MS 034 — MS-MOD034,MS-MOD034-0001,OK,"""Height — 72"""""",""Length — 120"""""",""Depth — 24""""""",$4500.00,,10,checked,checked
MS-MOD034-0002,Monument Sign MS 034 — MS-MOD034,MS-MOD034-0002,OK,"Height — Any Custom Size,Length — Any Custom Size,Depth — Any Custom Size",$4500.00,,10,checked,checked
MS-MOD035-0001,Monument Sign MS 035 — MS-MOD035,MS-MOD035-0001,OK,"""Height — 60"""""",""Length — 84"""""",""Depth — 18""""""",$3750.00,,10,checked,checked
MS-MOD035-0002,Monument Sign MS 035 — MS-MOD035,MS-MOD035-0002,OK,"Height — Any Custom Size,Length — Any Custom Size,Depth — Any Custom Size",$3750.00,,10,checked,checked
MS-MOD036-0001,Monument Sign MS 036 — MS-MOD036,MS-MOD036-0001,OK,"""Height — 72"""""",""Length — 60"""""",""Depth — 18""""""",$3750.00,,10,checked,checked
MS-MOD036-0002,Monument Sign MS 036 — MS-MOD036,MS-MOD036-0002,OK,"Height — Any Custom Size,Length — Any Custom Size,Depth — Any Custom Size",$3750.00,,10,checked,checked
MS-MOD037-0001,Monument Sign MS 037 — MS-MOD037,MS-MOD037-0001,OK,"""Height — 72"""""",""Length — 120"""""",""Depth — 24""""""",$4750.00,,10,checked,checked
MS-MOD037-0002,Monument Sign MS 037 — MS-MOD037,MS-MOD037-0002,OK,"Height — Any Custom Size,Length — Any Custom Size,Depth — Any Custom Size",$4750.00,,10,checked,checked
MS-MOD038-0001,Monument Sign MS 038 — MS-MOD038,MS-MOD038-0001,OK,"""Height — 60"""""",""Length — 84"""""",""Depth — 18""""""",$3500.00,,10,checked,checked
MS-MOD038-0002,Monument Sign MS 038 — MS-MOD038,MS-MOD038-0002,OK,"Height — Any Custom Size,Length — Any Custom Size,Depth — Any Custom Size",$3500.00,,10,checked,checked
MS-MOD039-0001,Monument Sign MS 039 — MS-MOD039,MS-MOD039-0001,OK,"""Height — 72"""""",""Length — 120"""""",""Depth — 24""""""",$4750.00,,10,checked,checked
MS-MOD039-0002,Monument Sign MS 039 — MS-MOD039,MS-MOD039-0002,OK,"Height — Any Custom Size,Length — Any Custom Size,Depth — Any Custom Size",$4750.00,,10,checked,checked
MS-MOD040-0001,Monument Sign MS 040 — MS-MOD040,MS-MOD040-0001,OK,"""Height — 84"""""",""Length — 72"""""",""Width — 18""""""",$3250.00,,10,checked,checked
MS-MOD040-0002,Monument Sign MS 040 — MS-MOD040,MS-MOD040-0002,OK,"Height — Any Custom Size,Length — Any Custom Size,Depth — Any Custom Size",$3250.00,,10,checked,checked
MS-MOD041-0001,Monument Sign MS 041 — MS-MOD041,MS-MOD041-0001,OK,"""Height — 72"""""",""Length — 120"""""",""Depth — 24""""""",$4500.00,,10,checked,checked
MS-MOD041-0002,Monument Sign MS 041 — MS-MOD041,MS-MOD041-0002,OK,"Height — Any Custom Size,Length — Any Custom Size,Depth — Any Custom Size",$4500.00,,10,checked,checked
MS-MOD042-0001,Monument Sign MS 042 — MS-MOD042,MS-MOD042-0001,OK,"""Height — 72"""""",""Length — 96"""""",""Depth — 24""""""",$4500.00,,10,checked,checked
MS-MOD042-0002,Monument Sign MS 042 — MS-MOD042,MS-MOD042-0002,OK,"Height — Any Custom Size,Length — Any Custom Size,Depth — Any Custom Size",$4500.00,,10,checked,checked
MS-MOD043-0001,Monument Sign MS 043 — MS-MOD043,MS-MOD043-0001,OK,"""Height — 72"""""",""Length — 96"""""",""Depth — 24""""""",$4500.00,,10,checked,checked
MS-MOD043-0002,Monument Sign MS 043 — MS-MOD043,MS-MOD043-0002,OK,"Height — Any Custom Size,Length — Any Custom Size,Depth — Any Custom Size",$4500.00,,10,checked,checked
MS-MOD044-0001,Monument Sign MS 044 — MS-MOD044,MS-MOD044-0001,OK,"""Height — 72"""""",""Length — 120"""""",""Depth — 24""""""",$4500.00,,10,checked,checked
MS-MOD044-0002,Monument Sign MS 044 — MS-MOD044,MS-MOD044-0002,OK,"Height — Any Custom Size,Length — Any Custom Size,Depth — Any Custom Size",$4500.00,,10,checked,checked
CFWP-MOD002-0001,Ceiling Faux Wood Plank MOD002 — CFWP-MOD002,CFWP-MOD002-0001,OK,"""Width — 6"""""",""Height — 1"""""",""Length — 8' (96"""")""",$144.00,,10,checked,
CFWP-MOD002-0002,Ceiling Faux Wood Plank MOD002 — CFWP-MOD002,CFWP-MOD002-0002,OK,"""Width — 6"""""",""Height — 1"""""",""Length — 10' (120"""")""",$180.00,,10,checked,
CFWP-MOD002-0003,Ceiling Faux Wood Plank MOD002 — CFWP-MOD002,CFWP-MOD002-0003,OK,"""Width — 6"""""",""Height — 1"""""",""Length — 12' (144"""")""",$217.00,,10,checked,
CFWP-MOD002-0004,Ceiling Faux Wood Plank MOD002 — CFWP-MOD002,CFWP-MOD002-0004,OK,"""Width — 6"""""",""Height — 1"""""",""Length — 16' (192"""")""",$288.00,,10,checked,
CFWP-MOD002-0005,Ceiling Faux Wood Plank MOD002 — CFWP-MOD002,CFWP-MOD002-0005,OK,"""Width — 8"""""",""Height — 1"""""",""Length — 8' (96"""")""",$193.00,,10,checked,
CFWP-MOD002-0006,Ceiling Faux Wood Plank MOD002 — CFWP-MOD002,CFWP-MOD002-0006,OK,"""Width — 8"""""",""Height — 1"""""",""Length — 10' (120"""")""",$240.00,,10,checked,
CFWP-MOD002-0007,Ceiling Faux Wood Plank MOD002 — CFWP-MOD002,CFWP-MOD002-0007,OK,"""Width — 8"""""",""Height — 1"""""",""Length — 12' (144"""")""",$288.00,,10,checked,
CFWP-MOD002-0008,Ceiling Faux Wood Plank MOD002 — CFWP-MOD002,CFWP-MOD002-0008,OK,"""Width — 8"""""",""Height — 1"""""",""Length — 16' (192"""")""",$384.00,,10,checked,
CFWP-MOD002-0009,Ceiling Faux Wood Plank MOD002 — CFWP-MOD002,CFWP-MOD002-0009,OK,"""Width — 10"""""",""Height — 1"""""",""Length — 8' (96"""")""",$240.00,,10,checked,
CFWP-MOD002-0010,Ceiling Faux Wood Plank MOD002 — CFWP-MOD002,CFWP-MOD002-0010,OK,"""Width — 10"""""",""Height — 1"""""",""Length — 10' (120"""")""",$300.00,,10,checked,
CFWP-MOD002-0011,Ceiling Faux Wood Plank MOD002 — CFWP-MOD002,CFWP-MOD002-0011,OK,"""Width — 10"""""",""Height — 1"""""",""Length — 12' (144"""")""",$360.00,,10,checked,
CFWP-MOD002-0012,Ceiling Faux Wood Plank MOD002 — CFWP-MOD002,CFWP-MOD002-0012,OK,"""Width — 10"""""",""Height — 1"""""",""Length — 16' (192"""")""",$480.00,,10,checked,
CFWP-MOD002-0013,Ceiling Faux Wood Plank MOD002 — CFWP-MOD002,CFWP-MOD002-0013,OK,"""Width — 12"""""",""Height — 1"""""",""Length — 8' (96"""")""",$288.00,,10,checked,
CFWP-MOD002-0014,Ceiling Faux Wood Plank MOD002 — CFWP-MOD002,CFWP-MOD002-0014,OK,"""Width — 12"""""",""Height — 1"""""",""Length — 10' (120"""")""",$360.00,,10,checked,
CFWP-MOD002-0015,Ceiling Faux Wood Plank MOD002 — CFWP-MOD002,CFWP-MOD002-0015,OK,"""Width — 12"""""",""Height — 1"""""",""Length — 12' (144"""")""",$432.00,,10,checked,
CFWP-MOD002-0016,Ceiling Faux Wood Plank MOD002 — CFWP-MOD002,CFWP-MOD002-0016,OK,"""Width — 12"""""",""Height — 1"""""",""Length — 16' (192"""")""",$575.00,,10,checked,
CFWP-MOD002-0017,Ceiling Faux Wood Plank MOD002 — CFWP-MOD002,CFWP-MOD002-0017,OK,"""Width — 16"""""",""Height — 1"""""",""Length — 8' (96"""")""",$384.00,,10,checked,
CFWP-MOD002-0018,Ceiling Faux Wood Plank MOD002 — CFWP-MOD002,CFWP-MOD002-0018,OK,"""Width — 16"""""",""Height — 1"""""",""Length — 10' (120"""")""",$480.00,,10,checked,
CFWP-MOD002-0019,Ceiling Faux Wood Plank MOD002 — CFWP-MOD002,CFWP-MOD002-0019,OK,"""Width — 16"""""",""Height — 1"""""",""Length — 12' (144"""")""",$575.00,,10,checked,
CFWP-MOD002-0020,Ceiling Faux Wood Plank MOD002 — CFWP-MOD002,CFWP-MOD002-0020,OK,"""Width — 16"""""",""Height — 1"""""",""Length — 16' (192"""")""",$767.00,,10,checked,
CFWP-MOD002-0021,Ceiling Faux Wood Plank MOD002 — CFWP-MOD002,CFWP-MOD002-0021,OK,"""Width — 20"""""",""Height — 1"""""",""Length — 8' (96"""")""",$480.00,,10,checked,
CFWP-MOD002-0022,Ceiling Faux Wood Plank MOD002 — CFWP-MOD002,CFWP-MOD002-0022,OK,"""Width — 20"""""",""Height — 1"""""",""Length — 10' (120"""")""",$599.00,,10,checked,
CFWP-MOD002-0023,Ceiling Faux Wood Plank MOD002 — CFWP-MOD002,CFWP-MOD002-0023,OK,"""Width — 20"""""",""Height — 1"""""",""Length — 12' (144"""")""",$719.00,,10,checked,
CFWP-MOD002-0024,Ceiling Faux Wood Plank MOD002 — CFWP-MOD002,CFWP-MOD002-0024,OK,"""Width — 20"""""",""Height — 1"""""",""Length — 16' (192"""")""",$959.00,,10,checked,
CFWP-MOD002-0025,Ceiling Faux Wood Plank MOD002 — CFWP-MOD002,CFWP-MOD002-0025,OK,"""Width — 24"""""",""Height — 1"""""",""Length — 8' (96"""")""",$575.00,,10,checked,
CFWP-MOD002-0026,Ceiling Faux Wood Plank MOD002 — CFWP-MOD002,CFWP-MOD002-0026,OK,"""Width — 24"""""",""Height — 1"""""",""Length — 10' (120"""")""",$719.00,,10,checked,
CFWP-MOD002-0027,Ceiling Faux Wood Plank MOD002 — CFWP-MOD002,CFWP-MOD002-0027,OK,"""Width — 24"""""",""Height — 1"""""",""Length — 12' (144"""")""",$863.00,,10,checked,
CFWP-MOD002-0028,Ceiling Faux Wood Plank MOD002 — CFWP-MOD002,CFWP-MOD002-0028,OK,"""Width — 24"""""",""Height — 1"""""",""Length — 16' (192"""")""",$1150.00,,10,checked,
CFWP-MOD002-0029,Ceiling Faux Wood Plank MOD002 — CFWP-MOD002,CFWP-MOD002-0029,OK,"Width — Any Custom Size,""Height — 1"""""",Length — Any Custom Size",,,10,checked,
FWM-MOD004-0001,Faux Wood Mantel MOD004 — FWM-MOD004,FWM-MOD004-0001,OK,"""Projection — 6"""""",""Height — 4"""""",""Length — 4' (48"""")""",$227.00,,10,checked,
FWM-MOD004-0002,Faux Wood Mantel MOD004 — FWM-MOD004,FWM-MOD004-0002,OK,"""Projection — 6"""""",""Height — 4"""""",""Length — 5' (60"""")""",$269.00,,10,checked,
FWM-MOD004-0003,Faux Wood Mantel MOD004 — FWM-MOD004,FWM-MOD004-0003,OK,"""Projection — 6"""""",""Height — 4"""""",""Length — 6' (72"""")""",$312.00,,10,checked,
FWM-MOD004-0004,Faux Wood Mantel MOD004 — FWM-MOD004,FWM-MOD004-0004,OK,"""Projection — 6"""""",""Height — 4"""""",""Length — 7' (84"""")""",$353.00,,10,checked,
FWM-MOD004-0005,Faux Wood Mantel MOD004 — FWM-MOD004,FWM-MOD004-0005,OK,"""Projection — 6"""""",""Height — 4"""""",""Length — 8' (96"""")""",$395.00,,10,checked,
FWM-MOD004-0006,Faux Wood Mantel MOD004 — FWM-MOD004,FWM-MOD004-0006,OK,"""Projection — 8"""""",""Height — 6"""""",""Length — 4' (48"""")""",$312.00,,10,checked,
FWM-MOD004-0007,Faux Wood Mantel MOD004 — FWM-MOD004,FWM-MOD004-0007,OK,"""Projection — 8"""""",""Height — 6"""""",""Length — 5' (60"""")""",$370.00,,10,checked,
FWM-MOD004-0008,Faux Wood Mantel MOD004 — FWM-MOD004,FWM-MOD004-0008,OK,"""Projection — 8"""""",""Height — 6"""""",""Length — 6' (72"""")""",$430.00,,10,checked,
FWM-MOD004-0009,Faux Wood Mantel MOD004 — FWM-MOD004,FWM-MOD004-0009,OK,"""Projection — 8"""""",""Height — 6"""""",""Length — 7' (84"""")""",$490.00,,10,checked,
FWM-MOD004-0010,Faux Wood Mantel MOD004 — FWM-MOD004,FWM-MOD004-0010,OK,"""Projection — 8"""""",""Height — 6"""""",""Length — 8' (96"""")""",$550.00,,10,checked,
FWM-MOD004-0011,Faux Wood Mantel MOD004 — FWM-MOD004,FWM-MOD004-0011,OK,"""Projection — 8"""""",""Height — 8"""""",""Length — 4' (48"""")""",$367.00,,10,checked,
FWM-MOD004-0012,Faux Wood Mantel MOD004 — FWM-MOD004,FWM-MOD004-0012,OK,"""Projection — 8"""""",""Height — 8"""""",""Length — 5' (60"""")""",$439.00,,10,checked,
FWM-MOD004-0013,Faux Wood Mantel MOD004 — FWM-MOD004,FWM-MOD004-0013,OK,"""Projection — 8"""""",""Height — 8"""""",""Length — 6' (72"""")""",$510.00,,10,checked,
FWM-MOD004-0014,Faux Wood Mantel MOD004 — FWM-MOD004,FWM-MOD004-0014,OK,"""Projection — 8"""""",""Height — 8"""""",""Length — 7' (84"""")""",$583.00,,10,checked,
FWM-MOD004-0015,Faux Wood Mantel MOD004 — FWM-MOD004,FWM-MOD004-0015,OK,"""Projection — 8"""""",""Height — 8"""""",""Length — 8' (96"""")""",$654.00,,10,checked,
FWM-MOD004-0016,Faux Wood Mantel MOD004 — FWM-MOD004,FWM-MOD004-0016,OK,"""Projection — 10"""""",""Height — 6"""""",""Length — 4' (48"""")""",$340.00,,10,checked,
FWM-MOD004-0017,Faux Wood Mantel MOD004 — FWM-MOD004,FWM-MOD004-0017,OK,"""Projection — 10"""""",""Height — 6"""""",""Length — 5' (60"""")""",$407.00,,10,checked,
FWM-MOD004-0018,Faux Wood Mantel MOD004 — FWM-MOD004,FWM-MOD004-0018,OK,"""Projection — 10"""""",""Height — 6"""""",""Length — 6' (72"""")""",$473.00,,10,checked,
FWM-MOD004-0019,Faux Wood Mantel MOD004 — FWM-MOD004,FWM-MOD004-0019,OK,"""Projection — 10"""""",""Height — 6"""""",""Length — 7' (84"""")""",$538.00,,10,checked,
FWM-MOD004-0020,Faux Wood Mantel MOD004 — FWM-MOD004,FWM-MOD004-0020,OK,"""Projection — 10"""""",""Height — 6"""""",""Length — 8' (96"""")""",$604.00,,10,checked,
FWM-MOD004-0021,Faux Wood Mantel MOD004 — FWM-MOD004,FWM-MOD004-0021,OK,"""Projection — 10"""""",""Height — 8"""""",""Length — 4' (48"""")""",$399.00,,10,checked,
FWM-MOD004-0022,Faux Wood Mantel MOD004 — FWM-MOD004,FWM-MOD004-0022,OK,"""Projection — 10"""""",""Height — 8"""""",""Length — 5' (60"""")""",$477.00,,10,checked,
FWM-MOD004-0023,Faux Wood Mantel MOD004 — FWM-MOD004,FWM-MOD004-0023,OK,"""Projection — 10"""""",""Height — 8"""""",""Length — 6' (72"""")""",$554.00,,10,checked,
FWM-MOD004-0024,Faux Wood Mantel MOD004 — FWM-MOD004,FWM-MOD004-0024,OK,"""Projection — 10"""""",""Height — 8"""""",""Length — 7' (84"""")""",$633.00,,10,checked,
FWM-MOD004-0025,Faux Wood Mantel MOD004 — FWM-MOD004,FWM-MOD004-0025,OK,"""Projection — 10"""""",""Height — 8"""""",""Length — 8' (96"""")""",$710.00,,10,checked,
FWM-MOD004-0026,Faux Wood Mantel MOD004 — FWM-MOD004,FWM-MOD004-0026,OK,"""Projection — 12"""""",""Height — 8"""""",""Length — 4' (48"""")""",$430.00,,10,checked,
FWM-MOD004-0027,Faux Wood Mantel MOD004 — FWM-MOD004,FWM-MOD004-0027,OK,"""Projection — 12"""""",""Height — 8"""""",""Length — 5' (60"""")""",$514.00,,10,checked,
FWM-MOD004-0028,Faux Wood Mantel MOD004 — FWM-MOD004,FWM-MOD004-0028,OK,"""Projection — 12"""""",""Height — 8"""""",""Length — 6' (72"""")""",$598.00,,10,checked,
FWM-MOD004-0029,Faux Wood Mantel MOD004 — FWM-MOD004,FWM-MOD004-0029,OK,"""Projection — 12"""""",""Height — 8"""""",""Length — 7' (84"""")""",$682.00,,10,checked,
FWM-MOD004-0030,Faux Wood Mantel MOD004 — FWM-MOD004,FWM-MOD004-0030,OK,"""Projection — 12"""""",""Height — 8"""""",""Length — 8' (96"""")""",$765.00,,10,checked,
FWM-MOD004-0031,Faux Wood Mantel MOD004 — FWM-MOD004,FWM-MOD004-0031,OK,"Projection — Any Custom Size,Height — Any Custom Size,Length — Any Custom Size",,,10,checked,
FWB-MOD001-0001,Faux Wood Beam MOD001 — FWB-MOD001,FWB-MOD001-0001,,"""Width — 4"""""",""Height — 4"""""",""Length — 8' (96"""")"",Sides — 3-sided",$288.00,,10,checked,
FWB-MOD001-0002,Faux Wood Beam MOD001 — FWB-MOD001,FWB-MOD001-0002,,"""Width — 4"""""",""Height — 4"""""",""Length — 8' (96"""")"",Sides — 4-sided",$384.00,,10,checked,
FWB-MOD001-0003,Faux Wood Beam MOD001 — FWB-MOD001,FWB-MOD001-0003,,"""Width — 4"""""",""Height — 4"""""",""Length — 10' (120"""")"",Sides — 3-sided",$360.00,,10,checked,
FWB-MOD001-0004,Faux Wood Beam MOD001 — FWB-MOD001,FWB-MOD001-0004,,"""Width — 4"""""",""Height — 4"""""",""Length — 10' (120"""")"",Sides — 4-sided",$480.00,,10,checked,
FWB-MOD001-0005,Faux Wood Beam MOD001 — FWB-MOD001,FWB-MOD001-0005,,"""Width — 4"""""",""Height — 4"""""",""Length — 12' (144"""")"",Sides — 3-sided",$432.00,,10,checked,
FWB-MOD001-0006,Faux Wood Beam MOD001 — FWB-MOD001,FWB-MOD001-0006,,"""Width — 4"""""",""Height — 4"""""",""Length — 12' (144"""")"",Sides — 4-sided",$575.00,,10,checked,
FWB-MOD001-0007,Faux Wood Beam MOD001 — FWB-MOD001,FWB-MOD001-0007,,"""Width — 4"""""",""Height — 4"""""",""Length — 16' (192"""")"",Sides — 3-sided",$575.00,,10,checked,
FWB-MOD001-0008,Faux Wood Beam MOD001 — FWB-MOD001,FWB-MOD001-0008,,"""Width — 4"""""",""Height — 4"""""",""Length — 16' (192"""")"",Sides — 4-sided",$767.00,,10,checked,
FWB-MOD001-0009,Faux Wood Beam MOD001 — FWB-MOD001,FWB-MOD001-0009,,"""Width — 4"""""",""Height — 4"""""",""Length — 20' (240"""")"",Sides — 3-sided",$719.00,,10,checked,
FWB-MOD001-0010,Faux Wood Beam MOD001 — FWB-MOD001,FWB-MOD001-0010,,"""Width — 4"""""",""Height — 4"""""",""Length — 20' (240"""")"",Sides — 4-sided",$959.00,,10,checked,
FWB-MOD001-0011,Faux Wood Beam MOD001 — FWB-MOD001,FWB-MOD001-0011,,"""Width — 4"""""",""Height — 6"""""",""Length — 8' (96"""")"",Sides — 3-sided",$384.00,,10,checked,
FWB-MOD001-0012,Faux Wood Beam MOD001 — FWB-MOD001,FWB-MOD001-0012,,"""Width — 4"""""",""Height — 6"""""",""Length — 8' (96"""")"",Sides — 4-sided",$480.00,,10,checked,
FWB-MOD001-0013,Faux Wood Beam MOD001 — FWB-MOD001,FWB-MOD001-0013,,"""Width — 4"""""",""Height — 6"""""",""Length — 10' (120"""")"",Sides — 3-sided",$480.00,,10,checked,
FWB-MOD001-0014,Faux Wood Beam MOD001 — FWB-MOD001,FWB-MOD001-0014,,"""Width — 4"""""",""Height — 6"""""",""Length — 10' (120"""")"",Sides — 4-sided",$599.00,,10,checked,
FWB-MOD001-0015,Faux Wood Beam MOD001 — FWB-MOD001,FWB-MOD001-0015,,"""Width — 4"""""",""Height — 6"""""",""Length — 12' (144"""")"",Sides — 3-sided",$575.00,,10,checked,
FWB-MOD001-0016,Faux Wood Beam MOD001 — FWB-MOD001,FWB-MOD001-0016,,"""Width — 4"""""",""Height — 6"""""",""Length — 12' (144"""")"",Sides — 4-sided",$719.00,,10,checked,
FWB-MOD001-0017,Faux Wood Beam MOD001 — FWB-MOD001,FWB-MOD001-0017,,"""Width — 4"""""",""Height — 6"""""",""Length — 16' (192"""")"",Sides — 3-sided",$767.00,,10,checked,
FWB-MOD001-0018,Faux Wood Beam MOD001 — FWB-MOD001,FWB-MOD001-0018,,"""Width — 4"""""",""Height — 6"""""",""Length — 16' (192"""")"",Sides — 4-sided",$959.00,,10,checked,
FWB-MOD001-0019,Faux Wood Beam MOD001 — FWB-MOD001,FWB-MOD001-0019,,"""Width — 4"""""",""Height — 6"""""",""Length — 20' (240"""")"",Sides — 3-sided",$959.00,,10,checked,
FWB-MOD001-0020,Faux Wood Beam MOD001 — FWB-MOD001,FWB-MOD001-0020,,"""Width — 4"""""",""Height — 6"""""",""Length — 20' (240"""")"",Sides — 4-sided",$1198.00,,10,checked,
FWB-MOD001-0021,Faux Wood Beam MOD001 — FWB-MOD001,FWB-MOD001-0021,,"""Width — 6"""""",""Height — 6"""""",""Length — 8' (96"""")"",Sides — 3-sided",$432.00,,10,checked,
FWB-MOD001-0022,Faux Wood Beam MOD001 — FWB-MOD001,FWB-MOD001-0022,,"""Width — 6"""""",""Height — 6"""""",""Length — 8' (96"""")"",Sides — 4-sided",$575.00,,10,checked,
FWB-MOD001-0023,Faux Wood Beam MOD001 — FWB-MOD001,FWB-MOD001-0023,,"""Width — 6"""""",""Height — 6"""""",""Length — 10' (120"""")"",Sides — 3-sided",$540.00,,10,checked,
FWB-MOD001-0024,Faux Wood Beam MOD001 — FWB-MOD001,FWB-MOD001-0024,,"""Width — 6"""""",""Height — 6"""""",""Length — 10' (120"""")"",Sides — 4-sided",$719.00,,10,checked,
FWB-MOD001-0025,Faux Wood Beam MOD001 — FWB-MOD001,FWB-MOD001-0025,,"""Width — 6"""""",""Height — 6"""""",""Length — 12' (144"""")"",Sides — 3-sided",$648.00,,10,checked,
FWB-MOD001-0026,Faux Wood Beam MOD001 — FWB-MOD001,FWB-MOD001-0026,,"""Width — 6"""""",""Height — 6"""""",""Length — 12' (144"""")"",Sides — 4-sided",$863.00,,10,checked,
FWB-MOD001-0027,Faux Wood Beam MOD001 — FWB-MOD001,FWB-MOD001-0027,,"""Width — 6"""""",""Height — 6"""""",""Length — 16' (192"""")"",Sides — 3-sided",$863.00,,10,checked,
FWB-MOD001-0028,Faux Wood Beam MOD001 — FWB-MOD001,FWB-MOD001-0028,,"""Width — 6"""""",""Height — 6"""""",""Length — 16' (192"""")"",Sides — 4-sided",$1150.00,,10,checked,
FWB-MOD001-0029,Faux Wood Beam MOD001 — FWB-MOD001,FWB-MOD001-0029,,"""Width — 6"""""",""Height — 6"""""",""Length — 20' (240"""")"",Sides — 3-sided",$1079.00,,10,checked,
FWB-MOD001-0030,Faux Wood Beam MOD001 — FWB-MOD001,FWB-MOD001-0030,,"""Width — 6"""""",""Height — 6"""""",""Length — 20' (240"""")"",Sides — 4-sided",$1438.00,,10,checked,
FWB-MOD001-0031,Faux Wood Beam MOD001 — FWB-MOD001,FWB-MOD001-0031,,"""Width — 6"""""",""Height — 8"""""",""Length — 8' (96"""")"",Sides — 3-sided",$528.00,,10,checked,
FWB-MOD001-0032,Faux Wood Beam MOD001 — FWB-MOD001,FWB-MOD001-0032,,"""Width — 6"""""",""Height — 8"""""",""Length — 8' (96"""")"",Sides — 4-sided",$672.00,,10,checked,
FWB-MOD001-0033,Faux Wood Beam MOD001 — FWB-MOD001,FWB-MOD001-0033,,"""Width — 6"""""",""Height — 8"""""",""Length — 10' (120"""")"",Sides — 3-sided",$659.00,,10,checked,
FWB-MOD001-0034,Faux Wood Beam MOD001 — FWB-MOD001,FWB-MOD001-0034,,"""Width — 6"""""",""Height — 8"""""",""Length — 10' (120"""")"",Sides — 4-sided",$839.00,,10,checked,
FWB-MOD001-0035,Faux Wood Beam MOD001 — FWB-MOD001,FWB-MOD001-0035,,"""Width — 6"""""",""Height — 8"""""",""Length — 12' (144"""")"",Sides — 3-sided",$792.00,,10,checked,
FWB-MOD001-0036,Faux Wood Beam MOD001 — FWB-MOD001,FWB-MOD001-0036,,"""Width — 6"""""",""Height — 8"""""",""Length — 12' (144"""")"",Sides — 4-sided",$1007.00,,10,checked,
FWB-MOD001-0037,Faux Wood Beam MOD001 — FWB-MOD001,FWB-MOD001-0037,,"""Width — 6"""""",""Height — 8"""""",""Length — 16' (192"""")"",Sides — 3-sided",$1054.00,,10,checked,
FWB-MOD001-0038,Faux Wood Beam MOD001 — FWB-MOD001,FWB-MOD001-0038,,"""Width — 6"""""",""Height — 8"""""",""Length — 16' (192"""")"",Sides — 4-sided",$1342.00,,10,checked,
FWB-MOD001-0039,Faux Wood Beam MOD001 — FWB-MOD001,FWB-MOD001-0039,,"""Width — 6"""""",""Height — 8"""""",""Length — 20' (240"""")"",Sides — 3-sided",$1318.00,,10,checked,
FWB-MOD001-0040,Faux Wood Beam MOD001 — FWB-MOD001,FWB-MOD001-0040,,"""Width — 6"""""",""Height — 8"""""",""Length — 20' (240"""")"",Sides — 4-sided",$1677.00,,10,checked,
FWB-MOD001-0041,Faux Wood Beam MOD001 — FWB-MOD001,FWB-MOD001-0041,,"""Width — 8"""""",""Height — 8"""""",""Length — 8' (96"""")"",Sides — 3-sided",$575.00,,10,checked,
FWB-MOD001-0042,Faux Wood Beam MOD001 — FWB-MOD001,FWB-MOD001-0042,,"""Width — 8"""""",""Height — 8"""""",""Length — 8' (96"""")"",Sides — 4-sided",$767.00,,10,checked,
FWB-MOD001-0043,Faux Wood Beam MOD001 — FWB-MOD001,FWB-MOD001-0043,,"""Width — 8"""""",""Height — 8"""""",""Length — 10' (120"""")"",Sides — 3-sided",$719.00,,10,checked,
FWB-MOD001-0044,Faux Wood Beam MOD001 — FWB-MOD001,FWB-MOD001-0044,,"""Width — 8"""""",""Height — 8"""""",""Length — 10' (120"""")"",Sides — 4-sided",$959.00,,10,checked,
FWB-MOD001-0045,Faux Wood Beam MOD001 — FWB-MOD001,FWB-MOD001-0045,,"""Width — 8"""""",""Height — 8"""""",""Length — 12' (144"""")"",Sides — 3-sided",$863.00,,10,checked,
FWB-MOD001-0046,Faux Wood Beam MOD001 — FWB-MOD001,FWB-MOD001-0046,,"""Width — 8"""""",""Height — 8"""""",""Length — 12' (144"""")"",Sides — 4-sided",$1150.00,,10,checked,
FWB-MOD001-0047,Faux Wood Beam MOD001 — FWB-MOD001,FWB-MOD001-0047,,"""Width — 8"""""",""Height — 8"""""",""Length — 16' (192"""")"",Sides — 3-sided",$1150.00,,10,checked,
FWB-MOD001-0048,Faux Wood Beam MOD001 — FWB-MOD001,FWB-MOD001-0048,,"""Width — 8"""""",""Height — 8"""""",""Length — 16' (192"""")"",Sides — 4-sided",$1533.00,,10,checked,
FWB-MOD001-0049,Faux Wood Beam MOD001 — FWB-MOD001,FWB-MOD001-0049,,"""Width — 8"""""",""Height — 8"""""",""Length — 20' (240"""")"",Sides — 3-sided",$1438.00,,10,checked,
FWB-MOD001-0050,Faux Wood Beam MOD001 — FWB-MOD001,FWB-MOD001-0050,,"""Width — 8"""""",""Height — 8"""""",""Length — 20' (240"""")"",Sides — 4-sided",$1917.00,,10,checked,
FWB-MOD001-0051,Faux Wood Beam MOD001 — FWB-MOD001,FWB-MOD001-0051,,"""Width — 8"""""",""Height — 10"""""",""Length — 8' (96"""")"",Sides — 3-sided",$672.00,,10,checked,
FWB-MOD001-0052,Faux Wood Beam MOD001 — FWB-MOD001,FWB-MOD001-0052,,"""Width — 8"""""",""Height — 10"""""",""Length — 8' (96"""")"",Sides — 4-sided",$863.00,,10,checked,
FWB-MOD001-0053,Faux Wood Beam MOD001 — FWB-MOD001,FWB-MOD001-0053,,"""Width — 8"""""",""Height — 10"""""",""Length — 10' (120"""")"",Sides — 3-sided",$839.00,,10,checked,
FWB-MOD001-0054,Faux Wood Beam MOD001 — FWB-MOD001,FWB-MOD001-0054,,"""Width — 8"""""",""Height — 10"""""",""Length — 10' (120"""")"",Sides — 4-sided",$1079.00,,10,checked,
FWB-MOD001-0055,Faux Wood Beam MOD001 — FWB-MOD001,FWB-MOD001-0055,,"""Width — 8"""""",""Height — 10"""""",""Length — 12' (144"""")"",Sides — 3-sided",$1007.00,,10,checked,
FWB-MOD001-0056,Faux Wood Beam MOD001 — FWB-MOD001,FWB-MOD001-0056,,"""Width — 8"""""",""Height — 10"""""",""Length — 12' (144"""")"",Sides — 4-sided",$1294.00,,10,checked,
FWB-MOD001-0057,Faux Wood Beam MOD001 — FWB-MOD001,FWB-MOD001-0057,,"""Width — 8"""""",""Height — 10"""""",""Length — 16' (192"""")"",Sides — 3-sided",$1342.00,,10,checked,
FWB-MOD001-0058,Faux Wood Beam MOD001 — FWB-MOD001,FWB-MOD001-0058,,"""Width — 8"""""",""Height — 10"""""",""Length — 16' (192"""")"",Sides — 4-sided",$1725.00,,10,checked,
FWB-MOD001-0059,Faux Wood Beam MOD001 — FWB-MOD001,FWB-MOD001-0059,,"""Width — 8"""""",""Height — 10"""""",""Length — 20' (240"""")"",Sides — 3-sided",$1677.00,,10,checked,
FWB-MOD001-0060,Faux Wood Beam MOD001 — FWB-MOD001,FWB-MOD001-0060,,"""Width — 8"""""",""Height — 10"""""",""Length — 20' (240"""")"",Sides — 4-sided",$2157.00,,10,checked,
FWB-MOD001-0061,Faux Wood Beam MOD001 — FWB-MOD001,FWB-MOD001-0061,,"""Width — 10"""""",""Height — 10"""""",""Length — 8' (96"""")"",Sides — 3-sided",$719.00,,10,checked,
FWB-MOD001-0062,Faux Wood Beam MOD001 — FWB-MOD001,FWB-MOD001-0062,,"""Width — 10"""""",""Height — 10"""""",""Length — 8' (96"""")"",Sides — 4-sided",$959.00,,10,checked,
FWB-MOD001-0063,Faux Wood Beam MOD001 — FWB-MOD001,FWB-MOD001-0063,,"""Width — 10"""""",""Height — 10"""""",""Length — 10' (120"""")"",Sides — 3-sided",$899.00,,10,checked,
FWB-MOD001-0064,Faux Wood Beam MOD001 — FWB-MOD001,FWB-MOD001-0064,,"""Width — 10"""""",""Height — 10"""""",""Length — 10' (120"""")"",Sides — 4-sided",$1198.00,,10,checked,
FWB-MOD001-0065,Faux Wood Beam MOD001 — FWB-MOD001,FWB-MOD001-0065,,"""Width — 10"""""",""Height — 10"""""",""Length — 12' (144"""")"",Sides — 3-sided",$1079.00,,10,checked,
FWB-MOD001-0066,Faux Wood Beam MOD001 — FWB-MOD001,FWB-MOD001-0066,,"""Width — 10"""""",""Height — 10"""""",""Length — 12' (144"""")"",Sides — 4-sided",$1438.00,,10,checked,
FWB-MOD001-0067,Faux Wood Beam MOD001 — FWB-MOD001,FWB-MOD001-0067,,"""Width — 10"""""",""Height — 10"""""",""Length — 16' (192"""")"",Sides — 3-sided",$1438.00,,10,checked,
FWB-MOD001-0068,Faux Wood Beam MOD001 — FWB-MOD001,FWB-MOD001-0068,,"""Width — 10"""""",""Height — 10"""""",""Length — 16' (192"""")"",Sides — 4-sided",$1917.00,,10,checked,
FWB-MOD001-0069,Faux Wood Beam MOD001 — FWB-MOD001,FWB-MOD001-0069,,"""Width — 10"""""",""Height — 10"""""",""Length — 20' (240"""")"",Sides — 3-sided",$1797.00,,10,checked,
FWB-MOD001-0070,Faux Wood Beam MOD001 — FWB-MOD001,FWB-MOD001-0070,,"""Width — 10"""""",""Height — 10"""""",""Length — 20' (240"""")"",Sides — 4-sided",$2395.00,,10,checked,
FWB-MOD001-0071,Faux Wood Beam MOD001 — FWB-MOD001,FWB-MOD001-0071,,"""Width — 12"""""",""Height — 12"""""",""Length — 8' (96"""")"",Sides — 3-sided",$863.00,,10,checked,
FWB-MOD001-0072,Faux Wood Beam MOD001 — FWB-MOD001,FWB-MOD001-0072,,"""Width — 12"""""",""Height — 12"""""",""Length — 8' (96"""")"",Sides — 4-sided",$1150.00,,10,checked,
FWB-MOD001-0073,Faux Wood Beam MOD001 — FWB-MOD001,FWB-MOD001-0073,,"""Width — 12"""""",""Height — 12"""""",""Length — 10' (120"""")"",Sides — 3-sided",$1079.00,,10,checked,
FWB-MOD001-0074,Faux Wood Beam MOD001 — FWB-MOD001,FWB-MOD001-0074,,"""Width — 12"""""",""Height — 12"""""",""Length — 10' (120"""")"",Sides — 4-sided",$1438.00,,10,checked,
FWB-MOD001-0075,Faux Wood Beam MOD001 — FWB-MOD001,FWB-MOD001-0075,,"""Width — 12"""""",""Height — 12"""""",""Length — 12' (144"""")"",Sides — 3-sided",$1294.00,,10,checked,
FWB-MOD001-0076,Faux Wood Beam MOD001 — FWB-MOD001,FWB-MOD001-0076,,"""Width — 12"""""",""Height — 12"""""",""Length — 12' (144"""")"",Sides — 4-sided",$1725.00,,10,checked,
FWB-MOD001-0077,Faux Wood Beam MOD001 — FWB-MOD001,FWB-MOD001-0077,,"""Width — 12"""""",""Height — 12"""""",""Length — 16' (192"""")"",Sides — 3-sided",$1725.00,,10,checked,
FWB-MOD001-0078,Faux Wood Beam MOD001 — FWB-MOD001,FWB-MOD001-0078,,"""Width — 12"""""",""Height — 12"""""",""Length — 16' (192"""")"",Sides — 4-sided",$2299.00,,10,checked,
FWB-MOD001-0079,Faux Wood Beam MOD001 — FWB-MOD001,FWB-MOD001-0079,,"""Width — 12"""""",""Height — 12"""""",""Length — 20' (240"""")"",Sides — 3-sided",$2157.00,,10,checked,
FWB-MOD001-0080,Faux Wood Beam MOD001 — FWB-MOD001,FWB-MOD001-0080,,"""Width — 12"""""",""Height — 12"""""",""Length — 20' (240"""")"",Sides — 4-sided",$2874.00,,10,checked,
FWB-MOD001-0081,Faux Wood Beam MOD001 — FWB-MOD001,FWB-MOD001-0081,,"Width — Any Custom Size,Height — Any Custom Size,Length — Any Custom Size,Sides — Any Custom Size",,,10,checked,
FWB-MOD002-0001,Faux Wood Beam MOD002 — FWB-MOD002,FWB-MOD002-0001,,"""Width — 4"""""",""Height — 4"""""",""Length — 8' (96"""")"",Sides — 3-sided",$288.00,,10,checked,
FWB-MOD002-0002,Faux Wood Beam MOD002 — FWB-MOD002,FWB-MOD002-0002,,"""Width — 4"""""",""Height — 4"""""",""Length — 8' (96"""")"",Sides — 4-sided",$384.00,,10,checked,
FWB-MOD002-0003,Faux Wood Beam MOD002 — FWB-MOD002,FWB-MOD002-0003,,"""Width — 4"""""",""Height — 4"""""",""Length — 10' (120"""")"",Sides — 3-sided",$360.00,,10,checked,
FWB-MOD002-0004,Faux Wood Beam MOD002 — FWB-MOD002,FWB-MOD002-0004,,"""Width — 4"""""",""Height — 4"""""",""Length — 10' (120"""")"",Sides — 4-sided",$480.00,,10,checked,
FWB-MOD002-0005,Faux Wood Beam MOD002 — FWB-MOD002,FWB-MOD002-0005,,"""Width — 4"""""",""Height — 4"""""",""Length — 12' (144"""")"",Sides — 3-sided",$432.00,,10,checked,
FWB-MOD002-0006,Faux Wood Beam MOD002 — FWB-MOD002,FWB-MOD002-0006,,"""Width — 4"""""",""Height — 4"""""",""Length — 12' (144"""")"",Sides — 4-sided",$575.00,,10,checked,
FWB-MOD002-0007,Faux Wood Beam MOD002 — FWB-MOD002,FWB-MOD002-0007,,"""Width — 4"""""",""Height — 4"""""",""Length — 16' (192"""")"",Sides — 3-sided",$575.00,,10,checked,
FWB-MOD002-0008,Faux Wood Beam MOD002 — FWB-MOD002,FWB-MOD002-0008,,"""Width — 4"""""",""Height — 4"""""",""Length — 16' (192"""")"",Sides — 4-sided",$767.00,,10,checked,
FWB-MOD002-0009,Faux Wood Beam MOD002 — FWB-MOD002,FWB-MOD002-0009,,"""Width — 4"""""",""Height — 4"""""",""Length — 20' (240"""")"",Sides — 3-sided",$719.00,,10,checked,
FWB-MOD002-0010,Faux Wood Beam MOD002 — FWB-MOD002,FWB-MOD002-0010,,"""Width — 4"""""",""Height — 4"""""",""Length — 20' (240"""")"",Sides — 4-sided",$959.00,,10,checked,
FWB-MOD002-0011,Faux Wood Beam MOD002 — FWB-MOD002,FWB-MOD002-0011,,"""Width — 4"""""",""Height — 6"""""",""Length — 8' (96"""")"",Sides — 3-sided",$384.00,,10,checked,
FWB-MOD002-0012,Faux Wood Beam MOD002 — FWB-MOD002,FWB-MOD002-0012,,"""Width — 4"""""",""Height — 6"""""",""Length — 8' (96"""")"",Sides — 4-sided",$480.00,,10,checked,
FWB-MOD002-0013,Faux Wood Beam MOD002 — FWB-MOD002,FWB-MOD002-0013,,"""Width — 4"""""",""Height — 6"""""",""Length — 10' (120"""")"",Sides — 3-sided",$480.00,,10,checked,
FWB-MOD002-0014,Faux Wood Beam MOD002 — FWB-MOD002,FWB-MOD002-0014,,"""Width — 4"""""",""Height — 6"""""",""Length — 10' (120"""")"",Sides — 4-sided",$599.00,,10,checked,
FWB-MOD002-0015,Faux Wood Beam MOD002 — FWB-MOD002,FWB-MOD002-0015,,"""Width — 4"""""",""Height — 6"""""",""Length — 12' (144"""")"",Sides — 3-sided",$575.00,,10,checked,
FWB-MOD002-0016,Faux Wood Beam MOD002 — FWB-MOD002,FWB-MOD002-0016,,"""Width — 4"""""",""Height — 6"""""",""Length — 12' (144"""")"",Sides — 4-sided",$719.00,,10,checked,
FWB-MOD002-0017,Faux Wood Beam MOD002 — FWB-MOD002,FWB-MOD002-0017,,"""Width — 4"""""",""Height — 6"""""",""Length — 16' (192"""")"",Sides — 3-sided",$767.00,,10,checked,
FWB-MOD002-0018,Faux Wood Beam MOD002 — FWB-MOD002,FWB-MOD002-0018,,"""Width — 4"""""",""Height — 6"""""",""Length — 16' (192"""")"",Sides — 4-sided",$959.00,,10,checked,
FWB-MOD002-0019,Faux Wood Beam MOD002 — FWB-MOD002,FWB-MOD002-0019,,"""Width — 4"""""",""Height — 6"""""",""Length — 20' (240"""")"",Sides — 3-sided",$959.00,,10,checked,
FWB-MOD002-0020,Faux Wood Beam MOD002 — FWB-MOD002,FWB-MOD002-0020,,"""Width — 4"""""",""Height — 6"""""",""Length — 20' (240"""")"",Sides — 4-sided",$1198.00,,10,checked,
FWB-MOD002-0021,Faux Wood Beam MOD002 — FWB-MOD002,FWB-MOD002-0021,,"""Width — 6"""""",""Height — 6"""""",""Length — 8' (96"""")"",Sides — 3-sided",$432.00,,10,checked,
FWB-MOD002-0022,Faux Wood Beam MOD002 — FWB-MOD002,FWB-MOD002-0022,,"""Width — 6"""""",""Height — 6"""""",""Length — 8' (96"""")"",Sides — 4-sided",$575.00,,10,checked,
FWB-MOD002-0023,Faux Wood Beam MOD002 — FWB-MOD002,FWB-MOD002-0023,,"""Width — 6"""""",""Height — 6"""""",""Length — 10' (120"""")"",Sides — 3-sided",$540.00,,10,checked,
FWB-MOD002-0024,Faux Wood Beam MOD002 — FWB-MOD002,FWB-MOD002-0024,,"""Width — 6"""""",""Height — 6"""""",""Length — 10' (120"""")"",Sides — 4-sided",$719.00,,10,checked,
FWB-MOD002-0025,Faux Wood Beam MOD002 — FWB-MOD002,FWB-MOD002-0025,,"""Width — 6"""""",""Height — 6"""""",""Length — 12' (144"""")"",Sides — 3-sided",$648.00,,10,checked,
FWB-MOD002-0026,Faux Wood Beam MOD002 — FWB-MOD002,FWB-MOD002-0026,,"""Width — 6"""""",""Height — 6"""""",""Length — 12' (144"""")"",Sides — 4-sided",$863.00,,10,checked,
FWB-MOD002-0027,Faux Wood Beam MOD002 — FWB-MOD002,FWB-MOD002-0027,,"""Width — 6"""""",""Height — 6"""""",""Length — 16' (192"""")"",Sides — 3-sided",$863.00,,10,checked,
FWB-MOD002-0028,Faux Wood Beam MOD002 — FWB-MOD002,FWB-MOD002-0028,,"""Width — 6"""""",""Height — 6"""""",""Length — 16' (192"""")"",Sides — 4-sided",$1150.00,,10,checked,
FWB-MOD002-0029,Faux Wood Beam MOD002 — FWB-MOD002,FWB-MOD002-0029,,"""Width — 6"""""",""Height — 6"""""",""Length — 20' (240"""")"",Sides — 3-sided",$1079.00,,10,checked,
FWB-MOD002-0030,Faux Wood Beam MOD002 — FWB-MOD002,FWB-MOD002-0030,,"""Width — 6"""""",""Height — 6"""""",""Length — 20' (240"""")"",Sides — 4-sided",$1438.00,,10,checked,
FWB-MOD002-0031,Faux Wood Beam MOD002 — FWB-MOD002,FWB-MOD002-0031,,"""Width — 6"""""",""Height — 8"""""",""Length — 8' (96"""")"",Sides — 3-sided",$528.00,,10,checked,
FWB-MOD002-0032,Faux Wood Beam MOD002 — FWB-MOD002,FWB-MOD002-0032,,"""Width — 6"""""",""Height — 8"""""",""Length — 8' (96"""")"",Sides — 4-sided",$672.00,,10,checked,
FWB-MOD002-0033,Faux Wood Beam MOD002 — FWB-MOD002,FWB-MOD002-0033,,"""Width — 6"""""",""Height — 8"""""",""Length — 10' (120"""")"",Sides — 3-sided",$659.00,,10,checked,
FWB-MOD002-0034,Faux Wood Beam MOD002 — FWB-MOD002,FWB-MOD002-0034,,"""Width — 6"""""",""Height — 8"""""",""Length — 10' (120"""")"",Sides — 4-sided",$839.00,,10,checked,
FWB-MOD002-0035,Faux Wood Beam MOD002 — FWB-MOD002,FWB-MOD002-0035,,"""Width — 6"""""",""Height — 8"""""",""Length — 12' (144"""")"",Sides — 3-sided",$792.00,,10,checked,
FWB-MOD002-0036,Faux Wood Beam MOD002 — FWB-MOD002,FWB-MOD002-0036,,"""Width — 6"""""",""Height — 8"""""",""Length — 12' (144"""")"",Sides — 4-sided",$1007.00,,10,checked,
FWB-MOD002-0037,Faux Wood Beam MOD002 — FWB-MOD002,FWB-MOD002-0037,,"""Width — 6"""""",""Height — 8"""""",""Length — 16' (192"""")"",Sides — 3-sided",$1054.00,,10,checked,
FWB-MOD002-0038,Faux Wood Beam MOD002 — FWB-MOD002,FWB-MOD002-0038,,"""Width — 6"""""",""Height — 8"""""",""Length — 16' (192"""")"",Sides — 4-sided",$1342.00,,10,checked,
FWB-MOD002-0039,Faux Wood Beam MOD002 — FWB-MOD002,FWB-MOD002-0039,,"""Width — 6"""""",""Height — 8"""""",""Length — 20' (240"""")"",Sides — 3-sided",$1318.00,,10,checked,
FWB-MOD002-0040,Faux Wood Beam MOD002 — FWB-MOD002,FWB-MOD002-0040,,"""Width — 6"""""",""Height — 8"""""",""Length — 20' (240"""")"",Sides — 4-sided",$1677.00,,10,checked,
FWB-MOD002-0041,Faux Wood Beam MOD002 — FWB-MOD002,FWB-MOD002-0041,,"""Width — 8"""""",""Height — 8"""""",""Length — 8' (96"""")"",Sides — 3-sided",$575.00,,10,checked,
FWB-MOD002-0042,Faux Wood Beam MOD002 — FWB-MOD002,FWB-MOD002-0042,,"""Width — 8"""""",""Height — 8"""""",""Length — 8' (96"""")"",Sides — 4-sided",$767.00,,10,checked,
FWB-MOD002-0043,Faux Wood Beam MOD002 — FWB-MOD002,FWB-MOD002-0043,,"""Width — 8"""""",""Height — 8"""""",""Length — 10' (120"""")"",Sides — 3-sided",$719.00,,10,checked,
FWB-MOD002-0044,Faux Wood Beam MOD002 — FWB-MOD002,FWB-MOD002-0044,,"""Width — 8"""""",""Height — 8"""""",""Length — 10' (120"""")"",Sides — 4-sided",$959.00,,10,checked,
FWB-MOD002-0045,Faux Wood Beam MOD002 — FWB-MOD002,FWB-MOD002-0045,,"""Width — 8"""""",""Height — 8"""""",""Length — 12' (144"""")"",Sides — 3-sided",$863.00,,10,checked,
FWB-MOD002-0046,Faux Wood Beam MOD002 — FWB-MOD002,FWB-MOD002-0046,,"""Width — 8"""""",""Height — 8"""""",""Length — 12' (144"""")"",Sides — 4-sided",$1150.00,,10,checked,
FWB-MOD002-0047,Faux Wood Beam MOD002 — FWB-MOD002,FWB-MOD002-0047,,"""Width — 8"""""",""Height — 8"""""",""Length — 16' (192"""")"",Sides — 3-sided",$1150.00,,10,checked,
FWB-MOD002-0048,Faux Wood Beam MOD002 — FWB-MOD002,FWB-MOD002-0048,,"""Width — 8"""""",""Height — 8"""""",""Length — 16' (192"""")"",Sides — 4-sided",$1533.00,,10,checked,
FWB-MOD002-0049,Faux Wood Beam MOD002 — FWB-MOD002,FWB-MOD002-0049,,"""Width — 8"""""",""Height — 8"""""",""Length — 20' (240"""")"",Sides — 3-sided",$1438.00,,10,checked,
FWB-MOD002-0050,Faux Wood Beam MOD002 — FWB-MOD002,FWB-MOD002-0050,,"""Width — 8"""""",""Height — 8"""""",""Length — 20' (240"""")"",Sides — 4-sided",$1917.00,,10,checked,
FWB-MOD002-0051,Faux Wood Beam MOD002 — FWB-MOD002,FWB-MOD002-0051,,"""Width — 8"""""",""Height — 10"""""",""Length — 8' (96"""")"",Sides — 3-sided",$672.00,,10,checked,
FWB-MOD002-0052,Faux Wood Beam MOD002 — FWB-MOD002,FWB-MOD002-0052,,"""Width — 8"""""",""Height — 10"""""",""Length — 8' (96"""")"",Sides — 4-sided",$863.00,,10,checked,
FWB-MOD002-0053,Faux Wood Beam MOD002 — FWB-MOD002,FWB-MOD002-0053,,"""Width — 8"""""",""Height — 10"""""",""Length — 10' (120"""")"",Sides — 3-sided",$839.00,,10,checked,
FWB-MOD002-0054,Faux Wood Beam MOD002 — FWB-MOD002,FWB-MOD002-0054,,"""Width — 8"""""",""Height — 10"""""",""Length — 10' (120"""")"",Sides — 4-sided",$1079.00,,10,checked,
FWB-MOD002-0055,Faux Wood Beam MOD002 — FWB-MOD002,FWB-MOD002-0055,,"""Width — 8"""""",""Height — 10"""""",""Length — 12' (144"""")"",Sides — 3-sided",$1007.00,,10,checked,
FWB-MOD002-0056,Faux Wood Beam MOD002 — FWB-MOD002,FWB-MOD002-0056,,"""Width — 8"""""",""Height — 10"""""",""Length — 12' (144"""")"",Sides — 4-sided",$1294.00,,10,checked,
FWB-MOD002-0057,Faux Wood Beam MOD002 — FWB-MOD002,FWB-MOD002-0057,,"""Width — 8"""""",""Height — 10"""""",""Length — 16' (192"""")"",Sides — 3-sided",$1342.00,,10,checked,
FWB-MOD002-0058,Faux Wood Beam MOD002 — FWB-MOD002,FWB-MOD002-0058,,"""Width — 8"""""",""Height — 10"""""",""Length — 16' (192"""")"",Sides — 4-sided",$1725.00,,10,checked,
FWB-MOD002-0059,Faux Wood Beam MOD002 — FWB-MOD002,FWB-MOD002-0059,,"""Width — 8"""""",""Height — 10"""""",""Length — 20' (240"""")"",Sides — 3-sided",$1677.00,,10,checked,
FWB-MOD002-0060,Faux Wood Beam MOD002 — FWB-MOD002,FWB-MOD002-0060,,"""Width — 8"""""",""Height — 10"""""",""Length — 20' (240"""")"",Sides — 4-sided",$2157.00,,10,checked,
FWB-MOD002-0061,Faux Wood Beam MOD002 — FWB-MOD002,FWB-MOD002-0061,,"""Width — 10"""""",""Height — 10"""""",""Length — 8' (96"""")"",Sides — 3-sided",$719.00,,10,checked,
FWB-MOD002-0062,Faux Wood Beam MOD002 — FWB-MOD002,FWB-MOD002-0062,,"""Width — 10"""""",""Height — 10"""""",""Length — 8' (96"""")"",Sides — 4-sided",$959.00,,10,checked,
FWB-MOD002-0063,Faux Wood Beam MOD002 — FWB-MOD002,FWB-MOD002-0063,,"""Width — 10"""""",""Height — 10"""""",""Length — 10' (120"""")"",Sides — 3-sided",$899.00,,10,checked,
FWB-MOD002-0064,Faux Wood Beam MOD002 — FWB-MOD002,FWB-MOD002-0064,,"""Width — 10"""""",""Height — 10"""""",""Length — 10' (120"""")"",Sides — 4-sided",$1198.00,,10,checked,
FWB-MOD002-0065,Faux Wood Beam MOD002 — FWB-MOD002,FWB-MOD002-0065,,"""Width — 10"""""",""Height — 10"""""",""Length — 12' (144"""")"",Sides — 3-sided",$1079.00,,10,checked,
FWB-MOD002-0066,Faux Wood Beam MOD002 — FWB-MOD002,FWB-MOD002-0066,,"""Width — 10"""""",""Height — 10"""""",""Length — 12' (144"""")"",Sides — 4-sided",$1438.00,,10,checked,
FWB-MOD002-0067,Faux Wood Beam MOD002 — FWB-MOD002,FWB-MOD002-0067,,"""Width — 10"""""",""Height — 10"""""",""Length — 16' (192"""")"",Sides — 3-sided",$1438.00,,10,checked,
FWB-MOD002-0068,Faux Wood Beam MOD002 — FWB-MOD002,FWB-MOD002-0068,,"""Width — 10"""""",""Height — 10"""""",""Length — 16' (192"""")"",Sides — 4-sided",$1917.00,,10,checked,
FWB-MOD002-0069,Faux Wood Beam MOD002 — FWB-MOD002,FWB-MOD002-0069,,"""Width — 10"""""",""Height — 10"""""",""Length — 20' (240"""")"",Sides — 3-sided",$1797.00,,10,checked,
FWB-MOD002-0070,Faux Wood Beam MOD002 — FWB-MOD002,FWB-MOD002-0070,,"""Width — 10"""""",""Height — 10"""""",""Length — 20' (240"""")"",Sides — 4-sided",$2395.00,,10,checked,
FWB-MOD002-0071,Faux Wood Beam MOD002 — FWB-MOD002,FWB-MOD002-0071,,"""Width — 12"""""",""Height — 12"""""",""Length — 8' (96"""")"",Sides — 3-sided",$863.00,,10,checked,
FWB-MOD002-0072,Faux Wood Beam MOD002 — FWB-MOD002,FWB-MOD002-0072,,"""Width — 12"""""",""Height — 12"""""",""Length — 8' (96"""")"",Sides — 4-sided",$1150.00,,10,checked,
FWB-MOD002-0073,Faux Wood Beam MOD002 — FWB-MOD002,FWB-MOD002-0073,,"""Width — 12"""""",""Height — 12"""""",""Length — 10' (120"""")"",Sides — 3-sided",$1079.00,,10,checked,
FWB-MOD002-0074,Faux Wood Beam MOD002 — FWB-MOD002,FWB-MOD002-0074,,"""Width — 12"""""",""Height — 12"""""",""Length — 10' (120"""")"",Sides — 4-sided",$1438.00,,10,checked,
FWB-MOD002-0075,Faux Wood Beam MOD002 — FWB-MOD002,FWB-MOD002-0075,,"""Width — 12"""""",""Height — 12"""""",""Length — 12' (144"""")"",Sides — 3-sided",$1294.00,,10,checked,
FWB-MOD002-0076,Faux Wood Beam MOD002 — FWB-MOD002,FWB-MOD002-0076,,"""Width — 12"""""",""Height — 12"""""",""Length — 12' (144"""")"",Sides — 4-sided",$1725.00,,10,checked,
FWB-MOD002-0077,Faux Wood Beam MOD002 — FWB-MOD002,FWB-MOD002-0077,,"""Width — 12"""""",""Height — 12"""""",""Length — 16' (192"""")"",Sides — 3-sided",$1725.00,,10,checked,
FWB-MOD002-0078,Faux Wood Beam MOD002 — FWB-MOD002,FWB-MOD002-0078,,"""Width — 12"""""",""Height — 12"""""",""Length — 16' (192"""")"",Sides — 4-sided",$2299.00,,10,checked,
FWB-MOD002-0079,Faux Wood Beam MOD002 — FWB-MOD002,FWB-MOD002-0079,,"""Width — 12"""""",""Height — 12"""""",""Length — 20' (240"""")"",Sides — 3-sided",$2157.00,,10,checked,
FWB-MOD002-0080,Faux Wood Beam MOD002 — FWB-MOD002,FWB-MOD002-0080,,"""Width — 12"""""",""Height — 12"""""",""Length — 20' (240"""")"",Sides — 4-sided",$2874.00,,10,checked,
FWB-MOD002-0081,Faux Wood Beam MOD002 — FWB-MOD002,FWB-MOD002-0081,,"Width — Any Custom Size,Height — Any Custom Size,Length — Any Custom Size,Sides — Any Custom Size",,,10,checked,
FWB-MOD003-0001,Faux Wood Beam MOD003 — FWB-MOD003,FWB-MOD003-0001,,"""Width — 4"""""",""Height — 4"""""",""Length — 8' (96"""")"",Sides — 3-sided",$288.00,,10,checked,
FWB-MOD003-0002,Faux Wood Beam MOD003 — FWB-MOD003,FWB-MOD003-0002,,"""Width — 4"""""",""Height — 4"""""",""Length — 8' (96"""")"",Sides — 4-sided",$384.00,,10,checked,
FWB-MOD003-0003,Faux Wood Beam MOD003 — FWB-MOD003,FWB-MOD003-0003,,"""Width — 4"""""",""Height — 4"""""",""Length — 10' (120"""")"",Sides — 3-sided",$360.00,,10,checked,
FWB-MOD003-0004,Faux Wood Beam MOD003 — FWB-MOD003,FWB-MOD003-0004,,"""Width — 4"""""",""Height — 4"""""",""Length — 10' (120"""")"",Sides — 4-sided",$480.00,,10,checked,
FWB-MOD003-0005,Faux Wood Beam MOD003 — FWB-MOD003,FWB-MOD003-0005,,"""Width — 4"""""",""Height — 4"""""",""Length — 12' (144"""")"",Sides — 3-sided",$432.00,,10,checked,
FWB-MOD003-0006,Faux Wood Beam MOD003 — FWB-MOD003,FWB-MOD003-0006,,"""Width — 4"""""",""Height — 4"""""",""Length — 12' (144"""")"",Sides — 4-sided",$575.00,,10,checked,
FWB-MOD003-0007,Faux Wood Beam MOD003 — FWB-MOD003,FWB-MOD003-0007,,"""Width — 4"""""",""Height — 4"""""",""Length — 16' (192"""")"",Sides — 3-sided",$575.00,,10,checked,
FWB-MOD003-0008,Faux Wood Beam MOD003 — FWB-MOD003,FWB-MOD003-0008,,"""Width — 4"""""",""Height — 4"""""",""Length — 16' (192"""")"",Sides — 4-sided",$767.00,,10,checked,
FWB-MOD003-0009,Faux Wood Beam MOD003 — FWB-MOD003,FWB-MOD003-0009,,"""Width — 4"""""",""Height — 4"""""",""Length — 20' (240"""")"",Sides — 3-sided",$719.00,,10,checked,
FWB-MOD003-0010,Faux Wood Beam MOD003 — FWB-MOD003,FWB-MOD003-0010,,"""Width — 4"""""",""Height — 4"""""",""Length — 20' (240"""")"",Sides — 4-sided",$959.00,,10,checked,
FWB-MOD003-0011,Faux Wood Beam MOD003 — FWB-MOD003,FWB-MOD003-0011,,"""Width — 4"""""",""Height — 6"""""",""Length — 8' (96"""")"",Sides — 3-sided",$384.00,,10,checked,
FWB-MOD003-0012,Faux Wood Beam MOD003 — FWB-MOD003,FWB-MOD003-0012,,"""Width — 4"""""",""Height — 6"""""",""Length — 8' (96"""")"",Sides — 4-sided",$480.00,,10,checked,
FWB-MOD003-0013,Faux Wood Beam MOD003 — FWB-MOD003,FWB-MOD003-0013,,"""Width — 4"""""",""Height — 6"""""",""Length — 10' (120"""")"",Sides — 3-sided",$480.00,,10,checked,
FWB-MOD003-0014,Faux Wood Beam MOD003 — FWB-MOD003,FWB-MOD003-0014,,"""Width — 4"""""",""Height — 6"""""",""Length — 10' (120"""")"",Sides — 4-sided",$599.00,,10,checked,
FWB-MOD003-0015,Faux Wood Beam MOD003 — FWB-MOD003,FWB-MOD003-0015,,"""Width — 4"""""",""Height — 6"""""",""Length — 12' (144"""")"",Sides — 3-sided",$575.00,,10,checked,
FWB-MOD003-0016,Faux Wood Beam MOD003 — FWB-MOD003,FWB-MOD003-0016,,"""Width — 4"""""",""Height — 6"""""",""Length — 12' (144"""")"",Sides — 4-sided",$719.00,,10,checked,
FWB-MOD003-0017,Faux Wood Beam MOD003 — FWB-MOD003,FWB-MOD003-0017,,"""Width — 4"""""",""Height — 6"""""",""Length — 16' (192"""")"",Sides — 3-sided",$767.00,,10,checked,
FWB-MOD003-0018,Faux Wood Beam MOD003 — FWB-MOD003,FWB-MOD003-0018,,"""Width — 4"""""",""Height — 6"""""",""Length — 16' (192"""")"",Sides — 4-sided",$959.00,,10,checked,
FWB-MOD003-0019,Faux Wood Beam MOD003 — FWB-MOD003,FWB-MOD003-0019,,"""Width — 4"""""",""Height — 6"""""",""Length — 20' (240"""")"",Sides — 3-sided",$959.00,,10,checked,
FWB-MOD003-0020,Faux Wood Beam MOD003 — FWB-MOD003,FWB-MOD003-0020,,"""Width — 4"""""",""Height — 6"""""",""Length — 20' (240"""")"",Sides — 4-sided",$1198.00,,10,checked,
FWB-MOD003-0021,Faux Wood Beam MOD003 — FWB-MOD003,FWB-MOD003-0021,,"""Width — 6"""""",""Height — 6"""""",""Length — 8' (96"""")"",Sides — 3-sided",$432.00,,10,checked,
FWB-MOD003-0022,Faux Wood Beam MOD003 — FWB-MOD003,FWB-MOD003-0022,,"""Width — 6"""""",""Height — 6"""""",""Length — 8' (96"""")"",Sides — 4-sided",$575.00,,10,checked,
FWB-MOD003-0023,Faux Wood Beam MOD003 — FWB-MOD003,FWB-MOD003-0023,,"""Width — 6"""""",""Height — 6"""""",""Length — 10' (120"""")"",Sides — 3-sided",$540.00,,10,checked,
FWB-MOD003-0024,Faux Wood Beam MOD003 — FWB-MOD003,FWB-MOD003-0024,,"""Width — 6"""""",""Height — 6"""""",""Length — 10' (120"""")"",Sides — 4-sided",$719.00,,10,checked,
FWB-MOD003-0025,Faux Wood Beam MOD003 — FWB-MOD003,FWB-MOD003-0025,,"""Width — 6"""""",""Height — 6"""""",""Length — 12' (144"""")"",Sides — 3-sided",$648.00,,10,checked,
FWB-MOD003-0026,Faux Wood Beam MOD003 — FWB-MOD003,FWB-MOD003-0026,,"""Width — 6"""""",""Height — 6"""""",""Length — 12' (144"""")"",Sides — 4-sided",$863.00,,10,checked,
FWB-MOD003-0027,Faux Wood Beam MOD003 — FWB-MOD003,FWB-MOD003-0027,,"""Width — 6"""""",""Height — 6"""""",""Length — 16' (192"""")"",Sides — 3-sided",$863.00,,10,checked,
FWB-MOD003-0028,Faux Wood Beam MOD003 — FWB-MOD003,FWB-MOD003-0028,,"""Width — 6"""""",""Height — 6"""""",""Length — 16' (192"""")"",Sides — 4-sided",$1150.00,,10,checked,
FWB-MOD003-0029,Faux Wood Beam MOD003 — FWB-MOD003,FWB-MOD003-0029,,"""Width — 6"""""",""Height — 6"""""",""Length — 20' (240"""")"",Sides — 3-sided",$1079.00,,10,checked,
FWB-MOD003-0030,Faux Wood Beam MOD003 — FWB-MOD003,FWB-MOD003-0030,,"""Width — 6"""""",""Height — 6"""""",""Length — 20' (240"""")"",Sides — 4-sided",$1438.00,,10,checked,
FWB-MOD003-0031,Faux Wood Beam MOD003 — FWB-MOD003,FWB-MOD003-0031,,"""Width — 6"""""",""Height — 8"""""",""Length — 8' (96"""")"",Sides — 3-sided",$528.00,,10,checked,
FWB-MOD003-0032,Faux Wood Beam MOD003 — FWB-MOD003,FWB-MOD003-0032,,"""Width — 6"""""",""Height — 8"""""",""Length — 8' (96"""")"",Sides — 4-sided",$672.00,,10,checked,
FWB-MOD003-0033,Faux Wood Beam MOD003 — FWB-MOD003,FWB-MOD003-0033,,"""Width — 6"""""",""Height — 8"""""",""Length — 10' (120"""")"",Sides — 3-sided",$659.00,,10,checked,
FWB-MOD003-0034,Faux Wood Beam MOD003 — FWB-MOD003,FWB-MOD003-0034,,"""Width — 6"""""",""Height — 8"""""",""Length — 10' (120"""")"",Sides — 4-sided",$839.00,,10,checked,
FWB-MOD003-0035,Faux Wood Beam MOD003 — FWB-MOD003,FWB-MOD003-0035,,"""Width — 6"""""",""Height — 8"""""",""Length — 12' (144"""")"",Sides — 3-sided",$792.00,,10,checked,
FWB-MOD003-0036,Faux Wood Beam MOD003 — FWB-MOD003,FWB-MOD003-0036,,"""Width — 6"""""",""Height — 8"""""",""Length — 12' (144"""")"",Sides — 4-sided",$1007.00,,10,checked,
FWB-MOD003-0037,Faux Wood Beam MOD003 — FWB-MOD003,FWB-MOD003-0037,,"""Width — 6"""""",""Height — 8"""""",""Length — 16' (192"""")"",Sides — 3-sided",$1054.00,,10,checked,
FWB-MOD003-0038,Faux Wood Beam MOD003 — FWB-MOD003,FWB-MOD003-0038,,"""Width — 6"""""",""Height — 8"""""",""Length — 16' (192"""")"",Sides — 4-sided",$1342.00,,10,checked,
FWB-MOD003-0039,Faux Wood Beam MOD003 — FWB-MOD003,FWB-MOD003-0039,,"""Width — 6"""""",""Height — 8"""""",""Length — 20' (240"""")"",Sides — 3-sided",$1318.00,,10,checked,
FWB-MOD003-0040,Faux Wood Beam MOD003 — FWB-MOD003,FWB-MOD003-0040,,"""Width — 6"""""",""Height — 8"""""",""Length — 20' (240"""")"",Sides — 4-sided",$1677.00,,10,checked,
FWB-MOD003-0041,Faux Wood Beam MOD003 — FWB-MOD003,FWB-MOD003-0041,,"""Width — 8"""""",""Height — 8"""""",""Length — 8' (96"""")"",Sides — 3-sided",$575.00,,10,checked,
FWB-MOD003-0042,Faux Wood Beam MOD003 — FWB-MOD003,FWB-MOD003-0042,,"""Width — 8"""""",""Height — 8"""""",""Length — 8' (96"""")"",Sides — 4-sided",$767.00,,10,checked,
FWB-MOD003-0043,Faux Wood Beam MOD003 — FWB-MOD003,FWB-MOD003-0043,,"""Width — 8"""""",""Height — 8"""""",""Length — 10' (120"""")"",Sides — 3-sided",$719.00,,10,checked,
FWB-MOD003-0044,Faux Wood Beam MOD003 — FWB-MOD003,FWB-MOD003-0044,,"""Width — 8"""""",""Height — 8"""""",""Length — 10' (120"""")"",Sides — 4-sided",$959.00,,10,checked,
FWB-MOD003-0045,Faux Wood Beam MOD003 — FWB-MOD003,FWB-MOD003-0045,,"""Width — 8"""""",""Height — 8"""""",""Length — 12' (144"""")"",Sides — 3-sided",$863.00,,10,checked,
FWB-MOD003-0046,Faux Wood Beam MOD003 — FWB-MOD003,FWB-MOD003-0046,,"""Width — 8"""""",""Height — 8"""""",""Length — 12' (144"""")"",Sides — 4-sided",$1150.00,,10,checked,
FWB-MOD003-0047,Faux Wood Beam MOD003 — FWB-MOD003,FWB-MOD003-0047,,"""Width — 8"""""",""Height — 8"""""",""Length — 16' (192"""")"",Sides — 3-sided",$1150.00,,10,checked,
FWB-MOD003-0048,Faux Wood Beam MOD003 — FWB-MOD003,FWB-MOD003-0048,,"""Width — 8"""""",""Height — 8"""""",""Length — 16' (192"""")"",Sides — 4-sided",$1533.00,,10,checked,
FWB-MOD003-0049,Faux Wood Beam MOD003 — FWB-MOD003,FWB-MOD003-0049,,"""Width — 8"""""",""Height — 8"""""",""Length — 20' (240"""")"",Sides — 3-sided",$1438.00,,10,checked,
FWB-MOD003-0050,Faux Wood Beam MOD003 — FWB-MOD003,FWB-MOD003-0050,,"""Width — 8"""""",""Height — 8"""""",""Length — 20' (240"""")"",Sides — 4-sided",$1917.00,,10,checked,
FWB-MOD003-0051,Faux Wood Beam MOD003 — FWB-MOD003,FWB-MOD003-0051,,"""Width — 8"""""",""Height — 10"""""",""Length — 8' (96"""")"",Sides — 3-sided",$672.00,,10,checked,
FWB-MOD003-0052,Faux Wood Beam MOD003 — FWB-MOD003,FWB-MOD003-0052,,"""Width — 8"""""",""Height — 10"""""",""Length — 8' (96"""")"",Sides — 4-sided",$863.00,,10,checked,
FWB-MOD003-0053,Faux Wood Beam MOD003 — FWB-MOD003,FWB-MOD003-0053,,"""Width — 8"""""",""Height — 10"""""",""Length — 10' (120"""")"",Sides — 3-sided",$839.00,,10,checked,
FWB-MOD003-0054,Faux Wood Beam MOD003 — FWB-MOD003,FWB-MOD003-0054,,"""Width — 8"""""",""Height — 10"""""",""Length — 10' (120"""")"",Sides — 4-sided",$1079.00,,10,checked,
FWB-MOD003-0055,Faux Wood Beam MOD003 — FWB-MOD003,FWB-MOD003-0055,,"""Width — 8"""""",""Height — 10"""""",""Length — 12' (144"""")"",Sides — 3-sided",$1007.00,,10,checked,
FWB-MOD003-0056,Faux Wood Beam MOD003 — FWB-MOD003,FWB-MOD003-0056,,"""Width — 8"""""",""Height — 10"""""",""Length — 12' (144"""")"",Sides — 4-sided",$1294.00,,10,checked,
FWB-MOD003-0057,Faux Wood Beam MOD003 — FWB-MOD003,FWB-MOD003-0057,,"""Width — 8"""""",""Height — 10"""""",""Length — 16' (192"""")"",Sides — 3-sided",$1342.00,,10,checked,
FWB-MOD003-0058,Faux Wood Beam MOD003 — FWB-MOD003,FWB-MOD003-0058,,"""Width — 8"""""",""Height — 10"""""",""Length — 16' (192"""")"",Sides — 4-sided",$1725.00,,10,checked,
FWB-MOD003-0059,Faux Wood Beam MOD003 — FWB-MOD003,FWB-MOD003-0059,,"""Width — 8"""""",""Height — 10"""""",""Length — 20' (240"""")"",Sides — 3-sided",$1677.00,,10,checked,
FWB-MOD003-0060,Faux Wood Beam MOD003 — FWB-MOD003,FWB-MOD003-0060,,"""Width — 8"""""",""Height — 10"""""",""Length — 20' (240"""")"",Sides — 4-sided",$2157.00,,10,checked,
FWB-MOD003-0061,Faux Wood Beam MOD003 — FWB-MOD003,FWB-MOD003-0061,,"""Width — 10"""""",""Height — 10"""""",""Length — 8' (96"""")"",Sides — 3-sided",$719.00,,10,checked,
FWB-MOD003-0062,Faux Wood Beam MOD003 — FWB-MOD003,FWB-MOD003-0062,,"""Width — 10"""""",""Height — 10"""""",""Length — 8' (96"""")"",Sides — 4-sided",$959.00,,10,checked,
FWB-MOD003-0063,Faux Wood Beam MOD003 — FWB-MOD003,FWB-MOD003-0063,,"""Width — 10"""""",""Height — 10"""""",""Length — 10' (120"""")"",Sides — 3-sided",$899.00,,10,checked,
FWB-MOD003-0064,Faux Wood Beam MOD003 — FWB-MOD003,FWB-MOD003-0064,,"""Width — 10"""""",""Height — 10"""""",""Length — 10' (120"""")"",Sides — 4-sided",$1198.00,,10,checked,
FWB-MOD003-0065,Faux Wood Beam MOD003 — FWB-MOD003,FWB-MOD003-0065,,"""Width — 10"""""",""Height — 10"""""",""Length — 12' (144"""")"",Sides — 3-sided",$1079.00,,10,checked,
FWB-MOD003-0066,Faux Wood Beam MOD003 — FWB-MOD003,FWB-MOD003-0066,,"""Width — 10"""""",""Height — 10"""""",""Length — 12' (144"""")"",Sides — 4-sided",$1438.00,,10,checked,
FWB-MOD003-0067,Faux Wood Beam MOD003 — FWB-MOD003,FWB-MOD003-0067,,"""Width — 10"""""",""Height — 10"""""",""Length — 16' (192"""")"",Sides — 3-sided",$1438.00,,10,checked,
FWB-MOD003-0068,Faux Wood Beam MOD003 — FWB-MOD003,FWB-MOD003-0068,,"""Width — 10"""""",""Height — 10"""""",""Length — 16' (192"""")"",Sides — 4-sided",$1917.00,,10,checked,
FWB-MOD003-0069,Faux Wood Beam MOD003 — FWB-MOD003,FWB-MOD003-0069,,"""Width — 10"""""",""Height — 10"""""",""Length — 20' (240"""")"",Sides — 3-sided",$1797.00,,10,checked,
FWB-MOD003-0070,Faux Wood Beam MOD003 — FWB-MOD003,FWB-MOD003-0070,,"""Width — 10"""""",""Height — 10"""""",""Length — 20' (240"""")"",Sides — 4-sided",$2395.00,,10,checked,
FWB-MOD003-0071,Faux Wood Beam MOD003 — FWB-MOD003,FWB-MOD003-0071,,"""Width — 12"""""",""Height — 12"""""",""Length — 8' (96"""")"",Sides — 3-sided",$863.00,,10,checked,
FWB-MOD003-0072,Faux Wood Beam MOD003 — FWB-MOD003,FWB-MOD003-0072,,"""Width — 12"""""",""Height — 12"""""",""Length — 8' (96"""")"",Sides — 4-sided",$1150.00,,10,checked,
FWB-MOD003-0073,Faux Wood Beam MOD003 — FWB-MOD003,FWB-MOD003-0073,,"""Width — 12"""""",""Height — 12"""""",""Length — 10' (120"""")"",Sides — 3-sided",$1079.00,,10,checked,
FWB-MOD003-0074,Faux Wood Beam MOD003 — FWB-MOD003,FWB-MOD003-0074,,"""Width — 12"""""",""Height — 12"""""",""Length — 10' (120"""")"",Sides — 4-sided",$1438.00,,10,checked,
FWB-MOD003-0075,Faux Wood Beam MOD003 — FWB-MOD003,FWB-MOD003-0075,,"""Width — 12"""""",""Height — 12"""""",""Length — 12' (144"""")"",Sides — 3-sided",$1294.00,,10,checked,
FWB-MOD003-0076,Faux Wood Beam MOD003 — FWB-MOD003,FWB-MOD003-0076,,"""Width — 12"""""",""Height — 12"""""",""Length — 12' (144"""")"",Sides — 4-sided",$1725.00,,10,checked,
FWB-MOD003-0077,Faux Wood Beam MOD003 — FWB-MOD003,FWB-MOD003-0077,,"""Width — 12"""""",""Height — 12"""""",""Length — 16' (192"""")"",Sides — 3-sided",$1725.00,,10,checked,
FWB-MOD003-0078,Faux Wood Beam MOD003 — FWB-MOD003,FWB-MOD003-0078,,"""Width — 12"""""",""Height — 12"""""",""Length — 16' (192"""")"",Sides — 4-sided",$2299.00,,10,checked,
FWB-MOD003-0079,Faux Wood Beam MOD003 — FWB-MOD003,FWB-MOD003-0079,,"""Width — 12"""""",""Height — 12"""""",""Length — 20' (240"""")"",Sides — 3-sided",$2157.00,,10,checked,
FWB-MOD003-0080,Faux Wood Beam MOD003 — FWB-MOD003,FWB-MOD003-0080,,"""Width — 12"""""",""Height — 12"""""",""Length — 20' (240"""")"",Sides — 4-sided",$2874.00,,10,checked,
FWB-MOD003-0081,Faux Wood Beam MOD003 — FWB-MOD003,FWB-MOD003-0081,,"Width — Any Custom Size,Height — Any Custom Size,Length — Any Custom Size,Sides — Any Custom Size",,,10,checked,
CFWP-MOD001-0001,Ceiling Faux Wood Plank MOD001 — CFWP-MOD001,CFWP-MOD001-0001,,"""Width — 6"""""",""Height — 1"""""",""Length — 8' (96"""")""",$144.00,,10,checked,
CFWP-MOD001-0002,Ceiling Faux Wood Plank MOD001 — CFWP-MOD001,CFWP-MOD001-0002,,"""Width — 6"""""",""Height — 1"""""",""Length — 10' (120"""")""",$180.00,,10,checked,
CFWP-MOD001-0003,Ceiling Faux Wood Plank MOD001 — CFWP-MOD001,CFWP-MOD001-0003,,"""Width — 6"""""",""Height — 1"""""",""Length — 12' (144"""")""",$217.00,,10,checked,
CFWP-MOD001-0004,Ceiling Faux Wood Plank MOD001 — CFWP-MOD001,CFWP-MOD001-0004,,"""Width — 6"""""",""Height — 1"""""",""Length — 16' (192"""")""",$288.00,,10,checked,
CFWP-MOD001-0005,Ceiling Faux Wood Plank MOD001 — CFWP-MOD001,CFWP-MOD001-0005,,"""Width — 8"""""",""Height — 1"""""",""Length — 8' (96"""")""",$193.00,,10,checked,
CFWP-MOD001-0006-1,Ceiling Faux Wood Plank MOD001 — CFWP-MOD001,CFWP-MOD001-0006-1,OK,"""Width — 8"""""",""Height — 1"""""",""Length — 10' (120"""")""",$240.00,,10,checked,
CFWP-MOD001-0007,Ceiling Faux Wood Plank MOD001 — CFWP-MOD001,CFWP-MOD001-0007,,"""Width — 8"""""",""Height — 1"""""",""Length — 12' (144"""")""",$288.00,,10,checked,
CFWP-MOD001-0008,Ceiling Faux Wood Plank MOD001 — CFWP-MOD001,CFWP-MOD001-0008,,"""Width — 8"""""",""Height — 1"""""",""Length — 16' (192"""")""",$384.00,,10,checked,
CFWP-MOD001-0009,Ceiling Faux Wood Plank MOD001 — CFWP-MOD001,CFWP-MOD001-0009,,"""Width — 10"""""",""Height — 1"""""",""Length — 8' (96"""")""",$240.00,,10,checked,
CFWP-MOD001-0010,Ceiling Faux Wood Plank MOD001 — CFWP-MOD001,CFWP-MOD001-0010,,"""Width — 10"""""",""Height — 1"""""",""Length — 10' (120"""")""",$300.00,,10,checked,
CFWP-MOD001-0011,Ceiling Faux Wood Plank MOD001 — CFWP-MOD001,CFWP-MOD001-0011,,"""Width — 10"""""",""Height — 1"""""",""Length — 12' (144"""")""",$360.00,,10,checked,
CFWP-MOD001-0012,Ceiling Faux Wood Plank MOD001 — CFWP-MOD001,CFWP-MOD001-0012,,"""Width — 10"""""",""Height — 1"""""",""Length — 16' (192"""")""",$480.00,,10,checked,
CFWP-MOD001-0013,Ceiling Faux Wood Plank MOD001 — CFWP-MOD001,CFWP-MOD001-0013,,"""Width — 12"""""",""Height — 1"""""",""Length — 8' (96"""")""",$288.00,,10,checked,
CFWP-MOD001-0014,Ceiling Faux Wood Plank MOD001 — CFWP-MOD001,CFWP-MOD001-0014,,"""Width — 12"""""",""Height — 1"""""",""Length — 10' (120"""")""",$360.00,,10,checked,
CFWP-MOD001-0015-1,Ceiling Faux Wood Plank MOD001 — CFWP-MOD001,CFWP-MOD001-0015-1,OK,"""Width — 12"""""",""Height — 1"""""",""Length — 12' (144"""")""",$432.00,,10,checked,
CFWP-MOD001-0016,Ceiling Faux Wood Plank MOD001 — CFWP-MOD001,CFWP-MOD001-0016,OK,"""Width — 12"""""",""Height — 1"""""",""Length — 16' (192"""")""",$575.00,,10,checked,
CFWP-MOD001-0017,Ceiling Faux Wood Plank MOD001 — CFWP-MOD001,CFWP-MOD001-0017,,"""Width — 16"""""",""Height — 1"""""",""Length — 8' (96"""")""",$384.00,,10,checked,
CFWP-MOD001-0018,Ceiling Faux Wood Plank MOD001 — CFWP-MOD001,CFWP-MOD001-0018,,"""Width — 16"""""",""Height — 1"""""",""Length — 10' (120"""")""",$480.00,,10,checked,
CFWP-MOD001-0019,Ceiling Faux Wood Plank MOD001 — CFWP-MOD001,CFWP-MOD001-0019,,"""Width — 16"""""",""Height — 1"""""",""Length — 12' (144"""")""",$575.00,,10,checked,
CFWP-MOD001-0020,Ceiling Faux Wood Plank MOD001 — CFWP-MOD001,CFWP-MOD001-0020,,"""Width — 16"""""",""Height — 1"""""",""Length — 16' (192"""")""",$767.00,,10,checked,
CFWP-MOD001-0021,Ceiling Faux Wood Plank MOD001 — CFWP-MOD001,CFWP-MOD001-0021,,"""Width — 20"""""",""Height — 1"""""",""Length — 8' (96"""")""",$480.00,,10,checked,
CFWP-MOD001-0022,Ceiling Faux Wood Plank MOD001 — CFWP-MOD001,CFWP-MOD001-0022,,"""Width — 20"""""",""Height — 1"""""",""Length — 10' (120"""")""",$599.00,,10,checked,
CFWP-MOD001-0023,Ceiling Faux Wood Plank MOD001 — CFWP-MOD001,CFWP-MOD001-0023,,"""Width — 20"""""",""Height — 1"""""",""Length — 12' (144"""")""",$719.00,,10,checked,
CFWP-MOD001-0024,Ceiling Faux Wood Plank MOD001 — CFWP-MOD001,CFWP-MOD001-0024,,"""Width — 20"""""",""Height — 1"""""",""Length — 16' (192"""")""",$959.00,,10,checked,
CFWP-MOD001-0025,Ceiling Faux Wood Plank MOD001 — CFWP-MOD001,CFWP-MOD001-0025,,"""Width — 24"""""",""Height — 1"""""",""Length — 8' (96"""")""",$575.00,,10,checked,
CFWP-MOD001-0026,Ceiling Faux Wood Plank MOD001 — CFWP-MOD001,CFWP-MOD001-0026,,"""Width — 24"""""",""Height — 1"""""",""Length — 10' (120"""")""",$719.00,,10,checked,
CFWP-MOD001-0027,Ceiling Faux Wood Plank MOD001 — CFWP-MOD001,CFWP-MOD001-0027,,"""Width — 24"""""",""Height — 1"""""",""Length — 12' (144"""")""",$863.00,,10,checked,
CFWP-MOD001-0028,Ceiling Faux Wood Plank MOD001 — CFWP-MOD001,CFWP-MOD001-0028,,"""Width — 24"""""",""Height — 1"""""",""Length — 16' (192"""")""",$1150.00,,10,checked,
CFWP-MOD001-0029,Ceiling Faux Wood Plank MOD001 — CFWP-MOD001,CFWP-MOD001-0029,,"Width — Any Custom Size,""Height — 1"""""",Length — Any Custom Size",,,10,checked,
CFWP-MOD003-0001,Ceiling Faux Wood Plank MOD003 — CFWP-MOD003,CFWP-MOD003-0001,,"""Width — 6"""""",""Height — 1"""""",""Length — 8' (96"""")""",$144.00,,10,checked,
CFWP-MOD003-0002,Ceiling Faux Wood Plank MOD003 — CFWP-MOD003,CFWP-MOD003-0002,,"""Width — 6"""""",""Height — 1"""""",""Length — 10' (120"""")""",$180.00,,10,checked,
CFWP-MOD003-0003,Ceiling Faux Wood Plank MOD003 — CFWP-MOD003,CFWP-MOD003-0003,,"""Width — 6"""""",""Height — 1"""""",""Length — 12' (144"""")""",$217.00,,10,checked,
CFWP-MOD003-0004,Ceiling Faux Wood Plank MOD003 — CFWP-MOD003,CFWP-MOD003-0004,,"""Width — 6"""""",""Height — 1"""""",""Length — 16' (192"""")""",$288.00,,10,checked,
CFWP-MOD003-0005,Ceiling Faux Wood Plank MOD003 — CFWP-MOD003,CFWP-MOD003-0005,,"""Width — 8"""""",""Height — 1"""""",""Length — 8' (96"""")""",$193.00,,10,checked,
CFWP-MOD003-0006,Ceiling Faux Wood Plank MOD003 — CFWP-MOD003,CFWP-MOD003-0006,,"""Width — 8"""""",""Height — 1"""""",""Length — 10' (120"""")""",$240.00,,10,checked,
CFWP-MOD003-0007,Ceiling Faux Wood Plank MOD003 — CFWP-MOD003,CFWP-MOD003-0007,,"""Width — 8"""""",""Height — 1"""""",""Length — 12' (144"""")""",$288.00,,10,checked,
CFWP-MOD003-0008,Ceiling Faux Wood Plank MOD003 — CFWP-MOD003,CFWP-MOD003-0008,,"""Width — 8"""""",""Height — 1"""""",""Length — 16' (192"""")""",$384.00,,10,checked,
CFWP-MOD003-0009,Ceiling Faux Wood Plank MOD003 — CFWP-MOD003,CFWP-MOD003-0009,,"""Width — 10"""""",""Height — 1"""""",""Length — 8' (96"""")""",$240.00,,10,checked,
CFWP-MOD003-0010,Ceiling Faux Wood Plank MOD003 — CFWP-MOD003,CFWP-MOD003-0010,,"""Width — 10"""""",""Height — 1"""""",""Length — 10' (120"""")""",$300.00,,10,checked,
CFWP-MOD003-0011,Ceiling Faux Wood Plank MOD003 — CFWP-MOD003,CFWP-MOD003-0011,,"""Width — 10"""""",""Height — 1"""""",""Length — 12' (144"""")""",$360.00,,10,checked,
CFWP-MOD003-0012,Ceiling Faux Wood Plank MOD003 — CFWP-MOD003,CFWP-MOD003-0012,,"""Width — 10"""""",""Height — 1"""""",""Length — 16' (192"""")""",$480.00,,10,checked,
CFWP-MOD003-0013,Ceiling Faux Wood Plank MOD003 — CFWP-MOD003,CFWP-MOD003-0013,,"""Width — 12"""""",""Height — 1"""""",""Length — 8' (96"""")""",$288.00,,10,checked,
CFWP-MOD003-0014,Ceiling Faux Wood Plank MOD003 — CFWP-MOD003,CFWP-MOD003-0014,,"""Width — 12"""""",""Height — 1"""""",""Length — 10' (120"""")""",$360.00,,10,checked,
CFWP-MOD003-0015,Ceiling Faux Wood Plank MOD003 — CFWP-MOD003,CFWP-MOD003-0015,,"""Width — 12"""""",""Height — 1"""""",""Length — 12' (144"""")""",$432.00,,10,checked,
CFWP-MOD003-0016,Ceiling Faux Wood Plank MOD003 — CFWP-MOD003,CFWP-MOD003-0016,,"""Width — 12"""""",""Height — 1"""""",""Length — 16' (192"""")""",$575.00,,10,checked,
CFWP-MOD003-0017,Ceiling Faux Wood Plank MOD003 — CFWP-MOD003,CFWP-MOD003-0017,,"""Width — 16"""""",""Height — 1"""""",""Length — 8' (96"""")""",$384.00,,10,checked,
CFWP-MOD003-0018,Ceiling Faux Wood Plank MOD003 — CFWP-MOD003,CFWP-MOD003-0018,,"""Width — 16"""""",""Height — 1"""""",""Length — 10' (120"""")""",$480.00,,10,checked,
CFWP-MOD003-0019,Ceiling Faux Wood Plank MOD003 — CFWP-MOD003,CFWP-MOD003-0019,,"""Width — 16"""""",""Height — 1"""""",""Length — 12' (144"""")""",$575.00,,10,checked,
CFWP-MOD003-0020,Ceiling Faux Wood Plank MOD003 — CFWP-MOD003,CFWP-MOD003-0020,,"""Width — 16"""""",""Height — 1"""""",""Length — 16' (192"""")""",$767.00,,10,checked,
CFWP-MOD003-0021,Ceiling Faux Wood Plank MOD003 — CFWP-MOD003,CFWP-MOD003-0021,,"""Width — 20"""""",""Height — 1"""""",""Length — 8' (96"""")""",$480.00,,10,checked,
CFWP-MOD003-0022,Ceiling Faux Wood Plank MOD003 — CFWP-MOD003,CFWP-MOD003-0022,,"""Width — 20"""""",""Height — 1"""""",""Length — 10' (120"""")""",$599.00,,10,checked,
CFWP-MOD003-0023,Ceiling Faux Wood Plank MOD003 — CFWP-MOD003,CFWP-MOD003-0023,,"""Width — 20"""""",""Height — 1"""""",""Length — 12' (144"""")""",$719.00,,10,checked,
CFWP-MOD003-0024,Ceiling Faux Wood Plank MOD003 — CFWP-MOD003,CFWP-MOD003-0024,,"""Width — 20"""""",""Height — 1"""""",""Length — 16' (192"""")""",$959.00,,10,checked,
CFWP-MOD003-0025,Ceiling Faux Wood Plank MOD003 — CFWP-MOD003,CFWP-MOD003-0025,,"""Width — 24"""""",""Height — 1"""""",""Length — 8' (96"""")""",$575.00,,10,checked,
CFWP-MOD003-0026,Ceiling Faux Wood Plank MOD003 — CFWP-MOD003,CFWP-MOD003-0026,,"""Width — 24"""""",""Height — 1"""""",""Length — 10' (120"""")""",$719.00,,10,checked,
CFWP-MOD003-0027,Ceiling Faux Wood Plank MOD003 — CFWP-MOD003,CFWP-MOD003-0027,,"""Width — 24"""""",""Height — 1"""""",""Length — 12' (144"""")""",$863.00,,10,checked,
CFWP-MOD003-0028,Ceiling Faux Wood Plank MOD003 — CFWP-MOD003,CFWP-MOD003-0028,,"""Width — 24"""""",""Height — 1"""""",""Length — 16' (192"""")""",$1150.00,,10,checked,
CFWP-MOD003-0029,Ceiling Faux Wood Plank MOD003 — CFWP-MOD003,CFWP-MOD003-0029,,"Width — Any Custom Size,""Height — 1"""""",Length — Any Custom Size",,,10,checked,
CFWP-MOD004-0001,Ceiling Faux Wood Plank MOD004 — CFWP-MOD004,CFWP-MOD004-0001,,"""Width — 6"""""",""Height — 1"""""",""Length — 8' (96"""")""",$144.00,,10,checked,
CFWP-MOD004-0002,Ceiling Faux Wood Plank MOD004 — CFWP-MOD004,CFWP-MOD004-0002,,"""Width — 6"""""",""Height — 1"""""",""Length — 10' (120"""")""",$180.00,,10,checked,
CFWP-MOD004-0003,Ceiling Faux Wood Plank MOD004 — CFWP-MOD004,CFWP-MOD004-0003,,"""Width — 6"""""",""Height — 1"""""",""Length — 12' (144"""")""",$217.00,,10,checked,
CFWP-MOD004-0004,Ceiling Faux Wood Plank MOD004 — CFWP-MOD004,CFWP-MOD004-0004,,"""Width — 6"""""",""Height — 1"""""",""Length — 16' (192"""")""",$288.00,,10,checked,
CFWP-MOD004-0005,Ceiling Faux Wood Plank MOD004 — CFWP-MOD004,CFWP-MOD004-0005,,"""Width — 8"""""",""Height — 1"""""",""Length — 8' (96"""")""",$193.00,,10,checked,
CFWP-MOD004-0006,Ceiling Faux Wood Plank MOD004 — CFWP-MOD004,CFWP-MOD004-0006,,"""Width — 8"""""",""Height — 1"""""",""Length — 10' (120"""")""",$240.00,,10,checked,
CFWP-MOD004-0007,Ceiling Faux Wood Plank MOD004 — CFWP-MOD004,CFWP-MOD004-0007,,"""Width — 8"""""",""Height — 1"""""",""Length — 12' (144"""")""",$288.00,,10,checked,
CFWP-MOD004-0008,Ceiling Faux Wood Plank MOD004 — CFWP-MOD004,CFWP-MOD004-0008,,"""Width — 8"""""",""Height — 1"""""",""Length — 16' (192"""")""",$384.00,,10,checked,
CFWP-MOD004-0009,Ceiling Faux Wood Plank MOD004 — CFWP-MOD004,CFWP-MOD004-0009,,"""Width — 10"""""",""Height — 1"""""",""Length — 8' (96"""")""",$240.00,,10,checked,
CFWP-MOD004-0010,Ceiling Faux Wood Plank MOD004 — CFWP-MOD004,CFWP-MOD004-0010,,"""Width — 10"""""",""Height — 1"""""",""Length — 10' (120"""")""",$300.00,,10,checked,
CFWP-MOD004-0011,Ceiling Faux Wood Plank MOD004 — CFWP-MOD004,CFWP-MOD004-0011,,"""Width — 10"""""",""Height — 1"""""",""Length — 12' (144"""")""",$360.00,,10,checked,
CFWP-MOD004-0012,Ceiling Faux Wood Plank MOD004 — CFWP-MOD004,CFWP-MOD004-0012,,"""Width — 10"""""",""Height — 1"""""",""Length — 16' (192"""")""",$480.00,,10,checked,
CFWP-MOD004-0013,Ceiling Faux Wood Plank MOD004 — CFWP-MOD004,CFWP-MOD004-0013,,"""Width — 12"""""",""Height — 1"""""",""Length — 8' (96"""")""",$288.00,,10,checked,
CFWP-MOD004-0014,Ceiling Faux Wood Plank MOD004 — CFWP-MOD004,CFWP-MOD004-0014,,"""Width — 12"""""",""Height — 1"""""",""Length — 10' (120"""")""",$360.00,,10,checked,
CFWP-MOD004-0015,Ceiling Faux Wood Plank MOD004 — CFWP-MOD004,CFWP-MOD004-0015,,"""Width — 12"""""",""Height — 1"""""",""Length — 12' (144"""")""",$432.00,,10,checked,
CFWP-MOD004-0016,Ceiling Faux Wood Plank MOD004 — CFWP-MOD004,CFWP-MOD004-0016,,"""Width — 12"""""",""Height — 1"""""",""Length — 16' (192"""")""",$575.00,,10,checked,
CFWP-MOD004-0017,Ceiling Faux Wood Plank MOD004 — CFWP-MOD004,CFWP-MOD004-0017,,"""Width — 16"""""",""Height — 1"""""",""Length — 8' (96"""")""",$384.00,,10,checked,
CFWP-MOD004-0018,Ceiling Faux Wood Plank MOD004 — CFWP-MOD004,CFWP-MOD004-0018,,"""Width — 16"""""",""Height — 1"""""",""Length — 10' (120"""")""",$480.00,,10,checked,
CFWP-MOD004-0019,Ceiling Faux Wood Plank MOD004 — CFWP-MOD004,CFWP-MOD004-0019,,"""Width — 16"""""",""Height — 1"""""",""Length — 12' (144"""")""",$575.00,,10,checked,
CFWP-MOD004-0020,Ceiling Faux Wood Plank MOD004 — CFWP-MOD004,CFWP-MOD004-0020,,"""Width — 16"""""",""Height — 1"""""",""Length — 16' (192"""")""",$767.00,,10,checked,
CFWP-MOD004-0021,Ceiling Faux Wood Plank MOD004 — CFWP-MOD004,CFWP-MOD004-0021,,"""Width — 20"""""",""Height — 1"""""",""Length — 8' (96"""")""",$480.00,,10,checked,
CFWP-MOD004-0022,Ceiling Faux Wood Plank MOD004 — CFWP-MOD004,CFWP-MOD004-0022,,"""Width — 20"""""",""Height — 1"""""",""Length — 10' (120"""")""",$599.00,,10,checked,
CFWP-MOD004-0023,Ceiling Faux Wood Plank MOD004 — CFWP-MOD004,CFWP-MOD004-0023,,"""Width — 20"""""",""Height — 1"""""",""Length — 12' (144"""")""",$719.00,,10,checked,
CFWP-MOD004-0024,Ceiling Faux Wood Plank MOD004 — CFWP-MOD004,CFWP-MOD004-0024,,"""Width — 20"""""",""Height — 1"""""",""Length — 16' (192"""")""",$959.00,,10,checked,
CFWP-MOD004-0025,Ceiling Faux Wood Plank MOD004 — CFWP-MOD004,CFWP-MOD004-0025,,"""Width — 24"""""",""Height — 1"""""",""Length — 8' (96"""")""",$575.00,,10,checked,
CFWP-MOD004-0026,Ceiling Faux Wood Plank MOD004 — CFWP-MOD004,CFWP-MOD004-0026,,"""Width — 24"""""",""Height — 1"""""",""Length — 10' (120"""")""",$719.00,,10,checked,
CFWP-MOD004-0027,Ceiling Faux Wood Plank MOD004 — CFWP-MOD004,CFWP-MOD004-0027,,"""Width — 24"""""",""Height — 1"""""",""Length — 12' (144"""")""",$863.00,,10,checked,
CFWP-MOD004-0028,Ceiling Faux Wood Plank MOD004 — CFWP-MOD004,CFWP-MOD004-0028,,"""Width — 24"""""",""Height — 1"""""",""Length — 16' (192"""")""",$1150.00,,10,checked,
CFWP-MOD004-0029,Ceiling Faux Wood Plank MOD004 — CFWP-MOD004,CFWP-MOD004-0029,,"Width — Any Custom Size,""Height — 1"""""",Length — Any Custom Size",,,10,checked,
CFWP-MOD005-0001,Ceiling Faux Wood Plank MOD005 — CFWP-MOD005,CFWP-MOD005-0001,,"""Width — 6"""""",""Height — 1"""""",""Length — 8' (96"""")""",$144.00,,10,checked,
CFWP-MOD005-0002,Ceiling Faux Wood Plank MOD005 — CFWP-MOD005,CFWP-MOD005-0002,,"""Width — 6"""""",""Height — 1"""""",""Length — 10' (120"""")""",$180.00,,10,checked,
CFWP-MOD005-0003,Ceiling Faux Wood Plank MOD005 — CFWP-MOD005,CFWP-MOD005-0003,,"""Width — 6"""""",""Height — 1"""""",""Length — 12' (144"""")""",$217.00,,10,checked,
CFWP-MOD005-0004,Ceiling Faux Wood Plank MOD005 — CFWP-MOD005,CFWP-MOD005-0004,,"""Width — 6"""""",""Height — 1"""""",""Length — 16' (192"""")""",$288.00,,10,checked,
CFWP-MOD005-0005,Ceiling Faux Wood Plank MOD005 — CFWP-MOD005,CFWP-MOD005-0005,,"""Width — 8"""""",""Height — 1"""""",""Length — 8' (96"""")""",$193.00,,10,checked,
CFWP-MOD005-0006,Ceiling Faux Wood Plank MOD005 — CFWP-MOD005,CFWP-MOD005-0006,,"""Width — 8"""""",""Height — 1"""""",""Length — 10' (120"""")""",$240.00,,10,checked,
CFWP-MOD005-0007,Ceiling Faux Wood Plank MOD005 — CFWP-MOD005,CFWP-MOD005-0007,,"""Width — 8"""""",""Height — 1"""""",""Length — 12' (144"""")""",$288.00,,10,checked,
CFWP-MOD005-0008,Ceiling Faux Wood Plank MOD005 — CFWP-MOD005,CFWP-MOD005-0008,,"""Width — 8"""""",""Height — 1"""""",""Length — 16' (192"""")""",$384.00,,10,checked,
CFWP-MOD005-0009,Ceiling Faux Wood Plank MOD005 — CFWP-MOD005,CFWP-MOD005-0009,,"""Width — 10"""""",""Height — 1"""""",""Length — 8' (96"""")""",$240.00,,10,checked,
CFWP-MOD005-0010,Ceiling Faux Wood Plank MOD005 — CFWP-MOD005,CFWP-MOD005-0010,,"""Width — 10"""""",""Height — 1"""""",""Length — 10' (120"""")""",$300.00,,10,checked,
CFWP-MOD005-0011,Ceiling Faux Wood Plank MOD005 — CFWP-MOD005,CFWP-MOD005-0011,,"""Width — 10"""""",""Height — 1"""""",""Length — 12' (144"""")""",$360.00,,10,checked,
CFWP-MOD005-0012,Ceiling Faux Wood Plank MOD005 — CFWP-MOD005,CFWP-MOD005-0012,,"""Width — 10"""""",""Height — 1"""""",""Length — 16' (192"""")""",$480.00,,10,checked,
CFWP-MOD005-0013,Ceiling Faux Wood Plank MOD005 — CFWP-MOD005,CFWP-MOD005-0013,,"""Width — 12"""""",""Height — 1"""""",""Length — 8' (96"""")""",$288.00,,10,checked,
CFWP-MOD005-0014,Ceiling Faux Wood Plank MOD005 — CFWP-MOD005,CFWP-MOD005-0014,,"""Width — 12"""""",""Height — 1"""""",""Length — 10' (120"""")""",$360.00,,10,checked,
CFWP-MOD005-0015,Ceiling Faux Wood Plank MOD005 — CFWP-MOD005,CFWP-MOD005-0015,,"""Width — 12"""""",""Height — 1"""""",""Length — 12' (144"""")""",$432.00,,10,checked,
CFWP-MOD005-0016,Ceiling Faux Wood Plank MOD005 — CFWP-MOD005,CFWP-MOD005-0016,,"""Width — 12"""""",""Height — 1"""""",""Length — 16' (192"""")""",$575.00,,10,checked,
CFWP-MOD005-0017,Ceiling Faux Wood Plank MOD005 — CFWP-MOD005,CFWP-MOD005-0017,,"""Width — 16"""""",""Height — 1"""""",""Length — 8' (96"""")""",$384.00,,10,checked,
CFWP-MOD005-0018,Ceiling Faux Wood Plank MOD005 — CFWP-MOD005,CFWP-MOD005-0018,,"""Width — 16"""""",""Height — 1"""""",""Length — 10' (120"""")""",$480.00,,10,checked,
CFWP-MOD005-0019,Ceiling Faux Wood Plank MOD005 — CFWP-MOD005,CFWP-MOD005-0019,,"""Width — 16"""""",""Height — 1"""""",""Length — 12' (144"""")""",$575.00,,10,checked,
CFWP-MOD005-0020,Ceiling Faux Wood Plank MOD005 — CFWP-MOD005,CFWP-MOD005-0020,,"""Width — 16"""""",""Height — 1"""""",""Length — 16' (192"""")""",$767.00,,10,checked,
CFWP-MOD005-0021,Ceiling Faux Wood Plank MOD005 — CFWP-MOD005,CFWP-MOD005-0021,,"""Width — 20"""""",""Height — 1"""""",""Length — 8' (96"""")""",$480.00,,10,checked,
CFWP-MOD005-0022,Ceiling Faux Wood Plank MOD005 — CFWP-MOD005,CFWP-MOD005-0022,,"""Width — 20"""""",""Height — 1"""""",""Length — 10' (120"""")""",$599.00,,10,checked,
CFWP-MOD005-0023,Ceiling Faux Wood Plank MOD005 — CFWP-MOD005,CFWP-MOD005-0023,,"""Width — 20"""""",""Height — 1"""""",""Length — 12' (144"""")""",$719.00,,10,checked,
CFWP-MOD005-0024,Ceiling Faux Wood Plank MOD005 — CFWP-MOD005,CFWP-MOD005-0024,,"""Width — 20"""""",""Height — 1"""""",""Length — 16' (192"""")""",$959.00,,10,checked,
CFWP-MOD005-0025,Ceiling Faux Wood Plank MOD005 — CFWP-MOD005,CFWP-MOD005-0025,,"""Width — 24"""""",""Height — 1"""""",""Length — 8' (96"""")""",$575.00,,10,checked,
CFWP-MOD005-0026,Ceiling Faux Wood Plank MOD005 — CFWP-MOD005,CFWP-MOD005-0026,,"""Width — 24"""""",""Height — 1"""""",""Length — 10' (120"""")""",$719.00,,10,checked,
CFWP-MOD005-0027,Ceiling Faux Wood Plank MOD005 — CFWP-MOD005,CFWP-MOD005-0027,,"""Width — 24"""""",""Height — 1"""""",""Length — 12' (144"""")""",$863.00,,10,checked,
CFWP-MOD005-0028,Ceiling Faux Wood Plank MOD005 — CFWP-MOD005,CFWP-MOD005-0028,,"""Width — 24"""""",""Height — 1"""""",""Length — 16' (192"""")""",$1150.00,,10,checked,
CFWP-MOD005-0029,Ceiling Faux Wood Plank MOD005 — CFWP-MOD005,CFWP-MOD005-0029,,"Width — Any Custom Size,""Height — 1"""""",Length — Any Custom Size",,,10,checked,
CFWP-MOD006-0001,Ceiling Faux Wood Plank MOD006 — CFWP-MOD006,CFWP-MOD006-0001,,"""Width — 6"""""",""Height — 1"""""",""Length — 8' (96"""")""",$144.00,,10,checked,
CFWP-MOD006-0002,Ceiling Faux Wood Plank MOD006 — CFWP-MOD006,CFWP-MOD006-0002,,"""Width — 6"""""",""Height — 1"""""",""Length — 10' (120"""")""",$180.00,,10,checked,
CFWP-MOD006-0003,Ceiling Faux Wood Plank MOD006 — CFWP-MOD006,CFWP-MOD006-0003,,"""Width — 6"""""",""Height — 1"""""",""Length — 12' (144"""")""",$217.00,,10,checked,
CFWP-MOD006-0004,Ceiling Faux Wood Plank MOD006 — CFWP-MOD006,CFWP-MOD006-0004,,"""Width — 6"""""",""Height — 1"""""",""Length — 16' (192"""")""",$288.00,,10,checked,
CFWP-MOD006-0005,Ceiling Faux Wood Plank MOD006 — CFWP-MOD006,CFWP-MOD006-0005,,"""Width — 8"""""",""Height — 1"""""",""Length — 8' (96"""")""",$193.00,,10,checked,
CFWP-MOD006-0006,Ceiling Faux Wood Plank MOD006 — CFWP-MOD006,CFWP-MOD006-0006,,"""Width — 8"""""",""Height — 1"""""",""Length — 10' (120"""")""",$240.00,,10,checked,
CFWP-MOD006-0007,Ceiling Faux Wood Plank MOD006 — CFWP-MOD006,CFWP-MOD006-0007,,"""Width — 8"""""",""Height — 1"""""",""Length — 12' (144"""")""",$288.00,,10,checked,
CFWP-MOD006-0008,Ceiling Faux Wood Plank MOD006 — CFWP-MOD006,CFWP-MOD006-0008,,"""Width — 8"""""",""Height — 1"""""",""Length — 16' (192"""")""",$384.00,,10,checked,
CFWP-MOD006-0009,Ceiling Faux Wood Plank MOD006 — CFWP-MOD006,CFWP-MOD006-0009,,"""Width — 10"""""",""Height — 1"""""",""Length — 8' (96"""")""",$240.00,,10,checked,
CFWP-MOD006-0010,Ceiling Faux Wood Plank MOD006 — CFWP-MOD006,CFWP-MOD006-0010,,"""Width — 10"""""",""Height — 1"""""",""Length — 10' (120"""")""",$300.00,,10,checked,
CFWP-MOD006-0011,Ceiling Faux Wood Plank MOD006 — CFWP-MOD006,CFWP-MOD006-0011,,"""Width — 10"""""",""Height — 1"""""",""Length — 12' (144"""")""",$360.00,,10,checked,
CFWP-MOD006-0012,Ceiling Faux Wood Plank MOD006 — CFWP-MOD006,CFWP-MOD006-0012,,"""Width — 10"""""",""Height — 1"""""",""Length — 16' (192"""")""",$480.00,,10,checked,
CFWP-MOD006-0013,Ceiling Faux Wood Plank MOD006 — CFWP-MOD006,CFWP-MOD006-0013,,"""Width — 12"""""",""Height — 1"""""",""Length — 8' (96"""")""",$288.00,,10,checked,
CFWP-MOD006-0014,Ceiling Faux Wood Plank MOD006 — CFWP-MOD006,CFWP-MOD006-0014,,"""Width — 12"""""",""Height — 1"""""",""Length — 10' (120"""")""",$360.00,,10,checked,
CFWP-MOD006-0015,Ceiling Faux Wood Plank MOD006 — CFWP-MOD006,CFWP-MOD006-0015,,"""Width — 12"""""",""Height — 1"""""",""Length — 12' (144"""")""",$432.00,,10,checked,
CFWP-MOD006-0016,Ceiling Faux Wood Plank MOD006 — CFWP-MOD006,CFWP-MOD006-0016,,"""Width — 12"""""",""Height — 1"""""",""Length — 16' (192"""")""",$575.00,,10,checked,
CFWP-MOD006-0017,Ceiling Faux Wood Plank MOD006 — CFWP-MOD006,CFWP-MOD006-0017,,"""Width — 16"""""",""Height — 1"""""",""Length — 8' (96"""")""",$384.00,,10,checked,
CFWP-MOD006-0018,Ceiling Faux Wood Plank MOD006 — CFWP-MOD006,CFWP-MOD006-0018,,"""Width — 16"""""",""Height — 1"""""",""Length — 10' (120"""")""",$480.00,,10,checked,
CFWP-MOD006-0019,Ceiling Faux Wood Plank MOD006 — CFWP-MOD006,CFWP-MOD006-0019,,"""Width — 16"""""",""Height — 1"""""",""Length — 12' (144"""")""",$575.00,,10,checked,
CFWP-MOD006-0020,Ceiling Faux Wood Plank MOD006 — CFWP-MOD006,CFWP-MOD006-0020,,"""Width — 16"""""",""Height — 1"""""",""Length — 16' (192"""")""",$767.00,,10,checked,
CFWP-MOD006-0021,Ceiling Faux Wood Plank MOD006 — CFWP-MOD006,CFWP-MOD006-0021,,"""Width — 20"""""",""Height — 1"""""",""Length — 8' (96"""")""",$480.00,,10,checked,
CFWP-MOD006-0022,Ceiling Faux Wood Plank MOD006 — CFWP-MOD006,CFWP-MOD006-0022,,"""Width — 20"""""",""Height — 1"""""",""Length — 10' (120"""")""",$599.00,,10,checked,
CFWP-MOD006-0023,Ceiling Faux Wood Plank MOD006 — CFWP-MOD006,CFWP-MOD006-0023,,"""Width — 20"""""",""Height — 1"""""",""Length — 12' (144"""")""",$719.00,,10,checked,
CFWP-MOD006-0024,Ceiling Faux Wood Plank MOD006 — CFWP-MOD006,CFWP-MOD006-0024,,"""Width — 20"""""",""Height — 1"""""",""Length — 16' (192"""")""",$959.00,,10,checked,
CFWP-MOD006-0025,Ceiling Faux Wood Plank MOD006 — CFWP-MOD006,CFWP-MOD006-0025,,"""Width — 24"""""",""Height — 1"""""",""Length — 8' (96"""")""",$575.00,,10,checked,
CFWP-MOD006-0026,Ceiling Faux Wood Plank MOD006 — CFWP-MOD006,CFWP-MOD006-0026,,"""Width — 24"""""",""Height — 1"""""",""Length — 10' (120"""")""",$719.00,,10,checked,
CFWP-MOD006-0027,Ceiling Faux Wood Plank MOD006 — CFWP-MOD006,CFWP-MOD006-0027,,"""Width — 24"""""",""Height — 1"""""",""Length — 12' (144"""")""",$863.00,,10,checked,
CFWP-MOD006-0028,Ceiling Faux Wood Plank MOD006 — CFWP-MOD006,CFWP-MOD006-0028,,"""Width — 24"""""",""Height — 1"""""",""Length — 16' (192"""")""",$1150.00,,10,checked,
CFWP-MOD006-0029,Ceiling Faux Wood Plank MOD006 — CFWP-MOD006,CFWP-MOD006-0029,,"Width — Any Custom Size,""Height — 1"""""",Length — Any Custom Size",,,10,checked,
CFWP-MOD007-0001,Ceiling Faux Wood Plank MOD007 — CFWP-MOD007,CFWP-MOD007-0001,,"""Width — 6"""""",""Height — 1"""""",""Length — 8' (96"""")""",$144.00,,10,checked,
CFWP-MOD007-0002,Ceiling Faux Wood Plank MOD007 — CFWP-MOD007,CFWP-MOD007-0002,,"""Width — 6"""""",""Height — 1"""""",""Length — 10' (120"""")""",$180.00,,10,checked,
CFWP-MOD007-0003,Ceiling Faux Wood Plank MOD007 — CFWP-MOD007,CFWP-MOD007-0003,,"""Width — 6"""""",""Height — 1"""""",""Length — 12' (144"""")""",$217.00,,10,checked,
CFWP-MOD007-0004,Ceiling Faux Wood Plank MOD007 — CFWP-MOD007,CFWP-MOD007-0004,,"""Width — 6"""""",""Height — 1"""""",""Length — 16' (192"""")""",$288.00,,10,checked,
CFWP-MOD007-0005,Ceiling Faux Wood Plank MOD007 — CFWP-MOD007,CFWP-MOD007-0005,,"""Width — 8"""""",""Height — 1"""""",""Length — 8' (96"""")""",$193.00,,10,checked,
CFWP-MOD007-0006,Ceiling Faux Wood Plank MOD007 — CFWP-MOD007,CFWP-MOD007-0006,,"""Width — 8"""""",""Height — 1"""""",""Length — 10' (120"""")""",$240.00,,10,checked,
CFWP-MOD007-0007,Ceiling Faux Wood Plank MOD007 — CFWP-MOD007,CFWP-MOD007-0007,,"""Width — 8"""""",""Height — 1"""""",""Length — 12' (144"""")""",$288.00,,10,checked,
CFWP-MOD007-0008,Ceiling Faux Wood Plank MOD007 — CFWP-MOD007,CFWP-MOD007-0008,,"""Width — 8"""""",""Height — 1"""""",""Length — 16' (192"""")""",$384.00,,10,checked,
CFWP-MOD007-0009,Ceiling Faux Wood Plank MOD007 — CFWP-MOD007,CFWP-MOD007-0009,,"""Width — 10"""""",""Height — 1"""""",""Length — 8' (96"""")""",$240.00,,10,checked,
CFWP-MOD007-0010,Ceiling Faux Wood Plank MOD007 — CFWP-MOD007,CFWP-MOD007-0010,,"""Width — 10"""""",""Height — 1"""""",""Length — 10' (120"""")""",$300.00,,10,checked,
CFWP-MOD007-0011,Ceiling Faux Wood Plank MOD007 — CFWP-MOD007,CFWP-MOD007-0011,,"""Width — 10"""""",""Height — 1"""""",""Length — 12' (144"""")""",$360.00,,10,checked,
CFWP-MOD007-0012,Ceiling Faux Wood Plank MOD007 — CFWP-MOD007,CFWP-MOD007-0012,,"""Width — 10"""""",""Height — 1"""""",""Length — 16' (192"""")""",$480.00,,10,checked,
CFWP-MOD007-0013,Ceiling Faux Wood Plank MOD007 — CFWP-MOD007,CFWP-MOD007-0013,,"""Width — 12"""""",""Height — 1"""""",""Length — 8' (96"""")""",$288.00,,10,checked,
CFWP-MOD007-0014,Ceiling Faux Wood Plank MOD007 — CFWP-MOD007,CFWP-MOD007-0014,,"""Width — 12"""""",""Height — 1"""""",""Length — 10' (120"""")""",$360.00,,10,checked,
CFWP-MOD007-0015,Ceiling Faux Wood Plank MOD007 — CFWP-MOD007,CFWP-MOD007-0015,,"""Width — 12"""""",""Height — 1"""""",""Length — 12' (144"""")""",$432.00,,10,checked,
CFWP-MOD007-0016,Ceiling Faux Wood Plank MOD007 — CFWP-MOD007,CFWP-MOD007-0016,,"""Width — 12"""""",""Height — 1"""""",""Length — 16' (192"""")""",$575.00,,10,checked,
CFWP-MOD007-0017,Ceiling Faux Wood Plank MOD007 — CFWP-MOD007,CFWP-MOD007-0017,,"""Width — 16"""""",""Height — 1"""""",""Length — 8' (96"""")""",$384.00,,10,checked,
CFWP-MOD007-0018,Ceiling Faux Wood Plank MOD007 — CFWP-MOD007,CFWP-MOD007-0018,,"""Width — 16"""""",""Height — 1"""""",""Length — 10' (120"""")""",$480.00,,10,checked,
CFWP-MOD007-0019,Ceiling Faux Wood Plank MOD007 — CFWP-MOD007,CFWP-MOD007-0019,,"""Width — 16"""""",""Height — 1"""""",""Length — 12' (144"""")""",$575.00,,10,checked,
CFWP-MOD007-0020,Ceiling Faux Wood Plank MOD007 — CFWP-MOD007,CFWP-MOD007-0020,,"""Width — 16"""""",""Height — 1"""""",""Length — 16' (192"""")""",$767.00,,10,checked,
CFWP-MOD007-0021,Ceiling Faux Wood Plank MOD007 — CFWP-MOD007,CFWP-MOD007-0021,,"""Width — 20"""""",""Height — 1"""""",""Length — 8' (96"""")""",$480.00,,10,checked,
CFWP-MOD007-0022,Ceiling Faux Wood Plank MOD007 — CFWP-MOD007,CFWP-MOD007-0022,,"""Width — 20"""""",""Height — 1"""""",""Length — 10' (120"""")""",$599.00,,10,checked,
CFWP-MOD007-0023,Ceiling Faux Wood Plank MOD007 — CFWP-MOD007,CFWP-MOD007-0023,,"""Width — 20"""""",""Height — 1"""""",""Length — 12' (144"""")""",$719.00,,10,checked,
CFWP-MOD007-0024,Ceiling Faux Wood Plank MOD007 — CFWP-MOD007,CFWP-MOD007-0024,,"""Width — 20"""""",""Height — 1"""""",""Length — 16' (192"""")""",$959.00,,10,checked,
CFWP-MOD007-0025,Ceiling Faux Wood Plank MOD007 — CFWP-MOD007,CFWP-MOD007-0025,,"""Width — 24"""""",""Height — 1"""""",""Length — 8' (96"""")""",$575.00,,10,checked,
CFWP-MOD007-0026,Ceiling Faux Wood Plank MOD007 — CFWP-MOD007,CFWP-MOD007-0026,,"""Width — 24"""""",""Height — 1"""""",""Length — 10' (120"""")""",$719.00,,10,checked,
CFWP-MOD007-0027,Ceiling Faux Wood Plank MOD007 — CFWP-MOD007,CFWP-MOD007-0027,,"""Width — 24"""""",""Height — 1"""""",""Length — 12' (144"""")""",$863.00,,10,checked,
CFWP-MOD007-0028,Ceiling Faux Wood Plank MOD007 — CFWP-MOD007,CFWP-MOD007-0028,,"""Width — 24"""""",""Height — 1"""""",""Length — 16' (192"""")""",$1150.00,,10,checked,
CFWP-MOD007-0029,Ceiling Faux Wood Plank MOD007 — CFWP-MOD007,CFWP-MOD007-0029,,"Width — Any Custom Size,""Height — 1"""""",Length — Any Custom Size",,,10,checked,
CFWP-MOD008-0001,Ceiling Faux Wood Plank MOD008 — CFWP-MOD008,CFWP-MOD008-0001,,"""Width — 6"""""",""Height — 1"""""",""Length — 8' (96"""")""",$144.00,,10,checked,
CFWP-MOD008-0002,Ceiling Faux Wood Plank MOD008 — CFWP-MOD008,CFWP-MOD008-0002,,"""Width — 6"""""",""Height — 1"""""",""Length — 10' (120"""")""",$180.00,,10,checked,
CFWP-MOD008-0003,Ceiling Faux Wood Plank MOD008 — CFWP-MOD008,CFWP-MOD008-0003,,"""Width — 6"""""",""Height — 1"""""",""Length — 12' (144"""")""",$217.00,,10,checked,
CFWP-MOD008-0004,Ceiling Faux Wood Plank MOD008 — CFWP-MOD008,CFWP-MOD008-0004,,"""Width — 6"""""",""Height — 1"""""",""Length — 16' (192"""")""",$288.00,,10,checked,
CFWP-MOD008-0005,Ceiling Faux Wood Plank MOD008 — CFWP-MOD008,CFWP-MOD008-0005,,"""Width — 8"""""",""Height — 1"""""",""Length — 8' (96"""")""",$193.00,,10,checked,
CFWP-MOD008-0006,Ceiling Faux Wood Plank MOD008 — CFWP-MOD008,CFWP-MOD008-0006,,"""Width — 8"""""",""Height — 1"""""",""Length — 10' (120"""")""",$240.00,,10,checked,
CFWP-MOD008-0007,Ceiling Faux Wood Plank MOD008 — CFWP-MOD008,CFWP-MOD008-0007,,"""Width — 8"""""",""Height — 1"""""",""Length — 12' (144"""")""",$288.00,,10,checked,
CFWP-MOD008-0008,Ceiling Faux Wood Plank MOD008 — CFWP-MOD008,CFWP-MOD008-0008,,"""Width — 8"""""",""Height — 1"""""",""Length — 16' (192"""")""",$384.00,,10,checked,
CFWP-MOD008-0009,Ceiling Faux Wood Plank MOD008 — CFWP-MOD008,CFWP-MOD008-0009,,"""Width — 10"""""",""Height — 1"""""",""Length — 8' (96"""")""",$240.00,,10,checked,
CFWP-MOD008-0010,Ceiling Faux Wood Plank MOD008 — CFWP-MOD008,CFWP-MOD008-0010,,"""Width — 10"""""",""Height — 1"""""",""Length — 10' (120"""")""",$300.00,,10,checked,
CFWP-MOD008-0011,Ceiling Faux Wood Plank MOD008 — CFWP-MOD008,CFWP-MOD008-0011,,"""Width — 10"""""",""Height — 1"""""",""Length — 12' (144"""")""",$360.00,,10,checked,
CFWP-MOD008-0012,Ceiling Faux Wood Plank MOD008 — CFWP-MOD008,CFWP-MOD008-0012,,"""Width — 10"""""",""Height — 1"""""",""Length — 16' (192"""")""",$480.00,,10,checked,
CFWP-MOD008-0013,Ceiling Faux Wood Plank MOD008 — CFWP-MOD008,CFWP-MOD008-0013,,"""Width — 12"""""",""Height — 1"""""",""Length — 8' (96"""")""",$288.00,,10,checked,
CFWP-MOD008-0014,Ceiling Faux Wood Plank MOD008 — CFWP-MOD008,CFWP-MOD008-0014,,"""Width — 12"""""",""Height — 1"""""",""Length — 10' (120"""")""",$360.00,,10,checked,
CFWP-MOD008-0015,Ceiling Faux Wood Plank MOD008 — CFWP-MOD008,CFWP-MOD008-0015,,"""Width — 12"""""",""Height — 1"""""",""Length — 12' (144"""")""",$432.00,,10,checked,
CFWP-MOD008-0016,Ceiling Faux Wood Plank MOD008 — CFWP-MOD008,CFWP-MOD008-0016,,"""Width — 12"""""",""Height — 1"""""",""Length — 16' (192"""")""",$575.00,,10,checked,
CFWP-MOD008-0017,Ceiling Faux Wood Plank MOD008 — CFWP-MOD008,CFWP-MOD008-0017,,"""Width — 16"""""",""Height — 1"""""",""Length — 8' (96"""")""",$384.00,,10,checked,
CFWP-MOD008-0018,Ceiling Faux Wood Plank MOD008 — CFWP-MOD008,CFWP-MOD008-0018,,"""Width — 16"""""",""Height — 1"""""",""Length — 10' (120"""")""",$480.00,,10,checked,
CFWP-MOD008-0019,Ceiling Faux Wood Plank MOD008 — CFWP-MOD008,CFWP-MOD008-0019,,"""Width — 16"""""",""Height — 1"""""",""Length — 12' (144"""")""",$575.00,,10,checked,
CFWP-MOD008-0020,Ceiling Faux Wood Plank MOD008 — CFWP-MOD008,CFWP-MOD008-0020,,"""Width — 16"""""",""Height — 1"""""",""Length — 16' (192"""")""",$767.00,,10,checked,
CFWP-MOD008-0021,Ceiling Faux Wood Plank MOD008 — CFWP-MOD008,CFWP-MOD008-0021,,"""Width — 20"""""",""Height — 1"""""",""Length — 8' (96"""")""",$480.00,,10,checked,
CFWP-MOD008-0022,Ceiling Faux Wood Plank MOD008 — CFWP-MOD008,CFWP-MOD008-0022,,"""Width — 20"""""",""Height — 1"""""",""Length — 10' (120"""")""",$599.00,,10,checked,
CFWP-MOD008-0023,Ceiling Faux Wood Plank MOD008 — CFWP-MOD008,CFWP-MOD008-0023,,"""Width — 20"""""",""Height — 1"""""",""Length — 12' (144"""")""",$719.00,,10,checked,
CFWP-MOD008-0024,Ceiling Faux Wood Plank MOD008 — CFWP-MOD008,CFWP-MOD008-0024,,"""Width — 20"""""",""Height — 1"""""",""Length — 16' (192"""")""",$959.00,,10,checked,
CFWP-MOD008-0025,Ceiling Faux Wood Plank MOD008 — CFWP-MOD008,CFWP-MOD008-0025,,"""Width — 24"""""",""Height — 1"""""",""Length — 8' (96"""")""",$575.00,,10,checked,
CFWP-MOD008-0026,Ceiling Faux Wood Plank MOD008 — CFWP-MOD008,CFWP-MOD008-0026,,"""Width — 24"""""",""Height — 1"""""",""Length — 10' (120"""")""",$719.00,,10,checked,
CFWP-MOD008-0027,Ceiling Faux Wood Plank MOD008 — CFWP-MOD008,CFWP-MOD008-0027,,"""Width — 24"""""",""Height — 1"""""",""Length — 12' (144"""")""",$863.00,,10,checked,
CFWP-MOD008-0028,Ceiling Faux Wood Plank MOD008 — CFWP-MOD008,CFWP-MOD008-0028,,"""Width — 24"""""",""Height — 1"""""",""Length — 16' (192"""")""",$1150.00,,10,checked,
CFWP-MOD008-0029,Ceiling Faux Wood Plank MOD008 — CFWP-MOD008,CFWP-MOD008-0029,,"Width — Any Custom Size,""Height — 1"""""",Length — Any Custom Size",,,10,checked,
FWM-MOD001-0001,Faux Wood Mantel MOD001 — FWM-MOD001,FWM-MOD001-0001,,"""Projection — 6"""""",""Height — 4"""""",""Length — 4' (48"""")""",$227.00,,10,checked,
FWM-MOD001-0002,Faux Wood Mantel MOD001 — FWM-MOD001,FWM-MOD001-0002,,"""Projection — 6"""""",""Height — 4"""""",""Length — 5' (60"""")""",$269.00,,10,checked,
FWM-MOD001-0003,Faux Wood Mantel MOD001 — FWM-MOD001,FWM-MOD001-0003,,"""Projection — 6"""""",""Height — 4"""""",""Length — 6' (72"""")""",$312.00,,10,checked,
FWM-MOD001-0004,Faux Wood Mantel MOD001 — FWM-MOD001,FWM-MOD001-0004,,"""Projection — 6"""""",""Height — 4"""""",""Length — 7' (84"""")""",$353.00,,10,checked,
FWM-MOD001-0005,Faux Wood Mantel MOD001 — FWM-MOD001,FWM-MOD001-0005,,"""Projection — 6"""""",""Height — 4"""""",""Length — 8' (96"""")""",$395.00,,10,checked,
FWM-MOD001-0006,Faux Wood Mantel MOD001 — FWM-MOD001,FWM-MOD001-0006,,"""Projection — 8"""""",""Height — 6"""""",""Length — 4' (48"""")""",$312.00,,10,checked,
FWM-MOD001-0007,Faux Wood Mantel MOD001 — FWM-MOD001,FWM-MOD001-0007,,"""Projection — 8"""""",""Height — 6"""""",""Length — 5' (60"""")""",$370.00,,10,checked,
FWM-MOD001-0008,Faux Wood Mantel MOD001 — FWM-MOD001,FWM-MOD001-0008,,"""Projection — 8"""""",""Height — 6"""""",""Length — 6' (72"""")""",$430.00,,10,checked,
FWM-MOD001-0009,Faux Wood Mantel MOD001 — FWM-MOD001,FWM-MOD001-0009,,"""Projection — 8"""""",""Height — 6"""""",""Length — 7' (84"""")""",$490.00,,10,checked,
FWM-MOD001-0010,Faux Wood Mantel MOD001 — FWM-MOD001,FWM-MOD001-0010,,"""Projection — 8"""""",""Height — 6"""""",""Length — 8' (96"""")""",$550.00,,10,checked,
FWM-MOD001-0011,Faux Wood Mantel MOD001 — FWM-MOD001,FWM-MOD001-0011,,"""Projection — 8"""""",""Height — 8"""""",""Length — 4' (48"""")""",$367.00,,10,checked,
FWM-MOD001-0012,Faux Wood Mantel MOD001 — FWM-MOD001,FWM-MOD001-0012,,"""Projection — 8"""""",""Height — 8"""""",""Length — 5' (60"""")""",$439.00,,10,checked,
FWM-MOD001-0013,Faux Wood Mantel MOD001 — FWM-MOD001,FWM-MOD001-0013,,"""Projection — 8"""""",""Height — 8"""""",""Length — 6' (72"""")""",$510.00,,10,checked,
FWM-MOD001-0014,Faux Wood Mantel MOD001 — FWM-MOD001,FWM-MOD001-0014,,"""Projection — 8"""""",""Height — 8"""""",""Length — 7' (84"""")""",$583.00,,10,checked,
FWM-MOD001-0015,Faux Wood Mantel MOD001 — FWM-MOD001,FWM-MOD001-0015,,"""Projection — 8"""""",""Height — 8"""""",""Length — 8' (96"""")""",$654.00,,10,checked,
FWM-MOD001-0016,Faux Wood Mantel MOD001 — FWM-MOD001,FWM-MOD001-0016,,"""Projection — 10"""""",""Height — 6"""""",""Length — 4' (48"""")""",$340.00,,10,checked,
FWM-MOD001-0017,Faux Wood Mantel MOD001 — FWM-MOD001,FWM-MOD001-0017,,"""Projection — 10"""""",""Height — 6"""""",""Length — 5' (60"""")""",$407.00,,10,checked,
FWM-MOD001-0018,Faux Wood Mantel MOD001 — FWM-MOD001,FWM-MOD001-0018,,"""Projection — 10"""""",""Height — 6"""""",""Length — 6' (72"""")""",$473.00,,10,checked,
FWM-MOD001-0019,Faux Wood Mantel MOD001 — FWM-MOD001,FWM-MOD001-0019,,"""Projection — 10"""""",""Height — 6"""""",""Length — 7' (84"""")""",$538.00,,10,checked,
FWM-MOD001-0020,Faux Wood Mantel MOD001 — FWM-MOD001,FWM-MOD001-0020,,"""Projection — 10"""""",""Height — 6"""""",""Length — 8' (96"""")""",$604.00,,10,checked,
FWM-MOD001-0021,Faux Wood Mantel MOD001 — FWM-MOD001,FWM-MOD001-0021,,"""Projection — 10"""""",""Height — 8"""""",""Length — 4' (48"""")""",$399.00,,10,checked,
FWM-MOD001-0022,Faux Wood Mantel MOD001 — FWM-MOD001,FWM-MOD001-0022,,"""Projection — 10"""""",""Height — 8"""""",""Length — 5' (60"""")""",$477.00,,10,checked,
FWM-MOD001-0023,Faux Wood Mantel MOD001 — FWM-MOD001,FWM-MOD001-0023,,"""Projection — 10"""""",""Height — 8"""""",""Length — 6' (72"""")""",$554.00,,,checked,
FWM-MOD001-0024,Faux Wood Mantel MOD001 — FWM-MOD001,FWM-MOD001-0024,,"""Projection — 10"""""",""Height — 8"""""",""Length — 7' (84"""")""",$633.00,,,checked,
FWM-MOD001-0025,Faux Wood Mantel MOD001 — FWM-MOD001,FWM-MOD001-0025,,"""Projection — 10"""""",""Height — 8"""""",""Length — 8' (96"""")""",$710.00,,,checked,
FWM-MOD001-0026,Faux Wood Mantel MOD001 — FWM-MOD001,FWM-MOD001-0026,,"""Projection — 12"""""",""Height — 8"""""",""Length — 4' (48"""")""",$430.00,,,checked,
FWM-MOD001-0027,Faux Wood Mantel MOD001 — FWM-MOD001,FWM-MOD001-0027,,"""Projection — 12"""""",""Height — 8"""""",""Length — 5' (60"""")""",$514.00,,,checked,
FWM-MOD001-0028,Faux Wood Mantel MOD001 — FWM-MOD001,FWM-MOD001-0028,,"""Projection — 12"""""",""Height — 8"""""",""Length — 6' (72"""")""",$598.00,,,checked,
FWM-MOD001-0029,Faux Wood Mantel MOD001 — FWM-MOD001,FWM-MOD001-0029,,"""Projection — 12"""""",""Height — 8"""""",""Length — 7' (84"""")""",$682.00,,,checked,
FWM-MOD001-0030,Faux Wood Mantel MOD001 — FWM-MOD001,FWM-MOD001-0030,,"""Projection — 12"""""",""Height — 8"""""",""Length — 8' (96"""")""",$765.00,,,checked,
FWM-MOD001-0031,Faux Wood Mantel MOD001 — FWM-MOD001,FWM-MOD001-0031,,"Projection — Any Custom Size,Height — Any Custom Size,Length — Any Custom Size",,,,checked,
FWM-MOD002-0001,Faux Wood Mantel MOD002 — FWM-MOD002,FWM-MOD002-0001,,"""Projection — 6"""""",""Height — 4"""""",""Length — 4' (48"""")""",$227.00,,,checked,
FWM-MOD002-0002,Faux Wood Mantel MOD002 — FWM-MOD002,FWM-MOD002-0002,,"""Projection — 6"""""",""Height — 4"""""",""Length — 5' (60"""")""",$269.00,,,checked,
FWM-MOD002-0003,Faux Wood Mantel MOD002 — FWM-MOD002,FWM-MOD002-0003,,"""Projection — 6"""""",""Height — 4"""""",""Length — 6' (72"""")""",$312.00,,,checked,
FWM-MOD002-0004,Faux Wood Mantel MOD002 — FWM-MOD002,FWM-MOD002-0004,,"""Projection — 6"""""",""Height — 4"""""",""Length — 7' (84"""")""",$353.00,,,checked,
FWM-MOD002-0005,Faux Wood Mantel MOD002 — FWM-MOD002,FWM-MOD002-0005,,"""Projection — 6"""""",""Height — 4"""""",""Length — 8' (96"""")""",$395.00,,,checked,
FWM-MOD002-0006,Faux Wood Mantel MOD002 — FWM-MOD002,FWM-MOD002-0006,,"""Projection — 8"""""",""Height — 6"""""",""Length — 4' (48"""")""",$312.00,,,checked,
FWM-MOD002-0007,Faux Wood Mantel MOD002 — FWM-MOD002,FWM-MOD002-0007,,"""Projection — 8"""""",""Height — 6"""""",""Length — 5' (60"""")""",$370.00,,,checked,
FWM-MOD002-0008,Faux Wood Mantel MOD002 — FWM-MOD002,FWM-MOD002-0008,,"""Projection — 8"""""",""Height — 6"""""",""Length — 6' (72"""")""",$430.00,,,checked,
FWM-MOD002-0009,Faux Wood Mantel MOD002 — FWM-MOD002,FWM-MOD002-0009,,"""Projection — 8"""""",""Height — 6"""""",""Length — 7' (84"""")""",$490.00,,,checked,
FWM-MOD002-0010,Faux Wood Mantel MOD002 — FWM-MOD002,FWM-MOD002-0010,,"""Projection — 8"""""",""Height — 6"""""",""Length — 8' (96"""")""",$550.00,,,checked,
FWM-MOD002-0011,Faux Wood Mantel MOD002 — FWM-MOD002,FWM-MOD002-0011,,"""Projection — 8"""""",""Height — 8"""""",""Length — 4' (48"""")""",$367.00,,,checked,
FWM-MOD002-0012,Faux Wood Mantel MOD002 — FWM-MOD002,FWM-MOD002-0012,,"""Projection — 8"""""",""Height — 8"""""",""Length — 5' (60"""")""",$439.00,,,checked,
FWM-MOD002-0013,Faux Wood Mantel MOD002 — FWM-MOD002,FWM-MOD002-0013,,"""Projection — 8"""""",""Height — 8"""""",""Length — 6' (72"""")""",$510.00,,,checked,
FWM-MOD002-0014,Faux Wood Mantel MOD002 — FWM-MOD002,FWM-MOD002-0014,,"""Projection — 8"""""",""Height — 8"""""",""Length — 7' (84"""")""",$583.00,,,checked,
FWM-MOD002-0015,Faux Wood Mantel MOD002 — FWM-MOD002,FWM-MOD002-0015,,"""Projection — 8"""""",""Height — 8"""""",""Length — 8' (96"""")""",$654.00,,,checked,
FWM-MOD002-0016,Faux Wood Mantel MOD002 — FWM-MOD002,FWM-MOD002-0016,,"""Projection — 10"""""",""Height — 6"""""",""Length — 4' (48"""")""",$340.00,,,checked,
FWM-MOD002-0017,Faux Wood Mantel MOD002 — FWM-MOD002,FWM-MOD002-0017,,"""Projection — 10"""""",""Height — 6"""""",""Length — 5' (60"""")""",$407.00,,,checked,
FWM-MOD002-0018,Faux Wood Mantel MOD002 — FWM-MOD002,FWM-MOD002-0018,,"""Projection — 10"""""",""Height — 6"""""",""Length — 6' (72"""")""",$473.00,,,checked,
FWM-MOD002-0019,Faux Wood Mantel MOD002 — FWM-MOD002,FWM-MOD002-0019,,"""Projection — 10"""""",""Height — 6"""""",""Length — 7' (84"""")""",$538.00,,,checked,
FWM-MOD002-0020,Faux Wood Mantel MOD002 — FWM-MOD002,FWM-MOD002-0020,,"""Projection — 10"""""",""Height — 6"""""",""Length — 8' (96"""")""",$604.00,,,checked,
FWM-MOD002-0021,Faux Wood Mantel MOD002 — FWM-MOD002,FWM-MOD002-0021,,"""Projection — 10"""""",""Height — 8"""""",""Length — 4' (48"""")""",$399.00,,,checked,
FWM-MOD002-0022,Faux Wood Mantel MOD002 — FWM-MOD002,FWM-MOD002-0022,,"""Projection — 10"""""",""Height — 8"""""",""Length — 5' (60"""")""",$477.00,,,checked,
FWM-MOD002-0023,Faux Wood Mantel MOD002 — FWM-MOD002,FWM-MOD002-0023,,"""Projection — 10"""""",""Height — 8"""""",""Length — 6' (72"""")""",$554.00,,,checked,
FWM-MOD002-0024,Faux Wood Mantel MOD002 — FWM-MOD002,FWM-MOD002-0024,,"""Projection — 10"""""",""Height — 8"""""",""Length — 7' (84"""")""",$633.00,,,checked,
FWM-MOD002-0025,Faux Wood Mantel MOD002 — FWM-MOD002,FWM-MOD002-0025,,"""Projection — 10"""""",""Height — 8"""""",""Length — 8' (96"""")""",$710.00,,,checked,
FWM-MOD002-0026,Faux Wood Mantel MOD002 — FWM-MOD002,FWM-MOD002-0026,,"""Projection — 12"""""",""Height — 8"""""",""Length — 4' (48"""")""",$430.00,,,checked,
FWM-MOD002-0027,Faux Wood Mantel MOD002 — FWM-MOD002,FWM-MOD002-0027,,"""Projection — 12"""""",""Height — 8"""""",""Length — 5' (60"""")""",$514.00,,,checked,
FWM-MOD002-0028,Faux Wood Mantel MOD002 — FWM-MOD002,FWM-MOD002-0028,,"""Projection — 12"""""",""Height — 8"""""",""Length — 6' (72"""")""",$598.00,,,checked,
FWM-MOD002-0029,Faux Wood Mantel MOD002 — FWM-MOD002,FWM-MOD002-0029,,"""Projection — 12"""""",""Height — 8"""""",""Length — 7' (84"""")""",$682.00,,,checked,
FWM-MOD002-0030,Faux Wood Mantel MOD002 — FWM-MOD002,FWM-MOD002-0030,,"""Projection — 12"""""",""Height — 8"""""",""Length — 8' (96"""")""",$765.00,,,checked,
FWM-MOD002-0031,Faux Wood Mantel MOD002 — FWM-MOD002,FWM-MOD002-0031,,"Projection — Any Custom Size,Height — Any Custom Size,Length — Any Custom Size",,,,checked,
FWM-MOD003-0001,Faux Wood Mantel MOD003 — FWM-MOD003,FWM-MOD003-0001,,"""Projection — 6"""""",""Height — 4"""""",""Length — 4' (48"""")""",$227.00,,,checked,
FWM-MOD003-0002,Faux Wood Mantel MOD003 — FWM-MOD003,FWM-MOD003-0002,,"""Projection — 6"""""",""Height — 4"""""",""Length — 5' (60"""")""",$269.00,,,checked,
FWM-MOD003-0003,Faux Wood Mantel MOD003 — FWM-MOD003,FWM-MOD003-0003,,"""Projection — 6"""""",""Height — 4"""""",""Length — 6' (72"""")""",$312.00,,,checked,
FWM-MOD003-0004,Faux Wood Mantel MOD003 — FWM-MOD003,FWM-MOD003-0004,,"""Projection — 6"""""",""Height — 4"""""",""Length — 7' (84"""")""",$353.00,,,checked,
FWM-MOD003-0005,Faux Wood Mantel MOD003 — FWM-MOD003,FWM-MOD003-0005,,"""Projection — 6"""""",""Height — 4"""""",""Length — 8' (96"""")""",$395.00,,,checked,
FWM-MOD003-0006,Faux Wood Mantel MOD003 — FWM-MOD003,FWM-MOD003-0006,,"""Projection — 8"""""",""Height — 6"""""",""Length — 4' (48"""")""",$312.00,,,checked,
FWM-MOD003-0007,Faux Wood Mantel MOD003 — FWM-MOD003,FWM-MOD003-0007,,"""Projection — 8"""""",""Height — 6"""""",""Length — 5' (60"""")""",$370.00,,,checked,
FWM-MOD003-0008,Faux Wood Mantel MOD003 — FWM-MOD003,FWM-MOD003-0008,,"""Projection — 8"""""",""Height — 6"""""",""Length — 6' (72"""")""",$430.00,,,checked,
FWM-MOD003-0009,Faux Wood Mantel MOD003 — FWM-MOD003,FWM-MOD003-0009,,"""Projection — 8"""""",""Height — 6"""""",""Length — 7' (84"""")""",$490.00,,,checked,
FWM-MOD003-0010,Faux Wood Mantel MOD003 — FWM-MOD003,FWM-MOD003-0010,,"""Projection — 8"""""",""Height — 6"""""",""Length — 8' (96"""")""",$550.00,,,checked,
FWM-MOD003-0011,Faux Wood Mantel MOD003 — FWM-MOD003,FWM-MOD003-0011,,"""Projection — 8"""""",""Height — 8"""""",""Length — 4' (48"""")""",$367.00,,,checked,
FWM-MOD003-0012,Faux Wood Mantel MOD003 — FWM-MOD003,FWM-MOD003-0012,,"""Projection — 8"""""",""Height — 8"""""",""Length — 5' (60"""")""",$439.00,,,checked,
FWM-MOD003-0013,Faux Wood Mantel MOD003 — FWM-MOD003,FWM-MOD003-0013,,"""Projection — 8"""""",""Height — 8"""""",""Length — 6' (72"""")""",$510.00,,,checked,
FWM-MOD003-0014,Faux Wood Mantel MOD003 — FWM-MOD003,FWM-MOD003-0014,,"""Projection — 8"""""",""Height — 8"""""",""Length — 7' (84"""")""",$583.00,,,checked,
FWM-MOD003-0015,Faux Wood Mantel MOD003 — FWM-MOD003,FWM-MOD003-0015,,"""Projection — 8"""""",""Height — 8"""""",""Length — 8' (96"""")""",$654.00,,,checked,
FWM-MOD003-0016,Faux Wood Mantel MOD003 — FWM-MOD003,FWM-MOD003-0016,,"""Projection — 10"""""",""Height — 6"""""",""Length — 4' (48"""")""",$340.00,,,checked,
FWM-MOD003-0017,Faux Wood Mantel MOD003 — FWM-MOD003,FWM-MOD003-0017,,"""Projection — 10"""""",""Height — 6"""""",""Length — 5' (60"""")""",$407.00,,,checked,
FWM-MOD003-0018,Faux Wood Mantel MOD003 — FWM-MOD003,FWM-MOD003-0018,,"""Projection — 10"""""",""Height — 6"""""",""Length — 6' (72"""")""",$473.00,,,checked,
FWM-MOD003-0019,Faux Wood Mantel MOD003 — FWM-MOD003,FWM-MOD003-0019,,"""Projection — 10"""""",""Height — 6"""""",""Length — 7' (84"""")""",$538.00,,,checked,
FWM-MOD003-0020,Faux Wood Mantel MOD003 — FWM-MOD003,FWM-MOD003-0020,,"""Projection — 10"""""",""Height — 6"""""",""Length — 8' (96"""")""",$604.00,,,checked,
FWM-MOD003-0021,Faux Wood Mantel MOD003 — FWM-MOD003,FWM-MOD003-0021,,"""Projection — 10"""""",""Height — 8"""""",""Length — 4' (48"""")""",$399.00,,,checked,
FWM-MOD003-0022,Faux Wood Mantel MOD003 — FWM-MOD003,FWM-MOD003-0022,,"""Projection — 10"""""",""Height — 8"""""",""Length — 5' (60"""")""",$477.00,,,checked,
FWM-MOD003-0023,Faux Wood Mantel MOD003 — FWM-MOD003,FWM-MOD003-0023,,"""Projection — 10"""""",""Height — 8"""""",""Length — 6' (72"""")""",$554.00,,,checked,
FWM-MOD003-0024,Faux Wood Mantel MOD003 — FWM-MOD003,FWM-MOD003-0024,,"""Projection — 10"""""",""Height — 8"""""",""Length — 7' (84"""")""",$633.00,,,checked,
FWM-MOD003-0025,Faux Wood Mantel MOD003 — FWM-MOD003,FWM-MOD003-0025,,"""Projection — 10"""""",""Height — 8"""""",""Length — 8' (96"""")""",$710.00,,,checked,
FWM-MOD003-0026,Faux Wood Mantel MOD003 — FWM-MOD003,FWM-MOD003-0026,,"""Projection — 12"""""",""Height — 8"""""",""Length — 4' (48"""")""",$430.00,,,checked,
FWM-MOD003-0027,Faux Wood Mantel MOD003 — FWM-MOD003,FWM-MOD003-0027,,"""Projection — 12"""""",""Height — 8"""""",""Length — 5' (60"""")""",$514.00,,,checked,
FWM-MOD003-0028,Faux Wood Mantel MOD003 — FWM-MOD003,FWM-MOD003-0028,,"""Projection — 12"""""",""Height — 8"""""",""Length — 6' (72"""")""",$598.00,,,checked,
FWM-MOD003-0029,Faux Wood Mantel MOD003 — FWM-MOD003,FWM-MOD003-0029,,"""Projection — 12"""""",""Height — 8"""""",""Length — 7' (84"""")""",$682.00,,,checked,
FWM-MOD003-0030,Faux Wood Mantel MOD003 — FWM-MOD003,FWM-MOD003-0030,,"""Projection — 12"""""",""Height — 8"""""",""Length — 8' (96"""")""",$765.00,,,checked,
FWM-MOD003-0031,Faux Wood Mantel MOD003 — FWM-MOD003,FWM-MOD003-0031,,"Projection — Any Custom Size,Height — Any Custom Size,Length — Any Custom Size",,,,checked,
FWM-MOD005-0001,Faux Wood Mantel MOD005 — FWM-MOD005,FWM-MOD005-0001,,"""Projection — 6"""""",""Height — 4"""""",""Length — 4' (48"""")""",$227.00,,,checked,
FWM-MOD005-0002,Faux Wood Mantel MOD005 — FWM-MOD005,FWM-MOD005-0002,,"""Projection — 6"""""",""Height — 4"""""",""Length — 5' (60"""")""",$269.00,,,checked,
FWM-MOD005-0003,Faux Wood Mantel MOD005 — FWM-MOD005,FWM-MOD005-0003,,"""Projection — 6"""""",""Height — 4"""""",""Length — 6' (72"""")""",$312.00,,,checked,
FWM-MOD005-0004,Faux Wood Mantel MOD005 — FWM-MOD005,FWM-MOD005-0004,,"""Projection — 6"""""",""Height — 4"""""",""Length — 7' (84"""")""",$353.00,,,checked,
FWM-MOD005-0005,Faux Wood Mantel MOD005 — FWM-MOD005,FWM-MOD005-0005,,"""Projection — 6"""""",""Height — 4"""""",""Length — 8' (96"""")""",$395.00,,,checked,
FWM-MOD005-0006,Faux Wood Mantel MOD005 — FWM-MOD005,FWM-MOD005-0006,,"""Projection — 8"""""",""Height — 6"""""",""Length — 4' (48"""")""",$312.00,,,checked,
FWM-MOD005-0007,Faux Wood Mantel MOD005 — FWM-MOD005,FWM-MOD005-0007,,"""Projection — 8"""""",""Height — 6"""""",""Length — 5' (60"""")""",$370.00,,,checked,
FWM-MOD005-0008,Faux Wood Mantel MOD005 — FWM-MOD005,FWM-MOD005-0008,,"""Projection — 8"""""",""Height — 6"""""",""Length — 6' (72"""")""",$430.00,,,checked,
FWM-MOD005-0009,Faux Wood Mantel MOD005 — FWM-MOD005,FWM-MOD005-0009,,"""Projection — 8"""""",""Height — 6"""""",""Length — 7' (84"""")""",$490.00,,,checked,
FWM-MOD005-0010,Faux Wood Mantel MOD005 — FWM-MOD005,FWM-MOD005-0010,,"""Projection — 8"""""",""Height — 6"""""",""Length — 8' (96"""")""",$550.00,,,checked,
FWM-MOD005-0011,Faux Wood Mantel MOD005 — FWM-MOD005,FWM-MOD005-0011,,"""Projection — 8"""""",""Height — 8"""""",""Length — 4' (48"""")""",$367.00,,,checked,
FWM-MOD005-0012,Faux Wood Mantel MOD005 — FWM-MOD005,FWM-MOD005-0012,,"""Projection — 8"""""",""Height — 8"""""",""Length — 5' (60"""")""",$439.00,,,checked,
FWM-MOD005-0013,Faux Wood Mantel MOD005 — FWM-MOD005,FWM-MOD005-0013,,"""Projection — 8"""""",""Height — 8"""""",""Length — 6' (72"""")""",$510.00,,,checked,
FWM-MOD005-0014,Faux Wood Mantel MOD005 — FWM-MOD005,FWM-MOD005-0014,,"""Projection — 8"""""",""Height — 8"""""",""Length — 7' (84"""")""",$583.00,,,checked,
FWM-MOD005-0015,Faux Wood Mantel MOD005 — FWM-MOD005,FWM-MOD005-0015,,"""Projection — 8"""""",""Height — 8"""""",""Length — 8' (96"""")""",$654.00,,,checked,
FWM-MOD005-0016,Faux Wood Mantel MOD005 — FWM-MOD005,FWM-MOD005-0016,,"""Projection — 10"""""",""Height — 6"""""",""Length — 4' (48"""")""",$340.00,,,checked,
FWM-MOD005-0017,Faux Wood Mantel MOD005 — FWM-MOD005,FWM-MOD005-0017,,"""Projection — 10"""""",""Height — 6"""""",""Length — 5' (60"""")""",$407.00,,,checked,
FWM-MOD005-0018,Faux Wood Mantel MOD005 — FWM-MOD005,FWM-MOD005-0018,,"""Projection — 10"""""",""Height — 6"""""",""Length — 6' (72"""")""",$473.00,,,checked,
FWM-MOD005-0019,Faux Wood Mantel MOD005 — FWM-MOD005,FWM-MOD005-0019,,"""Projection — 10"""""",""Height — 6"""""",""Length — 7' (84"""")""",$538.00,,,checked,
FWM-MOD005-0020,Faux Wood Mantel MOD005 — FWM-MOD005,FWM-MOD005-0020,,"""Projection — 10"""""",""Height — 6"""""",""Length — 8' (96"""")""",$604.00,,,checked,
FWM-MOD005-0021,Faux Wood Mantel MOD005 — FWM-MOD005,FWM-MOD005-0021,,"""Projection — 10"""""",""Height — 8"""""",""Length — 4' (48"""")""",$399.00,,,checked,
FWM-MOD005-0022,Faux Wood Mantel MOD005 — FWM-MOD005,FWM-MOD005-0022,,"""Projection — 10"""""",""Height — 8"""""",""Length — 5' (60"""")""",$477.00,,,checked,
FWM-MOD005-0023,Faux Wood Mantel MOD005 — FWM-MOD005,FWM-MOD005-0023,,"""Projection — 10"""""",""Height — 8"""""",""Length — 6' (72"""")""",$554.00,,,checked,
FWM-MOD005-0024,Faux Wood Mantel MOD005 — FWM-MOD005,FWM-MOD005-0024,,"""Projection — 10"""""",""Height — 8"""""",""Length — 7' (84"""")""",$633.00,,,checked,
FWM-MOD005-0025,Faux Wood Mantel MOD005 — FWM-MOD005,FWM-MOD005-0025,,"""Projection — 10"""""",""Height — 8"""""",""Length — 8' (96"""")""",$710.00,,,checked,
FWM-MOD005-0026,Faux Wood Mantel MOD005 — FWM-MOD005,FWM-MOD005-0026,,"""Projection — 12"""""",""Height — 8"""""",""Length — 4' (48"""")""",$430.00,,,checked,
FWM-MOD005-0027,Faux Wood Mantel MOD005 — FWM-MOD005,FWM-MOD005-0027,,"""Projection — 12"""""",""Height — 8"""""",""Length — 5' (60"""")""",$514.00,,,checked,
FWM-MOD005-0028,Faux Wood Mantel MOD005 — FWM-MOD005,FWM-MOD005-0028,,"""Projection — 12"""""",""Height — 8"""""",""Length — 6' (72"""")""",$598.00,,,checked,
FWM-MOD005-0029,Faux Wood Mantel MOD005 — FWM-MOD005,FWM-MOD005-0029,,"""Projection — 12"""""",""Height — 8"""""",""Length — 7' (84"""")""",$682.00,,,checked,
FWM-MOD005-0030,Faux Wood Mantel MOD005 — FWM-MOD005,FWM-MOD005-0030,,"""Projection — 12"""""",""Height — 8"""""",""Length — 8' (96"""")""",$765.00,,,checked,
FWM-MOD005-0031,Faux Wood Mantel MOD005 — FWM-MOD005,FWM-MOD005-0031,,"Projection — Any Custom Size,Height — Any Custom Size,Length — Any Custom Size",,,,checked,
FWM-MOD006-0001,Faux Wood Mantel MOD006 — FWM-MOD006,FWM-MOD006-0001,,"""Projection — 6"""""",""Height — 4"""""",""Length — 4' (48"""")""",$227.00,,,checked,
FWM-MOD006-0002,Faux Wood Mantel MOD006 — FWM-MOD006,FWM-MOD006-0002,,"""Projection — 6"""""",""Height — 4"""""",""Length — 5' (60"""")""",$269.00,,,checked,
FWM-MOD006-0003,Faux Wood Mantel MOD006 — FWM-MOD006,FWM-MOD006-0003,,"""Projection — 6"""""",""Height — 4"""""",""Length — 6' (72"""")""",$312.00,,,checked,
FWM-MOD006-0004,Faux Wood Mantel MOD006 — FWM-MOD006,FWM-MOD006-0004,,"""Projection — 6"""""",""Height — 4"""""",""Length — 7' (84"""")""",$353.00,,,checked,
FWM-MOD006-0005,Faux Wood Mantel MOD006 — FWM-MOD006,FWM-MOD006-0005,,"""Projection — 6"""""",""Height — 4"""""",""Length — 8' (96"""")""",$395.00,,,checked,
FWM-MOD006-0006,Faux Wood Mantel MOD006 — FWM-MOD006,FWM-MOD006-0006,,"""Projection — 8"""""",""Height — 6"""""",""Length — 4' (48"""")""",$312.00,,,checked,
FWM-MOD006-0007,Faux Wood Mantel MOD006 — FWM-MOD006,FWM-MOD006-0007,,"""Projection — 8"""""",""Height — 6"""""",""Length — 5' (60"""")""",$370.00,,,checked,
FWM-MOD006-0008,Faux Wood Mantel MOD006 — FWM-MOD006,FWM-MOD006-0008,,"""Projection — 8"""""",""Height — 6"""""",""Length — 6' (72"""")""",$430.00,,,checked,
FWM-MOD006-0009,Faux Wood Mantel MOD006 — FWM-MOD006,FWM-MOD006-0009,,"""Projection — 8"""""",""Height — 6"""""",""Length — 7' (84"""")""",$490.00,,,checked,
FWM-MOD006-0010,Faux Wood Mantel MOD006 — FWM-MOD006,FWM-MOD006-0010,,"""Projection — 8"""""",""Height — 6"""""",""Length — 8' (96"""")""",$550.00,,,checked,
FWM-MOD006-0011,Faux Wood Mantel MOD006 — FWM-MOD006,FWM-MOD006-0011,,"""Projection — 8"""""",""Height — 8"""""",""Length — 4' (48"""")""",$367.00,,,checked,
FWM-MOD006-0012,Faux Wood Mantel MOD006 — FWM-MOD006,FWM-MOD006-0012,,"""Projection — 8"""""",""Height — 8"""""",""Length — 5' (60"""")""",$439.00,,,checked,
FWM-MOD006-0013,Faux Wood Mantel MOD006 — FWM-MOD006,FWM-MOD006-0013,,"""Projection — 8"""""",""Height — 8"""""",""Length — 6' (72"""")""",$510.00,,,checked,
FWM-MOD006-0014,Faux Wood Mantel MOD006 — FWM-MOD006,FWM-MOD006-0014,,"""Projection — 8"""""",""Height — 8"""""",""Length — 7' (84"""")""",$583.00,,,checked,
FWM-MOD006-0015,Faux Wood Mantel MOD006 — FWM-MOD006,FWM-MOD006-0015,,"""Projection — 8"""""",""Height — 8"""""",""Length — 8' (96"""")""",$654.00,,,checked,
FWM-MOD006-0016,Faux Wood Mantel MOD006 — FWM-MOD006,FWM-MOD006-0016,,"""Projection — 10"""""",""Height — 6"""""",""Length — 4' (48"""")""",$340.00,,,checked,
FWM-MOD006-0017,Faux Wood Mantel MOD006 — FWM-MOD006,FWM-MOD006-0017,,"""Projection — 10"""""",""Height — 6"""""",""Length — 5' (60"""")""",$407.00,,,checked,
FWM-MOD006-0018,Faux Wood Mantel MOD006 — FWM-MOD006,FWM-MOD006-0018,,"""Projection — 10"""""",""Height — 6"""""",""Length — 6' (72"""")""",$473.00,,,checked,
FWM-MOD006-0019,Faux Wood Mantel MOD006 — FWM-MOD006,FWM-MOD006-0019,,"""Projection — 10"""""",""Height — 6"""""",""Length — 7' (84"""")""",$538.00,,,checked,
FWM-MOD006-0020,Faux Wood Mantel MOD006 — FWM-MOD006,FWM-MOD006-0020,,"""Projection — 10"""""",""Height — 6"""""",""Length — 8' (96"""")""",$604.00,,,checked,
FWM-MOD006-0021,Faux Wood Mantel MOD006 — FWM-MOD006,FWM-MOD006-0021,,"""Projection — 10"""""",""Height — 8"""""",""Length — 4' (48"""")""",$399.00,,,checked,
FWM-MOD006-0022,Faux Wood Mantel MOD006 — FWM-MOD006,FWM-MOD006-0022,,"""Projection — 10"""""",""Height — 8"""""",""Length — 5' (60"""")""",$477.00,,,checked,
FWM-MOD006-0023,Faux Wood Mantel MOD006 — FWM-MOD006,FWM-MOD006-0023,,"""Projection — 10"""""",""Height — 8"""""",""Length — 6' (72"""")""",$554.00,,,checked,
FWM-MOD006-0024,Faux Wood Mantel MOD006 — FWM-MOD006,FWM-MOD006-0024,,"""Projection — 10"""""",""Height — 8"""""",""Length — 7' (84"""")""",$633.00,,,checked,
FWM-MOD006-0025,Faux Wood Mantel MOD006 — FWM-MOD006,FWM-MOD006-0025,,"""Projection — 10"""""",""Height — 8"""""",""Length — 8' (96"""")""",$710.00,,,checked,
FWM-MOD006-0026,Faux Wood Mantel MOD006 — FWM-MOD006,FWM-MOD006-0026,,"""Projection — 12"""""",""Height — 8"""""",""Length — 4' (48"""")""",$430.00,,,checked,
FWM-MOD006-0027,Faux Wood Mantel MOD006 — FWM-MOD006,FWM-MOD006-0027,,"""Projection — 12"""""",""Height — 8"""""",""Length — 5' (60"""")""",$514.00,,,checked,
FWM-MOD006-0028,Faux Wood Mantel MOD006 — FWM-MOD006,FWM-MOD006-0028,,"""Projection — 12"""""",""Height — 8"""""",""Length — 6' (72"""")""",$598.00,,,checked,
FWM-MOD006-0029,Faux Wood Mantel MOD006 — FWM-MOD006,FWM-MOD006-0029,,"""Projection — 12"""""",""Height — 8"""""",""Length — 7' (84"""")""",$682.00,,,checked,
FWM-MOD006-0030,Faux Wood Mantel MOD006 — FWM-MOD006,FWM-MOD006-0030,,"""Projection — 12"""""",""Height — 8"""""",""Length — 8' (96"""")""",$765.00,,,checked,
FWM-MOD006-0031,Faux Wood Mantel MOD006 — FWM-MOD006,FWM-MOD006-0031,,"Projection — Any Custom Size,Height — Any Custom Size,Length — Any Custom Size",,,,checked,
FWM-MOD007-0001,Faux Wood Mantel MOD007 — FWM-MOD007,FWM-MOD007-0001,,"""Projection — 6"""""",""Height — 4"""""",""Length — 4' (48"""")""",$227.00,,,checked,
FWM-MOD007-0002,Faux Wood Mantel MOD007 — FWM-MOD007,FWM-MOD007-0002,,"""Projection — 6"""""",""Height — 4"""""",""Length — 5' (60"""")""",$269.00,,,checked,
FWM-MOD007-0003,Faux Wood Mantel MOD007 — FWM-MOD007,FWM-MOD007-0003,,"""Projection — 6"""""",""Height — 4"""""",""Length — 6' (72"""")""",$312.00,,,checked,
FWM-MOD007-0004,Faux Wood Mantel MOD007 — FWM-MOD007,FWM-MOD007-0004,,"""Projection — 6"""""",""Height — 4"""""",""Length — 7' (84"""")""",$353.00,,,checked,
FWM-MOD007-0005,Faux Wood Mantel MOD007 — FWM-MOD007,FWM-MOD007-0005,,"""Projection — 6"""""",""Height — 4"""""",""Length — 8' (96"""")""",$395.00,,,checked,
FWM-MOD007-0006,Faux Wood Mantel MOD007 — FWM-MOD007,FWM-MOD007-0006,,"""Projection — 8"""""",""Height — 6"""""",""Length — 4' (48"""")""",$312.00,,,checked,
FWM-MOD007-0007,Faux Wood Mantel MOD007 — FWM-MOD007,FWM-MOD007-0007,,"""Projection — 8"""""",""Height — 6"""""",""Length — 5' (60"""")""",$370.00,,,checked,
FWM-MOD007-0008,Faux Wood Mantel MOD007 — FWM-MOD007,FWM-MOD007-0008,,"""Projection — 8"""""",""Height — 6"""""",""Length — 6' (72"""")""",$430.00,,,checked,
FWM-MOD007-0009,Faux Wood Mantel MOD007 — FWM-MOD007,FWM-MOD007-0009,,"""Projection — 8"""""",""Height — 6"""""",""Length — 7' (84"""")""",$490.00,,,checked,
FWM-MOD007-0010,Faux Wood Mantel MOD007 — FWM-MOD007,FWM-MOD007-0010,,"""Projection — 8"""""",""Height — 6"""""",""Length — 8' (96"""")""",$550.00,,,checked,
FWM-MOD007-0011,Faux Wood Mantel MOD007 — FWM-MOD007,FWM-MOD007-0011,,"""Projection — 8"""""",""Height — 8"""""",""Length — 4' (48"""")""",$367.00,,,checked,
FWM-MOD007-0012,Faux Wood Mantel MOD007 — FWM-MOD007,FWM-MOD007-0012,,"""Projection — 8"""""",""Height — 8"""""",""Length — 5' (60"""")""",$439.00,,,checked,
FWM-MOD007-0013,Faux Wood Mantel MOD007 — FWM-MOD007,FWM-MOD007-0013,,"""Projection — 8"""""",""Height — 8"""""",""Length — 6' (72"""")""",$510.00,,,checked,
FWM-MOD007-0014,Faux Wood Mantel MOD007 — FWM-MOD007,FWM-MOD007-0014,,"""Projection — 8"""""",""Height — 8"""""",""Length — 7' (84"""")""",$583.00,,,checked,
FWM-MOD007-0015,Faux Wood Mantel MOD007 — FWM-MOD007,FWM-MOD007-0015,,"""Projection — 8"""""",""Height — 8"""""",""Length — 8' (96"""")""",$654.00,,,checked,
FWM-MOD007-0016,Faux Wood Mantel MOD007 — FWM-MOD007,FWM-MOD007-0016,,"""Projection — 10"""""",""Height — 6"""""",""Length — 4' (48"""")""",$340.00,,,checked,
FWM-MOD007-0017,Faux Wood Mantel MOD007 — FWM-MOD007,FWM-MOD007-0017,,"""Projection — 10"""""",""Height — 6"""""",""Length — 5' (60"""")""",$407.00,,,checked,
FWM-MOD007-0018,Faux Wood Mantel MOD007 — FWM-MOD007,FWM-MOD007-0018,,"""Projection — 10"""""",""Height — 6"""""",""Length — 6' (72"""")""",$473.00,,,checked,
FWM-MOD007-0019,Faux Wood Mantel MOD007 — FWM-MOD007,FWM-MOD007-0019,,"""Projection — 10"""""",""Height — 6"""""",""Length — 7' (84"""")""",$538.00,,,checked,
FWM-MOD007-0020,Faux Wood Mantel MOD007 — FWM-MOD007,FWM-MOD007-0020,,"""Projection — 10"""""",""Height — 6"""""",""Length — 8' (96"""")""",$604.00,,,checked,
FWM-MOD007-0021,Faux Wood Mantel MOD007 — FWM-MOD007,FWM-MOD007-0021,,"""Projection — 10"""""",""Height — 8"""""",""Length — 4' (48"""")""",$399.00,,,checked,
FWM-MOD007-0022,Faux Wood Mantel MOD007 — FWM-MOD007,FWM-MOD007-0022,,"""Projection — 10"""""",""Height — 8"""""",""Length — 5' (60"""")""",$477.00,,,checked,
FWM-MOD007-0023,Faux Wood Mantel MOD007 — FWM-MOD007,FWM-MOD007-0023,,"""Projection — 10"""""",""Height — 8"""""",""Length — 6' (72"""")""",$554.00,,,checked,
FWM-MOD007-0024,Faux Wood Mantel MOD007 — FWM-MOD007,FWM-MOD007-0024,,"""Projection — 10"""""",""Height — 8"""""",""Length — 7' (84"""")""",$633.00,,,checked,
FWM-MOD007-0025,Faux Wood Mantel MOD007 — FWM-MOD007,FWM-MOD007-0025,,"""Projection — 10"""""",""Height — 8"""""",""Length — 8' (96"""")""",$710.00,,,checked,
FWM-MOD007-0026,Faux Wood Mantel MOD007 — FWM-MOD007,FWM-MOD007-0026,,"""Projection — 12"""""",""Height — 8"""""",""Length — 4' (48"""")""",$430.00,,,checked,
FWM-MOD007-0027,Faux Wood Mantel MOD007 — FWM-MOD007,FWM-MOD007-0027,,"""Projection — 12"""""",""Height — 8"""""",""Length — 5' (60"""")""",$514.00,,,checked,
FWM-MOD007-0028,Faux Wood Mantel MOD007 — FWM-MOD007,FWM-MOD007-0028,,"""Projection — 12"""""",""Height — 8"""""",""Length — 6' (72"""")""",$598.00,,,checked,
FWM-MOD007-0029,Faux Wood Mantel MOD007 — FWM-MOD007,FWM-MOD007-0029,,"""Projection — 12"""""",""Height — 8"""""",""Length — 7' (84"""")""",$682.00,,,checked,
FWM-MOD007-0030,Faux Wood Mantel MOD007 — FWM-MOD007,FWM-MOD007-0030,,"""Projection — 12"""""",""Height — 8"""""",""Length — 8' (96"""")""",$765.00,,,checked,
FWM-MOD007-0031,Faux Wood Mantel MOD007 — FWM-MOD007,FWM-MOD007-0031,,"Projection — Any Custom Size,Height — Any Custom Size,Length — Any Custom Size",,,,checked,
FWM-MOD008-0001,Faux Wood Mantel MOD008 — FWM-MOD008,FWM-MOD008-0001,,"""Projection — 6"""""",""Height — 4"""""",""Length — 4' (48"""")""",$227.00,,,checked,
FWM-MOD008-0002,Faux Wood Mantel MOD008 — FWM-MOD008,FWM-MOD008-0002,,"""Projection — 6"""""",""Height — 4"""""",""Length — 5' (60"""")""",$269.00,,,checked,
FWM-MOD008-0003,Faux Wood Mantel MOD008 — FWM-MOD008,FWM-MOD008-0003,,"""Projection — 6"""""",""Height — 4"""""",""Length — 6' (72"""")""",$312.00,,,checked,
FWM-MOD008-0004,Faux Wood Mantel MOD008 — FWM-MOD008,FWM-MOD008-0004,,"""Projection — 6"""""",""Height — 4"""""",""Length — 7' (84"""")""",$353.00,,,checked,
FWM-MOD008-0005,Faux Wood Mantel MOD008 — FWM-MOD008,FWM-MOD008-0005,,"""Projection — 6"""""",""Height — 4"""""",""Length — 8' (96"""")""",$395.00,,,checked,
FWM-MOD008-0006,Faux Wood Mantel MOD008 — FWM-MOD008,FWM-MOD008-0006,,"""Projection — 8"""""",""Height — 6"""""",""Length — 4' (48"""")""",$312.00,,,checked,
FWM-MOD008-0007,Faux Wood Mantel MOD008 — FWM-MOD008,FWM-MOD008-0007,,"""Projection — 8"""""",""Height — 6"""""",""Length — 5' (60"""")""",$370.00,,,checked,
FWM-MOD008-0008,Faux Wood Mantel MOD008 — FWM-MOD008,FWM-MOD008-0008,,"""Projection — 8"""""",""Height — 6"""""",""Length — 6' (72"""")""",$430.00,,,checked,
FWM-MOD008-0009,Faux Wood Mantel MOD008 — FWM-MOD008,FWM-MOD008-0009,,"""Projection — 8"""""",""Height — 6"""""",""Length — 7' (84"""")""",$490.00,,,checked,
FWM-MOD008-0010,Faux Wood Mantel MOD008 — FWM-MOD008,FWM-MOD008-0010,,"""Projection — 8"""""",""Height — 6"""""",""Length — 8' (96"""")""",$550.00,,,checked,
FWM-MOD008-0011,Faux Wood Mantel MOD008 — FWM-MOD008,FWM-MOD008-0011,,"""Projection — 8"""""",""Height — 8"""""",""Length — 4' (48"""")""",$367.00,,,checked,
FWM-MOD008-0012,Faux Wood Mantel MOD008 — FWM-MOD008,FWM-MOD008-0012,,"""Projection — 8"""""",""Height — 8"""""",""Length — 5' (60"""")""",$439.00,,,checked,
FWM-MOD008-0013,Faux Wood Mantel MOD008 — FWM-MOD008,FWM-MOD008-0013,,"""Projection — 8"""""",""Height — 8"""""",""Length — 6' (72"""")""",$510.00,,,checked,
FWM-MOD008-0014,Faux Wood Mantel MOD008 — FWM-MOD008,FWM-MOD008-0014,,"""Projection — 8"""""",""Height — 8"""""",""Length — 7' (84"""")""",$583.00,,,checked,
FWM-MOD008-0015,Faux Wood Mantel MOD008 — FWM-MOD008,FWM-MOD008-0015,,"""Projection — 8"""""",""Height — 8"""""",""Length — 8' (96"""")""",$654.00,,,checked,
FWM-MOD008-0016,Faux Wood Mantel MOD008 — FWM-MOD008,FWM-MOD008-0016,,"""Projection — 10"""""",""Height — 6"""""",""Length — 4' (48"""")""",$340.00,,,checked,
FWM-MOD008-0017,Faux Wood Mantel MOD008 — FWM-MOD008,FWM-MOD008-0017,,"""Projection — 10"""""",""Height — 6"""""",""Length — 5' (60"""")""",$407.00,,,checked,
FWM-MOD008-0018,Faux Wood Mantel MOD008 — FWM-MOD008,FWM-MOD008-0018,,"""Projection — 10"""""",""Height — 6"""""",""Length — 6' (72"""")""",$473.00,,,checked,
FWM-MOD008-0019,Faux Wood Mantel MOD008 — FWM-MOD008,FWM-MOD008-0019,,"""Projection — 10"""""",""Height — 6"""""",""Length — 7' (84"""")""",$538.00,,,checked,
FWM-MOD008-0020,Faux Wood Mantel MOD008 — FWM-MOD008,FWM-MOD008-0020,,"""Projection — 10"""""",""Height — 6"""""",""Length — 8' (96"""")""",$604.00,,,checked,
FWM-MOD008-0021,Faux Wood Mantel MOD008 — FWM-MOD008,FWM-MOD008-0021,,"""Projection — 10"""""",""Height — 8"""""",""Length — 4' (48"""")""",$399.00,,,checked,
FWM-MOD008-0022,Faux Wood Mantel MOD008 — FWM-MOD008,FWM-MOD008-0022,,"""Projection — 10"""""",""Height — 8"""""",""Length — 5' (60"""")""",$477.00,,,checked,
FWM-MOD008-0023,Faux Wood Mantel MOD008 — FWM-MOD008,FWM-MOD008-0023,,"""Projection — 10"""""",""Height — 8"""""",""Length — 6' (72"""")""",$554.00,,,checked,
FWM-MOD008-0024,Faux Wood Mantel MOD008 — FWM-MOD008,FWM-MOD008-0024,,"""Projection — 10"""""",""Height — 8"""""",""Length — 7' (84"""")""",$633.00,,,checked,
FWM-MOD008-0025,Faux Wood Mantel MOD008 — FWM-MOD008,FWM-MOD008-0025,,"""Projection — 10"""""",""Height — 8"""""",""Length — 8' (96"""")""",$710.00,,,checked,
FWM-MOD008-0026,Faux Wood Mantel MOD008 — FWM-MOD008,FWM-MOD008-0026,,"""Projection — 12"""""",""Height — 8"""""",""Length — 4' (48"""")""",$430.00,,,checked,
FWM-MOD008-0027,Faux Wood Mantel MOD008 — FWM-MOD008,FWM-MOD008-0027,,"""Projection — 12"""""",""Height — 8"""""",""Length — 5' (60"""")""",$514.00,,,checked,
FWM-MOD008-0028,Faux Wood Mantel MOD008 — FWM-MOD008,FWM-MOD008-0028,,"""Projection — 12"""""",""Height — 8"""""",""Length — 6' (72"""")""",$598.00,,,checked,
FWM-MOD008-0029,Faux Wood Mantel MOD008 — FWM-MOD008,FWM-MOD008-0029,,"""Projection — 12"""""",""Height — 8"""""",""Length — 7' (84"""")""",$682.00,,,checked,
FWM-MOD008-0030,Faux Wood Mantel MOD008 — FWM-MOD008,FWM-MOD008-0030,,"""Projection — 12"""""",""Height — 8"""""",""Length — 8' (96"""")""",$765.00,,,checked,
FWM-MOD008-0031,Faux Wood Mantel MOD008 — FWM-MOD008,FWM-MOD008-0031,,"Projection — Any Custom Size,Height — Any Custom Size,Length — Any Custom Size",,,,checked,
FWB-MOD004-0001,Faux Wood Beam MOD004 — FWB-MOD004,FWB-MOD004-0001,,"""Width — 4"""""",""Height — 4"""""",""Length — 8' (96"""")"",Sides — 3-sided",$288.00,,,checked,
FWB-MOD004-0002,Faux Wood Beam MOD004 — FWB-MOD004,FWB-MOD004-0002,,"""Width — 4"""""",""Height — 4"""""",""Length — 8' (96"""")"",Sides — 4-sided",$384.00,,,checked,
FWB-MOD004-0003,Faux Wood Beam MOD004 — FWB-MOD004,FWB-MOD004-0003,,"""Width — 4"""""",""Height — 4"""""",""Length — 10' (120"""")"",Sides — 3-sided",$360.00,,,checked,
FWB-MOD004-0004,Faux Wood Beam MOD004 — FWB-MOD004,FWB-MOD004-0004,,"""Width — 4"""""",""Height — 4"""""",""Length — 10' (120"""")"",Sides — 4-sided",$480.00,,,checked,
FWB-MOD004-0005,Faux Wood Beam MOD004 — FWB-MOD004,FWB-MOD004-0005,,"""Width — 4"""""",""Height — 4"""""",""Length — 12' (144"""")"",Sides — 3-sided",$432.00,,,checked,
FWB-MOD004-0006,Faux Wood Beam MOD004 — FWB-MOD004,FWB-MOD004-0006,,"""Width — 4"""""",""Height — 4"""""",""Length — 12' (144"""")"",Sides — 4-sided",$575.00,,,checked,
FWB-MOD004-0007,Faux Wood Beam MOD004 — FWB-MOD004,FWB-MOD004-0007,,"""Width — 4"""""",""Height — 4"""""",""Length — 16' (192"""")"",Sides — 3-sided",$575.00,,,checked,
FWB-MOD004-0008,Faux Wood Beam MOD004 — FWB-MOD004,FWB-MOD004-0008,,"""Width — 4"""""",""Height — 4"""""",""Length — 16' (192"""")"",Sides — 4-sided",$767.00,,,checked,
FWB-MOD004-0009,Faux Wood Beam MOD004 — FWB-MOD004,FWB-MOD004-0009,,"""Width — 4"""""",""Height — 4"""""",""Length — 20' (240"""")"",Sides — 3-sided",$719.00,,,checked,
FWB-MOD004-0010,Faux Wood Beam MOD004 — FWB-MOD004,FWB-MOD004-0010,,"""Width — 4"""""",""Height — 4"""""",""Length — 20' (240"""")"",Sides — 4-sided",$959.00,,,checked,
FWB-MOD004-0011,Faux Wood Beam MOD004 — FWB-MOD004,FWB-MOD004-0011,,"""Width — 4"""""",""Height — 6"""""",""Length — 8' (96"""")"",Sides — 3-sided",$384.00,,,checked,
FWB-MOD004-0012,Faux Wood Beam MOD004 — FWB-MOD004,FWB-MOD004-0012,,"""Width — 4"""""",""Height — 6"""""",""Length — 8' (96"""")"",Sides — 4-sided",$480.00,,,checked,
FWB-MOD004-0013,Faux Wood Beam MOD004 — FWB-MOD004,FWB-MOD004-0013,,"""Width — 4"""""",""Height — 6"""""",""Length — 10' (120"""")"",Sides — 3-sided",$480.00,,,checked,
FWB-MOD004-0014,Faux Wood Beam MOD004 — FWB-MOD004,FWB-MOD004-0014,,"""Width — 4"""""",""Height — 6"""""",""Length — 10' (120"""")"",Sides — 4-sided",$599.00,,,checked,
FWB-MOD004-0015,Faux Wood Beam MOD004 — FWB-MOD004,FWB-MOD004-0015,,"""Width — 4"""""",""Height — 6"""""",""Length — 12' (144"""")"",Sides — 3-sided",$575.00,,,checked,
FWB-MOD004-0016,Faux Wood Beam MOD004 — FWB-MOD004,FWB-MOD004-0016,,"""Width — 4"""""",""Height — 6"""""",""Length — 12' (144"""")"",Sides — 4-sided",$719.00,,,checked,
FWB-MOD004-0017,Faux Wood Beam MOD004 — FWB-MOD004,FWB-MOD004-0017,,"""Width — 4"""""",""Height — 6"""""",""Length — 16' (192"""")"",Sides — 3-sided",$767.00,,,checked,
FWB-MOD004-0018,Faux Wood Beam MOD004 — FWB-MOD004,FWB-MOD004-0018,,"""Width — 4"""""",""Height — 6"""""",""Length — 16' (192"""")"",Sides — 4-sided",$959.00,,,checked,
FWB-MOD004-0019,Faux Wood Beam MOD004 — FWB-MOD004,FWB-MOD004-0019,,"""Width — 4"""""",""Height — 6"""""",""Length — 20' (240"""")"",Sides — 3-sided",$959.00,,,checked,
FWB-MOD004-0020,Faux Wood Beam MOD004 — FWB-MOD004,FWB-MOD004-0020,,"""Width — 4"""""",""Height — 6"""""",""Length — 20' (240"""")"",Sides — 4-sided",$1198.00,,,checked,
FWB-MOD004-0021,Faux Wood Beam MOD004 — FWB-MOD004,FWB-MOD004-0021,,"""Width — 6"""""",""Height — 6"""""",""Length — 8' (96"""")"",Sides — 3-sided",$432.00,,,checked,
FWB-MOD004-0022,Faux Wood Beam MOD004 — FWB-MOD004,FWB-MOD004-0022,,"""Width — 6"""""",""Height — 6"""""",""Length — 8' (96"""")"",Sides — 4-sided",$575.00,,,checked,
FWB-MOD004-0023,Faux Wood Beam MOD004 — FWB-MOD004,FWB-MOD004-0023,,"""Width — 6"""""",""Height — 6"""""",""Length — 10' (120"""")"",Sides — 3-sided",$540.00,,,checked,
FWB-MOD004-0024,Faux Wood Beam MOD004 — FWB-MOD004,FWB-MOD004-0024,,"""Width — 6"""""",""Height — 6"""""",""Length — 10' (120"""")"",Sides — 4-sided",$719.00,,,checked,
FWB-MOD004-0025,Faux Wood Beam MOD004 — FWB-MOD004,FWB-MOD004-0025,,"""Width — 6"""""",""Height — 6"""""",""Length — 12' (144"""")"",Sides — 3-sided",$648.00,,,checked,
FWB-MOD004-0026,Faux Wood Beam MOD004 — FWB-MOD004,FWB-MOD004-0026,,"""Width — 6"""""",""Height — 6"""""",""Length — 12' (144"""")"",Sides — 4-sided",$863.00,,,checked,
FWB-MOD004-0027,Faux Wood Beam MOD004 — FWB-MOD004,FWB-MOD004-0027,,"""Width — 6"""""",""Height — 6"""""",""Length — 16' (192"""")"",Sides — 3-sided",$863.00,,,checked,
FWB-MOD004-0028,Faux Wood Beam MOD004 — FWB-MOD004,FWB-MOD004-0028,,"""Width — 6"""""",""Height — 6"""""",""Length — 16' (192"""")"",Sides — 4-sided",$1150.00,,,checked,
FWB-MOD004-0029,Faux Wood Beam MOD004 — FWB-MOD004,FWB-MOD004-0029,,"""Width — 6"""""",""Height — 6"""""",""Length — 20' (240"""")"",Sides — 3-sided",$1079.00,,,checked,
FWB-MOD004-0030,Faux Wood Beam MOD004 — FWB-MOD004,FWB-MOD004-0030,,"""Width — 6"""""",""Height — 6"""""",""Length — 20' (240"""")"",Sides — 4-sided",$1438.00,,,checked,
FWB-MOD004-0031,Faux Wood Beam MOD004 — FWB-MOD004,FWB-MOD004-0031,,"""Width — 6"""""",""Height — 8"""""",""Length — 8' (96"""")"",Sides — 3-sided",$528.00,,,checked,
FWB-MOD004-0032,Faux Wood Beam MOD004 — FWB-MOD004,FWB-MOD004-0032,,"""Width — 6"""""",""Height — 8"""""",""Length — 8' (96"""")"",Sides — 4-sided",$672.00,,,checked,
FWB-MOD004-0033,Faux Wood Beam MOD004 — FWB-MOD004,FWB-MOD004-0033,,"""Width — 6"""""",""Height — 8"""""",""Length — 10' (120"""")"",Sides — 3-sided",$659.00,,,checked,
FWB-MOD004-0034,Faux Wood Beam MOD004 — FWB-MOD004,FWB-MOD004-0034,,"""Width — 6"""""",""Height — 8"""""",""Length — 10' (120"""")"",Sides — 4-sided",$839.00,,,checked,
FWB-MOD004-0035,Faux Wood Beam MOD004 — FWB-MOD004,FWB-MOD004-0035,,"""Width — 6"""""",""Height — 8"""""",""Length — 12' (144"""")"",Sides — 3-sided",$792.00,,,checked,
FWB-MOD004-0036,Faux Wood Beam MOD004 — FWB-MOD004,FWB-MOD004-0036,,"""Width — 6"""""",""Height — 8"""""",""Length — 12' (144"""")"",Sides — 4-sided",$1007.00,,,checked,
FWB-MOD004-0037,Faux Wood Beam MOD004 — FWB-MOD004,FWB-MOD004-0037,,"""Width — 6"""""",""Height — 8"""""",""Length — 16' (192"""")"",Sides — 3-sided",$1054.00,,,checked,
FWB-MOD004-0038,Faux Wood Beam MOD004 — FWB-MOD004,FWB-MOD004-0038,,"""Width — 6"""""",""Height — 8"""""",""Length — 16' (192"""")"",Sides — 4-sided",$1342.00,,,checked,
FWB-MOD004-0039,Faux Wood Beam MOD004 — FWB-MOD004,FWB-MOD004-0039,,"""Width — 6"""""",""Height — 8"""""",""Length — 20' (240"""")"",Sides — 3-sided",$1318.00,,,checked,
FWB-MOD004-0040,Faux Wood Beam MOD004 — FWB-MOD004,FWB-MOD004-0040,,"""Width — 6"""""",""Height — 8"""""",""Length — 20' (240"""")"",Sides — 4-sided",$1677.00,,,checked,
FWB-MOD004-0041,Faux Wood Beam MOD004 — FWB-MOD004,FWB-MOD004-0041,,"""Width — 8"""""",""Height — 8"""""",""Length — 8' (96"""")"",Sides — 3-sided",$575.00,,,checked,
FWB-MOD004-0042,Faux Wood Beam MOD004 — FWB-MOD004,FWB-MOD004-0042,,"""Width — 8"""""",""Height — 8"""""",""Length — 8' (96"""")"",Sides — 4-sided",$767.00,,,checked,
FWB-MOD004-0043,Faux Wood Beam MOD004 — FWB-MOD004,FWB-MOD004-0043,,"""Width — 8"""""",""Height — 8"""""",""Length — 10' (120"""")"",Sides — 3-sided",$719.00,,,checked,
FWB-MOD004-0044,Faux Wood Beam MOD004 — FWB-MOD004,FWB-MOD004-0044,,"""Width — 8"""""",""Height — 8"""""",""Length — 10' (120"""")"",Sides — 4-sided",$959.00,,,checked,
FWB-MOD004-0045,Faux Wood Beam MOD004 — FWB-MOD004,FWB-MOD004-0045,,"""Width — 8"""""",""Height — 8"""""",""Length — 12' (144"""")"",Sides — 3-sided",$863.00,,,checked,
FWB-MOD004-0046,Faux Wood Beam MOD004 — FWB-MOD004,FWB-MOD004-0046,,"""Width — 8"""""",""Height — 8"""""",""Length — 12' (144"""")"",Sides — 4-sided",$1150.00,,,checked,
FWB-MOD004-0047,Faux Wood Beam MOD004 — FWB-MOD004,FWB-MOD004-0047,,"""Width — 8"""""",""Height — 8"""""",""Length — 16' (192"""")"",Sides — 3-sided",$1150.00,,,checked,
FWB-MOD004-0048,Faux Wood Beam MOD004 — FWB-MOD004,FWB-MOD004-0048,,"""Width — 8"""""",""Height — 8"""""",""Length — 16' (192"""")"",Sides — 4-sided",$1533.00,,,checked,
FWB-MOD004-0049,Faux Wood Beam MOD004 — FWB-MOD004,FWB-MOD004-0049,,"""Width — 8"""""",""Height — 8"""""",""Length — 20' (240"""")"",Sides — 3-sided",$1438.00,,,checked,
FWB-MOD004-0050,Faux Wood Beam MOD004 — FWB-MOD004,FWB-MOD004-0050,,"""Width — 8"""""",""Height — 8"""""",""Length — 20' (240"""")"",Sides — 4-sided",$1917.00,,,checked,
FWB-MOD004-0051,Faux Wood Beam MOD004 — FWB-MOD004,FWB-MOD004-0051,,"""Width — 8"""""",""Height — 10"""""",""Length — 8' (96"""")"",Sides — 3-sided",$672.00,,,checked,
FWB-MOD004-0052,Faux Wood Beam MOD004 — FWB-MOD004,FWB-MOD004-0052,,"""Width — 8"""""",""Height — 10"""""",""Length — 8' (96"""")"",Sides — 4-sided",$863.00,,,checked,
FWB-MOD004-0053,Faux Wood Beam MOD004 — FWB-MOD004,FWB-MOD004-0053,,"""Width — 8"""""",""Height — 10"""""",""Length — 10' (120"""")"",Sides — 3-sided",$839.00,,,checked,
FWB-MOD004-0054,Faux Wood Beam MOD004 — FWB-MOD004,FWB-MOD004-0054,,"""Width — 8"""""",""Height — 10"""""",""Length — 10' (120"""")"",Sides — 4-sided",$1079.00,,,checked,
FWB-MOD004-0055,Faux Wood Beam MOD004 — FWB-MOD004,FWB-MOD004-0055,,"""Width — 8"""""",""Height — 10"""""",""Length — 12' (144"""")"",Sides — 3-sided",$1007.00,,,checked,
FWB-MOD004-0056,Faux Wood Beam MOD004 — FWB-MOD004,FWB-MOD004-0056,,"""Width — 8"""""",""Height — 10"""""",""Length — 12' (144"""")"",Sides — 4-sided",$1294.00,,,checked,
FWB-MOD004-0057,Faux Wood Beam MOD004 — FWB-MOD004,FWB-MOD004-0057,,"""Width — 8"""""",""Height — 10"""""",""Length — 16' (192"""")"",Sides — 3-sided",$1342.00,,,checked,
FWB-MOD004-0058,Faux Wood Beam MOD004 — FWB-MOD004,FWB-MOD004-0058,,"""Width — 8"""""",""Height — 10"""""",""Length — 16' (192"""")"",Sides — 4-sided",$1725.00,,,checked,
FWB-MOD004-0059,Faux Wood Beam MOD004 — FWB-MOD004,FWB-MOD004-0059,,"""Width — 8"""""",""Height — 10"""""",""Length — 20' (240"""")"",Sides — 3-sided",$1677.00,,,checked,
FWB-MOD004-0060,Faux Wood Beam MOD004 — FWB-MOD004,FWB-MOD004-0060,,"""Width — 8"""""",""Height — 10"""""",""Length — 20' (240"""")"",Sides — 4-sided",$2157.00,,,checked,
FWB-MOD004-0061,Faux Wood Beam MOD004 — FWB-MOD004,FWB-MOD004-0061,,"""Width — 10"""""",""Height — 10"""""",""Length — 8' (96"""")"",Sides — 3-sided",$719.00,,,checked,
FWB-MOD004-0062,Faux Wood Beam MOD004 — FWB-MOD004,FWB-MOD004-0062,,"""Width — 10"""""",""Height — 10"""""",""Length — 8' (96"""")"",Sides — 4-sided",$959.00,,,checked,
FWB-MOD004-0063,Faux Wood Beam MOD004 — FWB-MOD004,FWB-MOD004-0063,,"""Width — 10"""""",""Height — 10"""""",""Length — 10' (120"""")"",Sides — 3-sided",$899.00,,,checked,
FWB-MOD004-0064,Faux Wood Beam MOD004 — FWB-MOD004,FWB-MOD004-0064,,"""Width — 10"""""",""Height — 10"""""",""Length — 10' (120"""")"",Sides — 4-sided",$1198.00,,,checked,
FWB-MOD004-0065,Faux Wood Beam MOD004 — FWB-MOD004,FWB-MOD004-0065,,"""Width — 10"""""",""Height — 10"""""",""Length — 12' (144"""")"",Sides — 3-sided",$1079.00,,,checked,
FWB-MOD004-0066,Faux Wood Beam MOD004 — FWB-MOD004,FWB-MOD004-0066,,"""Width — 10"""""",""Height — 10"""""",""Length — 12' (144"""")"",Sides — 4-sided",$1438.00,,,checked,
FWB-MOD004-0067,Faux Wood Beam MOD004 — FWB-MOD004,FWB-MOD004-0067,,"""Width — 10"""""",""Height — 10"""""",""Length — 16' (192"""")"",Sides — 3-sided",$1438.00,,,checked,
FWB-MOD004-0068,Faux Wood Beam MOD004 — FWB-MOD004,FWB-MOD004-0068,,"""Width — 10"""""",""Height — 10"""""",""Length — 16' (192"""")"",Sides — 4-sided",$1917.00,,,checked,
FWB-MOD004-0069,Faux Wood Beam MOD004 — FWB-MOD004,FWB-MOD004-0069,,"""Width — 10"""""",""Height — 10"""""",""Length — 20' (240"""")"",Sides — 3-sided",$1797.00,,,checked,
FWB-MOD004-0070,Faux Wood Beam MOD004 — FWB-MOD004,FWB-MOD004-0070,,"""Width — 10"""""",""Height — 10"""""",""Length — 20' (240"""")"",Sides — 4-sided",$2395.00,,,checked,
FWB-MOD004-0071,Faux Wood Beam MOD004 — FWB-MOD004,FWB-MOD004-0071,,"""Width — 12"""""",""Height — 12"""""",""Length — 8' (96"""")"",Sides — 3-sided",$863.00,,,checked,
FWB-MOD004-0072,Faux Wood Beam MOD004 — FWB-MOD004,FWB-MOD004-0072,,"""Width — 12"""""",""Height — 12"""""",""Length — 8' (96"""")"",Sides — 4-sided",$1150.00,,,checked,
FWB-MOD004-0073,Faux Wood Beam MOD004 — FWB-MOD004,FWB-MOD004-0073,,"""Width — 12"""""",""Height — 12"""""",""Length — 10' (120"""")"",Sides — 3-sided",$1079.00,,,checked,
FWB-MOD004-0074,Faux Wood Beam MOD004 — FWB-MOD004,FWB-MOD004-0074,,"""Width — 12"""""",""Height — 12"""""",""Length — 10' (120"""")"",Sides — 4-sided",$1438.00,,,checked,
FWB-MOD004-0075,Faux Wood Beam MOD004 — FWB-MOD004,FWB-MOD004-0075,,"""Width — 12"""""",""Height — 12"""""",""Length — 12' (144"""")"",Sides — 3-sided",$1294.00,,,checked,
FWB-MOD004-0076,Faux Wood Beam MOD004 — FWB-MOD004,FWB-MOD004-0076,,"""Width — 12"""""",""Height — 12"""""",""Length — 12' (144"""")"",Sides — 4-sided",$1725.00,,,checked,
FWB-MOD004-0077,Faux Wood Beam MOD004 — FWB-MOD004,FWB-MOD004-0077,,"""Width — 12"""""",""Height — 12"""""",""Length — 16' (192"""")"",Sides — 3-sided",$1725.00,,,checked,
FWB-MOD004-0078,Faux Wood Beam MOD004 — FWB-MOD004,FWB-MOD004-0078,,"""Width — 12"""""",""Height — 12"""""",""Length — 16' (192"""")"",Sides — 4-sided",$2299.00,,,checked,
FWB-MOD004-0079,Faux Wood Beam MOD004 — FWB-MOD004,FWB-MOD004-0079,,"""Width — 12"""""",""Height — 12"""""",""Length — 20' (240"""")"",Sides — 3-sided",$2157.00,,,checked,
FWB-MOD004-0080,Faux Wood Beam MOD004 — FWB-MOD004,FWB-MOD004-0080,,"""Width — 12"""""",""Height — 12"""""",""Length — 20' (240"""")"",Sides — 4-sided",$2874.00,,,checked,
FWB-MOD004-0081,Faux Wood Beam MOD004 — FWB-MOD004,FWB-MOD004-0081,,"Width — Any Custom Size,Height — Any Custom Size,Length — Any Custom Size,Sides — Any Custom Size",,,,checked,
FWB-MOD005-0001,Faux Wood Beam MOD005 — FWB-MOD005,FWB-MOD005-0001,,"""Width — 4"""""",""Height — 4"""""",""Length — 8' (96"""")"",Sides — 3-sided",$288.00,,,checked,
FWB-MOD005-0002,Faux Wood Beam MOD005 — FWB-MOD005,FWB-MOD005-0002,,"""Width — 4"""""",""Height — 4"""""",""Length — 8' (96"""")"",Sides — 4-sided",$384.00,,,checked,
FWB-MOD005-0003,Faux Wood Beam MOD005 — FWB-MOD005,FWB-MOD005-0003,,"""Width — 4"""""",""Height — 4"""""",""Length — 10' (120"""")"",Sides — 3-sided",$360.00,,,checked,
FWB-MOD005-0004,Faux Wood Beam MOD005 — FWB-MOD005,FWB-MOD005-0004,,"""Width — 4"""""",""Height — 4"""""",""Length — 10' (120"""")"",Sides — 4-sided",$480.00,,,checked,
FWB-MOD005-0005,Faux Wood Beam MOD005 — FWB-MOD005,FWB-MOD005-0005,,"""Width — 4"""""",""Height — 4"""""",""Length — 12' (144"""")"",Sides — 3-sided",$432.00,,,checked,
FWB-MOD005-0006,Faux Wood Beam MOD005 — FWB-MOD005,FWB-MOD005-0006,,"""Width — 4"""""",""Height — 4"""""",""Length — 12' (144"""")"",Sides — 4-sided",$575.00,,,checked,
FWB-MOD005-0007,Faux Wood Beam MOD005 — FWB-MOD005,FWB-MOD005-0007,,"""Width — 4"""""",""Height — 4"""""",""Length — 16' (192"""")"",Sides — 3-sided",$575.00,,,checked,
FWB-MOD005-0008,Faux Wood Beam MOD005 — FWB-MOD005,FWB-MOD005-0008,,"""Width — 4"""""",""Height — 4"""""",""Length — 16' (192"""")"",Sides — 4-sided",$767.00,,,checked,
FWB-MOD005-0009,Faux Wood Beam MOD005 — FWB-MOD005,FWB-MOD005-0009,,"""Width — 4"""""",""Height — 4"""""",""Length — 20' (240"""")"",Sides — 3-sided",$719.00,,,checked,
FWB-MOD005-0010,Faux Wood Beam MOD005 — FWB-MOD005,FWB-MOD005-0010,,"""Width — 4"""""",""Height — 4"""""",""Length — 20' (240"""")"",Sides — 4-sided",$959.00,,,checked,
FWB-MOD005-0011,Faux Wood Beam MOD005 — FWB-MOD005,FWB-MOD005-0011,,"""Width — 4"""""",""Height — 6"""""",""Length — 8' (96"""")"",Sides — 3-sided",$384.00,,,checked,
FWB-MOD005-0012,Faux Wood Beam MOD005 — FWB-MOD005,FWB-MOD005-0012,,"""Width — 4"""""",""Height — 6"""""",""Length — 8' (96"""")"",Sides — 4-sided",$480.00,,,checked,
FWB-MOD005-0013,Faux Wood Beam MOD005 — FWB-MOD005,FWB-MOD005-0013,,"""Width — 4"""""",""Height — 6"""""",""Length — 10' (120"""")"",Sides — 3-sided",$480.00,,,checked,
FWB-MOD005-0014,Faux Wood Beam MOD005 — FWB-MOD005,FWB-MOD005-0014,,"""Width — 4"""""",""Height — 6"""""",""Length — 10' (120"""")"",Sides — 4-sided",$599.00,,,checked,
FWB-MOD005-0015,Faux Wood Beam MOD005 — FWB-MOD005,FWB-MOD005-0015,,"""Width — 4"""""",""Height — 6"""""",""Length — 12' (144"""")"",Sides — 3-sided",$575.00,,,checked,
FWB-MOD005-0016,Faux Wood Beam MOD005 — FWB-MOD005,FWB-MOD005-0016,,"""Width — 4"""""",""Height — 6"""""",""Length — 12' (144"""")"",Sides — 4-sided",$719.00,,,checked,
FWB-MOD005-0017,Faux Wood Beam MOD005 — FWB-MOD005,FWB-MOD005-0017,,"""Width — 4"""""",""Height — 6"""""",""Length — 16' (192"""")"",Sides — 3-sided",$767.00,,,checked,
FWB-MOD005-0018,Faux Wood Beam MOD005 — FWB-MOD005,FWB-MOD005-0018,,"""Width — 4"""""",""Height — 6"""""",""Length — 16' (192"""")"",Sides — 4-sided",$959.00,,,checked,
FWB-MOD005-0019,Faux Wood Beam MOD005 — FWB-MOD005,FWB-MOD005-0019,,"""Width — 4"""""",""Height — 6"""""",""Length — 20' (240"""")"",Sides — 3-sided",$959.00,,,checked,
FWB-MOD005-0020,Faux Wood Beam MOD005 — FWB-MOD005,FWB-MOD005-0020,,"""Width — 4"""""",""Height — 6"""""",""Length — 20' (240"""")"",Sides — 4-sided",$1198.00,,,checked,
FWB-MOD005-0021,Faux Wood Beam MOD005 — FWB-MOD005,FWB-MOD005-0021,,"""Width — 6"""""",""Height — 6"""""",""Length — 8' (96"""")"",Sides — 3-sided",$432.00,,,checked,
FWB-MOD005-0022,Faux Wood Beam MOD005 — FWB-MOD005,FWB-MOD005-0022,,"""Width — 6"""""",""Height — 6"""""",""Length — 8' (96"""")"",Sides — 4-sided",$575.00,,,checked,
FWB-MOD005-0023,Faux Wood Beam MOD005 — FWB-MOD005,FWB-MOD005-0023,,"""Width — 6"""""",""Height — 6"""""",""Length — 10' (120"""")"",Sides — 3-sided",$540.00,,,checked,
FWB-MOD005-0024,Faux Wood Beam MOD005 — FWB-MOD005,FWB-MOD005-0024,,"""Width — 6"""""",""Height — 6"""""",""Length — 10' (120"""")"",Sides — 4-sided",$719.00,,,checked,
FWB-MOD005-0025,Faux Wood Beam MOD005 — FWB-MOD005,FWB-MOD005-0025,,"""Width — 6"""""",""Height — 6"""""",""Length — 12' (144"""")"",Sides — 3-sided",$648.00,,,checked,
FWB-MOD005-0026,Faux Wood Beam MOD005 — FWB-MOD005,FWB-MOD005-0026,,"""Width — 6"""""",""Height — 6"""""",""Length — 12' (144"""")"",Sides — 4-sided",$863.00,,,checked,
FWB-MOD005-0027,Faux Wood Beam MOD005 — FWB-MOD005,FWB-MOD005-0027,,"""Width — 6"""""",""Height — 6"""""",""Length — 16' (192"""")"",Sides — 3-sided",$863.00,,,checked,
FWB-MOD005-0028,Faux Wood Beam MOD005 — FWB-MOD005,FWB-MOD005-0028,,"""Width — 6"""""",""Height — 6"""""",""Length — 16' (192"""")"",Sides — 4-sided",$1150.00,,,checked,
FWB-MOD005-0029,Faux Wood Beam MOD005 — FWB-MOD005,FWB-MOD005-0029,,"""Width — 6"""""",""Height — 6"""""",""Length — 20' (240"""")"",Sides — 3-sided",$1079.00,,,checked,
FWB-MOD005-0030,Faux Wood Beam MOD005 — FWB-MOD005,FWB-MOD005-0030,,"""Width — 6"""""",""Height — 6"""""",""Length — 20' (240"""")"",Sides — 4-sided",$1438.00,,,checked,
FWB-MOD005-0031,Faux Wood Beam MOD005 — FWB-MOD005,FWB-MOD005-0031,,"""Width — 6"""""",""Height — 8"""""",""Length — 8' (96"""")"",Sides — 3-sided",$528.00,,,checked,
FWB-MOD005-0032,Faux Wood Beam MOD005 — FWB-MOD005,FWB-MOD005-0032,,"""Width — 6"""""",""Height — 8"""""",""Length — 8' (96"""")"",Sides — 4-sided",$672.00,,,checked,
FWB-MOD005-0033,Faux Wood Beam MOD005 — FWB-MOD005,FWB-MOD005-0033,,"""Width — 6"""""",""Height — 8"""""",""Length — 10' (120"""")"",Sides — 3-sided",$659.00,,,checked,
FWB-MOD005-0034,Faux Wood Beam MOD005 — FWB-MOD005,FWB-MOD005-0034,,"""Width — 6"""""",""Height — 8"""""",""Length — 10' (120"""")"",Sides — 4-sided",$839.00,,,checked,
FWB-MOD005-0035,Faux Wood Beam MOD005 — FWB-MOD005,FWB-MOD005-0035,,"""Width — 6"""""",""Height — 8"""""",""Length — 12' (144"""")"",Sides — 3-sided",$792.00,,,checked,
FWB-MOD005-0036,Faux Wood Beam MOD005 — FWB-MOD005,FWB-MOD005-0036,,"""Width — 6"""""",""Height — 8"""""",""Length — 12' (144"""")"",Sides — 4-sided",$1007.00,,,checked,
FWB-MOD005-0037,Faux Wood Beam MOD005 — FWB-MOD005,FWB-MOD005-0037,,"""Width — 6"""""",""Height — 8"""""",""Length — 16' (192"""")"",Sides — 3-sided",$1054.00,,,checked,
FWB-MOD005-0038,Faux Wood Beam MOD005 — FWB-MOD005,FWB-MOD005-0038,,"""Width — 6"""""",""Height — 8"""""",""Length — 16' (192"""")"",Sides — 4-sided",$1342.00,,,checked,
FWB-MOD005-0039,Faux Wood Beam MOD005 — FWB-MOD005,FWB-MOD005-0039,,"""Width — 6"""""",""Height — 8"""""",""Length — 20' (240"""")"",Sides — 3-sided",$1318.00,,,checked,
FWB-MOD005-0040,Faux Wood Beam MOD005 — FWB-MOD005,FWB-MOD005-0040,,"""Width — 6"""""",""Height — 8"""""",""Length — 20' (240"""")"",Sides — 4-sided",$1677.00,,,checked,
FWB-MOD005-0041,Faux Wood Beam MOD005 — FWB-MOD005,FWB-MOD005-0041,,"""Width — 8"""""",""Height — 8"""""",""Length — 8' (96"""")"",Sides — 3-sided",$575.00,,,checked,
FWB-MOD005-0042,Faux Wood Beam MOD005 — FWB-MOD005,FWB-MOD005-0042,,"""Width — 8"""""",""Height — 8"""""",""Length — 8' (96"""")"",Sides — 4-sided",$767.00,,,checked,
FWB-MOD005-0043,Faux Wood Beam MOD005 — FWB-MOD005,FWB-MOD005-0043,,"""Width — 8"""""",""Height — 8"""""",""Length — 10' (120"""")"",Sides — 3-sided",$719.00,,,checked,
FWB-MOD005-0044,Faux Wood Beam MOD005 — FWB-MOD005,FWB-MOD005-0044,,"""Width — 8"""""",""Height — 8"""""",""Length — 10' (120"""")"",Sides — 4-sided",$959.00,,,checked,
FWB-MOD005-0045,Faux Wood Beam MOD005 — FWB-MOD005,FWB-MOD005-0045,,"""Width — 8"""""",""Height — 8"""""",""Length — 12' (144"""")"",Sides — 3-sided",$863.00,,,checked,
FWB-MOD005-0046,Faux Wood Beam MOD005 — FWB-MOD005,FWB-MOD005-0046,,"""Width — 8"""""",""Height — 8"""""",""Length — 12' (144"""")"",Sides — 4-sided",$1150.00,,,checked,
FWB-MOD005-0047,Faux Wood Beam MOD005 — FWB-MOD005,FWB-MOD005-0047,,"""Width — 8"""""",""Height — 8"""""",""Length — 16' (192"""")"",Sides — 3-sided",$1150.00,,,checked,
FWB-MOD005-0048,Faux Wood Beam MOD005 — FWB-MOD005,FWB-MOD005-0048,,"""Width — 8"""""",""Height — 8"""""",""Length — 16' (192"""")"",Sides — 4-sided",$1533.00,,,checked,
FWB-MOD005-0049,Faux Wood Beam MOD005 — FWB-MOD005,FWB-MOD005-0049,,"""Width — 8"""""",""Height — 8"""""",""Length — 20' (240"""")"",Sides — 3-sided",$1438.00,,,checked,
FWB-MOD005-0050,Faux Wood Beam MOD005 — FWB-MOD005,FWB-MOD005-0050,,"""Width — 8"""""",""Height — 8"""""",""Length — 20' (240"""")"",Sides — 4-sided",$1917.00,,,checked,
FWB-MOD005-0051,Faux Wood Beam MOD005 — FWB-MOD005,FWB-MOD005-0051,,"""Width — 8"""""",""Height — 10"""""",""Length — 8' (96"""")"",Sides — 3-sided",$672.00,,,checked,
FWB-MOD005-0052,Faux Wood Beam MOD005 — FWB-MOD005,FWB-MOD005-0052,,"""Width — 8"""""",""Height — 10"""""",""Length — 8' (96"""")"",Sides — 4-sided",$863.00,,,checked,
FWB-MOD005-0053,Faux Wood Beam MOD005 — FWB-MOD005,FWB-MOD005-0053,,"""Width — 8"""""",""Height — 10"""""",""Length — 10' (120"""")"",Sides — 3-sided",$839.00,,,checked,
FWB-MOD005-0054,Faux Wood Beam MOD005 — FWB-MOD005,FWB-MOD005-0054,,"""Width — 8"""""",""Height — 10"""""",""Length — 10' (120"""")"",Sides — 4-sided",$1079.00,,,checked,
FWB-MOD005-0055,Faux Wood Beam MOD005 — FWB-MOD005,FWB-MOD005-0055,,"""Width — 8"""""",""Height — 10"""""",""Length — 12' (144"""")"",Sides — 3-sided",$1007.00,,,checked,
FWB-MOD005-0056,Faux Wood Beam MOD005 — FWB-MOD005,FWB-MOD005-0056,,"""Width — 8"""""",""Height — 10"""""",""Length — 12' (144"""")"",Sides — 4-sided",$1294.00,,,checked,
FWB-MOD005-0057,Faux Wood Beam MOD005 — FWB-MOD005,FWB-MOD005-0057,,"""Width — 8"""""",""Height — 10"""""",""Length — 16' (192"""")"",Sides — 3-sided",$1342.00,,,checked,
FWB-MOD005-0058,Faux Wood Beam MOD005 — FWB-MOD005,FWB-MOD005-0058,,"""Width — 8"""""",""Height — 10"""""",""Length — 16' (192"""")"",Sides — 4-sided",$1725.00,,,checked,
FWB-MOD005-0059,Faux Wood Beam MOD005 — FWB-MOD005,FWB-MOD005-0059,,"""Width — 8"""""",""Height — 10"""""",""Length — 20' (240"""")"",Sides — 3-sided",$1677.00,,,checked,
FWB-MOD005-0060,Faux Wood Beam MOD005 — FWB-MOD005,FWB-MOD005-0060,,"""Width — 8"""""",""Height — 10"""""",""Length — 20' (240"""")"",Sides — 4-sided",$2157.00,,,checked,
FWB-MOD005-0061,Faux Wood Beam MOD005 — FWB-MOD005,FWB-MOD005-0061,,"""Width — 10"""""",""Height — 10"""""",""Length — 8' (96"""")"",Sides — 3-sided",$719.00,,,checked,
FWB-MOD005-0062,Faux Wood Beam MOD005 — FWB-MOD005,FWB-MOD005-0062,,"""Width — 10"""""",""Height — 10"""""",""Length — 8' (96"""")"",Sides — 4-sided",$959.00,,,checked,
FWB-MOD005-0063,Faux Wood Beam MOD005 — FWB-MOD005,FWB-MOD005-0063,,"""Width — 10"""""",""Height — 10"""""",""Length — 10' (120"""")"",Sides — 3-sided",$899.00,,,checked,
FWB-MOD005-0064,Faux Wood Beam MOD005 — FWB-MOD005,FWB-MOD005-0064,,"""Width — 10"""""",""Height — 10"""""",""Length — 10' (120"""")"",Sides — 4-sided",$1198.00,,,checked,
FWB-MOD005-0065,Faux Wood Beam MOD005 — FWB-MOD005,FWB-MOD005-0065,,"""Width — 10"""""",""Height — 10"""""",""Length — 12' (144"""")"",Sides — 3-sided",$1079.00,,,checked,
FWB-MOD005-0066,Faux Wood Beam MOD005 — FWB-MOD005,FWB-MOD005-0066,,"""Width — 10"""""",""Height — 10"""""",""Length — 12' (144"""")"",Sides — 4-sided",$1438.00,,,checked,
FWB-MOD005-0067,Faux Wood Beam MOD005 — FWB-MOD005,FWB-MOD005-0067,,"""Width — 10"""""",""Height — 10"""""",""Length — 16' (192"""")"",Sides — 3-sided",$1438.00,,,checked,
FWB-MOD005-0068,Faux Wood Beam MOD005 — FWB-MOD005,FWB-MOD005-0068,,"""Width — 10"""""",""Height — 10"""""",""Length — 16' (192"""")"",Sides — 4-sided",$1917.00,,,checked,
FWB-MOD005-0069,Faux Wood Beam MOD005 — FWB-MOD005,FWB-MOD005-0069,,"""Width — 10"""""",""Height — 10"""""",""Length — 20' (240"""")"",Sides — 3-sided",$1797.00,,,checked,
FWB-MOD005-0070,Faux Wood Beam MOD005 — FWB-MOD005,FWB-MOD005-0070,,"""Width — 10"""""",""Height — 10"""""",""Length — 20' (240"""")"",Sides — 4-sided",$2395.00,,,checked,
FWB-MOD005-0071,Faux Wood Beam MOD005 — FWB-MOD005,FWB-MOD005-0071,,"""Width — 12"""""",""Height — 12"""""",""Length — 8' (96"""")"",Sides — 3-sided",$863.00,,,checked,
FWB-MOD005-0072,Faux Wood Beam MOD005 — FWB-MOD005,FWB-MOD005-0072,,"""Width — 12"""""",""Height — 12"""""",""Length — 8' (96"""")"",Sides — 4-sided",$1150.00,,,checked,
FWB-MOD005-0073,Faux Wood Beam MOD005 — FWB-MOD005,FWB-MOD005-0073,,"""Width — 12"""""",""Height — 12"""""",""Length — 10' (120"""")"",Sides — 3-sided",$1079.00,,,checked,
FWB-MOD005-0074,Faux Wood Beam MOD005 — FWB-MOD005,FWB-MOD005-0074,,"""Width — 12"""""",""Height — 12"""""",""Length — 10' (120"""")"",Sides — 4-sided",$1438.00,,,checked,
FWB-MOD005-0075,Faux Wood Beam MOD005 — FWB-MOD005,FWB-MOD005-0075,,"""Width — 12"""""",""Height — 12"""""",""Length — 12' (144"""")"",Sides — 3-sided",$1294.00,,,checked,
FWB-MOD005-0076,Faux Wood Beam MOD005 — FWB-MOD005,FWB-MOD005-0076,,"""Width — 12"""""",""Height — 12"""""",""Length — 12' (144"""")"",Sides — 4-sided",$1725.00,,,checked,
FWB-MOD005-0077,Faux Wood Beam MOD005 — FWB-MOD005,FWB-MOD005-0077,,"""Width — 12"""""",""Height — 12"""""",""Length — 16' (192"""")"",Sides — 3-sided",$1725.00,,,checked,
FWB-MOD005-0078,Faux Wood Beam MOD005 — FWB-MOD005,FWB-MOD005-0078,,"""Width — 12"""""",""Height — 12"""""",""Length — 16' (192"""")"",Sides — 4-sided",$2299.00,,,checked,
FWB-MOD005-0079,Faux Wood Beam MOD005 — FWB-MOD005,FWB-MOD005-0079,,"""Width — 12"""""",""Height — 12"""""",""Length — 20' (240"""")"",Sides — 3-sided",$2157.00,,,checked,
FWB-MOD005-0080,Faux Wood Beam MOD005 — FWB-MOD005,FWB-MOD005-0080,,"""Width — 12"""""",""Height — 12"""""",""Length — 20' (240"""")"",Sides — 4-sided",$2874.00,,,checked,
FWB-MOD005-0081,Faux Wood Beam MOD005 — FWB-MOD005,FWB-MOD005-0081,,"Width — Any Custom Size,Height — Any Custom Size,Length — Any Custom Size,Sides — Any Custom Size",,,,checked,
FWB-MOD006-0001,Faux Wood Beam MOD006 — FWB-MOD006,FWB-MOD006-0001,,"""Width — 4"""""",""Height — 4"""""",""Length — 8' (96"""")"",Sides — 3-sided",$288.00,,,checked,
FWB-MOD006-0002,Faux Wood Beam MOD006 — FWB-MOD006,FWB-MOD006-0002,,"""Width — 4"""""",""Height — 4"""""",""Length — 8' (96"""")"",Sides — 4-sided",$384.00,,,checked,
FWB-MOD006-0003,Faux Wood Beam MOD006 — FWB-MOD006,FWB-MOD006-0003,,"""Width — 4"""""",""Height — 4"""""",""Length — 10' (120"""")"",Sides — 3-sided",$360.00,,,checked,
FWB-MOD006-0004,Faux Wood Beam MOD006 — FWB-MOD006,FWB-MOD006-0004,,"""Width — 4"""""",""Height — 4"""""",""Length — 10' (120"""")"",Sides — 4-sided",$480.00,,,checked,
FWB-MOD006-0005,Faux Wood Beam MOD006 — FWB-MOD006,FWB-MOD006-0005,,"""Width — 4"""""",""Height — 4"""""",""Length — 12' (144"""")"",Sides — 3-sided",$432.00,,,checked,
FWB-MOD006-0006,Faux Wood Beam MOD006 — FWB-MOD006,FWB-MOD006-0006,,"""Width — 4"""""",""Height — 4"""""",""Length — 12' (144"""")"",Sides — 4-sided",$575.00,,,checked,
FWB-MOD006-0007,Faux Wood Beam MOD006 — FWB-MOD006,FWB-MOD006-0007,,"""Width — 4"""""",""Height — 4"""""",""Length — 16' (192"""")"",Sides — 3-sided",$575.00,,,checked,
FWB-MOD006-0008,Faux Wood Beam MOD006 — FWB-MOD006,FWB-MOD006-0008,,"""Width — 4"""""",""Height — 4"""""",""Length — 16' (192"""")"",Sides — 4-sided",$767.00,,,checked,
FWB-MOD006-0009,Faux Wood Beam MOD006 — FWB-MOD006,FWB-MOD006-0009,,"""Width — 4"""""",""Height — 4"""""",""Length — 20' (240"""")"",Sides — 3-sided",$719.00,,,checked,
FWB-MOD006-0010,Faux Wood Beam MOD006 — FWB-MOD006,FWB-MOD006-0010,,"""Width — 4"""""",""Height — 4"""""",""Length — 20' (240"""")"",Sides — 4-sided",$959.00,,,checked,
FWB-MOD006-0011,Faux Wood Beam MOD006 — FWB-MOD006,FWB-MOD006-0011,,"""Width — 4"""""",""Height — 6"""""",""Length — 8' (96"""")"",Sides — 3-sided",$384.00,,,checked,
FWB-MOD006-0012,Faux Wood Beam MOD006 — FWB-MOD006,FWB-MOD006-0012,,"""Width — 4"""""",""Height — 6"""""",""Length — 8' (96"""")"",Sides — 4-sided",$480.00,,,checked,
FWB-MOD006-0013,Faux Wood Beam MOD006 — FWB-MOD006,FWB-MOD006-0013,,"""Width — 4"""""",""Height — 6"""""",""Length — 10' (120"""")"",Sides — 3-sided",$480.00,,,checked,
FWB-MOD006-0014,Faux Wood Beam MOD006 — FWB-MOD006,FWB-MOD006-0014,,"""Width — 4"""""",""Height — 6"""""",""Length — 10' (120"""")"",Sides — 4-sided",$599.00,,,checked,
FWB-MOD006-0015,Faux Wood Beam MOD006 — FWB-MOD006,FWB-MOD006-0015,,"""Width — 4"""""",""Height — 6"""""",""Length — 12' (144"""")"",Sides — 3-sided",$575.00,,,checked,
FWB-MOD006-0016,Faux Wood Beam MOD006 — FWB-MOD006,FWB-MOD006-0016,,"""Width — 4"""""",""Height — 6"""""",""Length — 12' (144"""")"",Sides — 4-sided",$719.00,,,checked,
FWB-MOD006-0017,Faux Wood Beam MOD006 — FWB-MOD006,FWB-MOD006-0017,,"""Width — 4"""""",""Height — 6"""""",""Length — 16' (192"""")"",Sides — 3-sided",$767.00,,,checked,
FWB-MOD006-0018,Faux Wood Beam MOD006 — FWB-MOD006,FWB-MOD006-0018,,"""Width — 4"""""",""Height — 6"""""",""Length — 16' (192"""")"",Sides — 4-sided",$959.00,,,checked,
FWB-MOD006-0019,Faux Wood Beam MOD006 — FWB-MOD006,FWB-MOD006-0019,,"""Width — 4"""""",""Height — 6"""""",""Length — 20' (240"""")"",Sides — 3-sided",$959.00,,,checked,
FWB-MOD006-0020,Faux Wood Beam MOD006 — FWB-MOD006,FWB-MOD006-0020,,"""Width — 4"""""",""Height — 6"""""",""Length — 20' (240"""")"",Sides — 4-sided",$1198.00,,,checked,
FWB-MOD006-0021,Faux Wood Beam MOD006 — FWB-MOD006,FWB-MOD006-0021,,"""Width — 6"""""",""Height — 6"""""",""Length — 8' (96"""")"",Sides — 3-sided",$432.00,,,checked,
FWB-MOD006-0022,Faux Wood Beam MOD006 — FWB-MOD006,FWB-MOD006-0022,,"""Width — 6"""""",""Height — 6"""""",""Length — 8' (96"""")"",Sides — 4-sided",$575.00,,,checked,
FWB-MOD006-0023,Faux Wood Beam MOD006 — FWB-MOD006,FWB-MOD006-0023,,"""Width — 6"""""",""Height — 6"""""",""Length — 10' (120"""")"",Sides — 3-sided",$540.00,,,checked,
FWB-MOD006-0024,Faux Wood Beam MOD006 — FWB-MOD006,FWB-MOD006-0024,,"""Width — 6"""""",""Height — 6"""""",""Length — 10' (120"""")"",Sides — 4-sided",$719.00,,,checked,
FWB-MOD006-0025,Faux Wood Beam MOD006 — FWB-MOD006,FWB-MOD006-0025,,"""Width — 6"""""",""Height — 6"""""",""Length — 12' (144"""")"",Sides — 3-sided",$648.00,,,checked,
FWB-MOD006-0026,Faux Wood Beam MOD006 — FWB-MOD006,FWB-MOD006-0026,,"""Width — 6"""""",""Height — 6"""""",""Length — 12' (144"""")"",Sides — 4-sided",$863.00,,,checked,
FWB-MOD006-0027,Faux Wood Beam MOD006 — FWB-MOD006,FWB-MOD006-0027,,"""Width — 6"""""",""Height — 6"""""",""Length — 16' (192"""")"",Sides — 3-sided",$863.00,,,checked,
FWB-MOD006-0028,Faux Wood Beam MOD006 — FWB-MOD006,FWB-MOD006-0028,,"""Width — 6"""""",""Height — 6"""""",""Length — 16' (192"""")"",Sides — 4-sided",$1150.00,,,checked,
FWB-MOD006-0029,Faux Wood Beam MOD006 — FWB-MOD006,FWB-MOD006-0029,,"""Width — 6"""""",""Height — 6"""""",""Length — 20' (240"""")"",Sides — 3-sided",$1079.00,,,checked,
FWB-MOD006-0030,Faux Wood Beam MOD006 — FWB-MOD006,FWB-MOD006-0030,,"""Width — 6"""""",""Height — 6"""""",""Length — 20' (240"""")"",Sides — 4-sided",$1438.00,,,checked,
FWB-MOD006-0031,Faux Wood Beam MOD006 — FWB-MOD006,FWB-MOD006-0031,,"""Width — 6"""""",""Height — 8"""""",""Length — 8' (96"""")"",Sides — 3-sided",$528.00,,,checked,
FWB-MOD006-0032,Faux Wood Beam MOD006 — FWB-MOD006,FWB-MOD006-0032,,"""Width — 6"""""",""Height — 8"""""",""Length — 8' (96"""")"",Sides — 4-sided",$672.00,,,checked,
FWB-MOD006-0033,Faux Wood Beam MOD006 — FWB-MOD006,FWB-MOD006-0033,,"""Width — 6"""""",""Height — 8"""""",""Length — 10' (120"""")"",Sides — 3-sided",$659.00,,,checked,
FWB-MOD006-0034,Faux Wood Beam MOD006 — FWB-MOD006,FWB-MOD006-0034,,"""Width — 6"""""",""Height — 8"""""",""Length — 10' (120"""")"",Sides — 4-sided",$839.00,,,checked,
FWB-MOD006-0035,Faux Wood Beam MOD006 — FWB-MOD006,FWB-MOD006-0035,,"""Width — 6"""""",""Height — 8"""""",""Length — 12' (144"""")"",Sides — 3-sided",$792.00,,,checked,
FWB-MOD006-0036,Faux Wood Beam MOD006 — FWB-MOD006,FWB-MOD006-0036,,"""Width — 6"""""",""Height — 8"""""",""Length — 12' (144"""")"",Sides — 4-sided",$1007.00,,,checked,
FWB-MOD006-0037,Faux Wood Beam MOD006 — FWB-MOD006,FWB-MOD006-0037,,"""Width — 6"""""",""Height — 8"""""",""Length — 16' (192"""")"",Sides — 3-sided",$1054.00,,,checked,
FWB-MOD006-0038,Faux Wood Beam MOD006 — FWB-MOD006,FWB-MOD006-0038,,"""Width — 6"""""",""Height — 8"""""",""Length — 16' (192"""")"",Sides — 4-sided",$1342.00,,,checked,
FWB-MOD006-0039,Faux Wood Beam MOD006 — FWB-MOD006,FWB-MOD006-0039,,"""Width — 6"""""",""Height — 8"""""",""Length — 20' (240"""")"",Sides — 3-sided",$1318.00,,,checked,
FWB-MOD006-0040,Faux Wood Beam MOD006 — FWB-MOD006,FWB-MOD006-0040,,"""Width — 6"""""",""Height — 8"""""",""Length — 20' (240"""")"",Sides — 4-sided",$1677.00,,,checked,
FWB-MOD006-0041,Faux Wood Beam MOD006 — FWB-MOD006,FWB-MOD006-0041,,"""Width — 8"""""",""Height — 8"""""",""Length — 8' (96"""")"",Sides — 3-sided",$575.00,,,checked,
FWB-MOD006-0042,Faux Wood Beam MOD006 — FWB-MOD006,FWB-MOD006-0042,,"""Width — 8"""""",""Height — 8"""""",""Length — 8' (96"""")"",Sides — 4-sided",$767.00,,,checked,
FWB-MOD006-0043,Faux Wood Beam MOD006 — FWB-MOD006,FWB-MOD006-0043,,"""Width — 8"""""",""Height — 8"""""",""Length — 10' (120"""")"",Sides — 3-sided",$719.00,,,checked,
FWB-MOD006-0044,Faux Wood Beam MOD006 — FWB-MOD006,FWB-MOD006-0044,,"""Width — 8"""""",""Height — 8"""""",""Length — 10' (120"""")"",Sides — 4-sided",$959.00,,,checked,
FWB-MOD006-0045,Faux Wood Beam MOD006 — FWB-MOD006,FWB-MOD006-0045,,"""Width — 8"""""",""Height — 8"""""",""Length — 12' (144"""")"",Sides — 3-sided",$863.00,,,checked,
FWB-MOD006-0046,Faux Wood Beam MOD006 — FWB-MOD006,FWB-MOD006-0046,,"""Width — 8"""""",""Height — 8"""""",""Length — 12' (144"""")"",Sides — 4-sided",$1150.00,,,checked,
FWB-MOD006-0047,Faux Wood Beam MOD006 — FWB-MOD006,FWB-MOD006-0047,,"""Width — 8"""""",""Height — 8"""""",""Length — 16' (192"""")"",Sides — 3-sided",$1150.00,,,checked,
FWB-MOD006-0048,Faux Wood Beam MOD006 — FWB-MOD006,FWB-MOD006-0048,,"""Width — 8"""""",""Height — 8"""""",""Length — 16' (192"""")"",Sides — 4-sided",$1533.00,,,checked,
FWB-MOD006-0049,Faux Wood Beam MOD006 — FWB-MOD006,FWB-MOD006-0049,,"""Width — 8"""""",""Height — 8"""""",""Length — 20' (240"""")"",Sides — 3-sided",$1438.00,,,checked,
FWB-MOD006-0050,Faux Wood Beam MOD006 — FWB-MOD006,FWB-MOD006-0050,,"""Width — 8"""""",""Height — 8"""""",""Length — 20' (240"""")"",Sides — 4-sided",$1917.00,,,checked,
FWB-MOD006-0051,Faux Wood Beam MOD006 — FWB-MOD006,FWB-MOD006-0051,,"""Width — 8"""""",""Height — 10"""""",""Length — 8' (96"""")"",Sides — 3-sided",$672.00,,,checked,
FWB-MOD006-0052,Faux Wood Beam MOD006 — FWB-MOD006,FWB-MOD006-0052,,"""Width — 8"""""",""Height — 10"""""",""Length — 8' (96"""")"",Sides — 4-sided",$863.00,,,checked,
FWB-MOD006-0053,Faux Wood Beam MOD006 — FWB-MOD006,FWB-MOD006-0053,,"""Width — 8"""""",""Height — 10"""""",""Length — 10' (120"""")"",Sides — 3-sided",$839.00,,,checked,
FWB-MOD006-0054,Faux Wood Beam MOD006 — FWB-MOD006,FWB-MOD006-0054,,"""Width — 8"""""",""Height — 10"""""",""Length — 10' (120"""")"",Sides — 4-sided",$1079.00,,,checked,
FWB-MOD006-0055,Faux Wood Beam MOD006 — FWB-MOD006,FWB-MOD006-0055,,"""Width — 8"""""",""Height — 10"""""",""Length — 12' (144"""")"",Sides — 3-sided",$1007.00,,,checked,
FWB-MOD006-0056,Faux Wood Beam MOD006 — FWB-MOD006,FWB-MOD006-0056,,"""Width — 8"""""",""Height — 10"""""",""Length — 12' (144"""")"",Sides — 4-sided",$1294.00,,,checked,
FWB-MOD006-0057,Faux Wood Beam MOD006 — FWB-MOD006,FWB-MOD006-0057,,"""Width — 8"""""",""Height — 10"""""",""Length — 16' (192"""")"",Sides — 3-sided",$1342.00,,,checked,
FWB-MOD006-0058,Faux Wood Beam MOD006 — FWB-MOD006,FWB-MOD006-0058,,"""Width — 8"""""",""Height — 10"""""",""Length — 16' (192"""")"",Sides — 4-sided",$1725.00,,,checked,
FWB-MOD006-0059,Faux Wood Beam MOD006 — FWB-MOD006,FWB-MOD006-0059,,"""Width — 8"""""",""Height — 10"""""",""Length — 20' (240"""")"",Sides — 3-sided",$1677.00,,,checked,
FWB-MOD006-0060,Faux Wood Beam MOD006 — FWB-MOD006,FWB-MOD006-0060,,"""Width — 8"""""",""Height — 10"""""",""Length — 20' (240"""")"",Sides — 4-sided",$2157.00,,,checked,
FWB-MOD006-0061,Faux Wood Beam MOD006 — FWB-MOD006,FWB-MOD006-0061,,"""Width — 10"""""",""Height — 10"""""",""Length — 8' (96"""")"",Sides — 3-sided",$719.00,,,checked,
FWB-MOD006-0062,Faux Wood Beam MOD006 — FWB-MOD006,FWB-MOD006-0062,,"""Width — 10"""""",""Height — 10"""""",""Length — 8' (96"""")"",Sides — 4-sided",$959.00,,,checked,
FWB-MOD006-0063,Faux Wood Beam MOD006 — FWB-MOD006,FWB-MOD006-0063,,"""Width — 10"""""",""Height — 10"""""",""Length — 10' (120"""")"",Sides — 3-sided",$899.00,,,checked,
FWB-MOD006-0064,Faux Wood Beam MOD006 — FWB-MOD006,FWB-MOD006-0064,,"""Width — 10"""""",""Height — 10"""""",""Length — 10' (120"""")"",Sides — 4-sided",$1198.00,,,checked,
FWB-MOD006-0065,Faux Wood Beam MOD006 — FWB-MOD006,FWB-MOD006-0065,,"""Width — 10"""""",""Height — 10"""""",""Length — 12' (144"""")"",Sides — 3-sided",$1079.00,,,checked,
FWB-MOD006-0066,Faux Wood Beam MOD006 — FWB-MOD006,FWB-MOD006-0066,,"""Width — 10"""""",""Height — 10"""""",""Length — 12' (144"""")"",Sides — 4-sided",$1438.00,,,checked,
FWB-MOD006-0067,Faux Wood Beam MOD006 — FWB-MOD006,FWB-MOD006-0067,,"""Width — 10"""""",""Height — 10"""""",""Length — 16' (192"""")"",Sides — 3-sided",$1438.00,,,checked,
FWB-MOD006-0068,Faux Wood Beam MOD006 — FWB-MOD006,FWB-MOD006-0068,,"""Width — 10"""""",""Height — 10"""""",""Length — 16' (192"""")"",Sides — 4-sided",$1917.00,,,checked,
FWB-MOD006-0069,Faux Wood Beam MOD006 — FWB-MOD006,FWB-MOD006-0069,,"""Width — 10"""""",""Height — 10"""""",""Length — 20' (240"""")"",Sides — 3-sided",$1797.00,,,checked,
FWB-MOD006-0070,Faux Wood Beam MOD006 — FWB-MOD006,FWB-MOD006-0070,,"""Width — 10"""""",""Height — 10"""""",""Length — 20' (240"""")"",Sides — 4-sided",$2395.00,,,checked,
FWB-MOD006-0071,Faux Wood Beam MOD006 — FWB-MOD006,FWB-MOD006-0071,,"""Width — 12"""""",""Height — 12"""""",""Length — 8' (96"""")"",Sides — 3-sided",$863.00,,,checked,
FWB-MOD006-0072,Faux Wood Beam MOD006 — FWB-MOD006,FWB-MOD006-0072,,"""Width — 12"""""",""Height — 12"""""",""Length — 8' (96"""")"",Sides — 4-sided",$1150.00,,,checked,
FWB-MOD006-0073,Faux Wood Beam MOD006 — FWB-MOD006,FWB-MOD006-0073,,"""Width — 12"""""",""Height — 12"""""",""Length — 10' (120"""")"",Sides — 3-sided",$1079.00,,,checked,
FWB-MOD006-0074,Faux Wood Beam MOD006 — FWB-MOD006,FWB-MOD006-0074,,"""Width — 12"""""",""Height — 12"""""",""Length — 10' (120"""")"",Sides — 4-sided",$1438.00,,,checked,
FWB-MOD006-0075,Faux Wood Beam MOD006 — FWB-MOD006,FWB-MOD006-0075,,"""Width — 12"""""",""Height — 12"""""",""Length — 12' (144"""")"",Sides — 3-sided",$1294.00,,,checked,
FWB-MOD006-0076,Faux Wood Beam MOD006 — FWB-MOD006,FWB-MOD006-0076,,"""Width — 12"""""",""Height — 12"""""",""Length — 12' (144"""")"",Sides — 4-sided",$1725.00,,,checked,
FWB-MOD006-0077,Faux Wood Beam MOD006 — FWB-MOD006,FWB-MOD006-0077,,"""Width — 12"""""",""Height — 12"""""",""Length — 16' (192"""")"",Sides — 3-sided",$1725.00,,,checked,
FWB-MOD006-0078,Faux Wood Beam MOD006 — FWB-MOD006,FWB-MOD006-0078,,"""Width — 12"""""",""Height — 12"""""",""Length — 16' (192"""")"",Sides — 4-sided",$2299.00,,,checked,
FWB-MOD006-0079,Faux Wood Beam MOD006 — FWB-MOD006,FWB-MOD006-0079,,"""Width — 12"""""",""Height — 12"""""",""Length — 20' (240"""")"",Sides — 3-sided",$2157.00,,,checked,
FWB-MOD006-0080,Faux Wood Beam MOD006 — FWB-MOD006,FWB-MOD006-0080,,"""Width — 12"""""",""Height — 12"""""",""Length — 20' (240"""")"",Sides — 4-sided",$2874.00,,,checked,
FWB-MOD006-0081,Faux Wood Beam MOD006 — FWB-MOD006,FWB-MOD006-0081,,"Width — Any Custom Size,Height — Any Custom Size,Length — Any Custom Size,Sides — Any Custom Size",,,,checked,
FWB-MOD007-0001,Faux Wood Beam MOD007 — FWB-MOD007,FWB-MOD007-0001,,"""Width — 4"""""",""Height — 4"""""",""Length — 8' (96"""")"",Sides — 3-sided",$288.00,,,checked,
FWB-MOD007-0002,Faux Wood Beam MOD007 — FWB-MOD007,FWB-MOD007-0002,,"""Width — 4"""""",""Height — 4"""""",""Length — 8' (96"""")"",Sides — 4-sided",$384.00,,,checked,
FWB-MOD007-0003,Faux Wood Beam MOD007 — FWB-MOD007,FWB-MOD007-0003,,"""Width — 4"""""",""Height — 4"""""",""Length — 10' (120"""")"",Sides — 3-sided",$360.00,,,checked,
FWB-MOD007-0004,Faux Wood Beam MOD007 — FWB-MOD007,FWB-MOD007-0004,,"""Width — 4"""""",""Height — 4"""""",""Length — 10' (120"""")"",Sides — 4-sided",$480.00,,,checked,
FWB-MOD007-0005,Faux Wood Beam MOD007 — FWB-MOD007,FWB-MOD007-0005,,"""Width — 4"""""",""Height — 4"""""",""Length — 12' (144"""")"",Sides — 3-sided",$432.00,,,checked,
FWB-MOD007-0006,Faux Wood Beam MOD007 — FWB-MOD007,FWB-MOD007-0006,,"""Width — 4"""""",""Height — 4"""""",""Length — 12' (144"""")"",Sides — 4-sided",$575.00,,,checked,
FWB-MOD007-0007,Faux Wood Beam MOD007 — FWB-MOD007,FWB-MOD007-0007,,"""Width — 4"""""",""Height — 4"""""",""Length — 16' (192"""")"",Sides — 3-sided",$575.00,,,checked,
FWB-MOD007-0008,Faux Wood Beam MOD007 — FWB-MOD007,FWB-MOD007-0008,,"""Width — 4"""""",""Height — 4"""""",""Length — 16' (192"""")"",Sides — 4-sided",$767.00,,,checked,
FWB-MOD007-0009,Faux Wood Beam MOD007 — FWB-MOD007,FWB-MOD007-0009,,"""Width — 4"""""",""Height — 4"""""",""Length — 20' (240"""")"",Sides — 3-sided",$719.00,,,checked,
FWB-MOD007-0010,Faux Wood Beam MOD007 — FWB-MOD007,FWB-MOD007-0010,,"""Width — 4"""""",""Height — 4"""""",""Length — 20' (240"""")"",Sides — 4-sided",$959.00,,,checked,
FWB-MOD007-0011,Faux Wood Beam MOD007 — FWB-MOD007,FWB-MOD007-0011,,"""Width — 4"""""",""Height — 6"""""",""Length — 8' (96"""")"",Sides — 3-sided",$384.00,,,checked,
FWB-MOD007-0012,Faux Wood Beam MOD007 — FWB-MOD007,FWB-MOD007-0012,,"""Width — 4"""""",""Height — 6"""""",""Length — 8' (96"""")"",Sides — 4-sided",$480.00,,,checked,
FWB-MOD007-0013,Faux Wood Beam MOD007 — FWB-MOD007,FWB-MOD007-0013,,"""Width — 4"""""",""Height — 6"""""",""Length — 10' (120"""")"",Sides — 3-sided",$480.00,,,checked,
FWB-MOD007-0014,Faux Wood Beam MOD007 — FWB-MOD007,FWB-MOD007-0014,,"""Width — 4"""""",""Height — 6"""""",""Length — 10' (120"""")"",Sides — 4-sided",$599.00,,,checked,
FWB-MOD007-0015,Faux Wood Beam MOD007 — FWB-MOD007,FWB-MOD007-0015,,"""Width — 4"""""",""Height — 6"""""",""Length — 12' (144"""")"",Sides — 3-sided",$575.00,,,checked,
FWB-MOD007-0016,Faux Wood Beam MOD007 — FWB-MOD007,FWB-MOD007-0016,,"""Width — 4"""""",""Height — 6"""""",""Length — 12' (144"""")"",Sides — 4-sided",$719.00,,,checked,
FWB-MOD007-0017,Faux Wood Beam MOD007 — FWB-MOD007,FWB-MOD007-0017,,"""Width — 4"""""",""Height — 6"""""",""Length — 16' (192"""")"",Sides — 3-sided",$767.00,,,checked,
FWB-MOD007-0018,Faux Wood Beam MOD007 — FWB-MOD007,FWB-MOD007-0018,,"""Width — 4"""""",""Height — 6"""""",""Length — 16' (192"""")"",Sides — 4-sided",$959.00,,,checked,
FWB-MOD007-0019,Faux Wood Beam MOD007 — FWB-MOD007,FWB-MOD007-0019,,"""Width — 4"""""",""Height — 6"""""",""Length — 20' (240"""")"",Sides — 3-sided",$959.00,,,checked,
FWB-MOD007-0020,Faux Wood Beam MOD007 — FWB-MOD007,FWB-MOD007-0020,,"""Width — 4"""""",""Height — 6"""""",""Length — 20' (240"""")"",Sides — 4-sided",$1198.00,,,checked,
FWB-MOD007-0021,Faux Wood Beam MOD007 — FWB-MOD007,FWB-MOD007-0021,,"""Width — 6"""""",""Height — 6"""""",""Length — 8' (96"""")"",Sides — 3-sided",$432.00,,,checked,
FWB-MOD007-0022,Faux Wood Beam MOD007 — FWB-MOD007,FWB-MOD007-0022,,"""Width — 6"""""",""Height — 6"""""",""Length — 8' (96"""")"",Sides — 4-sided",$575.00,,,checked,
FWB-MOD007-0023,Faux Wood Beam MOD007 — FWB-MOD007,FWB-MOD007-0023,,"""Width — 6"""""",""Height — 6"""""",""Length — 10' (120"""")"",Sides — 3-sided",$540.00,,,checked,
FWB-MOD007-0024,Faux Wood Beam MOD007 — FWB-MOD007,FWB-MOD007-0024,,"""Width — 6"""""",""Height — 6"""""",""Length — 10' (120"""")"",Sides — 4-sided",$719.00,,,checked,
FWB-MOD007-0025,Faux Wood Beam MOD007 — FWB-MOD007,FWB-MOD007-0025,,"""Width — 6"""""",""Height — 6"""""",""Length — 12' (144"""")"",Sides — 3-sided",$648.00,,,checked,
FWB-MOD007-0026,Faux Wood Beam MOD007 — FWB-MOD007,FWB-MOD007-0026,,"""Width — 6"""""",""Height — 6"""""",""Length — 12' (144"""")"",Sides — 4-sided",$863.00,,,checked,
FWB-MOD007-0027,Faux Wood Beam MOD007 — FWB-MOD007,FWB-MOD007-0027,,"""Width — 6"""""",""Height — 6"""""",""Length — 16' (192"""")"",Sides — 3-sided",$863.00,,,checked,
FWB-MOD007-0028,Faux Wood Beam MOD007 — FWB-MOD007,FWB-MOD007-0028,,"""Width — 6"""""",""Height — 6"""""",""Length — 16' (192"""")"",Sides — 4-sided",$1150.00,,,checked,
FWB-MOD007-0029,Faux Wood Beam MOD007 — FWB-MOD007,FWB-MOD007-0029,,"""Width — 6"""""",""Height — 6"""""",""Length — 20' (240"""")"",Sides — 3-sided",$1079.00,,,checked,
FWB-MOD007-0030,Faux Wood Beam MOD007 — FWB-MOD007,FWB-MOD007-0030,,"""Width — 6"""""",""Height — 6"""""",""Length — 20' (240"""")"",Sides — 4-sided",$1438.00,,,checked,
FWB-MOD007-0031,Faux Wood Beam MOD007 — FWB-MOD007,FWB-MOD007-0031,,"""Width — 6"""""",""Height — 8"""""",""Length — 8' (96"""")"",Sides — 3-sided",$528.00,,,checked,
FWB-MOD007-0032,Faux Wood Beam MOD007 — FWB-MOD007,FWB-MOD007-0032,,"""Width — 6"""""",""Height — 8"""""",""Length — 8' (96"""")"",Sides — 4-sided",$672.00,,,checked,
FWB-MOD007-0033,Faux Wood Beam MOD007 — FWB-MOD007,FWB-MOD007-0033,,"""Width — 6"""""",""Height — 8"""""",""Length — 10' (120"""")"",Sides — 3-sided",$659.00,,,checked,
FWB-MOD007-0034,Faux Wood Beam MOD007 — FWB-MOD007,FWB-MOD007-0034,,"""Width — 6"""""",""Height — 8"""""",""Length — 10' (120"""")"",Sides — 4-sided",$839.00,,,checked,
FWB-MOD007-0035,Faux Wood Beam MOD007 — FWB-MOD007,FWB-MOD007-0035,,"""Width — 6"""""",""Height — 8"""""",""Length — 12' (144"""")"",Sides — 3-sided",$792.00,,,checked,
FWB-MOD007-0036,Faux Wood Beam MOD007 — FWB-MOD007,FWB-MOD007-0036,,"""Width — 6"""""",""Height — 8"""""",""Length — 12' (144"""")"",Sides — 4-sided",$1007.00,,,checked,
FWB-MOD007-0037,Faux Wood Beam MOD007 — FWB-MOD007,FWB-MOD007-0037,,"""Width — 6"""""",""Height — 8"""""",""Length — 16' (192"""")"",Sides — 3-sided",$1054.00,,,checked,
FWB-MOD007-0038,Faux Wood Beam MOD007 — FWB-MOD007,FWB-MOD007-0038,,"""Width — 6"""""",""Height — 8"""""",""Length — 16' (192"""")"",Sides — 4-sided",$1342.00,,,checked,
FWB-MOD007-0039,Faux Wood Beam MOD007 — FWB-MOD007,FWB-MOD007-0039,,"""Width — 6"""""",""Height — 8"""""",""Length — 20' (240"""")"",Sides — 3-sided",$1318.00,,,checked,
FWB-MOD007-0040,Faux Wood Beam MOD007 — FWB-MOD007,FWB-MOD007-0040,,"""Width — 6"""""",""Height — 8"""""",""Length — 20' (240"""")"",Sides — 4-sided",$1677.00,,,checked,
FWB-MOD007-0041,Faux Wood Beam MOD007 — FWB-MOD007,FWB-MOD007-0041,,"""Width — 8"""""",""Height — 8"""""",""Length — 8' (96"""")"",Sides — 3-sided",$575.00,,,checked,
FWB-MOD007-0042,Faux Wood Beam MOD007 — FWB-MOD007,FWB-MOD007-0042,,"""Width — 8"""""",""Height — 8"""""",""Length — 8' (96"""")"",Sides — 4-sided",$767.00,,,checked,
FWB-MOD007-0043,Faux Wood Beam MOD007 — FWB-MOD007,FWB-MOD007-0043,,"""Width — 8"""""",""Height — 8"""""",""Length — 10' (120"""")"",Sides — 3-sided",$719.00,,,checked,
FWB-MOD007-0044,Faux Wood Beam MOD007 — FWB-MOD007,FWB-MOD007-0044,,"""Width — 8"""""",""Height — 8"""""",""Length — 10' (120"""")"",Sides — 4-sided",$959.00,,,checked,
FWB-MOD007-0045,Faux Wood Beam MOD007 — FWB-MOD007,FWB-MOD007-0045,,"""Width — 8"""""",""Height — 8"""""",""Length — 12' (144"""")"",Sides — 3-sided",$863.00,,,checked,
FWB-MOD007-0046,Faux Wood Beam MOD007 — FWB-MOD007,FWB-MOD007-0046,,"""Width — 8"""""",""Height — 8"""""",""Length — 12' (144"""")"",Sides — 4-sided",$1150.00,,,checked,
FWB-MOD007-0047,Faux Wood Beam MOD007 — FWB-MOD007,FWB-MOD007-0047,,"""Width — 8"""""",""Height — 8"""""",""Length — 16' (192"""")"",Sides — 3-sided",$1150.00,,,checked,
FWB-MOD007-0048,Faux Wood Beam MOD007 — FWB-MOD007,FWB-MOD007-0048,,"""Width — 8"""""",""Height — 8"""""",""Length — 16' (192"""")"",Sides — 4-sided",$1533.00,,,checked,
FWB-MOD007-0049,Faux Wood Beam MOD007 — FWB-MOD007,FWB-MOD007-0049,,"""Width — 8"""""",""Height — 8"""""",""Length — 20' (240"""")"",Sides — 3-sided",$1438.00,,,checked,
FWB-MOD007-0050,Faux Wood Beam MOD007 — FWB-MOD007,FWB-MOD007-0050,,"""Width — 8"""""",""Height — 8"""""",""Length — 20' (240"""")"",Sides — 4-sided",$1917.00,,,checked,
FWB-MOD007-0051,Faux Wood Beam MOD007 — FWB-MOD007,FWB-MOD007-0051,,"""Width — 8"""""",""Height — 10"""""",""Length — 8' (96"""")"",Sides — 3-sided",$672.00,,,checked,
FWB-MOD007-0052,Faux Wood Beam MOD007 — FWB-MOD007,FWB-MOD007-0052,,"""Width — 8"""""",""Height — 10"""""",""Length — 8' (96"""")"",Sides — 4-sided",$863.00,,,checked,
FWB-MOD007-0053,Faux Wood Beam MOD007 — FWB-MOD007,FWB-MOD007-0053,,"""Width — 8"""""",""Height — 10"""""",""Length — 10' (120"""")"",Sides — 3-sided",$839.00,,,checked,
FWB-MOD007-0054,Faux Wood Beam MOD007 — FWB-MOD007,FWB-MOD007-0054,,"""Width — 8"""""",""Height — 10"""""",""Length — 10' (120"""")"",Sides — 4-sided",$1079.00,,,checked,
FWB-MOD007-0055,Faux Wood Beam MOD007 — FWB-MOD007,FWB-MOD007-0055,,"""Width — 8"""""",""Height — 10"""""",""Length — 12' (144"""")"",Sides — 3-sided",$1007.00,,,checked,
FWB-MOD007-0056,Faux Wood Beam MOD007 — FWB-MOD007,FWB-MOD007-0056,,"""Width — 8"""""",""Height — 10"""""",""Length — 12' (144"""")"",Sides — 4-sided",$1294.00,,,checked,
FWB-MOD007-0057,Faux Wood Beam MOD007 — FWB-MOD007,FWB-MOD007-0057,,"""Width — 8"""""",""Height — 10"""""",""Length — 16' (192"""")"",Sides — 3-sided",$1342.00,,,checked,
FWB-MOD007-0058,Faux Wood Beam MOD007 — FWB-MOD007,FWB-MOD007-0058,,"""Width — 8"""""",""Height — 10"""""",""Length — 16' (192"""")"",Sides — 4-sided",$1725.00,,,checked,
FWB-MOD007-0059,Faux Wood Beam MOD007 — FWB-MOD007,FWB-MOD007-0059,,"""Width — 8"""""",""Height — 10"""""",""Length — 20' (240"""")"",Sides — 3-sided",$1677.00,,,checked,
FWB-MOD007-0060,Faux Wood Beam MOD007 — FWB-MOD007,FWB-MOD007-0060,,"""Width — 8"""""",""Height — 10"""""",""Length — 20' (240"""")"",Sides — 4-sided",$2157.00,,,checked,
FWB-MOD007-0061,Faux Wood Beam MOD007 — FWB-MOD007,FWB-MOD007-0061,,"""Width — 10"""""",""Height — 10"""""",""Length — 8' (96"""")"",Sides — 3-sided",$719.00,,,checked,
FWB-MOD007-0062,Faux Wood Beam MOD007 — FWB-MOD007,FWB-MOD007-0062,,"""Width — 10"""""",""Height — 10"""""",""Length — 8' (96"""")"",Sides — 4-sided",$959.00,,,checked,
FWB-MOD007-0063,Faux Wood Beam MOD007 — FWB-MOD007,FWB-MOD007-0063,,"""Width — 10"""""",""Height — 10"""""",""Length — 10' (120"""")"",Sides — 3-sided",$899.00,,,checked,
FWB-MOD007-0064,Faux Wood Beam MOD007 — FWB-MOD007,FWB-MOD007-0064,,"""Width — 10"""""",""Height — 10"""""",""Length — 10' (120"""")"",Sides — 4-sided",$1198.00,,,checked,
FWB-MOD007-0065,Faux Wood Beam MOD007 — FWB-MOD007,FWB-MOD007-0065,,"""Width — 10"""""",""Height — 10"""""",""Length — 12' (144"""")"",Sides — 3-sided",$1079.00,,,checked,
FWB-MOD007-0066,Faux Wood Beam MOD007 — FWB-MOD007,FWB-MOD007-0066,,"""Width — 10"""""",""Height — 10"""""",""Length — 12' (144"""")"",Sides — 4-sided",$1438.00,,,checked,
FWB-MOD007-0067,Faux Wood Beam MOD007 — FWB-MOD007,FWB-MOD007-0067,,"""Width — 10"""""",""Height — 10"""""",""Length — 16' (192"""")"",Sides — 3-sided",$1438.00,,,checked,
FWB-MOD007-0068,Faux Wood Beam MOD007 — FWB-MOD007,FWB-MOD007-0068,,"""Width — 10"""""",""Height — 10"""""",""Length — 16' (192"""")"",Sides — 4-sided",$1917.00,,,checked,
FWB-MOD007-0069,Faux Wood Beam MOD007 — FWB-MOD007,FWB-MOD007-0069,,"""Width — 10"""""",""Height — 10"""""",""Length — 20' (240"""")"",Sides — 3-sided",$1797.00,,,checked,
FWB-MOD007-0070,Faux Wood Beam MOD007 — FWB-MOD007,FWB-MOD007-0070,,"""Width — 10"""""",""Height — 10"""""",""Length — 20' (240"""")"",Sides — 4-sided",$2395.00,,,checked,
FWB-MOD007-0071,Faux Wood Beam MOD007 — FWB-MOD007,FWB-MOD007-0071,,"""Width — 12"""""",""Height — 12"""""",""Length — 8' (96"""")"",Sides — 3-sided",$863.00,,,checked,
FWB-MOD007-0072,Faux Wood Beam MOD007 — FWB-MOD007,FWB-MOD007-0072,,"""Width — 12"""""",""Height — 12"""""",""Length — 8' (96"""")"",Sides — 4-sided",$1150.00,,,checked,
FWB-MOD007-0073,Faux Wood Beam MOD007 — FWB-MOD007,FWB-MOD007-0073,,"""Width — 12"""""",""Height — 12"""""",""Length — 10' (120"""")"",Sides — 3-sided",$1079.00,,,checked,
FWB-MOD007-0074,Faux Wood Beam MOD007 — FWB-MOD007,FWB-MOD007-0074,,"""Width — 12"""""",""Height — 12"""""",""Length — 10' (120"""")"",Sides — 4-sided",$1438.00,,,checked,
FWB-MOD007-0075,Faux Wood Beam MOD007 — FWB-MOD007,FWB-MOD007-0075,,"""Width — 12"""""",""Height — 12"""""",""Length — 12' (144"""")"",Sides — 3-sided",$1294.00,,,checked,
FWB-MOD007-0076,Faux Wood Beam MOD007 — FWB-MOD007,FWB-MOD007-0076,,"""Width — 12"""""",""Height — 12"""""",""Length — 12' (144"""")"",Sides — 4-sided",$1725.00,,,checked,
FWB-MOD007-0077,Faux Wood Beam MOD007 — FWB-MOD007,FWB-MOD007-0077,,"""Width — 12"""""",""Height — 12"""""",""Length — 16' (192"""")"",Sides — 3-sided",$1725.00,,,checked,
FWB-MOD007-0078,Faux Wood Beam MOD007 — FWB-MOD007,FWB-MOD007-0078,,"""Width — 12"""""",""Height — 12"""""",""Length — 16' (192"""")"",Sides — 4-sided",$2299.00,,,checked,
FWB-MOD007-0079,Faux Wood Beam MOD007 — FWB-MOD007,FWB-MOD007-0079,,"""Width — 12"""""",""Height — 12"""""",""Length — 20' (240"""")"",Sides — 3-sided",$2157.00,,,checked,
FWB-MOD007-0080,Faux Wood Beam MOD007 — FWB-MOD007,FWB-MOD007-0080,,"""Width — 12"""""",""Height — 12"""""",""Length — 20' (240"""")"",Sides — 4-sided",$2874.00,,,checked,
FWB-MOD007-0081,Faux Wood Beam MOD007 — FWB-MOD007,FWB-MOD007-0081,,"Width — Any Custom Size,Height — Any Custom Size,Length — Any Custom Size,Sides — Any Custom Size",,,,checked,
FWB-MOD008-0001,Faux Wood Beam MOD008 — FWB-MOD008,FWB-MOD008-0001,,"""Width — 4"""""",""Height — 4"""""",""Length — 8' (96"""")"",Sides — 3-sided",$288.00,,,checked,
FWB-MOD008-0002,Faux Wood Beam MOD008 — FWB-MOD008,FWB-MOD008-0002,,"""Width — 4"""""",""Height — 4"""""",""Length — 8' (96"""")"",Sides — 4-sided",$384.00,,,checked,
FWB-MOD008-0003,Faux Wood Beam MOD008 — FWB-MOD008,FWB-MOD008-0003,,"""Width — 4"""""",""Height — 4"""""",""Length — 10' (120"""")"",Sides — 3-sided",$360.00,,,checked,
FWB-MOD008-0004,Faux Wood Beam MOD008 — FWB-MOD008,FWB-MOD008-0004,,"""Width — 4"""""",""Height — 4"""""",""Length — 10' (120"""")"",Sides — 4-sided",$480.00,,,checked,
FWB-MOD008-0005,Faux Wood Beam MOD008 — FWB-MOD008,FWB-MOD008-0005,,"""Width — 4"""""",""Height — 4"""""",""Length — 12' (144"""")"",Sides — 3-sided",$432.00,,,checked,
FWB-MOD008-0006,Faux Wood Beam MOD008 — FWB-MOD008,FWB-MOD008-0006,,"""Width — 4"""""",""Height — 4"""""",""Length — 12' (144"""")"",Sides — 4-sided",$575.00,,,checked,
FWB-MOD008-0007,Faux Wood Beam MOD008 — FWB-MOD008,FWB-MOD008-0007,,"""Width — 4"""""",""Height — 4"""""",""Length — 16' (192"""")"",Sides — 3-sided",$575.00,,,checked,
FWB-MOD008-0008,Faux Wood Beam MOD008 — FWB-MOD008,FWB-MOD008-0008,,"""Width — 4"""""",""Height — 4"""""",""Length — 16' (192"""")"",Sides — 4-sided",$767.00,,,checked,
FWB-MOD008-0009,Faux Wood Beam MOD008 — FWB-MOD008,FWB-MOD008-0009,,"""Width — 4"""""",""Height — 4"""""",""Length — 20' (240"""")"",Sides — 3-sided",$719.00,,,checked,
FWB-MOD008-0010,Faux Wood Beam MOD008 — FWB-MOD008,FWB-MOD008-0010,,"""Width — 4"""""",""Height — 4"""""",""Length — 20' (240"""")"",Sides — 4-sided",$959.00,,,checked,
FWB-MOD008-0011,Faux Wood Beam MOD008 — FWB-MOD008,FWB-MOD008-0011,,"""Width — 4"""""",""Height — 6"""""",""Length — 8' (96"""")"",Sides — 3-sided",$384.00,,,checked,
FWB-MOD008-0012,Faux Wood Beam MOD008 — FWB-MOD008,FWB-MOD008-0012,,"""Width — 4"""""",""Height — 6"""""",""Length — 8' (96"""")"",Sides — 4-sided",$480.00,,,checked,
FWB-MOD008-0013,Faux Wood Beam MOD008 — FWB-MOD008,FWB-MOD008-0013,,"""Width — 4"""""",""Height — 6"""""",""Length — 10' (120"""")"",Sides — 3-sided",$480.00,,,checked,
FWB-MOD008-0014,Faux Wood Beam MOD008 — FWB-MOD008,FWB-MOD008-0014,,"""Width — 4"""""",""Height — 6"""""",""Length — 10' (120"""")"",Sides — 4-sided",$599.00,,,checked,
FWB-MOD008-0015,Faux Wood Beam MOD008 — FWB-MOD008,FWB-MOD008-0015,,"""Width — 4"""""",""Height — 6"""""",""Length — 12' (144"""")"",Sides — 3-sided",$575.00,,,checked,
FWB-MOD008-0016,Faux Wood Beam MOD008 — FWB-MOD008,FWB-MOD008-0016,,"""Width — 4"""""",""Height — 6"""""",""Length — 12' (144"""")"",Sides — 4-sided",$719.00,,,checked,
FWB-MOD008-0017,Faux Wood Beam MOD008 — FWB-MOD008,FWB-MOD008-0017,,"""Width — 4"""""",""Height — 6"""""",""Length — 16' (192"""")"",Sides — 3-sided",$767.00,,,checked,
FWB-MOD008-0018,Faux Wood Beam MOD008 — FWB-MOD008,FWB-MOD008-0018,,"""Width — 4"""""",""Height — 6"""""",""Length — 16' (192"""")"",Sides — 4-sided",$959.00,,,checked,
FWB-MOD008-0019,Faux Wood Beam MOD008 — FWB-MOD008,FWB-MOD008-0019,,"""Width — 4"""""",""Height — 6"""""",""Length — 20' (240"""")"",Sides — 3-sided",$959.00,,,checked,
FWB-MOD008-0020,Faux Wood Beam MOD008 — FWB-MOD008,FWB-MOD008-0020,,"""Width — 4"""""",""Height — 6"""""",""Length — 20' (240"""")"",Sides — 4-sided",$1198.00,,,checked,
FWB-MOD008-0021,Faux Wood Beam MOD008 — FWB-MOD008,FWB-MOD008-0021,,"""Width — 6"""""",""Height — 6"""""",""Length — 8' (96"""")"",Sides — 3-sided",$432.00,,,checked,
FWB-MOD008-0022,Faux Wood Beam MOD008 — FWB-MOD008,FWB-MOD008-0022,,"""Width — 6"""""",""Height — 6"""""",""Length — 8' (96"""")"",Sides — 4-sided",$575.00,,,checked,
FWB-MOD008-0023,Faux Wood Beam MOD008 — FWB-MOD008,FWB-MOD008-0023,,"""Width — 6"""""",""Height — 6"""""",""Length — 10' (120"""")"",Sides — 3-sided",$540.00,,,checked,
FWB-MOD008-0024,Faux Wood Beam MOD008 — FWB-MOD008,FWB-MOD008-0024,,"""Width — 6"""""",""Height — 6"""""",""Length — 10' (120"""")"",Sides — 4-sided",$719.00,,,checked,
FWB-MOD008-0025,Faux Wood Beam MOD008 — FWB-MOD008,FWB-MOD008-0025,,"""Width — 6"""""",""Height — 6"""""",""Length — 12' (144"""")"",Sides — 3-sided",$648.00,,,checked,
FWB-MOD008-0026,Faux Wood Beam MOD008 — FWB-MOD008,FWB-MOD008-0026,,"""Width — 6"""""",""Height — 6"""""",""Length — 12' (144"""")"",Sides — 4-sided",$863.00,,,checked,
FWB-MOD008-0027,Faux Wood Beam MOD008 — FWB-MOD008,FWB-MOD008-0027,,"""Width — 6"""""",""Height — 6"""""",""Length — 16' (192"""")"",Sides — 3-sided",$863.00,,,checked,
FWB-MOD008-0028,Faux Wood Beam MOD008 — FWB-MOD008,FWB-MOD008-0028,,"""Width — 6"""""",""Height — 6"""""",""Length — 16' (192"""")"",Sides — 4-sided",$1150.00,,,checked,
FWB-MOD008-0029,Faux Wood Beam MOD008 — FWB-MOD008,FWB-MOD008-0029,,"""Width — 6"""""",""Height — 6"""""",""Length — 20' (240"""")"",Sides — 3-sided",$1079.00,,,checked,
FWB-MOD008-0030,Faux Wood Beam MOD008 — FWB-MOD008,FWB-MOD008-0030,,"""Width — 6"""""",""Height — 6"""""",""Length — 20' (240"""")"",Sides — 4-sided",$1438.00,,,checked,
FWB-MOD008-0031,Faux Wood Beam MOD008 — FWB-MOD008,FWB-MOD008-0031,,"""Width — 6"""""",""Height — 8"""""",""Length — 8' (96"""")"",Sides — 3-sided",$528.00,,,checked,
FWB-MOD008-0032,Faux Wood Beam MOD008 — FWB-MOD008,FWB-MOD008-0032,,"""Width — 6"""""",""Height — 8"""""",""Length — 8' (96"""")"",Sides — 4-sided",$672.00,,,checked,
FWB-MOD008-0033,Faux Wood Beam MOD008 — FWB-MOD008,FWB-MOD008-0033,,"""Width — 6"""""",""Height — 8"""""",""Length — 10' (120"""")"",Sides — 3-sided",$659.00,,,checked,
FWB-MOD008-0034,Faux Wood Beam MOD008 — FWB-MOD008,FWB-MOD008-0034,,"""Width — 6"""""",""Height — 8"""""",""Length — 10' (120"""")"",Sides — 4-sided",$839.00,,,checked,
FWB-MOD008-0035,Faux Wood Beam MOD008 — FWB-MOD008,FWB-MOD008-0035,,"""Width — 6"""""",""Height — 8"""""",""Length — 12' (144"""")"",Sides — 3-sided",$792.00,,,checked,
FWB-MOD008-0036,Faux Wood Beam MOD008 — FWB-MOD008,FWB-MOD008-0036,,"""Width — 6"""""",""Height — 8"""""",""Length — 12' (144"""")"",Sides — 4-sided",$1007.00,,,checked,
FWB-MOD008-0037,Faux Wood Beam MOD008 — FWB-MOD008,FWB-MOD008-0037,,"""Width — 6"""""",""Height — 8"""""",""Length — 16' (192"""")"",Sides — 3-sided",$1054.00,,,checked,
FWB-MOD008-0038,Faux Wood Beam MOD008 — FWB-MOD008,FWB-MOD008-0038,,"""Width — 6"""""",""Height — 8"""""",""Length — 16' (192"""")"",Sides — 4-sided",$1342.00,,,checked,
FWB-MOD008-0039,Faux Wood Beam MOD008 — FWB-MOD008,FWB-MOD008-0039,,"""Width — 6"""""",""Height — 8"""""",""Length — 20' (240"""")"",Sides — 3-sided",$1318.00,,,checked,
FWB-MOD008-0040,Faux Wood Beam MOD008 — FWB-MOD008,FWB-MOD008-0040,,"""Width — 6"""""",""Height — 8"""""",""Length — 20' (240"""")"",Sides — 4-sided",$1677.00,,,checked,
FWB-MOD008-0041,Faux Wood Beam MOD008 — FWB-MOD008,FWB-MOD008-0041,,"""Width — 8"""""",""Height — 8"""""",""Length — 8' (96"""")"",Sides — 3-sided",$575.00,,,checked,
FWB-MOD008-0042,Faux Wood Beam MOD008 — FWB-MOD008,FWB-MOD008-0042,,"""Width — 8"""""",""Height — 8"""""",""Length — 8' (96"""")"",Sides — 4-sided",$767.00,,,checked,
FWB-MOD008-0043,Faux Wood Beam MOD008 — FWB-MOD008,FWB-MOD008-0043,,"""Width — 8"""""",""Height — 8"""""",""Length — 10' (120"""")"",Sides — 3-sided",$719.00,,,checked,
FWB-MOD008-0044,Faux Wood Beam MOD008 — FWB-MOD008,FWB-MOD008-0044,,"""Width — 8"""""",""Height — 8"""""",""Length — 10' (120"""")"",Sides — 4-sided",$959.00,,,checked,
FWB-MOD008-0045,Faux Wood Beam MOD008 — FWB-MOD008,FWB-MOD008-0045,,"""Width — 8"""""",""Height — 8"""""",""Length — 12' (144"""")"",Sides — 3-sided",$863.00,,,checked,
FWB-MOD008-0046,Faux Wood Beam MOD008 — FWB-MOD008,FWB-MOD008-0046,,"""Width — 8"""""",""Height — 8"""""",""Length — 12' (144"""")"",Sides — 4-sided",$1150.00,,,checked,
FWB-MOD008-0047,Faux Wood Beam MOD008 — FWB-MOD008,FWB-MOD008-0047,,"""Width — 8"""""",""Height — 8"""""",""Length — 16' (192"""")"",Sides — 3-sided",$1150.00,,,checked,
FWB-MOD008-0048,Faux Wood Beam MOD008 — FWB-MOD008,FWB-MOD008-0048,,"""Width — 8"""""",""Height — 8"""""",""Length — 16' (192"""")"",Sides — 4-sided",$1533.00,,,checked,
FWB-MOD008-0049,Faux Wood Beam MOD008 — FWB-MOD008,FWB-MOD008-0049,,"""Width — 8"""""",""Height — 8"""""",""Length — 20' (240"""")"",Sides — 3-sided",$1438.00,,,checked,
FWB-MOD008-0050,Faux Wood Beam MOD008 — FWB-MOD008,FWB-MOD008-0050,,"""Width — 8"""""",""Height — 8"""""",""Length — 20' (240"""")"",Sides — 4-sided",$1917.00,,,checked,
FWB-MOD008-0051,Faux Wood Beam MOD008 — FWB-MOD008,FWB-MOD008-0051,,"""Width — 8"""""",""Height — 10"""""",""Length — 8' (96"""")"",Sides — 3-sided",$672.00,,,checked,
FWB-MOD008-0052,Faux Wood Beam MOD008 — FWB-MOD008,FWB-MOD008-0052,,"""Width — 8"""""",""Height — 10"""""",""Length — 8' (96"""")"",Sides — 4-sided",$863.00,,,checked,
FWB-MOD008-0053,Faux Wood Beam MOD008 — FWB-MOD008,FWB-MOD008-0053,,"""Width — 8"""""",""Height — 10"""""",""Length — 10' (120"""")"",Sides — 3-sided",$839.00,,,checked,
FWB-MOD008-0054,Faux Wood Beam MOD008 — FWB-MOD008,FWB-MOD008-0054,,"""Width — 8"""""",""Height — 10"""""",""Length — 10' (120"""")"",Sides — 4-sided",$1079.00,,,checked,
FWB-MOD008-0055,Faux Wood Beam MOD008 — FWB-MOD008,FWB-MOD008-0055,,"""Width — 8"""""",""Height — 10"""""",""Length — 12' (144"""")"",Sides — 3-sided",$1007.00,,,checked,
FWB-MOD008-0056,Faux Wood Beam MOD008 — FWB-MOD008,FWB-MOD008-0056,,"""Width — 8"""""",""Height — 10"""""",""Length — 12' (144"""")"",Sides — 4-sided",$1294.00,,,checked,
FWB-MOD008-0057,Faux Wood Beam MOD008 — FWB-MOD008,FWB-MOD008-0057,,"""Width — 8"""""",""Height — 10"""""",""Length — 16' (192"""")"",Sides — 3-sided",$1342.00,,,checked,
FWB-MOD008-0058,Faux Wood Beam MOD008 — FWB-MOD008,FWB-MOD008-0058,,"""Width — 8"""""",""Height — 10"""""",""Length — 16' (192"""")"",Sides — 4-sided",$1725.00,,,checked,
FWB-MOD008-0059,Faux Wood Beam MOD008 — FWB-MOD008,FWB-MOD008-0059,,"""Width — 8"""""",""Height — 10"""""",""Length — 20' (240"""")"",Sides — 3-sided",$1677.00,,,checked,
FWB-MOD008-0060,Faux Wood Beam MOD008 — FWB-MOD008,FWB-MOD008-0060,,"""Width — 8"""""",""Height — 10"""""",""Length — 20' (240"""")"",Sides — 4-sided",$2157.00,,,checked,
FWB-MOD008-0061,Faux Wood Beam MOD008 — FWB-MOD008,FWB-MOD008-0061,,"""Width — 10"""""",""Height — 10"""""",""Length — 8' (96"""")"",Sides — 3-sided",$719.00,,,checked,
FWB-MOD008-0062,Faux Wood Beam MOD008 — FWB-MOD008,FWB-MOD008-0062,,"""Width — 10"""""",""Height — 10"""""",""Length — 8' (96"""")"",Sides — 4-sided",$959.00,,,checked,
FWB-MOD008-0063,Faux Wood Beam MOD008 — FWB-MOD008,FWB-MOD008-0063,,"""Width — 10"""""",""Height — 10"""""",""Length — 10' (120"""")"",Sides — 3-sided",$899.00,,,checked,
FWB-MOD008-0064,Faux Wood Beam MOD008 — FWB-MOD008,FWB-MOD008-0064,,"""Width — 10"""""",""Height — 10"""""",""Length — 10' (120"""")"",Sides — 4-sided",$1198.00,,,checked,
FWB-MOD008-0065,Faux Wood Beam MOD008 — FWB-MOD008,FWB-MOD008-0065,,"""Width — 10"""""",""Height — 10"""""",""Length — 12' (144"""")"",Sides — 3-sided",$1079.00,,,checked,
FWB-MOD008-0066,Faux Wood Beam MOD008 — FWB-MOD008,FWB-MOD008-0066,,"""Width — 10"""""",""Height — 10"""""",""Length — 12' (144"""")"",Sides — 4-sided",$1438.00,,,checked,
FWB-MOD008-0067,Faux Wood Beam MOD008 — FWB-MOD008,FWB-MOD008-0067,,"""Width — 10"""""",""Height — 10"""""",""Length — 16' (192"""")"",Sides — 3-sided",$1438.00,,,checked,
FWB-MOD008-0068,Faux Wood Beam MOD008 — FWB-MOD008,FWB-MOD008-0068,,"""Width — 10"""""",""Height — 10"""""",""Length — 16' (192"""")"",Sides — 4-sided",$1917.00,,,checked,
FWB-MOD008-0069,Faux Wood Beam MOD008 — FWB-MOD008,FWB-MOD008-0069,,"""Width — 10"""""",""Height — 10"""""",""Length — 20' (240"""")"",Sides — 3-sided",$1797.00,,,checked,
FWB-MOD008-0070,Faux Wood Beam MOD008 — FWB-MOD008,FWB-MOD008-0070,,"""Width — 10"""""",""Height — 10"""""",""Length — 20' (240"""")"",Sides — 4-sided",$2395.00,,,checked,
FWB-MOD008-0071,Faux Wood Beam MOD008 — FWB-MOD008,FWB-MOD008-0071,,"""Width — 12"""""",""Height — 12"""""",""Length — 8' (96"""")"",Sides — 3-sided",$863.00,,,checked,
FWB-MOD008-0072,Faux Wood Beam MOD008 — FWB-MOD008,FWB-MOD008-0072,,"""Width — 12"""""",""Height — 12"""""",""Length — 8' (96"""")"",Sides — 4-sided",$1150.00,,,checked,
FWB-MOD008-0073,Faux Wood Beam MOD008 — FWB-MOD008,FWB-MOD008-0073,,"""Width — 12"""""",""Height — 12"""""",""Length — 10' (120"""")"",Sides — 3-sided",$1079.00,,,checked,
FWB-MOD008-0074,Faux Wood Beam MOD008 — FWB-MOD008,FWB-MOD008-0074,,"""Width — 12"""""",""Height — 12"""""",""Length — 10' (120"""")"",Sides — 4-sided",$1438.00,,,checked,
FWB-MOD008-0075,Faux Wood Beam MOD008 — FWB-MOD008,FWB-MOD008-0075,,"""Width — 12"""""",""Height — 12"""""",""Length — 12' (144"""")"",Sides — 3-sided",$1294.00,,,checked,
FWB-MOD008-0076,Faux Wood Beam MOD008 — FWB-MOD008,FWB-MOD008-0076,,"""Width — 12"""""",""Height — 12"""""",""Length — 12' (144"""")"",Sides — 4-sided",$1725.00,,,checked,
FWB-MOD008-0077,Faux Wood Beam MOD008 — FWB-MOD008,FWB-MOD008-0077,,"""Width — 12"""""",""Height — 12"""""",""Length — 16' (192"""")"",Sides — 3-sided",$1725.00,,,checked,
FWB-MOD008-0078,Faux Wood Beam MOD008 — FWB-MOD008,FWB-MOD008-0078,,"""Width — 12"""""",""Height — 12"""""",""Length — 16' (192"""")"",Sides — 4-sided",$2299.00,,,checked,
FWB-MOD008-0079,Faux Wood Beam MOD008 — FWB-MOD008,FWB-MOD008-0079,,"""Width — 12"""""",""Height — 12"""""",""Length — 20' (240"""")"",Sides — 3-sided",$2157.00,,,checked,
FWB-MOD008-0080,Faux Wood Beam MOD008 — FWB-MOD008,FWB-MOD008-0080,,"""Width — 12"""""",""Height — 12"""""",""Length — 20' (240"""")"",Sides — 4-sided",$2874.00,,,checked,
FWB-MOD008-0081,Faux Wood Beam MOD008 — FWB-MOD008,FWB-MOD008-0081,,"Width — Any Custom Size,Height — Any Custom Size,Length — Any Custom Size,Sides — Any Custom Size",,,,checked,
MS-MOD045-0001,Monument Sign MS 045 — MS-MOD045,MS-MOD045-0001,OK,"""Height — 84"""""",""Length — 96"""""",""Depth — 20""""""",$4500.00,,10,checked,checked
MS-MOD045-0002,Monument Sign MS 045 — MS-MOD045,MS-MOD045-0002,OK,"Height — Any Custom Size,Length — Any Custom Size,Depth — Any Custom Size",$4500.00,,10,checked,checked
MS-MOD046-0001,Monument Sign MS 046 — MS-MOD046,MS-MOD046-0001,OK,"""Height — 72"""""",""Length — 120"""""",""Depth — 24""""""",$4750.00,,10,checked,checked
MS-MOD046-0002,Monument Sign MS 046 — MS-MOD046,MS-MOD046-0002,OK,"Height — Any Custom Size,Length — Any Custom Size,Depth — Any Custom Size",$4750.00,,10,checked,checked
MS-MOD047-0001,Monument Sign MS 047 — MS-MOD047,MS-MOD047-0001,OK,"""Height — 84"""""",""Length — 72"""""",""Depth — 18""""""",$3500.00,,10,checked,checked
MS-MOD047-0002,Monument Sign MS 047 — MS-MOD047,MS-MOD047-0002,OK,"Height — Any Custom Size,Length — Any Custom Size,Depth — Any Custom Size",$3500.00,,10,checked,checked
MS-MOD048-0001,Monument Sign MS 048 — MS-MOD048,MS-MOD048-0001,OK,"""Height — 84"""""",""Length — 144"""""",""Depth — 24""""""",$5750.00,,10,checked,checked
MS-MOD048-0002,Monument Sign MS 048 — MS-MOD048,MS-MOD048-0002,OK,"Height — Any Custom Size,Length — Any Custom Size,Depth — Any Custom Size",$5750.00,,10,checked,checked
MS-MOD049-0001,Monument Sign MS 049 — MS-MOD049,MS-MOD049-0001,OK,"""Height — 72"""""",""Length — 120"""""",""Depth — 20""""""",$4500.00,,10,checked,checked
MS-MOD049-0002,Monument Sign MS 049 — MS-MOD049,MS-MOD049-0002,OK,"Height — Any Custom Size,Length — Any Custom Size,Depth — Any Custom Size",$4500.00,,10,checked,checked
MS-MOD050-0001,Monument Sign MS 050 — MS-MOD050,MS-MOD050-0001,OK,"""Height — 72"""""",""Length — 120"""""",""Depth — 20""""""",$4500.00,,10,checked,checked
MS-MOD050-0002,Monument Sign MS 050 — MS-MOD050,MS-MOD050-0002,OK,"Height — Any Custom Size,Length — Any Custom Size,Depth — Any Custom Size",$4500.00,,10,checked,checked
MS-MOD051-0001,Monument Sign MS 051 — MS-MOD051,MS-MOD051-0001,OK,"""Height — 72"""""",""Length — 120"""""",""Depth — 20""""""",$4500.00,,10,checked,checked
MS-MOD051-0002,Monument Sign MS 051 — MS-MOD051,MS-MOD051-0002,OK,"Height — Any Custom Size,Length — Any Custom Size,Depth — Any Custom Size",$4500.00,,10,checked,checked
MS-MOD052-0001,Monument Sign MS 052 — MS-MOD052,MS-MOD052-0001,OK,"""Height — 72"""""",""Length — 120"""""",""Depth — 20""""""",$4500.00,,10,checked,checked
MS-MOD052-0002,Monument Sign MS 052 — MS-MOD052,MS-MOD052-0002,OK,"Height — Any Custom Size,Length — Any Custom Size,Depth — Any Custom Size",$4500.00,,10,checked,checked
MS-MOD053-0001,Monument Sign MS 053 — MS-MOD053,MS-MOD053-0001,OK,"""Height — 72"""""",""Length — 144"""""",""Depth — 24""""""",$4750.00,,10,checked,checked
MS-MOD053-0002,Monument Sign MS 053 — MS-MOD053,MS-MOD053-0002,OK,"Height — Any Custom Size,Length — Any Custom Size,Depth — Any Custom Size",$4750.00,,10,checked,checked
MS-MOD054-0001,Monument Sign MS 054 — MS-MOD054,MS-MOD054-0001,OK,"""Height — 84"""""",""Length — 144"""""",""Depth — 24""""""",$4750.00,,10,checked,checked
MS-MOD054-0002,Monument Sign MS 054 — MS-MOD054,MS-MOD054-0002,OK,"Height — Any Custom Size,Length — Any Custom Size,Depth — Any Custom Size",$4750.00,,10,checked,checked
MS-MOD055-0001,Monument Sign MS 055 — MS-MOD055,MS-MOD055-0001,OK,"""Height — 72"""""",""Length — 120"""""",""Depth — 20""""""",$4500.00,,10,checked,checked
MS-MOD055-0002,Monument Sign MS 055 — MS-MOD055,MS-MOD055-0002,OK,"Height — Any Custom Size,Length — Any Custom Size,Depth — Any Custom Size",$4500.00,,10,checked,checked
MS-MOD056-0001,Monument Sign MS 056 — MS-MOD056,MS-MOD056-0001,OK,"""Height — 72"""""",""Length — 120"""""",""Depth — 20""""""",$4500.00,,10,checked,checked
MS-MOD056-0002,Monument Sign MS 056 — MS-MOD056,MS-MOD056-0002,OK,"Height — Any Custom Size,Length — Any Custom Size,Depth — Any Custom Size",$4500.00,,10,checked,checked
MS-MOD057-0001,Monument Sign MS 057 — MS-MOD057,MS-MOD057-0001,OK,"""Height — 72"""""",""Length — 120"""""",""Depth — 20""""""",$4500.00,,10,checked,checked
MS-MOD057-0002,Monument Sign MS 057 — MS-MOD057,MS-MOD057-0002,OK,"Height — Any Custom Size,Length — Any Custom Size,Depth — Any Custom Size",$4500.00,,10,checked,checked
MS-MOD058-0001,Monument Sign MS 058 — MS-MOD058,MS-MOD058-0001,OK,"""Height — 84"""""",""Length — 96"""""",""Depth — 20""""""",$4500.00,,10,checked,checked
MS-MOD058-0002,Monument Sign MS 058 — MS-MOD058,MS-MOD058-0002,OK,"Height — Any Custom Size,Length — Any Custom Size,Depth — Any Custom Size",$4500.00,,10,checked,checked
MS-MOD059-0001,Monument Sign MS 059 — MS-MOD059,MS-MOD059-0001,OK,"""Height — 84"""""",""Length — 144"""""",""Depth — 24""""""",$5750.00,,10,checked,checked
MS-MOD059-0002,Monument Sign MS 059 — MS-MOD059,MS-MOD059-0002,OK,"Height — Any Custom Size,Length — Any Custom Size,Depth — Any Custom Size",$5750.00,,10,checked,checked
MS-MOD060-0001,Monument Sign MS 060 — MS-MOD060,MS-MOD060-0001,OK,"""Height — 84"""""",""Length — 144"""""",""Depth — 24""""""",$5750.00,,10,checked,checked
MS-MOD060-0002,Monument Sign MS 060 — MS-MOD060,MS-MOD060-0002,OK,"Height — Any Custom Size,Length — Any Custom Size,Depth — Any Custom Size",$5750.00,,10,checked,checked
MS-MOD061-0001,Monument Sign MS 061 — MS-MOD061,MS-MOD061-0001,OK,"""Height — 84"""""",""Length — 96"""""",""Depth — 20""""""",$4500.00,,10,checked,checked
MS-MOD061-0002,Monument Sign MS 061 — MS-MOD061,MS-MOD061-0002,OK,"Height — Any Custom Size,Length — Any Custom Size,Depth — Any Custom Size",$4500.00,,10,checked,checked
MS-MOD062-0001,Monument Sign MS 062 — MS-MOD062,MS-MOD062-0001,OK,"""Height — 72"""""",""Length — 96"""""",""Depth — 20""""""",$4350.00,,10,checked,checked
MS-MOD062-0002,Monument Sign MS 062 — MS-MOD062,MS-MOD062-0002,OK,"Height — Any Custom Size,Length — Any Custom Size,Depth — Any Custom Size",$4350.00,,10,checked,checked
MS-MOD063-0001,Monument Sign MS 063 — MS-MOD063,MS-MOD063-0001,OK,"""Height — 84"""""",""Length — 72"""""",""Depth — 18""""""",$3950.00,,10,checked,checked
MS-MOD063-0002,Monument Sign MS 063 — MS-MOD063,MS-MOD063-0002,OK,"Height — Any Custom Size,Length — Any Custom Size,Depth — Any Custom Size",$3950.00,,10,checked,checked
MS-MOD064-0001,Monument Sign MS 064 — MS-MOD064,MS-MOD064-0001,OK,"""Height — 84"""""",""Length — 96"""""",""Depth — 20""""""",$4500.00,,10,checked,checked
MS-MOD064-0002,Monument Sign MS 064 — MS-MOD064,MS-MOD064-0002,OK,"Height — Any Custom Size,Length — Any Custom Size,Depth — Any Custom Size",$4500.00,,10,checked,checked
MS-MOD065-0001,Monument Sign MS 065 — MS-MOD065,MS-MOD065-0001,OK,"""Height — 72"""""",""Length — 120"""""",""Depth — 20""""""",$4250.00,,10,checked,checked
MS-MOD065-0002,Monument Sign MS 065 — MS-MOD065,MS-MOD065-0002,OK,"Height — Any Custom Size,Length — Any Custom Size,Depth — Any Custom Size",$4250.00,,10,checked,checked
MS-MOD066-0001,Monument Sign MS 066 — MS-MOD066,MS-MOD066-0001,OK,"""Height — 96"""""",""Length — 72"""""",""Depth — 20""""""",$4500.00,,10,checked,checked
MS-MOD066-0002,Monument Sign MS 066 — MS-MOD066,MS-MOD066-0002,OK,"Height — Any Custom Size,Length — Any Custom Size,Depth — Any Custom Size",$4500.00,,10,checked,checked
MS-MOD067-0001,Monument Sign MS 067 — MS-MOD067,MS-MOD067-0001,OK,"""Height — 72"""""",""Length — 120"""""",""Depth — 24""""""",$4750.00,,10,checked,checked
MS-MOD067-0002,Monument Sign MS 067 — MS-MOD067,MS-MOD067-0002,OK,"Height — Any Custom Size,Length — Any Custom Size,Depth — Any Custom Size",$4750.00,,10,checked,checked
MS-MOD068-0001,Monument Sign MS 068 — MS-MOD068,MS-MOD068-0001,OK,"""Height — 84"""""",""Length — 72"""""",""Depth — 20""""""",$4250.00,,10,checked,checked
MS-MOD068-0002,Monument Sign MS 068 — MS-MOD068,MS-MOD068-0002,OK,"Height — Any Custom Size,Length — Any Custom Size,Depth — Any Custom Size",$4250.00,,10,checked,checked
MS-MOD069-0001,Monument Sign MS 069 — MS-MOD069,MS-MOD069-0001,OK,"""Height — 72"""""",""Length — 120"""""",""Depth — 20""""""",$4500.00,,10,checked,checked
MS-MOD069-0002,Monument Sign MS 069 — MS-MOD069,MS-MOD069-0002,OK,"Height — Any Custom Size,Length — Any Custom Size,Depth — Any Custom Size",$4500.00,,10,checked,checked
MS-MOD070-0001,Monument Sign MS 070 — MS-MOD070,MS-MOD070-0001,OK,"""Height — 84"""""",""Length — 72"""""",""Depth — 20""""""",$4250.00,,10,checked,checked
MS-MOD070-0002,Monument Sign MS 070 — MS-MOD070,MS-MOD070-0002,OK,"Height — Any Custom Size,Length — Any Custom Size,Depth — Any Custom Size",$4250.00,,10,checked,checked
MS-MOD071-0001,Monument Sign MS 071 — MS-MOD071,MS-MOD071-0001,OK,"""Height — 96"""""",""Length — 120"""""",""Depth — 20""""""",$5250.00,,10,checked,checked
MS-MOD071-0002,Monument Sign MS 071 — MS-MOD071,MS-MOD071-0002,OK,"Height — Any Custom Size,Length — Any Custom Size,Depth — Any Custom Size",$5250.00,,10,checked,checked
MS-MOD072-0001,Monument Sign MS 072 — MS-MOD072,MS-MOD072-0001,OK,"""Height — 84"""""",""Length — 96"""""",""Depth — 20""""""",$4500.00,,10,checked,checked
MS-MOD072-0002,Monument Sign MS 072 — MS-MOD072,MS-MOD072-0002,OK,"Height — Any Custom Size,Length — Any Custom Size,Depth — Any Custom Size",$4500.00,,10,checked,checked
MS-MOD073-0001,Monument Sign MS 073 — MS-MOD073,MS-MOD073-0001,OK,"""Height — 96"""""",""Length — 72"""""",""Depth — 20""""""",$4500.00,,10,checked,checked
MS-MOD073-0002,Monument Sign MS 073 — MS-MOD073,MS-MOD073-0002,OK,"Height — Any Custom Size,Length — Any Custom Size,Depth — Any Custom Size",$4500.00,,10,checked,checked
MS-MOD074-0001,Monument Sign MS 074 — MS-MOD074,MS-MOD074-0001,OK,"""Height — 84"""""",""Length — 72"""""",""Depth — 20""""""",$3750.00,,10,checked,checked
MS-MOD074-0002,Monument Sign MS 074 — MS-MOD074,MS-MOD074-0002,OK,"Height — Any Custom Size,Length — Any Custom Size,Depth — Any Custom Size",$3750.00,,10,checked,checked
MS-MOD075-0001,Monument Sign MS 075 — MS-MOD075,MS-MOD075-0001,OK,"""Height — 72"""""",""Length — 120"""""",""Depth — 20""""""",$3950.00,,10,checked,checked
MS-MOD075-0002,Monument Sign MS 075 — MS-MOD075,MS-MOD075-0002,OK,"Height — Any Custom Size,Length — Any Custom Size,Depth — Any Custom Size",$3950.00,,10,checked,checked
COLSET-MOD001-0001,Round Plain Column Set - Tuscan Round Cap & Tuscan Base Round — COLSET-MOD001,COLSET-MOD001-0001,,"""Diameter — 8"""""",""Height — 96""""""",$340.00,"{""1-6"":179,""7-19"":173,""20+"":165}",,checked,checked
COLSET-MOD001-0002,Round Plain Column Set - Tuscan Round Cap & Tuscan Base Round — COLSET-MOD001,COLSET-MOD001-0002,,"""Diameter — 8"""""",""Height — 108""""""",$385.00,"{""1-6"":203,""7-19"":194,""20+"":186}",,checked,checked
COLSET-MOD001-0003,Round Plain Column Set - Tuscan Round Cap & Tuscan Base Round — COLSET-MOD001,COLSET-MOD001-0003,,"""Diameter — 10"""""",""Height — 96""""""",$449.00,"{""1-6"":236,""7-19"":228,""20+"":218}",,checked,checked
COLSET-MOD001-0004,Round Plain Column Set - Tuscan Round Cap & Tuscan Base Round — COLSET-MOD001,COLSET-MOD001-0004,,"""Diameter — 10"""""",""Height — 108""""""",$475.00,"{""1-6"":249,""7-19"":240,""20+"":230}",,checked,checked
COLSET-MOD001-0005,Round Plain Column Set - Tuscan Round Cap & Tuscan Base Round — COLSET-MOD001,COLSET-MOD001-0005,,"""Diameter — 12"""""",""Height — 96""""""",$523.00,"{""1-6"":274,""7-19"":263,""20+"":253}",,checked,checked
COLSET-MOD001-0006,Round Plain Column Set - Tuscan Round Cap & Tuscan Base Round — COLSET-MOD001,COLSET-MOD001-0006,,"""Diameter — 12"""""",""Height — 108""""""",$568.00,"{""1-6"":296,""7-19"":285,""20+"":274}",,checked,checked
COLSET-MOD001-0007,Round Plain Column Set - Tuscan Round Cap & Tuscan Base Round — COLSET-MOD001,COLSET-MOD001-0007,,"""Diameter — 12"""""",""Height — 120""""""",$610.00,"{""1-6"":319,""7-19"":306,""20+"":295}",,checked,checked
COLSET-MOD001-0008,Round Plain Column Set - Tuscan Round Cap & Tuscan Base Round — COLSET-MOD001,COLSET-MOD001-0008,,"""Diameter — 12"""""",""Height — 144""""""",$809.00,"{""1-6"":421,""7-19"":405,""20+"":389}",,checked,checked
COLSET-MOD001-0009,Round Plain Column Set - Tuscan Round Cap & Tuscan Base Round — COLSET-MOD001,COLSET-MOD001-0009,,"""Diameter — 14"""""",""Height — 96""""""",$1318.00,"{""1-6"":686,""7-19"":660,""20+"":634}",,checked,checked
COLSET-MOD001-0010,Round Plain Column Set - Tuscan Round Cap & Tuscan Base Round — COLSET-MOD001,COLSET-MOD001-0010,,"""Diameter — 14"""""",""Height — 108""""""",$1333.00,"{""1-6"":695,""7-19"":668,""20+"":641}",,checked,checked
COLSET-MOD001-0011,Round Plain Column Set - Tuscan Round Cap & Tuscan Base Round — COLSET-MOD001,COLSET-MOD001-0011,,"""Diameter — 14"""""",""Height — 120""""""",$1350.00,"{""1-6"":703,""7-19"":675,""20+"":649}",,checked,checked
COLSET-MOD001-0012,Round Plain Column Set - Tuscan Round Cap & Tuscan Base Round — COLSET-MOD001,COLSET-MOD001-0012,,"""Diameter — 14"""""",""Height — 144""""""",$1484.00,"{""1-6"":773,""7-19"":743,""20+"":713}",,checked,checked
COLSET-MOD001-0013,Round Plain Column Set - Tuscan Round Cap & Tuscan Base Round — COLSET-MOD001,COLSET-MOD001-0013,,"""Diameter — 16"""""",""Height — 96""""""",$1399.00,"{""1-6"":729,""7-19"":700,""20+"":673}",,checked,checked
COLSET-MOD001-0014,Round Plain Column Set - Tuscan Round Cap & Tuscan Base Round — COLSET-MOD001,COLSET-MOD001-0014,,"""Diameter — 16"""""",""Height — 108""""""",$1541.00,"{""1-6"":804,""7-19"":773,""20+"":741}",,checked,checked
COLSET-MOD001-0015,Round Plain Column Set - Tuscan Round Cap & Tuscan Base Round — COLSET-MOD001,COLSET-MOD001-0015,,"""Diameter — 16"""""",""Height — 120""""""",$1685.00,"{""1-6"":878,""7-19"":844,""20+"":810}",,checked,checked
COLSET-MOD001-0016,Round Plain Column Set - Tuscan Round Cap & Tuscan Base Round — COLSET-MOD001,COLSET-MOD001-0016,,"""Diameter — 16"""""",""Height — 144""""""",$1885.00,"{""1-6"":983,""7-19"":944,""20+"":906}",,checked,checked
COLSET-MOD001-0017,Round Plain Column Set - Tuscan Round Cap & Tuscan Base Round — COLSET-MOD001,COLSET-MOD001-0017,,"""Diameter — 18"""""",""Height — 96""""""",$3214.00,"{""1-6"":1673,""7-19"":1609,""20+"":1544}",,checked,checked
COLSET-MOD001-0018,Round Plain Column Set - Tuscan Round Cap & Tuscan Base Round — COLSET-MOD001,COLSET-MOD001-0018,,"""Diameter — 18"""""",""Height — 108""""""",$3321.00,"{""1-6"":1730,""7-19"":1663,""20+"":1596}",,checked,checked
COLSET-MOD001-0019,Round Plain Column Set - Tuscan Round Cap & Tuscan Base Round — COLSET-MOD001,COLSET-MOD001-0019,,"""Diameter — 18"""""",""Height — 120""""""",$3431.00,"{""1-6"":1786,""7-19"":1718,""20+"":1649}",,checked,checked
COLSET-MOD001-0020,Round Plain Column Set - Tuscan Round Cap & Tuscan Base Round — COLSET-MOD001,COLSET-MOD001-0020,,"""Diameter — 18"""""",""Height — 144""""""",$3916.00,"{""1-6"":2039,""7-19"":1960,""20+"":1881}",,checked,checked
COLSET-MOD001-0021,Round Plain Column Set - Tuscan Round Cap & Tuscan Base Round — COLSET-MOD001,COLSET-MOD001-0021,,"""Diameter — 18"""""",""Height — 168""""""",$4101.00,"{""1-6"":2134,""7-19"":2053,""20+"":1970}",,checked,checked
COLSET-MOD001-0022,Round Plain Column Set - Tuscan Round Cap & Tuscan Base Round — COLSET-MOD001,COLSET-MOD001-0022,,"""Diameter — 18"""""",""Height — 192""""""",$4436.00,"{""1-6"":2310,""7-19"":2221,""20+"":2133}",,checked,checked
COLSET-MOD001-0023,Round Plain Column Set - Tuscan Round Cap & Tuscan Base Round — COLSET-MOD001,COLSET-MOD001-0023,,"""Diameter — 18"""""",""Height — 216""""""",$4994.00,"{""1-6"":2599,""7-19"":2499,""20+"":2399}",,checked,checked
COLSET-MOD001-0024,Round Plain Column Set - Tuscan Round Cap & Tuscan Base Round — COLSET-MOD001,COLSET-MOD001-0024,,"""Diameter — 18"""""",""Height — 240""""""",$5535.00,"{""1-6"":2880,""7-19"":2769,""20+"":2659}",,checked,checked
COLSET-MOD001-0025,Round Plain Column Set - Tuscan Round Cap & Tuscan Base Round — COLSET-MOD001,COLSET-MOD001-0025,,"""Diameter — 20"""""",""Height — 144""""""",$4220.00,"{""1-6"":2196,""7-19"":2111,""20+"":2028}",,checked,checked
COLSET-MOD001-0026,Round Plain Column Set - Tuscan Round Cap & Tuscan Base Round — COLSET-MOD001,COLSET-MOD001-0026,,"""Diameter — 20"""""",""Height — 168""""""",$4454.00,"{""1-6"":2318,""7-19"":2229,""20+"":2140}",,checked,checked
COLSET-MOD001-0027,Round Plain Column Set - Tuscan Round Cap & Tuscan Base Round — COLSET-MOD001,COLSET-MOD001-0027,,"""Diameter — 20"""""",""Height — 192""""""",$5013.00,"{""1-6"":2609,""7-19"":2509,""20+"":2408}",,checked,checked
COLSET-MOD001-0028,Round Plain Column Set - Tuscan Round Cap & Tuscan Base Round — COLSET-MOD001,COLSET-MOD001-0028,,"""Diameter — 20"""""",""Height — 216""""""",$5339.00,"{""1-6"":2778,""7-19"":2671,""20+"":2564}",,checked,checked
COLSET-MOD001-0029,Round Plain Column Set - Tuscan Round Cap & Tuscan Base Round — COLSET-MOD001,COLSET-MOD001-0029,,"""Diameter — 20"""""",""Height — 240""""""",$6708.00,"{""1-6"":3490,""7-19"":3355,""20+"":3221}",,checked,checked
COLSET-MOD001-0030,Round Plain Column Set - Tuscan Round Cap & Tuscan Base Round — COLSET-MOD001,COLSET-MOD001-0030,,"""Diameter — 24"""""",""Height — 168""""""",$5800.00,"{""1-6"":3016,""7-19"":2900,""20+"":2785}",,checked,checked
COLSET-MOD001-0031,Round Plain Column Set - Tuscan Round Cap & Tuscan Base Round — COLSET-MOD001,COLSET-MOD001-0031,,"""Diameter — 24"""""",""Height — 192""""""",$6672.00,"{""1-6"":3470,""7-19"":3337,""20+"":3203}",,checked,checked
COLSET-MOD001-0032,Round Plain Column Set - Tuscan Round Cap & Tuscan Base Round — COLSET-MOD001,COLSET-MOD001-0032,,"""Diameter — 24"""""",""Height — 216""""""",$7544.00,"{""1-6"":3924,""7-19"":3773,""20+"":3621}",,checked,checked
COLSET-MOD001-0033,Round Plain Column Set - Tuscan Round Cap & Tuscan Base Round — COLSET-MOD001,COLSET-MOD001-0033,,"""Diameter — 24"""""",""Height — 240""""""",$8548.00,"{""1-6"":4446,""7-19"":4275,""20+"":4105}",,checked,checked
COLSET-MOD001-0034,Round Plain Column Set - Tuscan Round Cap & Tuscan Base Round — COLSET-MOD001,COLSET-MOD001-0034,,"""Diameter — 24"""""",""Height — 264""""""",$9629.00,"{""1-6"":5009,""7-19"":4816,""20+"":4624}",,checked,checked
COLSET-MOD002-0001,Round Tapered Column Set - Tuscan Round Cap & Tuscan Base Round — COLSET-MOD002,COLSET-MOD002-0001,,"""Diameter — 8"""""",""Height — 96""""""",$340.00,"{""1-6"":179,""7-19"":173,""20+"":165}",,checked,checked
COLSET-MOD002-0002,Round Tapered Column Set - Tuscan Round Cap & Tuscan Base Round — COLSET-MOD002,COLSET-MOD002-0002,,"""Diameter — 8"""""",""Height — 108""""""",$385.00,"{""1-6"":203,""7-19"":194,""20+"":186}",,checked,checked
COLSET-MOD002-0003,Round Tapered Column Set - Tuscan Round Cap & Tuscan Base Round — COLSET-MOD002,COLSET-MOD002-0003,,"""Diameter — 10"""""",""Height — 96""""""",$449.00,"{""1-6"":236,""7-19"":228,""20+"":218}",,checked,checked
COLSET-MOD002-0004,Round Tapered Column Set - Tuscan Round Cap & Tuscan Base Round — COLSET-MOD002,COLSET-MOD002-0004,,"""Diameter — 10"""""",""Height — 108""""""",$475.00,"{""1-6"":249,""7-19"":240,""20+"":230}",,checked,checked
COLSET-MOD002-0005,Round Tapered Column Set - Tuscan Round Cap & Tuscan Base Round — COLSET-MOD002,COLSET-MOD002-0005,,"""Diameter — 12"""""",""Height — 96""""""",$523.00,"{""1-6"":274,""7-19"":263,""20+"":253}",,checked,checked
COLSET-MOD002-0006,Round Tapered Column Set - Tuscan Round Cap & Tuscan Base Round — COLSET-MOD002,COLSET-MOD002-0006,,"""Diameter — 12"""""",""Height — 108""""""",$568.00,"{""1-6"":296,""7-19"":285,""20+"":274}",,checked,checked
COLSET-MOD002-0007,Round Tapered Column Set - Tuscan Round Cap & Tuscan Base Round — COLSET-MOD002,COLSET-MOD002-0007,,"""Diameter — 12"""""",""Height — 120""""""",$610.00,"{""1-6"":319,""7-19"":306,""20+"":295}",,checked,checked
COLSET-MOD002-0008,Round Tapered Column Set - Tuscan Round Cap & Tuscan Base Round — COLSET-MOD002,COLSET-MOD002-0008,,"""Diameter — 12"""""",""Height — 144""""""",$809.00,"{""1-6"":421,""7-19"":405,""20+"":389}",,checked,checked
COLSET-MOD002-0009,Round Tapered Column Set - Tuscan Round Cap & Tuscan Base Round — COLSET-MOD002,COLSET-MOD002-0009,,"""Diameter — 14"""""",""Height — 96""""""",$1318.00,"{""1-6"":686,""7-19"":660,""20+"":634}",,checked,checked
COLSET-MOD002-0010,Round Tapered Column Set - Tuscan Round Cap & Tuscan Base Round — COLSET-MOD002,COLSET-MOD002-0010,,"""Diameter — 14"""""",""Height — 108""""""",$1333.00,"{""1-6"":695,""7-19"":668,""20+"":641}",,checked,checked
COLSET-MOD002-0011,Round Tapered Column Set - Tuscan Round Cap & Tuscan Base Round — COLSET-MOD002,COLSET-MOD002-0011,,"""Diameter — 14"""""",""Height — 120""""""",$1350.00,"{""1-6"":703,""7-19"":675,""20+"":649}",,checked,checked
COLSET-MOD002-0012,Round Tapered Column Set - Tuscan Round Cap & Tuscan Base Round — COLSET-MOD002,COLSET-MOD002-0012,,"""Diameter — 14"""""",""Height — 144""""""",$1484.00,"{""1-6"":773,""7-19"":743,""20+"":713}",,checked,checked
COLSET-MOD002-0013,Round Tapered Column Set - Tuscan Round Cap & Tuscan Base Round — COLSET-MOD002,COLSET-MOD002-0013,,"""Diameter — 16"""""",""Height — 96""""""",$1399.00,"{""1-6"":729,""7-19"":700,""20+"":673}",,checked,checked
COLSET-MOD002-0014,Round Tapered Column Set - Tuscan Round Cap & Tuscan Base Round — COLSET-MOD002,COLSET-MOD002-0014,,"""Diameter — 16"""""",""Height — 108""""""",$1541.00,"{""1-6"":804,""7-19"":773,""20+"":741}",,checked,checked
COLSET-MOD002-0015,Round Tapered Column Set - Tuscan Round Cap & Tuscan Base Round — COLSET-MOD002,COLSET-MOD002-0015,,"""Diameter — 16"""""",""Height — 120""""""",$1685.00,"{""1-6"":878,""7-19"":844,""20+"":810}",,checked,checked
COLSET-MOD002-0016,Round Tapered Column Set - Tuscan Round Cap & Tuscan Base Round — COLSET-MOD002,COLSET-MOD002-0016,,"""Diameter — 16"""""",""Height — 144""""""",$1885.00,"{""1-6"":983,""7-19"":944,""20+"":906}",,checked,checked
COLSET-MOD002-0017,Round Tapered Column Set - Tuscan Round Cap & Tuscan Base Round — COLSET-MOD002,COLSET-MOD002-0017,,"""Diameter — 18"""""",""Height — 96""""""",$3214.00,"{""1-6"":1673,""7-19"":1609,""20+"":1544}",,checked,checked
COLSET-MOD002-0018,Round Tapered Column Set - Tuscan Round Cap & Tuscan Base Round — COLSET-MOD002,COLSET-MOD002-0018,,"""Diameter — 18"""""",""Height — 108""""""",$3321.00,"{""1-6"":1730,""7-19"":1663,""20+"":1596}",,checked,checked
COLSET-MOD002-0019,Round Tapered Column Set - Tuscan Round Cap & Tuscan Base Round — COLSET-MOD002,COLSET-MOD002-0019,,"""Diameter — 18"""""",""Height — 120""""""",$3431.00,"{""1-6"":1786,""7-19"":1718,""20+"":1649}",,checked,checked
COLSET-MOD002-0020,Round Tapered Column Set - Tuscan Round Cap & Tuscan Base Round — COLSET-MOD002,COLSET-MOD002-0020,,"""Diameter — 18"""""",""Height — 144""""""",$3916.00,"{""1-6"":2039,""7-19"":1960,""20+"":1881}",,checked,checked
COLSET-MOD002-0021,Round Tapered Column Set - Tuscan Round Cap & Tuscan Base Round — COLSET-MOD002,COLSET-MOD002-0021,,"""Diameter — 18"""""",""Height — 168""""""",$4101.00,"{""1-6"":2134,""7-19"":2053,""20+"":1970}",,checked,checked
COLSET-MOD002-0022,Round Tapered Column Set - Tuscan Round Cap & Tuscan Base Round — COLSET-MOD002,COLSET-MOD002-0022,,"""Diameter — 18"""""",""Height — 192""""""",$4436.00,"{""1-6"":2310,""7-19"":2221,""20+"":2133}",,checked,checked
COLSET-MOD002-0023,Round Tapered Column Set - Tuscan Round Cap & Tuscan Base Round — COLSET-MOD002,COLSET-MOD002-0023,,"""Diameter — 18"""""",""Height — 216""""""",$4994.00,"{""1-6"":2599,""7-19"":2499,""20+"":2399}",,checked,checked
COLSET-MOD002-0024,Round Tapered Column Set - Tuscan Round Cap & Tuscan Base Round — COLSET-MOD002,COLSET-MOD002-0024,,"""Diameter — 18"""""",""Height — 240""""""",$5535.00,"{""1-6"":2880,""7-19"":2769,""20+"":2659}",,checked,checked
COLSET-MOD002-0025,Round Tapered Column Set - Tuscan Round Cap & Tuscan Base Round — COLSET-MOD002,COLSET-MOD002-0025,,"""Diameter — 20"""""",""Height — 144""""""",$4220.00,"{""1-6"":2196,""7-19"":2111,""20+"":2028}",,checked,checked
COLSET-MOD002-0026,Round Tapered Column Set - Tuscan Round Cap & Tuscan Base Round — COLSET-MOD002,COLSET-MOD002-0026,,"""Diameter — 20"""""",""Height — 168""""""",$4454.00,"{""1-6"":2318,""7-19"":2229,""20+"":2140}",,checked,checked
COLSET-MOD002-0027,Round Tapered Column Set - Tuscan Round Cap & Tuscan Base Round — COLSET-MOD002,COLSET-MOD002-0027,,"""Diameter — 20"""""",""Height — 192""""""",$5013.00,"{""1-6"":2609,""7-19"":2509,""20+"":2408}",,checked,checked
COLSET-MOD002-0028,Round Tapered Column Set - Tuscan Round Cap & Tuscan Base Round — COLSET-MOD002,COLSET-MOD002-0028,,"""Diameter — 20"""""",""Height — 216""""""",$5339.00,"{""1-6"":2778,""7-19"":2671,""20+"":2564}",,checked,checked
COLSET-MOD002-0029,Round Tapered Column Set - Tuscan Round Cap & Tuscan Base Round — COLSET-MOD002,COLSET-MOD002-0029,,"""Diameter — 20"""""",""Height — 240""""""",$6708.00,"{""1-6"":3490,""7-19"":3355,""20+"":3221}",,checked,checked
COLSET-MOD002-0030,Round Tapered Column Set - Tuscan Round Cap & Tuscan Base Round — COLSET-MOD002,COLSET-MOD002-0030,,"""Diameter — 24"""""",""Height — 168""""""",$5800.00,"{""1-6"":3016,""7-19"":2900,""20+"":2785}",,checked,checked
COLSET-MOD002-0031,Round Tapered Column Set - Tuscan Round Cap & Tuscan Base Round — COLSET-MOD002,COLSET-MOD002-0031,,"""Diameter — 24"""""",""Height — 192""""""",$6672.00,"{""1-6"":3470,""7-19"":3337,""20+"":3203}",,checked,checked
COLSET-MOD002-0032,Round Tapered Column Set - Tuscan Round Cap & Tuscan Base Round — COLSET-MOD002,COLSET-MOD002-0032,,"""Diameter — 24"""""",""Height — 216""""""",$7544.00,"{""1-6"":3924,""7-19"":3773,""20+"":3621}",,checked,checked
COLSET-MOD002-0033,Round Tapered Column Set - Tuscan Round Cap & Tuscan Base Round — COLSET-MOD002,COLSET-MOD002-0033,,"""Diameter — 24"""""",""Height — 240""""""",$8548.00,"{""1-6"":4446,""7-19"":4275,""20+"":4105}",,checked,checked
COLSET-MOD002-0034,Round Tapered Column Set - Tuscan Round Cap & Tuscan Base Round — COLSET-MOD002,COLSET-MOD002-0034,,"""Diameter — 24"""""",""Height — 264""""""",$9629.00,"{""1-6"":5009,""7-19"":4816,""20+"":4624}",,checked,checked
COLSET-MOD003-0001,Round Belly Column Set - Tuscan Round Cap & Tuscan Base Round — COLSET-MOD003,COLSET-MOD003-0001,,"""Diameter — 8"""""",""Height — 96""""""",$340.00,"{""1-6"":179,""7-19"":173,""20+"":165}",,checked,checked
COLSET-MOD003-0002,Round Belly Column Set - Tuscan Round Cap & Tuscan Base Round — COLSET-MOD003,COLSET-MOD003-0002,,"""Diameter — 8"""""",""Height — 108""""""",$385.00,"{""1-6"":203,""7-19"":194,""20+"":186}",,checked,checked
COLSET-MOD003-0003,Round Belly Column Set - Tuscan Round Cap & Tuscan Base Round — COLSET-MOD003,COLSET-MOD003-0003,,"""Diameter — 10"""""",""Height — 96""""""",$449.00,"{""1-6"":236,""7-19"":228,""20+"":218}",,checked,checked
COLSET-MOD003-0004,Round Belly Column Set - Tuscan Round Cap & Tuscan Base Round — COLSET-MOD003,COLSET-MOD003-0004,,"""Diameter — 10"""""",""Height — 108""""""",$475.00,"{""1-6"":249,""7-19"":240,""20+"":230}",,checked,checked
COLSET-MOD003-0005,Round Belly Column Set - Tuscan Round Cap & Tuscan Base Round — COLSET-MOD003,COLSET-MOD003-0005,,"""Diameter — 12"""""",""Height — 96""""""",$523.00,"{""1-6"":274,""7-19"":263,""20+"":253}",,checked,checked
COLSET-MOD003-0006,Round Belly Column Set - Tuscan Round Cap & Tuscan Base Round — COLSET-MOD003,COLSET-MOD003-0006,,"""Diameter — 12"""""",""Height — 108""""""",$568.00,"{""1-6"":296,""7-19"":285,""20+"":274}",,checked,checked
COLSET-MOD003-0007,Round Belly Column Set - Tuscan Round Cap & Tuscan Base Round — COLSET-MOD003,COLSET-MOD003-0007,,"""Diameter — 12"""""",""Height — 120""""""",$610.00,"{""1-6"":319,""7-19"":306,""20+"":295}",,checked,checked
COLSET-MOD003-0008,Round Belly Column Set - Tuscan Round Cap & Tuscan Base Round — COLSET-MOD003,COLSET-MOD003-0008,,"""Diameter — 12"""""",""Height — 144""""""",$809.00,"{""1-6"":421,""7-19"":405,""20+"":389}",,checked,checked
COLSET-MOD003-0009,Round Belly Column Set - Tuscan Round Cap & Tuscan Base Round — COLSET-MOD003,COLSET-MOD003-0009,,"""Diameter — 14"""""",""Height — 96""""""",$1318.00,"{""1-6"":686,""7-19"":660,""20+"":634}",,checked,checked
COLSET-MOD003-0010,Round Belly Column Set - Tuscan Round Cap & Tuscan Base Round — COLSET-MOD003,COLSET-MOD003-0010,,"""Diameter — 14"""""",""Height — 108""""""",$1333.00,"{""1-6"":695,""7-19"":668,""20+"":641}",,checked,checked
COLSET-MOD003-0011,Round Belly Column Set - Tuscan Round Cap & Tuscan Base Round — COLSET-MOD003,COLSET-MOD003-0011,,"""Diameter — 14"""""",""Height — 120""""""",$1350.00,"{""1-6"":703,""7-19"":675,""20+"":649}",,checked,checked
COLSET-MOD003-0012,Round Belly Column Set - Tuscan Round Cap & Tuscan Base Round — COLSET-MOD003,COLSET-MOD003-0012,,"""Diameter — 14"""""",""Height — 144""""""",$1484.00,"{""1-6"":773,""7-19"":743,""20+"":713}",,checked,checked
COLSET-MOD003-0013,Round Belly Column Set - Tuscan Round Cap & Tuscan Base Round — COLSET-MOD003,COLSET-MOD003-0013,,"""Diameter — 16"""""",""Height — 96""""""",$1399.00,"{""1-6"":729,""7-19"":700,""20+"":673}",,checked,checked
COLSET-MOD003-0014,Round Belly Column Set - Tuscan Round Cap & Tuscan Base Round — COLSET-MOD003,COLSET-MOD003-0014,,"""Diameter — 16"""""",""Height — 108""""""",$1541.00,"{""1-6"":804,""7-19"":773,""20+"":741}",,checked,checked
COLSET-MOD003-0015,Round Belly Column Set - Tuscan Round Cap & Tuscan Base Round — COLSET-MOD003,COLSET-MOD003-0015,,"""Diameter — 16"""""",""Height — 120""""""",$1685.00,"{""1-6"":878,""7-19"":844,""20+"":810}",,checked,checked
COLSET-MOD003-0016,Round Belly Column Set - Tuscan Round Cap & Tuscan Base Round — COLSET-MOD003,COLSET-MOD003-0016,,"""Diameter — 16"""""",""Height — 144""""""",$1885.00,"{""1-6"":983,""7-19"":944,""20+"":906}",,checked,checked
COLSET-MOD003-0017,Round Belly Column Set - Tuscan Round Cap & Tuscan Base Round — COLSET-MOD003,COLSET-MOD003-0017,,"""Diameter — 18"""""",""Height — 96""""""",$3214.00,"{""1-6"":1673,""7-19"":1609,""20+"":1544}",,checked,checked
COLSET-MOD003-0018,Round Belly Column Set - Tuscan Round Cap & Tuscan Base Round — COLSET-MOD003,COLSET-MOD003-0018,,"""Diameter — 18"""""",""Height — 108""""""",$3321.00,"{""1-6"":1730,""7-19"":1663,""20+"":1596}",,checked,checked
COLSET-MOD003-0019,Round Belly Column Set - Tuscan Round Cap & Tuscan Base Round — COLSET-MOD003,COLSET-MOD003-0019,,"""Diameter — 18"""""",""Height — 120""""""",$3431.00,"{""1-6"":1786,""7-19"":1718,""20+"":1649}",,checked,checked
COLSET-MOD003-0020,Round Belly Column Set - Tuscan Round Cap & Tuscan Base Round — COLSET-MOD003,COLSET-MOD003-0020,,"""Diameter — 18"""""",""Height — 144""""""",$3916.00,"{""1-6"":2039,""7-19"":1960,""20+"":1881}",,checked,checked
COLSET-MOD003-0021,Round Belly Column Set - Tuscan Round Cap & Tuscan Base Round — COLSET-MOD003,COLSET-MOD003-0021,,"""Diameter — 18"""""",""Height — 168""""""",$4101.00,"{""1-6"":2134,""7-19"":2053,""20+"":1970}",,checked,checked
COLSET-MOD003-0022,Round Belly Column Set - Tuscan Round Cap & Tuscan Base Round — COLSET-MOD003,COLSET-MOD003-0022,,"""Diameter — 18"""""",""Height — 192""""""",$4436.00,"{""1-6"":2310,""7-19"":2221,""20+"":2133}",,checked,checked
COLSET-MOD003-0023,Round Belly Column Set - Tuscan Round Cap & Tuscan Base Round — COLSET-MOD003,COLSET-MOD003-0023,,"""Diameter — 18"""""",""Height — 216""""""",$4994.00,"{""1-6"":2599,""7-19"":2499,""20+"":2399}",,checked,checked
COLSET-MOD003-0024,Round Belly Column Set - Tuscan Round Cap & Tuscan Base Round — COLSET-MOD003,COLSET-MOD003-0024,,"""Diameter — 18"""""",""Height — 240""""""",$5535.00,"{""1-6"":2880,""7-19"":2769,""20+"":2659}",,checked,checked
COLSET-MOD003-0025,Round Belly Column Set - Tuscan Round Cap & Tuscan Base Round — COLSET-MOD003,COLSET-MOD003-0025,,"""Diameter — 20"""""",""Height — 144""""""",$4220.00,"{""1-6"":2196,""7-19"":2111,""20+"":2028}",,checked,checked
COLSET-MOD003-0026,Round Belly Column Set - Tuscan Round Cap & Tuscan Base Round — COLSET-MOD003,COLSET-MOD003-0026,,"""Diameter — 20"""""",""Height — 168""""""",$4454.00,"{""1-6"":2318,""7-19"":2229,""20+"":2140}",,checked,checked
COLSET-MOD003-0027,Round Belly Column Set - Tuscan Round Cap & Tuscan Base Round — COLSET-MOD003,COLSET-MOD003-0027,,"""Diameter — 20"""""",""Height — 192""""""",$5013.00,"{""1-6"":2609,""7-19"":2509,""20+"":2408}",,checked,checked
COLSET-MOD003-0028,Round Belly Column Set - Tuscan Round Cap & Tuscan Base Round — COLSET-MOD003,COLSET-MOD003-0028,,"""Diameter — 20"""""",""Height — 216""""""",$5339.00,"{""1-6"":2778,""7-19"":2671,""20+"":2564}",,checked,checked
COLSET-MOD003-0029,Round Belly Column Set - Tuscan Round Cap & Tuscan Base Round — COLSET-MOD003,COLSET-MOD003-0029,,"""Diameter — 20"""""",""Height — 240""""""",$6708.00,"{""1-6"":3490,""7-19"":3355,""20+"":3221}",,checked,checked
COLSET-MOD003-0030,Round Belly Column Set - Tuscan Round Cap & Tuscan Base Round — COLSET-MOD003,COLSET-MOD003-0030,,"""Diameter — 24"""""",""Height — 168""""""",$5800.00,"{""1-6"":3016,""7-19"":2900,""20+"":2785}",,checked,checked
COLSET-MOD003-0031,Round Belly Column Set - Tuscan Round Cap & Tuscan Base Round — COLSET-MOD003,COLSET-MOD003-0031,,"""Diameter — 24"""""",""Height — 192""""""",$6672.00,"{""1-6"":3470,""7-19"":3337,""20+"":3203}",,checked,checked
COLSET-MOD003-0032,Round Belly Column Set - Tuscan Round Cap & Tuscan Base Round — COLSET-MOD003,COLSET-MOD003-0032,,"""Diameter — 24"""""",""Height — 216""""""",$7544.00,"{""1-6"":3924,""7-19"":3773,""20+"":3621}",,checked,checked
COLSET-MOD003-0033,Round Belly Column Set - Tuscan Round Cap & Tuscan Base Round — COLSET-MOD003,COLSET-MOD003-0033,,"""Diameter — 24"""""",""Height — 240""""""",$8548.00,"{""1-6"":4446,""7-19"":4275,""20+"":4105}",,checked,checked
COLSET-MOD003-0034,Round Belly Column Set - Tuscan Round Cap & Tuscan Base Round — COLSET-MOD003,COLSET-MOD003-0034,,"""Diameter — 24"""""",""Height — 264""""""",$9629.00,"{""1-6"":5009,""7-19"":4816,""20+"":4624}",,checked,checked
COLSET-MOD004-0001,Round Half-Belly Column Set - Tuscan Round Cap & Tuscan Base Round — COLSET-MOD004,COLSET-MOD004-0001,,"""Diameter — 8"""""",""Height — 96""""""",$340.00,"{""1-6"":179,""7-19"":173,""20+"":165}",,checked,checked
COLSET-MOD004-0002,Round Half-Belly Column Set - Tuscan Round Cap & Tuscan Base Round — COLSET-MOD004,COLSET-MOD004-0002,,"""Diameter — 8"""""",""Height — 108""""""",$385.00,"{""1-6"":203,""7-19"":194,""20+"":186}",,checked,checked
COLSET-MOD004-0003,Round Half-Belly Column Set - Tuscan Round Cap & Tuscan Base Round — COLSET-MOD004,COLSET-MOD004-0003,,"""Diameter — 10"""""",""Height — 96""""""",$449.00,"{""1-6"":236,""7-19"":228,""20+"":218}",,checked,checked
COLSET-MOD004-0004,Round Half-Belly Column Set - Tuscan Round Cap & Tuscan Base Round — COLSET-MOD004,COLSET-MOD004-0004,,"""Diameter — 10"""""",""Height — 108""""""",$475.00,"{""1-6"":249,""7-19"":240,""20+"":230}",,checked,checked
COLSET-MOD004-0005,Round Half-Belly Column Set - Tuscan Round Cap & Tuscan Base Round — COLSET-MOD004,COLSET-MOD004-0005,,"""Diameter — 12"""""",""Height — 96""""""",$523.00,"{""1-6"":274,""7-19"":263,""20+"":253}",,checked,checked
COLSET-MOD004-0006,Round Half-Belly Column Set - Tuscan Round Cap & Tuscan Base Round — COLSET-MOD004,COLSET-MOD004-0006,,"""Diameter — 12"""""",""Height — 108""""""",$568.00,"{""1-6"":296,""7-19"":285,""20+"":274}",,checked,checked
COLSET-MOD004-0007,Round Half-Belly Column Set - Tuscan Round Cap & Tuscan Base Round — COLSET-MOD004,COLSET-MOD004-0007,,"""Diameter — 12"""""",""Height — 120""""""",$610.00,"{""1-6"":319,""7-19"":306,""20+"":295}",,checked,checked
COLSET-MOD004-0008,Round Half-Belly Column Set - Tuscan Round Cap & Tuscan Base Round — COLSET-MOD004,COLSET-MOD004-0008,,"""Diameter — 12"""""",""Height — 144""""""",$809.00,"{""1-6"":421,""7-19"":405,""20+"":389}",,checked,checked
COLSET-MOD004-0009,Round Half-Belly Column Set - Tuscan Round Cap & Tuscan Base Round — COLSET-MOD004,COLSET-MOD004-0009,,"""Diameter — 14"""""",""Height — 96""""""",$1318.00,"{""1-6"":686,""7-19"":660,""20+"":634}",,checked,checked
COLSET-MOD004-0010,Round Half-Belly Column Set - Tuscan Round Cap & Tuscan Base Round — COLSET-MOD004,COLSET-MOD004-0010,,"""Diameter — 14"""""",""Height — 108""""""",$1333.00,"{""1-6"":695,""7-19"":668,""20+"":641}",,checked,checked
COLSET-MOD004-0011,Round Half-Belly Column Set - Tuscan Round Cap & Tuscan Base Round — COLSET-MOD004,COLSET-MOD004-0011,,"""Diameter — 14"""""",""Height — 120""""""",$1350.00,"{""1-6"":703,""7-19"":675,""20+"":649}",,checked,checked
COLSET-MOD004-0012,Round Half-Belly Column Set - Tuscan Round Cap & Tuscan Base Round — COLSET-MOD004,COLSET-MOD004-0012,,"""Diameter — 14"""""",""Height — 144""""""",$1484.00,"{""1-6"":773,""7-19"":743,""20+"":713}",,checked,checked
COLSET-MOD004-0013,Round Half-Belly Column Set - Tuscan Round Cap & Tuscan Base Round — COLSET-MOD004,COLSET-MOD004-0013,,"""Diameter — 16"""""",""Height — 96""""""",$1399.00,"{""1-6"":729,""7-19"":700,""20+"":673}",,checked,checked
COLSET-MOD004-0014,Round Half-Belly Column Set - Tuscan Round Cap & Tuscan Base Round — COLSET-MOD004,COLSET-MOD004-0014,,"""Diameter — 16"""""",""Height — 108""""""",$1541.00,"{""1-6"":804,""7-19"":773,""20+"":741}",,checked,checked
COLSET-MOD004-0015,Round Half-Belly Column Set - Tuscan Round Cap & Tuscan Base Round — COLSET-MOD004,COLSET-MOD004-0015,,"""Diameter — 16"""""",""Height — 120""""""",$1685.00,"{""1-6"":878,""7-19"":844,""20+"":810}",,checked,checked
COLSET-MOD004-0016,Round Half-Belly Column Set - Tuscan Round Cap & Tuscan Base Round — COLSET-MOD004,COLSET-MOD004-0016,,"""Diameter — 16"""""",""Height — 144""""""",$1885.00,"{""1-6"":983,""7-19"":944,""20+"":906}",,checked,checked
COLSET-MOD004-0017,Round Half-Belly Column Set - Tuscan Round Cap & Tuscan Base Round — COLSET-MOD004,COLSET-MOD004-0017,,"""Diameter — 18"""""",""Height — 96""""""",$3214.00,"{""1-6"":1673,""7-19"":1609,""20+"":1544}",,checked,checked
COLSET-MOD004-0018,Round Half-Belly Column Set - Tuscan Round Cap & Tuscan Base Round — COLSET-MOD004,COLSET-MOD004-0018,,"""Diameter — 18"""""",""Height — 108""""""",$3321.00,"{""1-6"":1730,""7-19"":1663,""20+"":1596}",,checked,checked
COLSET-MOD004-0019,Round Half-Belly Column Set - Tuscan Round Cap & Tuscan Base Round — COLSET-MOD004,COLSET-MOD004-0019,,"""Diameter — 18"""""",""Height — 120""""""",$3431.00,"{""1-6"":1786,""7-19"":1718,""20+"":1649}",,checked,checked
COLSET-MOD004-0020,Round Half-Belly Column Set - Tuscan Round Cap & Tuscan Base Round — COLSET-MOD004,COLSET-MOD004-0020,,"""Diameter — 18"""""",""Height — 144""""""",$3916.00,"{""1-6"":2039,""7-19"":1960,""20+"":1881}",,checked,checked
COLSET-MOD004-0021,Round Half-Belly Column Set - Tuscan Round Cap & Tuscan Base Round — COLSET-MOD004,COLSET-MOD004-0021,,"""Diameter — 18"""""",""Height — 168""""""",$4101.00,"{""1-6"":2134,""7-19"":2053,""20+"":1970}",,checked,checked
COLSET-MOD004-0022,Round Half-Belly Column Set - Tuscan Round Cap & Tuscan Base Round — COLSET-MOD004,COLSET-MOD004-0022,,"""Diameter — 18"""""",""Height — 192""""""",$4436.00,"{""1-6"":2310,""7-19"":2221,""20+"":2133}",,checked,checked
COLSET-MOD004-0023,Round Half-Belly Column Set - Tuscan Round Cap & Tuscan Base Round — COLSET-MOD004,COLSET-MOD004-0023,,"""Diameter — 18"""""",""Height — 216""""""",$4994.00,"{""1-6"":2599,""7-19"":2499,""20+"":2399}",,checked,checked
COLSET-MOD004-0024,Round Half-Belly Column Set - Tuscan Round Cap & Tuscan Base Round — COLSET-MOD004,COLSET-MOD004-0024,,"""Diameter — 18"""""",""Height — 240""""""",$5535.00,"{""1-6"":2880,""7-19"":2769,""20+"":2659}",,checked,checked
COLSET-MOD004-0025,Round Half-Belly Column Set - Tuscan Round Cap & Tuscan Base Round — COLSET-MOD004,COLSET-MOD004-0025,,"""Diameter — 20"""""",""Height — 144""""""",$4220.00,"{""1-6"":2196,""7-19"":2111,""20+"":2028}",,checked,checked
COLSET-MOD004-0026,Round Half-Belly Column Set - Tuscan Round Cap & Tuscan Base Round — COLSET-MOD004,COLSET-MOD004-0026,,"""Diameter — 20"""""",""Height — 168""""""",$4454.00,"{""1-6"":2318,""7-19"":2229,""20+"":2140}",,checked,checked
COLSET-MOD004-0027,Round Half-Belly Column Set - Tuscan Round Cap & Tuscan Base Round — COLSET-MOD004,COLSET-MOD004-0027,,"""Diameter — 20"""""",""Height — 192""""""",$5013.00,"{""1-6"":2609,""7-19"":2509,""20+"":2408}",,checked,checked
COLSET-MOD004-0028,Round Half-Belly Column Set - Tuscan Round Cap & Tuscan Base Round — COLSET-MOD004,COLSET-MOD004-0028,,"""Diameter — 20"""""",""Height — 216""""""",$5339.00,"{""1-6"":2778,""7-19"":2671,""20+"":2564}",,checked,checked
COLSET-MOD004-0029,Round Half-Belly Column Set - Tuscan Round Cap & Tuscan Base Round — COLSET-MOD004,COLSET-MOD004-0029,,"""Diameter — 20"""""",""Height — 240""""""",$6708.00,"{""1-6"":3490,""7-19"":3355,""20+"":3221}",,checked,checked
COLSET-MOD004-0030,Round Half-Belly Column Set - Tuscan Round Cap & Tuscan Base Round — COLSET-MOD004,COLSET-MOD004-0030,,"""Diameter — 24"""""",""Height — 168""""""",$5800.00,"{""1-6"":3016,""7-19"":2900,""20+"":2785}",,checked,checked
COLSET-MOD004-0031,Round Half-Belly Column Set - Tuscan Round Cap & Tuscan Base Round — COLSET-MOD004,COLSET-MOD004-0031,,"""Diameter — 24"""""",""Height — 192""""""",$6672.00,"{""1-6"":3470,""7-19"":3337,""20+"":3203}",,checked,checked
COLSET-MOD004-0032,Round Half-Belly Column Set - Tuscan Round Cap & Tuscan Base Round — COLSET-MOD004,COLSET-MOD004-0032,,"""Diameter — 24"""""",""Height — 216""""""",$7544.00,"{""1-6"":3924,""7-19"":3773,""20+"":3621}",,checked,checked
COLSET-MOD004-0033,Round Half-Belly Column Set - Tuscan Round Cap & Tuscan Base Round — COLSET-MOD004,COLSET-MOD004-0033,,"""Diameter — 24"""""",""Height — 240""""""",$8548.00,"{""1-6"":4446,""7-19"":4275,""20+"":4105}",,checked,checked
COLSET-MOD004-0034,Round Half-Belly Column Set - Tuscan Round Cap & Tuscan Base Round — COLSET-MOD004,COLSET-MOD004-0034,,"""Diameter — 24"""""",""Height — 264""""""",$9629.00,"{""1-6"":5009,""7-19"":4816,""20+"":4624}",,checked,checked
COLSET-MOD005-0001,Square Plain Column Set - Tuscan Square Cap & Tuscan Base Square — COLSET-MOD005,COLSET-MOD005-0001,,"""Width — 8"""""",""Height — 96""""""",$340.00,"{""1-6"":179,""7-19"":173,""20+"":165}",,checked,checked
COLSET-MOD005-0002,Square Plain Column Set - Tuscan Square Cap & Tuscan Base Square — COLSET-MOD005,COLSET-MOD005-0002,,"""Width — 8"""""",""Height — 108""""""",$385.00,"{""1-6"":203,""7-19"":194,""20+"":186}",,checked,checked
COLSET-MOD005-0003,Square Plain Column Set - Tuscan Square Cap & Tuscan Base Square — COLSET-MOD005,COLSET-MOD005-0003,,"""Width — 10"""""",""Height — 96""""""",$449.00,"{""1-6"":236,""7-19"":228,""20+"":218}",,checked,checked
COLSET-MOD005-0004,Square Plain Column Set - Tuscan Square Cap & Tuscan Base Square — COLSET-MOD005,COLSET-MOD005-0004,,"""Width — 10"""""",""Height — 108""""""",$475.00,"{""1-6"":249,""7-19"":240,""20+"":230}",,checked,checked
COLSET-MOD005-0005,Square Plain Column Set - Tuscan Square Cap & Tuscan Base Square — COLSET-MOD005,COLSET-MOD005-0005,,"""Width — 12"""""",""Height — 96""""""",$523.00,"{""1-6"":274,""7-19"":263,""20+"":253}",,checked,checked
COLSET-MOD005-0006,Square Plain Column Set - Tuscan Square Cap & Tuscan Base Square — COLSET-MOD005,COLSET-MOD005-0006,,"""Width — 12"""""",""Height — 108""""""",$568.00,"{""1-6"":296,""7-19"":285,""20+"":274}",,checked,checked
COLSET-MOD005-0007,Square Plain Column Set - Tuscan Square Cap & Tuscan Base Square — COLSET-MOD005,COLSET-MOD005-0007,,"""Width — 12"""""",""Height — 120""""""",$610.00,"{""1-6"":319,""7-19"":306,""20+"":295}",,checked,checked
COLSET-MOD005-0008,Square Plain Column Set - Tuscan Square Cap & Tuscan Base Square — COLSET-MOD005,COLSET-MOD005-0008,,"""Width — 12"""""",""Height — 144""""""",$809.00,"{""1-6"":421,""7-19"":405,""20+"":389}",,checked,checked
COLSET-MOD005-0009,Square Plain Column Set - Tuscan Square Cap & Tuscan Base Square — COLSET-MOD005,COLSET-MOD005-0009,,"""Width — 14"""""",""Height — 96""""""",$1318.00,"{""1-6"":686,""7-19"":660,""20+"":634}",,checked,checked
COLSET-MOD005-0010,Square Plain Column Set - Tuscan Square Cap & Tuscan Base Square — COLSET-MOD005,COLSET-MOD005-0010,,"""Width — 14"""""",""Height — 108""""""",$1333.00,"{""1-6"":695,""7-19"":668,""20+"":641}",,checked,checked
COLSET-MOD005-0011,Square Plain Column Set - Tuscan Square Cap & Tuscan Base Square — COLSET-MOD005,COLSET-MOD005-0011,,"""Width — 14"""""",""Height — 120""""""",$1350.00,"{""1-6"":703,""7-19"":675,""20+"":649}",,checked,checked
COLSET-MOD005-0012,Square Plain Column Set - Tuscan Square Cap & Tuscan Base Square — COLSET-MOD005,COLSET-MOD005-0012,,"""Width — 14"""""",""Height — 144""""""",$1484.00,"{""1-6"":773,""7-19"":743,""20+"":713}",,checked,checked
COLSET-MOD005-0013,Square Plain Column Set - Tuscan Square Cap & Tuscan Base Square — COLSET-MOD005,COLSET-MOD005-0013,,"""Width — 16"""""",""Height — 96""""""",$1399.00,"{""1-6"":729,""7-19"":700,""20+"":673}",,checked,checked
COLSET-MOD005-0014,Square Plain Column Set - Tuscan Square Cap & Tuscan Base Square — COLSET-MOD005,COLSET-MOD005-0014,,"""Width — 16"""""",""Height — 108""""""",$1541.00,"{""1-6"":804,""7-19"":773,""20+"":741}",,checked,checked
COLSET-MOD005-0015,Square Plain Column Set - Tuscan Square Cap & Tuscan Base Square — COLSET-MOD005,COLSET-MOD005-0015,,"""Width — 16"""""",""Height — 120""""""",$1685.00,"{""1-6"":878,""7-19"":844,""20+"":810}",,checked,checked
COLSET-MOD005-0016,Square Plain Column Set - Tuscan Square Cap & Tuscan Base Square — COLSET-MOD005,COLSET-MOD005-0016,,"""Width — 16"""""",""Height — 144""""""",$1885.00,"{""1-6"":983,""7-19"":944,""20+"":906}",,checked,checked
COLSET-MOD005-0017,Square Plain Column Set - Tuscan Square Cap & Tuscan Base Square — COLSET-MOD005,COLSET-MOD005-0017,,"""Width — 18"""""",""Height — 96""""""",$3214.00,"{""1-6"":1673,""7-19"":1609,""20+"":1544}",,checked,checked
COLSET-MOD005-0018,Square Plain Column Set - Tuscan Square Cap & Tuscan Base Square — COLSET-MOD005,COLSET-MOD005-0018,,"""Width — 18"""""",""Height — 108""""""",$3321.00,"{""1-6"":1730,""7-19"":1663,""20+"":1596}",,checked,checked
COLSET-MOD005-0019,Square Plain Column Set - Tuscan Square Cap & Tuscan Base Square — COLSET-MOD005,COLSET-MOD005-0019,,"""Width — 18"""""",""Height — 120""""""",$3431.00,"{""1-6"":1786,""7-19"":1718,""20+"":1649}",,checked,checked
COLSET-MOD005-0020,Square Plain Column Set - Tuscan Square Cap & Tuscan Base Square — COLSET-MOD005,COLSET-MOD005-0020,,"""Width — 18"""""",""Height — 144""""""",$3916.00,"{""1-6"":2039,""7-19"":1960,""20+"":1881}",,checked,checked
COLSET-MOD005-0021,Square Plain Column Set - Tuscan Square Cap & Tuscan Base Square — COLSET-MOD005,COLSET-MOD005-0021,,"""Width — 18"""""",""Height — 168""""""",$4101.00,"{""1-6"":2134,""7-19"":2053,""20+"":1970}",,checked,checked
COLSET-MOD005-0022,Square Plain Column Set - Tuscan Square Cap & Tuscan Base Square — COLSET-MOD005,COLSET-MOD005-0022,,"""Width — 18"""""",""Height — 192""""""",$4436.00,"{""1-6"":2310,""7-19"":2221,""20+"":2133}",,checked,checked
COLSET-MOD005-0023,Square Plain Column Set - Tuscan Square Cap & Tuscan Base Square — COLSET-MOD005,COLSET-MOD005-0023,,"""Width — 18"""""",""Height — 216""""""",$4994.00,"{""1-6"":2599,""7-19"":2499,""20+"":2399}",,checked,checked
COLSET-MOD005-0024,Square Plain Column Set - Tuscan Square Cap & Tuscan Base Square — COLSET-MOD005,COLSET-MOD005-0024,,"""Width — 18"""""",""Height — 240""""""",$5535.00,"{""1-6"":2880,""7-19"":2769,""20+"":2659}",,checked,checked
COLSET-MOD005-0025,Square Plain Column Set - Tuscan Square Cap & Tuscan Base Square — COLSET-MOD005,COLSET-MOD005-0025,,"""Width — 20"""""",""Height — 144""""""",$4220.00,"{""1-6"":2196,""7-19"":2111,""20+"":2028}",,checked,checked
COLSET-MOD005-0026,Square Plain Column Set - Tuscan Square Cap & Tuscan Base Square — COLSET-MOD005,COLSET-MOD005-0026,,"""Width — 20"""""",""Height — 168""""""",$4454.00,"{""1-6"":2318,""7-19"":2229,""20+"":2140}",,checked,checked
COLSET-MOD005-0027,Square Plain Column Set - Tuscan Square Cap & Tuscan Base Square — COLSET-MOD005,COLSET-MOD005-0027,,"""Width — 20"""""",""Height — 192""""""",$5013.00,"{""1-6"":2609,""7-19"":2509,""20+"":2408}",,checked,checked
COLSET-MOD005-0028,Square Plain Column Set - Tuscan Square Cap & Tuscan Base Square — COLSET-MOD005,COLSET-MOD005-0028,,"""Width — 20"""""",""Height — 216""""""",$5339.00,"{""1-6"":2778,""7-19"":2671,""20+"":2564}",,checked,checked
COLSET-MOD005-0029,Square Plain Column Set - Tuscan Square Cap & Tuscan Base Square — COLSET-MOD005,COLSET-MOD005-0029,,"""Width — 20"""""",""Height — 240""""""",$6708.00,"{""1-6"":3490,""7-19"":3355,""20+"":3221}",,checked,checked
COLSET-MOD005-0030,Square Plain Column Set - Tuscan Square Cap & Tuscan Base Square — COLSET-MOD005,COLSET-MOD005-0030,,"""Width — 24"""""",""Height — 168""""""",$5800.00,"{""1-6"":3016,""7-19"":2900,""20+"":2785}",,checked,checked
COLSET-MOD005-0031,Square Plain Column Set - Tuscan Square Cap & Tuscan Base Square — COLSET-MOD005,COLSET-MOD005-0031,,"""Width — 24"""""",""Height — 192""""""",$6672.00,"{""1-6"":3470,""7-19"":3337,""20+"":3203}",,checked,checked
COLSET-MOD005-0032,Square Plain Column Set - Tuscan Square Cap & Tuscan Base Square — COLSET-MOD005,COLSET-MOD005-0032,,"""Width — 24"""""",""Height — 216""""""",$7544.00,"{""1-6"":3924,""7-19"":3773,""20+"":3621}",,checked,checked
COLSET-MOD005-0033,Square Plain Column Set - Tuscan Square Cap & Tuscan Base Square — COLSET-MOD005,COLSET-MOD005-0033,,"""Width — 24"""""",""Height — 240""""""",$8548.00,"{""1-6"":4446,""7-19"":4275,""20+"":4105}",,checked,checked
COLSET-MOD005-0034,Square Plain Column Set - Tuscan Square Cap & Tuscan Base Square — COLSET-MOD005,COLSET-MOD005-0034,,"""Width — 24"""""",""Height — 264""""""",$9629.00,"{""1-6"":5009,""7-19"":4816,""20+"":4624}",,checked,checked
COLSET-MOD006-0001,Square Tapered Column Set - Tuscan Square Cap & Tuscan Base Square — COLSET-MOD006,COLSET-MOD006-0001,,"""Width — 8"""""",""Height — 96""""""",$340.00,"{""1-6"":179,""7-19"":173,""20+"":165}",,checked,checked
COLSET-MOD006-0002,Square Tapered Column Set - Tuscan Square Cap & Tuscan Base Square — COLSET-MOD006,COLSET-MOD006-0002,,"""Width — 8"""""",""Height — 108""""""",$385.00,"{""1-6"":203,""7-19"":194,""20+"":186}",,checked,checked
COLSET-MOD006-0003,Square Tapered Column Set - Tuscan Square Cap & Tuscan Base Square — COLSET-MOD006,COLSET-MOD006-0003,,"""Width — 10"""""",""Height — 96""""""",$449.00,"{""1-6"":236,""7-19"":228,""20+"":218}",,checked,checked
COLSET-MOD006-0004,Square Tapered Column Set - Tuscan Square Cap & Tuscan Base Square — COLSET-MOD006,COLSET-MOD006-0004,,"""Width — 10"""""",""Height — 108""""""",$475.00,"{""1-6"":249,""7-19"":240,""20+"":230}",,checked,checked
COLSET-MOD006-0005,Square Tapered Column Set - Tuscan Square Cap & Tuscan Base Square — COLSET-MOD006,COLSET-MOD006-0005,,"""Width — 12"""""",""Height — 96""""""",$523.00,"{""1-6"":274,""7-19"":263,""20+"":253}",,checked,checked
COLSET-MOD006-0006,Square Tapered Column Set - Tuscan Square Cap & Tuscan Base Square — COLSET-MOD006,COLSET-MOD006-0006,,"""Width — 12"""""",""Height — 108""""""",$568.00,"{""1-6"":296,""7-19"":285,""20+"":274}",,checked,checked
COLSET-MOD006-0007,Square Tapered Column Set - Tuscan Square Cap & Tuscan Base Square — COLSET-MOD006,COLSET-MOD006-0007,,"""Width — 12"""""",""Height — 120""""""",$610.00,"{""1-6"":319,""7-19"":306,""20+"":295}",,checked,checked
COLSET-MOD006-0008,Square Tapered Column Set - Tuscan Square Cap & Tuscan Base Square — COLSET-MOD006,COLSET-MOD006-0008,,"""Width — 12"""""",""Height — 144""""""",$809.00,"{""1-6"":421,""7-19"":405,""20+"":389}",,checked,checked
COLSET-MOD006-0009,Square Tapered Column Set - Tuscan Square Cap & Tuscan Base Square — COLSET-MOD006,COLSET-MOD006-0009,,"""Width — 14"""""",""Height — 96""""""",$1318.00,"{""1-6"":686,""7-19"":660,""20+"":634}",,checked,checked
COLSET-MOD006-0010,Square Tapered Column Set - Tuscan Square Cap & Tuscan Base Square — COLSET-MOD006,COLSET-MOD006-0010,,"""Width — 14"""""",""Height — 108""""""",$1333.00,"{""1-6"":695,""7-19"":668,""20+"":641}",,checked,checked
COLSET-MOD006-0011,Square Tapered Column Set - Tuscan Square Cap & Tuscan Base Square — COLSET-MOD006,COLSET-MOD006-0011,,"""Width — 14"""""",""Height — 120""""""",$1350.00,"{""1-6"":703,""7-19"":675,""20+"":649}",,checked,checked
COLSET-MOD006-0012,Square Tapered Column Set - Tuscan Square Cap & Tuscan Base Square — COLSET-MOD006,COLSET-MOD006-0012,,"""Width — 14"""""",""Height — 144""""""",$1484.00,"{""1-6"":773,""7-19"":743,""20+"":713}",,checked,checked
COLSET-MOD006-0013,Square Tapered Column Set - Tuscan Square Cap & Tuscan Base Square — COLSET-MOD006,COLSET-MOD006-0013,,"""Width — 16"""""",""Height — 96""""""",$1399.00,"{""1-6"":729,""7-19"":700,""20+"":673}",,checked,checked
COLSET-MOD006-0014,Square Tapered Column Set - Tuscan Square Cap & Tuscan Base Square — COLSET-MOD006,COLSET-MOD006-0014,,"""Width — 16"""""",""Height — 108""""""",$1541.00,"{""1-6"":804,""7-19"":773,""20+"":741}",,checked,checked
COLSET-MOD006-0015,Square Tapered Column Set - Tuscan Square Cap & Tuscan Base Square — COLSET-MOD006,COLSET-MOD006-0015,,"""Width — 16"""""",""Height — 120""""""",$1685.00,"{""1-6"":878,""7-19"":844,""20+"":810}",,checked,checked
COLSET-MOD006-0016,Square Tapered Column Set - Tuscan Square Cap & Tuscan Base Square — COLSET-MOD006,COLSET-MOD006-0016,,"""Width — 16"""""",""Height — 144""""""",$1885.00,"{""1-6"":983,""7-19"":944,""20+"":906}",,checked,checked
COLSET-MOD006-0017,Square Tapered Column Set - Tuscan Square Cap & Tuscan Base Square — COLSET-MOD006,COLSET-MOD006-0017,,"""Width — 18"""""",""Height — 96""""""",$3214.00,"{""1-6"":1673,""7-19"":1609,""20+"":1544}",,checked,checked
COLSET-MOD006-0018,Square Tapered Column Set - Tuscan Square Cap & Tuscan Base Square — COLSET-MOD006,COLSET-MOD006-0018,,"""Width — 18"""""",""Height — 108""""""",$3321.00,"{""1-6"":1730,""7-19"":1663,""20+"":1596}",,checked,checked
COLSET-MOD006-0019,Square Tapered Column Set - Tuscan Square Cap & Tuscan Base Square — COLSET-MOD006,COLSET-MOD006-0019,,"""Width — 18"""""",""Height — 120""""""",$3431.00,"{""1-6"":1786,""7-19"":1718,""20+"":1649}",,checked,checked
COLSET-MOD006-0020,Square Tapered Column Set - Tuscan Square Cap & Tuscan Base Square — COLSET-MOD006,COLSET-MOD006-0020,,"""Width — 18"""""",""Height — 144""""""",$3916.00,"{""1-6"":2039,""7-19"":1960,""20+"":1881}",,checked,checked
COLSET-MOD006-0021,Square Tapered Column Set - Tuscan Square Cap & Tuscan Base Square — COLSET-MOD006,COLSET-MOD006-0021,,"""Width — 18"""""",""Height — 168""""""",$4101.00,"{""1-6"":2134,""7-19"":2053,""20+"":1970}",,checked,checked
COLSET-MOD006-0022,Square Tapered Column Set - Tuscan Square Cap & Tuscan Base Square — COLSET-MOD006,COLSET-MOD006-0022,,"""Width — 18"""""",""Height — 192""""""",$4436.00,"{""1-6"":2310,""7-19"":2221,""20+"":2133}",,checked,checked
COLSET-MOD006-0023,Square Tapered Column Set - Tuscan Square Cap & Tuscan Base Square — COLSET-MOD006,COLSET-MOD006-0023,,"""Width — 18"""""",""Height — 216""""""",$4994.00,"{""1-6"":2599,""7-19"":2499,""20+"":2399}",,checked,checked
COLSET-MOD006-0024,Square Tapered Column Set - Tuscan Square Cap & Tuscan Base Square — COLSET-MOD006,COLSET-MOD006-0024,,"""Width — 18"""""",""Height — 240""""""",$5535.00,"{""1-6"":2880,""7-19"":2769,""20+"":2659}",,checked,checked
COLSET-MOD006-0025,Square Tapered Column Set - Tuscan Square Cap & Tuscan Base Square — COLSET-MOD006,COLSET-MOD006-0025,,"""Width — 20"""""",""Height — 144""""""",$4220.00,"{""1-6"":2196,""7-19"":2111,""20+"":2028}",,checked,checked
COLSET-MOD006-0026,Square Tapered Column Set - Tuscan Square Cap & Tuscan Base Square — COLSET-MOD006,COLSET-MOD006-0026,,"""Width — 20"""""",""Height — 168""""""",$4454.00,"{""1-6"":2318,""7-19"":2229,""20+"":2140}",,checked,checked
COLSET-MOD006-0027,Square Tapered Column Set - Tuscan Square Cap & Tuscan Base Square — COLSET-MOD006,COLSET-MOD006-0027,,"""Width — 20"""""",""Height — 192""""""",$5013.00,"{""1-6"":2609,""7-19"":2509,""20+"":2408}",,checked,checked
COLSET-MOD006-0028,Square Tapered Column Set - Tuscan Square Cap & Tuscan Base Square — COLSET-MOD006,COLSET-MOD006-0028,,"""Width — 20"""""",""Height — 216""""""",$5339.00,"{""1-6"":2778,""7-19"":2671,""20+"":2564}",,checked,checked
COLSET-MOD006-0029,Square Tapered Column Set - Tuscan Square Cap & Tuscan Base Square — COLSET-MOD006,COLSET-MOD006-0029,,"""Width — 20"""""",""Height — 240""""""",$6708.00,"{""1-6"":3490,""7-19"":3355,""20+"":3221}",,checked,checked
COLSET-MOD006-0030,Square Tapered Column Set - Tuscan Square Cap & Tuscan Base Square — COLSET-MOD006,COLSET-MOD006-0030,,"""Width — 24"""""",""Height — 168""""""",$5800.00,"{""1-6"":3016,""7-19"":2900,""20+"":2785}",,checked,checked
COLSET-MOD006-0031,Square Tapered Column Set - Tuscan Square Cap & Tuscan Base Square — COLSET-MOD006,COLSET-MOD006-0031,,"""Width — 24"""""",""Height — 192""""""",$6672.00,"{""1-6"":3470,""7-19"":3337,""20+"":3203}",,checked,checked
COLSET-MOD006-0032,Square Tapered Column Set - Tuscan Square Cap & Tuscan Base Square — COLSET-MOD006,COLSET-MOD006-0032,,"""Width — 24"""""",""Height — 216""""""",$7544.00,"{""1-6"":3924,""7-19"":3773,""20+"":3621}",,checked,checked
COLSET-MOD006-0033,Square Tapered Column Set - Tuscan Square Cap & Tuscan Base Square — COLSET-MOD006,COLSET-MOD006-0033,,"""Width — 24"""""",""Height — 240""""""",$8548.00,"{""1-6"":4446,""7-19"":4275,""20+"":4105}",,checked,checked
COLSET-MOD006-0034,Square Tapered Column Set - Tuscan Square Cap & Tuscan Base Square — COLSET-MOD006,COLSET-MOD006-0034,,"""Width — 24"""""",""Height — 264""""""",$9629.00,"{""1-6"":5009,""7-19"":4816,""20+"":4624}",,checked,checked
COLSET-MOD007-0001,Square Slotted Column Set - Tuscan Square Cap & Tuscan Base Square — COLSET-MOD007,COLSET-MOD007-0001,,"""Width — 8"""""",""Height — 96""""""",$340.00,"{""1-6"":179,""7-19"":173,""20+"":165}",,checked,checked
COLSET-MOD007-0002,Square Slotted Column Set - Tuscan Square Cap & Tuscan Base Square — COLSET-MOD007,COLSET-MOD007-0002,,"""Width — 8"""""",""Height — 108""""""",$385.00,"{""1-6"":203,""7-19"":194,""20+"":186}",,checked,checked
COLSET-MOD007-0003,Square Slotted Column Set - Tuscan Square Cap & Tuscan Base Square — COLSET-MOD007,COLSET-MOD007-0003,,"""Width — 10"""""",""Height — 96""""""",$449.00,"{""1-6"":236,""7-19"":228,""20+"":218}",,checked,checked
COLSET-MOD007-0004,Square Slotted Column Set - Tuscan Square Cap & Tuscan Base Square — COLSET-MOD007,COLSET-MOD007-0004,,"""Width — 10"""""",""Height — 108""""""",$475.00,"{""1-6"":249,""7-19"":240,""20+"":230}",,checked,checked
COLSET-MOD007-0005,Square Slotted Column Set - Tuscan Square Cap & Tuscan Base Square — COLSET-MOD007,COLSET-MOD007-0005,,"""Width — 12"""""",""Height — 96""""""",$523.00,"{""1-6"":274,""7-19"":263,""20+"":253}",,checked,checked
COLSET-MOD007-0006,Square Slotted Column Set - Tuscan Square Cap & Tuscan Base Square — COLSET-MOD007,COLSET-MOD007-0006,,"""Width — 12"""""",""Height — 108""""""",$568.00,"{""1-6"":296,""7-19"":285,""20+"":274}",,checked,checked
COLSET-MOD007-0007,Square Slotted Column Set - Tuscan Square Cap & Tuscan Base Square — COLSET-MOD007,COLSET-MOD007-0007,,"""Width — 12"""""",""Height — 120""""""",$610.00,"{""1-6"":319,""7-19"":306,""20+"":295}",,checked,checked
COLSET-MOD007-0008,Square Slotted Column Set - Tuscan Square Cap & Tuscan Base Square — COLSET-MOD007,COLSET-MOD007-0008,,"""Width — 12"""""",""Height — 144""""""",$809.00,"{""1-6"":421,""7-19"":405,""20+"":389}",,checked,checked
COLSET-MOD007-0009,Square Slotted Column Set - Tuscan Square Cap & Tuscan Base Square — COLSET-MOD007,COLSET-MOD007-0009,,"""Width — 14"""""",""Height — 96""""""",$1318.00,"{""1-6"":686,""7-19"":660,""20+"":634}",,checked,checked
COLSET-MOD007-0010,Square Slotted Column Set - Tuscan Square Cap & Tuscan Base Square — COLSET-MOD007,COLSET-MOD007-0010,,"""Width — 14"""""",""Height — 108""""""",$1333.00,"{""1-6"":695,""7-19"":668,""20+"":641}",,checked,checked
COLSET-MOD007-0011,Square Slotted Column Set - Tuscan Square Cap & Tuscan Base Square — COLSET-MOD007,COLSET-MOD007-0011,,"""Width — 14"""""",""Height — 120""""""",$1350.00,"{""1-6"":703,""7-19"":675,""20+"":649}",,checked,checked
COLSET-MOD007-0012,Square Slotted Column Set - Tuscan Square Cap & Tuscan Base Square — COLSET-MOD007,COLSET-MOD007-0012,,"""Width — 14"""""",""Height — 144""""""",$1484.00,"{""1-6"":773,""7-19"":743,""20+"":713}",,checked,checked
COLSET-MOD007-0013,Square Slotted Column Set - Tuscan Square Cap & Tuscan Base Square — COLSET-MOD007,COLSET-MOD007-0013,,"""Width — 16"""""",""Height — 96""""""",$1399.00,"{""1-6"":729,""7-19"":700,""20+"":673}",,checked,checked
COLSET-MOD007-0014,Square Slotted Column Set - Tuscan Square Cap & Tuscan Base Square — COLSET-MOD007,COLSET-MOD007-0014,,"""Width — 16"""""",""Height — 108""""""",$1541.00,"{""1-6"":804,""7-19"":773,""20+"":741}",,checked,checked
COLSET-MOD007-0015,Square Slotted Column Set - Tuscan Square Cap & Tuscan Base Square — COLSET-MOD007,COLSET-MOD007-0015,,"""Width — 16"""""",""Height — 120""""""",$1685.00,"{""1-6"":878,""7-19"":844,""20+"":810}",,checked,checked
COLSET-MOD007-0016,Square Slotted Column Set - Tuscan Square Cap & Tuscan Base Square — COLSET-MOD007,COLSET-MOD007-0016,,"""Width — 16"""""",""Height — 144""""""",$1885.00,"{""1-6"":983,""7-19"":944,""20+"":906}",,checked,checked
COLSET-MOD007-0017,Square Slotted Column Set - Tuscan Square Cap & Tuscan Base Square — COLSET-MOD007,COLSET-MOD007-0017,,"""Width — 18"""""",""Height — 96""""""",$3214.00,"{""1-6"":1673,""7-19"":1609,""20+"":1544}",,checked,checked
COLSET-MOD007-0018,Square Slotted Column Set - Tuscan Square Cap & Tuscan Base Square — COLSET-MOD007,COLSET-MOD007-0018,,"""Width — 18"""""",""Height — 108""""""",$3321.00,"{""1-6"":1730,""7-19"":1663,""20+"":1596}",,checked,checked
COLSET-MOD007-0019,Square Slotted Column Set - Tuscan Square Cap & Tuscan Base Square — COLSET-MOD007,COLSET-MOD007-0019,,"""Width — 18"""""",""Height — 120""""""",$3431.00,"{""1-6"":1786,""7-19"":1718,""20+"":1649}",,checked,checked
COLSET-MOD007-0020,Square Slotted Column Set - Tuscan Square Cap & Tuscan Base Square — COLSET-MOD007,COLSET-MOD007-0020,,"""Width — 18"""""",""Height — 144""""""",$3916.00,"{""1-6"":2039,""7-19"":1960,""20+"":1881}",,checked,checked
COLSET-MOD007-0021,Square Slotted Column Set - Tuscan Square Cap & Tuscan Base Square — COLSET-MOD007,COLSET-MOD007-0021,,"""Width — 18"""""",""Height — 168""""""",$4101.00,"{""1-6"":2134,""7-19"":2053,""20+"":1970}",,checked,checked
COLSET-MOD007-0022,Square Slotted Column Set - Tuscan Square Cap & Tuscan Base Square — COLSET-MOD007,COLSET-MOD007-0022,,"""Width — 18"""""",""Height — 192""""""",$4436.00,"{""1-6"":2310,""7-19"":2221,""20+"":2133}",,checked,checked
COLSET-MOD007-0023,Square Slotted Column Set - Tuscan Square Cap & Tuscan Base Square — COLSET-MOD007,COLSET-MOD007-0023,,"""Width — 18"""""",""Height — 216""""""",$4994.00,"{""1-6"":2599,""7-19"":2499,""20+"":2399}",,checked,checked
COLSET-MOD007-0024,Square Slotted Column Set - Tuscan Square Cap & Tuscan Base Square — COLSET-MOD007,COLSET-MOD007-0024,,"""Width — 18"""""",""Height — 240""""""",$5535.00,"{""1-6"":2880,""7-19"":2769,""20+"":2659}",,checked,checked
COLSET-MOD007-0025,Square Slotted Column Set - Tuscan Square Cap & Tuscan Base Square — COLSET-MOD007,COLSET-MOD007-0025,,"""Width — 20"""""",""Height — 144""""""",$4220.00,"{""1-6"":2196,""7-19"":2111,""20+"":2028}",,checked,checked
COLSET-MOD007-0026,Square Slotted Column Set - Tuscan Square Cap & Tuscan Base Square — COLSET-MOD007,COLSET-MOD007-0026,,"""Width — 20"""""",""Height — 168""""""",$4454.00,"{""1-6"":2318,""7-19"":2229,""20+"":2140}",,checked,checked
COLSET-MOD007-0027,Square Slotted Column Set - Tuscan Square Cap & Tuscan Base Square — COLSET-MOD007,COLSET-MOD007-0027,,"""Width — 20"""""",""Height — 192""""""",$5013.00,"{""1-6"":2609,""7-19"":2509,""20+"":2408}",,checked,checked
COLSET-MOD007-0028,Square Slotted Column Set - Tuscan Square Cap & Tuscan Base Square — COLSET-MOD007,COLSET-MOD007-0028,,"""Width — 20"""""",""Height — 216""""""",$5339.00,"{""1-6"":2778,""7-19"":2671,""20+"":2564}",,checked,checked
COLSET-MOD007-0029,Square Slotted Column Set - Tuscan Square Cap & Tuscan Base Square — COLSET-MOD007,COLSET-MOD007-0029,,"""Width — 20"""""",""Height — 240""""""",$6708.00,"{""1-6"":3490,""7-19"":3355,""20+"":3221}",,checked,checked
COLSET-MOD007-0030,Square Slotted Column Set - Tuscan Square Cap & Tuscan Base Square — COLSET-MOD007,COLSET-MOD007-0030,,"""Width — 24"""""",""Height — 168""""""",$5800.00,"{""1-6"":3016,""7-19"":2900,""20+"":2785}",,checked,checked
COLSET-MOD007-0031,Square Slotted Column Set - Tuscan Square Cap & Tuscan Base Square — COLSET-MOD007,COLSET-MOD007-0031,,"""Width — 24"""""",""Height — 192""""""",$6672.00,"{""1-6"":3470,""7-19"":3337,""20+"":3203}",,checked,checked
COLSET-MOD007-0032,Square Slotted Column Set - Tuscan Square Cap & Tuscan Base Square — COLSET-MOD007,COLSET-MOD007-0032,,"""Width — 24"""""",""Height — 216""""""",$7544.00,"{""1-6"":3924,""7-19"":3773,""20+"":3621}",,checked,checked
COLSET-MOD007-0033,Square Slotted Column Set - Tuscan Square Cap & Tuscan Base Square — COLSET-MOD007,COLSET-MOD007-0033,,"""Width — 24"""""",""Height — 240""""""",$8548.00,"{""1-6"":4446,""7-19"":4275,""20+"":4105}",,checked,checked
COLSET-MOD007-0034,Square Slotted Column Set - Tuscan Square Cap & Tuscan Base Square — COLSET-MOD007,COLSET-MOD007-0034,,"""Width — 24"""""",""Height — 264""""""",$9629.00,"{""1-6"":5009,""7-19"":4816,""20+"":4624}",,checked,checked
COLSET-MOD008-0001,Square Fluted Column Set - Tuscan Square Cap & Tuscan Base Square — COLSET-MOD008,COLSET-MOD008-0001,,"""Width — 8"""""",""Height — 96""""""",$340.00,"{""1-6"":179,""7-19"":173,""20+"":165}",,checked,checked
COLSET-MOD008-0002,Square Fluted Column Set - Tuscan Square Cap & Tuscan Base Square — COLSET-MOD008,COLSET-MOD008-0002,,"""Width — 8"""""",""Height — 108""""""",$385.00,"{""1-6"":203,""7-19"":194,""20+"":186}",,checked,checked
COLSET-MOD008-0003,Square Fluted Column Set - Tuscan Square Cap & Tuscan Base Square — COLSET-MOD008,COLSET-MOD008-0003,,"""Width — 10"""""",""Height — 96""""""",$449.00,"{""1-6"":236,""7-19"":228,""20+"":218}",,checked,checked
COLSET-MOD008-0004,Square Fluted Column Set - Tuscan Square Cap & Tuscan Base Square — COLSET-MOD008,COLSET-MOD008-0004,,"""Width — 10"""""",""Height — 108""""""",$475.00,"{""1-6"":249,""7-19"":240,""20+"":230}",,checked,checked
COLSET-MOD008-0005,Square Fluted Column Set - Tuscan Square Cap & Tuscan Base Square — COLSET-MOD008,COLSET-MOD008-0005,,"""Width — 12"""""",""Height — 96""""""",$523.00,"{""1-6"":274,""7-19"":263,""20+"":253}",,checked,checked
COLSET-MOD008-0006,Square Fluted Column Set - Tuscan Square Cap & Tuscan Base Square — COLSET-MOD008,COLSET-MOD008-0006,,"""Width — 12"""""",""Height — 108""""""",$568.00,"{""1-6"":296,""7-19"":285,""20+"":274}",,checked,checked
COLSET-MOD008-0007,Square Fluted Column Set - Tuscan Square Cap & Tuscan Base Square — COLSET-MOD008,COLSET-MOD008-0007,,"""Width — 12"""""",""Height — 120""""""",$610.00,"{""1-6"":319,""7-19"":306,""20+"":295}",,checked,checked
COLSET-MOD008-0008,Square Fluted Column Set - Tuscan Square Cap & Tuscan Base Square — COLSET-MOD008,COLSET-MOD008-0008,,"""Width — 12"""""",""Height — 144""""""",$809.00,"{""1-6"":421,""7-19"":405,""20+"":389}",,checked,checked
COLSET-MOD008-0009,Square Fluted Column Set - Tuscan Square Cap & Tuscan Base Square — COLSET-MOD008,COLSET-MOD008-0009,,"""Width — 14"""""",""Height — 96""""""",$1318.00,"{""1-6"":686,""7-19"":660,""20+"":634}",,checked,checked
COLSET-MOD008-0010,Square Fluted Column Set - Tuscan Square Cap & Tuscan Base Square — COLSET-MOD008,COLSET-MOD008-0010,,"""Width — 14"""""",""Height — 108""""""",$1333.00,"{""1-6"":695,""7-19"":668,""20+"":641}",,checked,checked
COLSET-MOD008-0011,Square Fluted Column Set - Tuscan Square Cap & Tuscan Base Square — COLSET-MOD008,COLSET-MOD008-0011,,"""Width — 14"""""",""Height — 120""""""",$1350.00,"{""1-6"":703,""7-19"":675,""20+"":649}",,checked,checked
COLSET-MOD008-0012,Square Fluted Column Set - Tuscan Square Cap & Tuscan Base Square — COLSET-MOD008,COLSET-MOD008-0012,,"""Width — 14"""""",""Height — 144""""""",$1484.00,"{""1-6"":773,""7-19"":743,""20+"":713}",,checked,checked
COLSET-MOD008-0013,Square Fluted Column Set - Tuscan Square Cap & Tuscan Base Square — COLSET-MOD008,COLSET-MOD008-0013,,"""Width — 16"""""",""Height — 96""""""",$1399.00,"{""1-6"":729,""7-19"":700,""20+"":673}",,checked,checked
COLSET-MOD008-0014,Square Fluted Column Set - Tuscan Square Cap & Tuscan Base Square — COLSET-MOD008,COLSET-MOD008-0014,,"""Width — 16"""""",""Height — 108""""""",$1541.00,"{""1-6"":804,""7-19"":773,""20+"":741}",,checked,checked
COLSET-MOD008-0015,Square Fluted Column Set - Tuscan Square Cap & Tuscan Base Square — COLSET-MOD008,COLSET-MOD008-0015,,"""Width — 16"""""",""Height — 120""""""",$1685.00,"{""1-6"":878,""7-19"":844,""20+"":810}",,checked,checked
COLSET-MOD008-0016,Square Fluted Column Set - Tuscan Square Cap & Tuscan Base Square — COLSET-MOD008,COLSET-MOD008-0016,,"""Width — 16"""""",""Height — 144""""""",$1885.00,"{""1-6"":983,""7-19"":944,""20+"":906}",,checked,checked
COLSET-MOD008-0017,Square Fluted Column Set - Tuscan Square Cap & Tuscan Base Square — COLSET-MOD008,COLSET-MOD008-0017,,"""Width — 18"""""",""Height — 96""""""",$3214.00,"{""1-6"":1673,""7-19"":1609,""20+"":1544}",,checked,checked
COLSET-MOD008-0018,Square Fluted Column Set - Tuscan Square Cap & Tuscan Base Square — COLSET-MOD008,COLSET-MOD008-0018,,"""Width — 18"""""",""Height — 108""""""",$3321.00,"{""1-6"":1730,""7-19"":1663,""20+"":1596}",,checked,checked
COLSET-MOD008-0019,Square Fluted Column Set - Tuscan Square Cap & Tuscan Base Square — COLSET-MOD008,COLSET-MOD008-0019,,"""Width — 18"""""",""Height — 120""""""",$3431.00,"{""1-6"":1786,""7-19"":1718,""20+"":1649}",,checked,checked
COLSET-MOD008-0020,Square Fluted Column Set - Tuscan Square Cap & Tuscan Base Square — COLSET-MOD008,COLSET-MOD008-0020,,"""Width — 18"""""",""Height — 144""""""",$3916.00,"{""1-6"":2039,""7-19"":1960,""20+"":1881}",,checked,checked
COLSET-MOD008-0021,Square Fluted Column Set - Tuscan Square Cap & Tuscan Base Square — COLSET-MOD008,COLSET-MOD008-0021,,"""Width — 18"""""",""Height — 168""""""",$4101.00,"{""1-6"":2134,""7-19"":2053,""20+"":1970}",,checked,checked
COLSET-MOD008-0022,Square Fluted Column Set - Tuscan Square Cap & Tuscan Base Square — COLSET-MOD008,COLSET-MOD008-0022,,"""Width — 18"""""",""Height — 192""""""",$4436.00,"{""1-6"":2310,""7-19"":2221,""20+"":2133}",,checked,checked
COLSET-MOD008-0023,Square Fluted Column Set - Tuscan Square Cap & Tuscan Base Square — COLSET-MOD008,COLSET-MOD008-0023,,"""Width — 18"""""",""Height — 216""""""",$4994.00,"{""1-6"":2599,""7-19"":2499,""20+"":2399}",,checked,checked
COLSET-MOD008-0024,Square Fluted Column Set - Tuscan Square Cap & Tuscan Base Square — COLSET-MOD008,COLSET-MOD008-0024,,"""Width — 18"""""",""Height — 240""""""",$5535.00,"{""1-6"":2880,""7-19"":2769,""20+"":2659}",,checked,checked
COLSET-MOD008-0025,Square Fluted Column Set - Tuscan Square Cap & Tuscan Base Square — COLSET-MOD008,COLSET-MOD008-0025,,"""Width — 20"""""",""Height — 144""""""",$4220.00,"{""1-6"":2196,""7-19"":2111,""20+"":2028}",,checked,checked
COLSET-MOD008-0026,Square Fluted Column Set - Tuscan Square Cap & Tuscan Base Square — COLSET-MOD008,COLSET-MOD008-0026,,"""Width — 20"""""",""Height — 168""""""",$4454.00,"{""1-6"":2318,""7-19"":2229,""20+"":2140}",,checked,checked
COLSET-MOD008-0027,Square Fluted Column Set - Tuscan Square Cap & Tuscan Base Square — COLSET-MOD008,COLSET-MOD008-0027,,"""Width — 20"""""",""Height — 192""""""",$5013.00,"{""1-6"":2609,""7-19"":2509,""20+"":2408}",,checked,checked
COLSET-MOD008-0028,Square Fluted Column Set - Tuscan Square Cap & Tuscan Base Square — COLSET-MOD008,COLSET-MOD008-0028,,"""Width — 20"""""",""Height — 216""""""",$5339.00,"{""1-6"":2778,""7-19"":2671,""20+"":2564}",,checked,checked
COLSET-MOD008-0029,Square Fluted Column Set - Tuscan Square Cap & Tuscan Base Square — COLSET-MOD008,COLSET-MOD008-0029,,"""Width — 20"""""",""Height — 240""""""",$6708.00,"{""1-6"":3490,""7-19"":3355,""20+"":3221}",,checked,checked
COLSET-MOD008-0030,Square Fluted Column Set - Tuscan Square Cap & Tuscan Base Square — COLSET-MOD008,COLSET-MOD008-0030,,"""Width — 24"""""",""Height — 168""""""",$5800.00,"{""1-6"":3016,""7-19"":2900,""20+"":2785}",,checked,checked
COLSET-MOD008-0031,Square Fluted Column Set - Tuscan Square Cap & Tuscan Base Square — COLSET-MOD008,COLSET-MOD008-0031,,"""Width — 24"""""",""Height — 192""""""",$6672.00,"{""1-6"":3470,""7-19"":3337,""20+"":3203}",,checked,checked
COLSET-MOD008-0032,Square Fluted Column Set - Tuscan Square Cap & Tuscan Base Square — COLSET-MOD008,COLSET-MOD008-0032,,"""Width — 24"""""",""Height — 216""""""",$7544.00,"{""1-6"":3924,""7-19"":3773,""20+"":3621}",,checked,checked
COLSET-MOD008-0033,Square Fluted Column Set - Tuscan Square Cap & Tuscan Base Square — COLSET-MOD008,COLSET-MOD008-0033,,"""Width — 24"""""",""Height — 240""""""",$8548.00,"{""1-6"":4446,""7-19"":4275,""20+"":4105}",,checked,checked
COLSET-MOD008-0034,Square Fluted Column Set - Tuscan Square Cap & Tuscan Base Square — COLSET-MOD008,COLSET-MOD008-0034,,"""Width — 24"""""",""Height — 264""""""",$9629.00,"{""1-6"":5009,""7-19"":4816,""20+"":4624}",,checked,checked
COLSET-MOD009-0001,Round Fluted Column Set - Tuscan Round Cap & Tuscan Base Round — COLSET-MOD009,COLSET-MOD009-0001,,"""Diameter — 8"""""",""Height — 96""""""",$340.00,"{""1-6"":179,""7-19"":173,""20+"":165}",,checked,checked
COLSET-MOD009-0002,Round Fluted Column Set - Tuscan Round Cap & Tuscan Base Round — COLSET-MOD009,COLSET-MOD009-0002,,"""Diameter — 8"""""",""Height — 108""""""",$385.00,"{""1-6"":203,""7-19"":194,""20+"":186}",,checked,checked
COLSET-MOD009-0003,Round Fluted Column Set - Tuscan Round Cap & Tuscan Base Round — COLSET-MOD009,COLSET-MOD009-0003,,"""Diameter — 10"""""",""Height — 96""""""",$449.00,"{""1-6"":236,""7-19"":228,""20+"":218}",,checked,checked
COLSET-MOD009-0004,Round Fluted Column Set - Tuscan Round Cap & Tuscan Base Round — COLSET-MOD009,COLSET-MOD009-0004,,"""Diameter — 10"""""",""Height — 108""""""",$475.00,"{""1-6"":249,""7-19"":240,""20+"":230}",,checked,checked
COLSET-MOD009-0005,Round Fluted Column Set - Tuscan Round Cap & Tuscan Base Round — COLSET-MOD009,COLSET-MOD009-0005,,"""Diameter — 12"""""",""Height — 96""""""",$523.00,"{""1-6"":274,""7-19"":263,""20+"":253}",,checked,checked
COLSET-MOD009-0006,Round Fluted Column Set - Tuscan Round Cap & Tuscan Base Round — COLSET-MOD009,COLSET-MOD009-0006,,"""Diameter — 12"""""",""Height — 108""""""",$568.00,"{""1-6"":296,""7-19"":285,""20+"":274}",,checked,checked
COLSET-MOD009-0007,Round Fluted Column Set - Tuscan Round Cap & Tuscan Base Round — COLSET-MOD009,COLSET-MOD009-0007,,"""Diameter — 12"""""",""Height — 120""""""",$610.00,"{""1-6"":319,""7-19"":306,""20+"":295}",,checked,checked
COLSET-MOD009-0008,Round Fluted Column Set - Tuscan Round Cap & Tuscan Base Round — COLSET-MOD009,COLSET-MOD009-0008,,"""Diameter — 12"""""",""Height — 144""""""",$809.00,"{""1-6"":421,""7-19"":405,""20+"":389}",,checked,checked
COLSET-MOD009-0009,Round Fluted Column Set - Tuscan Round Cap & Tuscan Base Round — COLSET-MOD009,COLSET-MOD009-0009,,"""Diameter — 14"""""",""Height — 96""""""",$1318.00,"{""1-6"":686,""7-19"":660,""20+"":634}",,checked,checked
COLSET-MOD009-0010,Round Fluted Column Set - Tuscan Round Cap & Tuscan Base Round — COLSET-MOD009,COLSET-MOD009-0010,,"""Diameter — 14"""""",""Height — 108""""""",$1333.00,"{""1-6"":695,""7-19"":668,""20+"":641}",,checked,checked
COLSET-MOD009-0011,Round Fluted Column Set - Tuscan Round Cap & Tuscan Base Round — COLSET-MOD009,COLSET-MOD009-0011,,"""Diameter — 14"""""",""Height — 120""""""",$1350.00,"{""1-6"":703,""7-19"":675,""20+"":649}",,checked,checked
COLSET-MOD009-0012,Round Fluted Column Set - Tuscan Round Cap & Tuscan Base Round — COLSET-MOD009,COLSET-MOD009-0012,,"""Diameter — 14"""""",""Height — 144""""""",$1484.00,"{""1-6"":773,""7-19"":743,""20+"":713}",,checked,checked
COLSET-MOD009-0013,Round Fluted Column Set - Tuscan Round Cap & Tuscan Base Round — COLSET-MOD009,COLSET-MOD009-0013,,"""Diameter — 16"""""",""Height — 96""""""",$1399.00,"{""1-6"":729,""7-19"":700,""20+"":673}",,checked,checked
COLSET-MOD009-0014,Round Fluted Column Set - Tuscan Round Cap & Tuscan Base Round — COLSET-MOD009,COLSET-MOD009-0014,,"""Diameter — 16"""""",""Height — 108""""""",$1541.00,"{""1-6"":804,""7-19"":773,""20+"":741}",,checked,checked
COLSET-MOD009-0015,Round Fluted Column Set - Tuscan Round Cap & Tuscan Base Round — COLSET-MOD009,COLSET-MOD009-0015,,"""Diameter — 16"""""",""Height — 120""""""",$1685.00,"{""1-6"":878,""7-19"":844,""20+"":810}",,checked,checked
COLSET-MOD009-0016,Round Fluted Column Set - Tuscan Round Cap & Tuscan Base Round — COLSET-MOD009,COLSET-MOD009-0016,,"""Diameter — 16"""""",""Height — 144""""""",$1885.00,"{""1-6"":983,""7-19"":944,""20+"":906}",,checked,checked
COLSET-MOD009-0017,Round Fluted Column Set - Tuscan Round Cap & Tuscan Base Round — COLSET-MOD009,COLSET-MOD009-0017,,"""Diameter — 18"""""",""Height — 96""""""",$3214.00,"{""1-6"":1673,""7-19"":1609,""20+"":1544}",,checked,checked
COLSET-MOD009-0018,Round Fluted Column Set - Tuscan Round Cap & Tuscan Base Round — COLSET-MOD009,COLSET-MOD009-0018,,"""Diameter — 18"""""",""Height — 108""""""",$3321.00,"{""1-6"":1730,""7-19"":1663,""20+"":1596}",,checked,checked
COLSET-MOD009-0019,Round Fluted Column Set - Tuscan Round Cap & Tuscan Base Round — COLSET-MOD009,COLSET-MOD009-0019,,"""Diameter — 18"""""",""Height — 120""""""",$3431.00,"{""1-6"":1786,""7-19"":1718,""20+"":1649}",,checked,checked
COLSET-MOD009-0020,Round Fluted Column Set - Tuscan Round Cap & Tuscan Base Round — COLSET-MOD009,COLSET-MOD009-0020,,"""Diameter — 18"""""",""Height — 144""""""",$3916.00,"{""1-6"":2039,""7-19"":1960,""20+"":1881}",,checked,checked
COLSET-MOD009-0021,Round Fluted Column Set - Tuscan Round Cap & Tuscan Base Round — COLSET-MOD009,COLSET-MOD009-0021,,"""Diameter — 18"""""",""Height — 168""""""",$4101.00,"{""1-6"":2134,""7-19"":2053,""20+"":1970}",,checked,checked
COLSET-MOD009-0022,Round Fluted Column Set - Tuscan Round Cap & Tuscan Base Round — COLSET-MOD009,COLSET-MOD009-0022,,"""Diameter — 18"""""",""Height — 192""""""",$4436.00,"{""1-6"":2310,""7-19"":2221,""20+"":2133}",,checked,checked
COLSET-MOD009-0023,Round Fluted Column Set - Tuscan Round Cap & Tuscan Base Round — COLSET-MOD009,COLSET-MOD009-0023,,"""Diameter — 18"""""",""Height — 216""""""",$4994.00,"{""1-6"":2599,""7-19"":2499,""20+"":2399}",,checked,checked
COLSET-MOD009-0024,Round Fluted Column Set - Tuscan Round Cap & Tuscan Base Round — COLSET-MOD009,COLSET-MOD009-0024,,"""Diameter — 18"""""",""Height — 240""""""",$5535.00,"{""1-6"":2880,""7-19"":2769,""20+"":2659}",,checked,checked
COLSET-MOD009-0025,Round Fluted Column Set - Tuscan Round Cap & Tuscan Base Round — COLSET-MOD009,COLSET-MOD009-0025,,"""Diameter — 20"""""",""Height — 144""""""",$4220.00,"{""1-6"":2196,""7-19"":2111,""20+"":2028}",,checked,checked
COLSET-MOD009-0026,Round Fluted Column Set - Tuscan Round Cap & Tuscan Base Round — COLSET-MOD009,COLSET-MOD009-0026,,"""Diameter — 20"""""",""Height — 168""""""",$4454.00,"{""1-6"":2318,""7-19"":2229,""20+"":2140}",,checked,checked
COLSET-MOD009-0027,Round Fluted Column Set - Tuscan Round Cap & Tuscan Base Round — COLSET-MOD009,COLSET-MOD009-0027,,"""Diameter — 20"""""",""Height — 192""""""",$5013.00,"{""1-6"":2609,""7-19"":2509,""20+"":2408}",,checked,checked
COLSET-MOD009-0028,Round Fluted Column Set - Tuscan Round Cap & Tuscan Base Round — COLSET-MOD009,COLSET-MOD009-0028,,"""Diameter — 20"""""",""Height — 216""""""",$5339.00,"{""1-6"":2778,""7-19"":2671,""20+"":2564}",,checked,checked
COLSET-MOD009-0029,Round Fluted Column Set - Tuscan Round Cap & Tuscan Base Round — COLSET-MOD009,COLSET-MOD009-0029,,"""Diameter — 20"""""",""Height — 240""""""",$6708.00,"{""1-6"":3490,""7-19"":3355,""20+"":3221}",,checked,checked
COLSET-MOD009-0030,Round Fluted Column Set - Tuscan Round Cap & Tuscan Base Round — COLSET-MOD009,COLSET-MOD009-0030,,"""Diameter — 24"""""",""Height — 168""""""",$5800.00,"{""1-6"":3016,""7-19"":2900,""20+"":2785}",,checked,checked
COLSET-MOD009-0031,Round Fluted Column Set - Tuscan Round Cap & Tuscan Base Round — COLSET-MOD009,COLSET-MOD009-0031,,"""Diameter — 24"""""",""Height — 192""""""",$6672.00,"{""1-6"":3470,""7-19"":3337,""20+"":3203}",,checked,checked
COLSET-MOD009-0032,Round Fluted Column Set - Tuscan Round Cap & Tuscan Base Round — COLSET-MOD009,COLSET-MOD009-0032,,"""Diameter — 24"""""",""Height — 216""""""",$7544.00,"{""1-6"":3924,""7-19"":3773,""20+"":3621}",,checked,checked
COLSET-MOD009-0033,Round Fluted Column Set - Tuscan Round Cap & Tuscan Base Round — COLSET-MOD009,COLSET-MOD009-0033,,"""Diameter — 24"""""",""Height — 240""""""",$8548.00,"{""1-6"":4446,""7-19"":4275,""20+"":4105}",,checked,checked
COLSET-MOD009-0034,Round Fluted Column Set - Tuscan Round Cap & Tuscan Base Round — COLSET-MOD009,COLSET-MOD009-0034,,"""Diameter — 24"""""",""Height — 264""""""",$9629.00,"{""1-6"":5009,""7-19"":4816,""20+"":4624}",,checked,checked
COLSET-MOD010-0001,Spiral Round Column Set - Tuscan Round Cap & Tuscan Base Round — COLSET-MOD010,COLSET-MOD010-0001,,"""Diameter — 8"""""",""Height — 96""""""",$340.00,"{""1-6"":179,""7-19"":173,""20+"":165}",,checked,checked
COLSET-MOD010-0002,Spiral Round Column Set - Tuscan Round Cap & Tuscan Base Round — COLSET-MOD010,COLSET-MOD010-0002,,"""Diameter — 8"""""",""Height — 108""""""",$385.00,"{""1-6"":203,""7-19"":194,""20+"":186}",,checked,checked
COLSET-MOD010-0003,Spiral Round Column Set - Tuscan Round Cap & Tuscan Base Round — COLSET-MOD010,COLSET-MOD010-0003,,"""Diameter — 10"""""",""Height — 96""""""",$449.00,"{""1-6"":236,""7-19"":228,""20+"":218}",,checked,checked
COLSET-MOD010-0004,Spiral Round Column Set - Tuscan Round Cap & Tuscan Base Round — COLSET-MOD010,COLSET-MOD010-0004,,"""Diameter — 10"""""",""Height — 108""""""",$475.00,"{""1-6"":249,""7-19"":240,""20+"":230}",,checked,checked
COLSET-MOD010-0005,Spiral Round Column Set - Tuscan Round Cap & Tuscan Base Round — COLSET-MOD010,COLSET-MOD010-0005,,"""Diameter — 12"""""",""Height — 96""""""",$523.00,"{""1-6"":274,""7-19"":263,""20+"":253}",,checked,checked
COLSET-MOD010-0006,Spiral Round Column Set - Tuscan Round Cap & Tuscan Base Round — COLSET-MOD010,COLSET-MOD010-0006,,"""Diameter — 12"""""",""Height — 108""""""",$568.00,"{""1-6"":296,""7-19"":285,""20+"":274}",,checked,checked
COLSET-MOD010-0007,Spiral Round Column Set - Tuscan Round Cap & Tuscan Base Round — COLSET-MOD010,COLSET-MOD010-0007,,"""Diameter — 12"""""",""Height — 120""""""",$610.00,"{""1-6"":319,""7-19"":306,""20+"":295}",,checked,checked
COLSET-MOD010-0008,Spiral Round Column Set - Tuscan Round Cap & Tuscan Base Round — COLSET-MOD010,COLSET-MOD010-0008,,"""Diameter — 12"""""",""Height — 144""""""",$809.00,"{""1-6"":421,""7-19"":405,""20+"":389}",,checked,checked
COLSET-MOD010-0009,Spiral Round Column Set - Tuscan Round Cap & Tuscan Base Round — COLSET-MOD010,COLSET-MOD010-0009,,"""Diameter — 14"""""",""Height — 96""""""",$1318.00,"{""1-6"":686,""7-19"":660,""20+"":634}",,checked,checked
COLSET-MOD010-0010,Spiral Round Column Set - Tuscan Round Cap & Tuscan Base Round — COLSET-MOD010,COLSET-MOD010-0010,,"""Diameter — 14"""""",""Height — 108""""""",$1333.00,"{""1-6"":695,""7-19"":668,""20+"":641}",,checked,checked
COLSET-MOD010-0011,Spiral Round Column Set - Tuscan Round Cap & Tuscan Base Round — COLSET-MOD010,COLSET-MOD010-0011,,"""Diameter — 14"""""",""Height — 120""""""",$1350.00,"{""1-6"":703,""7-19"":675,""20+"":649}",,checked,checked
COLSET-MOD010-0012,Spiral Round Column Set - Tuscan Round Cap & Tuscan Base Round — COLSET-MOD010,COLSET-MOD010-0012,,"""Diameter — 14"""""",""Height — 144""""""",$1484.00,"{""1-6"":773,""7-19"":743,""20+"":713}",,checked,checked
COLSET-MOD010-0013,Spiral Round Column Set - Tuscan Round Cap & Tuscan Base Round — COLSET-MOD010,COLSET-MOD010-0013,,"""Diameter — 16"""""",""Height — 96""""""",$1399.00,"{""1-6"":729,""7-19"":700,""20+"":673}",,checked,checked
COLSET-MOD010-0014,Spiral Round Column Set - Tuscan Round Cap & Tuscan Base Round — COLSET-MOD010,COLSET-MOD010-0014,,"""Diameter — 16"""""",""Height — 108""""""",$1541.00,"{""1-6"":804,""7-19"":773,""20+"":741}",,checked,checked
COLSET-MOD010-0015,Spiral Round Column Set - Tuscan Round Cap & Tuscan Base Round — COLSET-MOD010,COLSET-MOD010-0015,,"""Diameter — 16"""""",""Height — 120""""""",$1685.00,"{""1-6"":878,""7-19"":844,""20+"":810}",,checked,checked
COLSET-MOD010-0016,Spiral Round Column Set - Tuscan Round Cap & Tuscan Base Round — COLSET-MOD010,COLSET-MOD010-0016,,"""Diameter — 16"""""",""Height — 144""""""",$1885.00,"{""1-6"":983,""7-19"":944,""20+"":906}",,checked,checked
COLSET-MOD010-0017,Spiral Round Column Set - Tuscan Round Cap & Tuscan Base Round — COLSET-MOD010,COLSET-MOD010-0017,,"""Diameter — 18"""""",""Height — 96""""""",$3214.00,"{""1-6"":1673,""7-19"":1609,""20+"":1544}",,checked,checked
COLSET-MOD010-0018,Spiral Round Column Set - Tuscan Round Cap & Tuscan Base Round — COLSET-MOD010,COLSET-MOD010-0018,,"""Diameter — 18"""""",""Height — 108""""""",$3321.00,"{""1-6"":1730,""7-19"":1663,""20+"":1596}",,checked,checked
COLSET-MOD010-0019,Spiral Round Column Set - Tuscan Round Cap & Tuscan Base Round — COLSET-MOD010,COLSET-MOD010-0019,,"""Diameter — 18"""""",""Height — 120""""""",$3431.00,"{""1-6"":1786,""7-19"":1718,""20+"":1649}",,checked,checked
COLSET-MOD010-0020,Spiral Round Column Set - Tuscan Round Cap & Tuscan Base Round — COLSET-MOD010,COLSET-MOD010-0020,,"""Diameter — 18"""""",""Height — 144""""""",$3916.00,"{""1-6"":2039,""7-19"":1960,""20+"":1881}",,checked,checked
COLSET-MOD010-0021,Spiral Round Column Set - Tuscan Round Cap & Tuscan Base Round — COLSET-MOD010,COLSET-MOD010-0021,,"""Diameter — 18"""""",""Height — 168""""""",$4101.00,"{""1-6"":2134,""7-19"":2053,""20+"":1970}",,checked,checked
COLSET-MOD010-0022,Spiral Round Column Set - Tuscan Round Cap & Tuscan Base Round — COLSET-MOD010,COLSET-MOD010-0022,,"""Diameter — 18"""""",""Height — 192""""""",$4436.00,"{""1-6"":2310,""7-19"":2221,""20+"":2133}",,checked,checked
COLSET-MOD010-0023,Spiral Round Column Set - Tuscan Round Cap & Tuscan Base Round — COLSET-MOD010,COLSET-MOD010-0023,,"""Diameter — 18"""""",""Height — 216""""""",$4994.00,"{""1-6"":2599,""7-19"":2499,""20+"":2399}",,checked,checked
COLSET-MOD010-0024,Spiral Round Column Set - Tuscan Round Cap & Tuscan Base Round — COLSET-MOD010,COLSET-MOD010-0024,,"""Diameter — 18"""""",""Height — 240""""""",$5535.00,"{""1-6"":2880,""7-19"":2769,""20+"":2659}",,checked,checked
COLSET-MOD010-0025,Spiral Round Column Set - Tuscan Round Cap & Tuscan Base Round — COLSET-MOD010,COLSET-MOD010-0025,,"""Diameter — 20"""""",""Height — 144""""""",$4220.00,"{""1-6"":2196,""7-19"":2111,""20+"":2028}",,checked,checked
COLSET-MOD010-0026,Spiral Round Column Set - Tuscan Round Cap & Tuscan Base Round — COLSET-MOD010,COLSET-MOD010-0026,,"""Diameter — 20"""""",""Height — 168""""""",$4454.00,"{""1-6"":2318,""7-19"":2229,""20+"":2140}",,checked,checked
COLSET-MOD010-0027,Spiral Round Column Set - Tuscan Round Cap & Tuscan Base Round — COLSET-MOD010,COLSET-MOD010-0027,,"""Diameter — 20"""""",""Height — 192""""""",$5013.00,"{""1-6"":2609,""7-19"":2509,""20+"":2408}",,checked,checked
COLSET-MOD010-0028,Spiral Round Column Set - Tuscan Round Cap & Tuscan Base Round — COLSET-MOD010,COLSET-MOD010-0028,,"""Diameter — 20"""""",""Height — 216""""""",$5339.00,"{""1-6"":2778,""7-19"":2671,""20+"":2564}",,checked,checked
COLSET-MOD010-0029,Spiral Round Column Set - Tuscan Round Cap & Tuscan Base Round — COLSET-MOD010,COLSET-MOD010-0029,,"""Diameter — 20"""""",""Height — 240""""""",$6708.00,"{""1-6"":3490,""7-19"":3355,""20+"":3221}",,checked,checked
COLSET-MOD010-0030,Spiral Round Column Set - Tuscan Round Cap & Tuscan Base Round — COLSET-MOD010,COLSET-MOD010-0030,,"""Diameter — 24"""""",""Height — 168""""""",$5800.00,"{""1-6"":3016,""7-19"":2900,""20+"":2785}",,checked,checked
COLSET-MOD010-0031,Spiral Round Column Set - Tuscan Round Cap & Tuscan Base Round — COLSET-MOD010,COLSET-MOD010-0031,,"""Diameter — 24"""""",""Height — 192""""""",$6672.00,"{""1-6"":3470,""7-19"":3337,""20+"":3203}",,checked,checked
COLSET-MOD010-0032,Spiral Round Column Set - Tuscan Round Cap & Tuscan Base Round — COLSET-MOD010,COLSET-MOD010-0032,,"""Diameter — 24"""""",""Height — 216""""""",$7544.00,"{""1-6"":3924,""7-19"":3773,""20+"":3621}",,checked,checked
COLSET-MOD010-0033,Spiral Round Column Set - Tuscan Round Cap & Tuscan Base Round — COLSET-MOD010,COLSET-MOD010-0033,,"""Diameter — 24"""""",""Height — 240""""""",$8548.00,"{""1-6"":4446,""7-19"":4275,""20+"":4105}",,checked,checked
COLSET-MOD010-0034,Spiral Round Column Set - Tuscan Round Cap & Tuscan Base Round — COLSET-MOD010,COLSET-MOD010-0034,,"""Diameter — 24"""""",""Height — 264""""""",$9629.00,"{""1-6"":5009,""7-19"":4816,""20+"":4624}",,checked,checked
COLSET-MOD011-0001,Spiral Square Column Set - Tuscan Square Cap & Tuscan Base Square — COLSET-MOD011,COLSET-MOD011-0001,,"""Width — 8"""""",""Height — 96""""""",$340.00,"{""1-6"":179,""7-19"":173,""20+"":165}",,checked,checked
COLSET-MOD011-0002,Spiral Square Column Set - Tuscan Square Cap & Tuscan Base Square — COLSET-MOD011,COLSET-MOD011-0002,,"""Width — 8"""""",""Height — 108""""""",$385.00,"{""1-6"":203,""7-19"":194,""20+"":186}",,checked,checked
COLSET-MOD011-0003,Spiral Square Column Set - Tuscan Square Cap & Tuscan Base Square — COLSET-MOD011,COLSET-MOD011-0003,,"""Width — 10"""""",""Height — 96""""""",$449.00,"{""1-6"":236,""7-19"":228,""20+"":218}",,checked,checked
COLSET-MOD011-0004,Spiral Square Column Set - Tuscan Square Cap & Tuscan Base Square — COLSET-MOD011,COLSET-MOD011-0004,,"""Width — 10"""""",""Height — 108""""""",$475.00,"{""1-6"":249,""7-19"":240,""20+"":230}",,checked,checked
COLSET-MOD011-0005,Spiral Square Column Set - Tuscan Square Cap & Tuscan Base Square — COLSET-MOD011,COLSET-MOD011-0005,,"""Width — 12"""""",""Height — 96""""""",$523.00,"{""1-6"":274,""7-19"":263,""20+"":253}",,checked,checked
COLSET-MOD011-0006,Spiral Square Column Set - Tuscan Square Cap & Tuscan Base Square — COLSET-MOD011,COLSET-MOD011-0006,,"""Width — 12"""""",""Height — 108""""""",$568.00,"{""1-6"":296,""7-19"":285,""20+"":274}",,checked,checked
COLSET-MOD011-0007,Spiral Square Column Set - Tuscan Square Cap & Tuscan Base Square — COLSET-MOD011,COLSET-MOD011-0007,,"""Width — 12"""""",""Height — 120""""""",$610.00,"{""1-6"":319,""7-19"":306,""20+"":295}",,checked,checked
COLSET-MOD011-0008,Spiral Square Column Set - Tuscan Square Cap & Tuscan Base Square — COLSET-MOD011,COLSET-MOD011-0008,,"""Width — 12"""""",""Height — 144""""""",$809.00,"{""1-6"":421,""7-19"":405,""20+"":389}",,checked,checked
COLSET-MOD011-0009,Spiral Square Column Set - Tuscan Square Cap & Tuscan Base Square — COLSET-MOD011,COLSET-MOD011-0009,,"""Width — 14"""""",""Height — 96""""""",$1318.00,"{""1-6"":686,""7-19"":660,""20+"":634}",,checked,checked
COLSET-MOD011-0010,Spiral Square Column Set - Tuscan Square Cap & Tuscan Base Square — COLSET-MOD011,COLSET-MOD011-0010,,"""Width — 14"""""",""Height — 108""""""",$1333.00,"{""1-6"":695,""7-19"":668,""20+"":641}",,checked,checked
COLSET-MOD011-0011,Spiral Square Column Set - Tuscan Square Cap & Tuscan Base Square — COLSET-MOD011,COLSET-MOD011-0011,,"""Width — 14"""""",""Height — 120""""""",$1350.00,"{""1-6"":703,""7-19"":675,""20+"":649}",,checked,checked
COLSET-MOD011-0012,Spiral Square Column Set - Tuscan Square Cap & Tuscan Base Square — COLSET-MOD011,COLSET-MOD011-0012,,"""Width — 14"""""",""Height — 144""""""",$1484.00,"{""1-6"":773,""7-19"":743,""20+"":713}",,checked,checked
COLSET-MOD011-0013,Spiral Square Column Set - Tuscan Square Cap & Tuscan Base Square — COLSET-MOD011,COLSET-MOD011-0013,,"""Width — 16"""""",""Height — 96""""""",$1399.00,"{""1-6"":729,""7-19"":700,""20+"":673}",,checked,checked
COLSET-MOD011-0014,Spiral Square Column Set - Tuscan Square Cap & Tuscan Base Square — COLSET-MOD011,COLSET-MOD011-0014,,"""Width — 16"""""",""Height — 108""""""",$1541.00,"{""1-6"":804,""7-19"":773,""20+"":741}",,checked,checked
COLSET-MOD011-0015,Spiral Square Column Set - Tuscan Square Cap & Tuscan Base Square — COLSET-MOD011,COLSET-MOD011-0015,,"""Width — 16"""""",""Height — 120""""""",$1685.00,"{""1-6"":878,""7-19"":844,""20+"":810}",,checked,checked
COLSET-MOD011-0016,Spiral Square Column Set - Tuscan Square Cap & Tuscan Base Square — COLSET-MOD011,COLSET-MOD011-0016,,"""Width — 16"""""",""Height — 144""""""",$1885.00,"{""1-6"":983,""7-19"":944,""20+"":906}",,checked,checked
COLSET-MOD011-0017,Spiral Square Column Set - Tuscan Square Cap & Tuscan Base Square — COLSET-MOD011,COLSET-MOD011-0017,,"""Width — 18"""""",""Height — 96""""""",$3214.00,"{""1-6"":1673,""7-19"":1609,""20+"":1544}",,checked,checked
COLSET-MOD011-0018,Spiral Square Column Set - Tuscan Square Cap & Tuscan Base Square — COLSET-MOD011,COLSET-MOD011-0018,,"""Width — 18"""""",""Height — 108""""""",$3321.00,"{""1-6"":1730,""7-19"":1663,""20+"":1596}",,checked,checked
COLSET-MOD011-0019,Spiral Square Column Set - Tuscan Square Cap & Tuscan Base Square — COLSET-MOD011,COLSET-MOD011-0019,,"""Width — 18"""""",""Height — 120""""""",$3431.00,"{""1-6"":1786,""7-19"":1718,""20+"":1649}",,checked,checked
COLSET-MOD011-0020,Spiral Square Column Set - Tuscan Square Cap & Tuscan Base Square — COLSET-MOD011,COLSET-MOD011-0020,,"""Width — 18"""""",""Height — 144""""""",$3916.00,"{""1-6"":2039,""7-19"":1960,""20+"":1881}",,checked,checked
COLSET-MOD011-0021,Spiral Square Column Set - Tuscan Square Cap & Tuscan Base Square — COLSET-MOD011,COLSET-MOD011-0021,,"""Width — 18"""""",""Height — 168""""""",$4101.00,"{""1-6"":2134,""7-19"":2053,""20+"":1970}",,checked,checked
COLSET-MOD011-0022,Spiral Square Column Set - Tuscan Square Cap & Tuscan Base Square — COLSET-MOD011,COLSET-MOD011-0022,,"""Width — 18"""""",""Height — 192""""""",$4436.00,"{""1-6"":2310,""7-19"":2221,""20+"":2133}",,checked,checked
COLSET-MOD011-0023,Spiral Square Column Set - Tuscan Square Cap & Tuscan Base Square — COLSET-MOD011,COLSET-MOD011-0023,,"""Width — 18"""""",""Height — 216""""""",$4994.00,"{""1-6"":2599,""7-19"":2499,""20+"":2399}",,checked,checked
COLSET-MOD011-0024,Spiral Square Column Set - Tuscan Square Cap & Tuscan Base Square — COLSET-MOD011,COLSET-MOD011-0024,,"""Width — 18"""""",""Height — 240""""""",$5535.00,"{""1-6"":2880,""7-19"":2769,""20+"":2659}",,checked,checked
COLSET-MOD011-0025,Spiral Square Column Set - Tuscan Square Cap & Tuscan Base Square — COLSET-MOD011,COLSET-MOD011-0025,,"""Width — 20"""""",""Height — 144""""""",$4220.00,"{""1-6"":2196,""7-19"":2111,""20+"":2028}",,checked,checked
COLSET-MOD011-0026,Spiral Square Column Set - Tuscan Square Cap & Tuscan Base Square — COLSET-MOD011,COLSET-MOD011-0026,,"""Width — 20"""""",""Height — 168""""""",$4454.00,"{""1-6"":2318,""7-19"":2229,""20+"":2140}",,checked,checked
COLSET-MOD011-0027,Spiral Square Column Set - Tuscan Square Cap & Tuscan Base Square — COLSET-MOD011,COLSET-MOD011-0027,,"""Width — 20"""""",""Height — 192""""""",$5013.00,"{""1-6"":2609,""7-19"":2509,""20+"":2408}",,checked,checked
COLSET-MOD011-0028,Spiral Square Column Set - Tuscan Square Cap & Tuscan Base Square — COLSET-MOD011,COLSET-MOD011-0028,,"""Width — 20"""""",""Height — 216""""""",$5339.00,"{""1-6"":2778,""7-19"":2671,""20+"":2564}",,checked,checked
COLSET-MOD011-0029,Spiral Square Column Set - Tuscan Square Cap & Tuscan Base Square — COLSET-MOD011,COLSET-MOD011-0029,,"""Width — 20"""""",""Height — 240""""""",$6708.00,"{""1-6"":3490,""7-19"":3355,""20+"":3221}",,checked,checked
COLSET-MOD011-0030,Spiral Square Column Set - Tuscan Square Cap & Tuscan Base Square — COLSET-MOD011,COLSET-MOD011-0030,,"""Width — 24"""""",""Height — 168""""""",$5800.00,"{""1-6"":3016,""7-19"":2900,""20+"":2785}",,checked,checked
COLSET-MOD011-0031,Spiral Square Column Set - Tuscan Square Cap & Tuscan Base Square — COLSET-MOD011,COLSET-MOD011-0031,,"""Width — 24"""""",""Height — 192""""""",$6672.00,"{""1-6"":3470,""7-19"":3337,""20+"":3203}",,checked,checked
COLSET-MOD011-0032,Spiral Square Column Set - Tuscan Square Cap & Tuscan Base Square — COLSET-MOD011,COLSET-MOD011-0032,,"""Width — 24"""""",""Height — 216""""""",$7544.00,"{""1-6"":3924,""7-19"":3773,""20+"":3621}",,checked,checked
COLSET-MOD011-0033,Spiral Square Column Set - Tuscan Square Cap & Tuscan Base Square — COLSET-MOD011,COLSET-MOD011-0033,,"""Width — 24"""""",""Height — 240""""""",$8548.00,"{""1-6"":4446,""7-19"":4275,""20+"":4105}",,checked,checked
COLSET-MOD011-0034,Spiral Square Column Set - Tuscan Square Cap & Tuscan Base Square — COLSET-MOD011,COLSET-MOD011-0034,,"""Width — 24"""""",""Height — 264""""""",$9629.00,"{""1-6"":5009,""7-19"":4816,""20+"":4624}",,checked,checked
COLSET-MOD012-0001,Stacked Column Set - Tuscan Round Cap & Tuscan Base Round — COLSET-MOD012,COLSET-MOD012-0001,,"""Diameter — 8"""""",""Height — 96""""""",$340.00,"{""1-6"":179,""7-19"":173,""20+"":165}",,checked,checked
COLSET-MOD012-0002,Stacked Column Set - Tuscan Round Cap & Tuscan Base Round — COLSET-MOD012,COLSET-MOD012-0002,,"""Diameter — 8"""""",""Height — 108""""""",$385.00,"{""1-6"":203,""7-19"":194,""20+"":186}",,checked,checked
COLSET-MOD012-0003,Stacked Column Set - Tuscan Round Cap & Tuscan Base Round — COLSET-MOD012,COLSET-MOD012-0003,,"""Diameter — 10"""""",""Height — 96""""""",$449.00,"{""1-6"":236,""7-19"":228,""20+"":218}",,checked,checked
COLSET-MOD012-0004,Stacked Column Set - Tuscan Round Cap & Tuscan Base Round — COLSET-MOD012,COLSET-MOD012-0004,,"""Diameter — 10"""""",""Height — 108""""""",$475.00,"{""1-6"":249,""7-19"":240,""20+"":230}",,checked,checked
COLSET-MOD012-0005,Stacked Column Set - Tuscan Round Cap & Tuscan Base Round — COLSET-MOD012,COLSET-MOD012-0005,,"""Diameter — 12"""""",""Height — 96""""""",$523.00,"{""1-6"":274,""7-19"":263,""20+"":253}",,checked,checked
COLSET-MOD012-0006,Stacked Column Set - Tuscan Round Cap & Tuscan Base Round — COLSET-MOD012,COLSET-MOD012-0006,,"""Diameter — 12"""""",""Height — 108""""""",$568.00,"{""1-6"":296,""7-19"":285,""20+"":274}",,checked,checked
COLSET-MOD012-0007,Stacked Column Set - Tuscan Round Cap & Tuscan Base Round — COLSET-MOD012,COLSET-MOD012-0007,,"""Diameter — 12"""""",""Height — 120""""""",$610.00,"{""1-6"":319,""7-19"":306,""20+"":295}",,checked,checked
COLSET-MOD012-0008,Stacked Column Set - Tuscan Round Cap & Tuscan Base Round — COLSET-MOD012,COLSET-MOD012-0008,,"""Diameter — 12"""""",""Height — 144""""""",$809.00,"{""1-6"":421,""7-19"":405,""20+"":389}",,checked,checked
COLSET-MOD012-0009,Stacked Column Set - Tuscan Round Cap & Tuscan Base Round — COLSET-MOD012,COLSET-MOD012-0009,,"""Diameter — 14"""""",""Height — 96""""""",$1318.00,"{""1-6"":686,""7-19"":660,""20+"":634}",,checked,checked
COLSET-MOD012-0010,Stacked Column Set - Tuscan Round Cap & Tuscan Base Round — COLSET-MOD012,COLSET-MOD012-0010,,"""Diameter — 14"""""",""Height — 108""""""",$1333.00,"{""1-6"":695,""7-19"":668,""20+"":641}",,checked,checked
COLSET-MOD012-0011,Stacked Column Set - Tuscan Round Cap & Tuscan Base Round — COLSET-MOD012,COLSET-MOD012-0011,,"""Diameter — 14"""""",""Height — 120""""""",$1350.00,"{""1-6"":703,""7-19"":675,""20+"":649}",,checked,checked
COLSET-MOD012-0012,Stacked Column Set - Tuscan Round Cap & Tuscan Base Round — COLSET-MOD012,COLSET-MOD012-0012,,"""Diameter — 14"""""",""Height — 144""""""",$1484.00,"{""1-6"":773,""7-19"":743,""20+"":713}",,checked,checked
COLSET-MOD012-0013,Stacked Column Set - Tuscan Round Cap & Tuscan Base Round — COLSET-MOD012,COLSET-MOD012-0013,,"""Diameter — 16"""""",""Height — 96""""""",$1399.00,"{""1-6"":729,""7-19"":700,""20+"":673}",,checked,checked
COLSET-MOD012-0014,Stacked Column Set - Tuscan Round Cap & Tuscan Base Round — COLSET-MOD012,COLSET-MOD012-0014,,"""Diameter — 16"""""",""Height — 108""""""",$1541.00,"{""1-6"":804,""7-19"":773,""20+"":741}",,checked,checked
COLSET-MOD012-0015,Stacked Column Set - Tuscan Round Cap & Tuscan Base Round — COLSET-MOD012,COLSET-MOD012-0015,,"""Diameter — 16"""""",""Height — 120""""""",$1685.00,"{""1-6"":878,""7-19"":844,""20+"":810}",,checked,checked
COLSET-MOD012-0016,Stacked Column Set - Tuscan Round Cap & Tuscan Base Round — COLSET-MOD012,COLSET-MOD012-0016,,"""Diameter — 16"""""",""Height — 144""""""",$1885.00,"{""1-6"":983,""7-19"":944,""20+"":906}",,checked,checked
COLSET-MOD012-0017,Stacked Column Set - Tuscan Round Cap & Tuscan Base Round — COLSET-MOD012,COLSET-MOD012-0017,,"""Diameter — 18"""""",""Height — 96""""""",$3214.00,"{""1-6"":1673,""7-19"":1609,""20+"":1544}",,checked,checked
COLSET-MOD012-0018,Stacked Column Set - Tuscan Round Cap & Tuscan Base Round — COLSET-MOD012,COLSET-MOD012-0018,,"""Diameter — 18"""""",""Height — 108""""""",$3321.00,"{""1-6"":1730,""7-19"":1663,""20+"":1596}",,checked,checked
COLSET-MOD012-0019,Stacked Column Set - Tuscan Round Cap & Tuscan Base Round — COLSET-MOD012,COLSET-MOD012-0019,,"""Diameter — 18"""""",""Height — 120""""""",$3431.00,"{""1-6"":1786,""7-19"":1718,""20+"":1649}",,checked,checked
COLSET-MOD012-0020,Stacked Column Set - Tuscan Round Cap & Tuscan Base Round — COLSET-MOD012,COLSET-MOD012-0020,,"""Diameter — 18"""""",""Height — 144""""""",$3916.00,"{""1-6"":2039,""7-19"":1960,""20+"":1881}",,checked,checked
COLSET-MOD012-0021,Stacked Column Set - Tuscan Round Cap & Tuscan Base Round — COLSET-MOD012,COLSET-MOD012-0021,,"""Diameter — 18"""""",""Height — 168""""""",$4101.00,"{""1-6"":2134,""7-19"":2053,""20+"":1970}",,checked,checked
COLSET-MOD012-0022,Stacked Column Set - Tuscan Round Cap & Tuscan Base Round — COLSET-MOD012,COLSET-MOD012-0022,,"""Diameter — 18"""""",""Height — 192""""""",$4436.00,"{""1-6"":2310,""7-19"":2221,""20+"":2133}",,checked,checked
COLSET-MOD012-0023,Stacked Column Set - Tuscan Round Cap & Tuscan Base Round — COLSET-MOD012,COLSET-MOD012-0023,,"""Diameter — 18"""""",""Height — 216""""""",$4994.00,"{""1-6"":2599,""7-19"":2499,""20+"":2399}",,checked,checked
COLSET-MOD012-0024,Stacked Column Set - Tuscan Round Cap & Tuscan Base Round — COLSET-MOD012,COLSET-MOD012-0024,,"""Diameter — 18"""""",""Height — 240""""""",$5535.00,"{""1-6"":2880,""7-19"":2769,""20+"":2659}",,checked,checked
COLSET-MOD012-0025,Stacked Column Set - Tuscan Round Cap & Tuscan Base Round — COLSET-MOD012,COLSET-MOD012-0025,,"""Diameter — 20"""""",""Height — 144""""""",$4220.00,"{""1-6"":2196,""7-19"":2111,""20+"":2028}",,checked,checked
COLSET-MOD012-0026,Stacked Column Set - Tuscan Round Cap & Tuscan Base Round — COLSET-MOD012,COLSET-MOD012-0026,,"""Diameter — 20"""""",""Height — 168""""""",$4454.00,"{""1-6"":2318,""7-19"":2229,""20+"":2140}",,checked,checked
COLSET-MOD012-0027,Stacked Column Set - Tuscan Round Cap & Tuscan Base Round — COLSET-MOD012,COLSET-MOD012-0027,,"""Diameter — 20"""""",""Height — 192""""""",$5013.00,"{""1-6"":2609,""7-19"":2509,""20+"":2408}",,checked,checked
COLSET-MOD012-0028,Stacked Column Set - Tuscan Round Cap & Tuscan Base Round — COLSET-MOD012,COLSET-MOD012-0028,,"""Diameter — 20"""""",""Height — 216""""""",$5339.00,"{""1-6"":2778,""7-19"":2671,""20+"":2564}",,checked,checked
COLSET-MOD012-0029,Stacked Column Set - Tuscan Round Cap & Tuscan Base Round — COLSET-MOD012,COLSET-MOD012-0029,,"""Diameter — 20"""""",""Height — 240""""""",$6708.00,"{""1-6"":3490,""7-19"":3355,""20+"":3221}",,checked,checked
COLSET-MOD012-0030,Stacked Column Set - Tuscan Round Cap & Tuscan Base Round — COLSET-MOD012,COLSET-MOD012-0030,,"""Diameter — 24"""""",""Height — 168""""""",$5800.00,"{""1-6"":3016,""7-19"":2900,""20+"":2785}",,checked,checked
COLSET-MOD012-0031,Stacked Column Set - Tuscan Round Cap & Tuscan Base Round — COLSET-MOD012,COLSET-MOD012-0031,,"""Diameter — 24"""""",""Height — 192""""""",$6672.00,"{""1-6"":3470,""7-19"":3337,""20+"":3203}",,checked,checked
COLSET-MOD012-0032,Stacked Column Set - Tuscan Round Cap & Tuscan Base Round — COLSET-MOD012,COLSET-MOD012-0032,,"""Diameter — 24"""""",""Height — 216""""""",$7544.00,"{""1-6"":3924,""7-19"":3773,""20+"":3621}",,checked,checked
COLSET-MOD012-0033,Stacked Column Set - Tuscan Round Cap & Tuscan Base Round — COLSET-MOD012,COLSET-MOD012-0033,,"""Diameter — 24"""""",""Height — 240""""""",$8548.00,"{""1-6"":4446,""7-19"":4275,""20+"":4105}",,checked,checked
COLSET-MOD012-0034,Stacked Column Set - Tuscan Round Cap & Tuscan Base Round — COLSET-MOD012,COLSET-MOD012-0034,,"""Diameter — 24"""""",""Height — 264""""""",$9629.00,"{""1-6"":5009,""7-19"":4816,""20+"":4624}",,checked,checked
COLSET-MOD013-0001,Stacked Square Column Set - Tuscan Square Cap & Tuscan Base Square — COLSET-MOD013,COLSET-MOD013-0001,,"""Width — 8"""""",""Height — 96""""""",$340.00,"{""1-6"":179,""7-19"":173,""20+"":165}",,checked,checked
COLSET-MOD013-0002,Stacked Square Column Set - Tuscan Square Cap & Tuscan Base Square — COLSET-MOD013,COLSET-MOD013-0002,,"""Width — 8"""""",""Height — 108""""""",$385.00,"{""1-6"":203,""7-19"":194,""20+"":186}",,checked,checked
COLSET-MOD013-0003,Stacked Square Column Set - Tuscan Square Cap & Tuscan Base Square — COLSET-MOD013,COLSET-MOD013-0003,,"""Width — 10"""""",""Height — 96""""""",$449.00,"{""1-6"":236,""7-19"":228,""20+"":218}",,checked,checked
COLSET-MOD013-0004,Stacked Square Column Set - Tuscan Square Cap & Tuscan Base Square — COLSET-MOD013,COLSET-MOD013-0004,,"""Width — 10"""""",""Height — 108""""""",$475.00,"{""1-6"":249,""7-19"":240,""20+"":230}",,checked,checked
COLSET-MOD013-0005,Stacked Square Column Set - Tuscan Square Cap & Tuscan Base Square — COLSET-MOD013,COLSET-MOD013-0005,,"""Width — 12"""""",""Height — 96""""""",$523.00,"{""1-6"":274,""7-19"":263,""20+"":253}",,checked,checked
COLSET-MOD013-0006,Stacked Square Column Set - Tuscan Square Cap & Tuscan Base Square — COLSET-MOD013,COLSET-MOD013-0006,,"""Width — 12"""""",""Height — 108""""""",$568.00,"{""1-6"":296,""7-19"":285,""20+"":274}",,checked,checked
COLSET-MOD013-0007,Stacked Square Column Set - Tuscan Square Cap & Tuscan Base Square — COLSET-MOD013,COLSET-MOD013-0007,,"""Width — 12"""""",""Height — 120""""""",$610.00,"{""1-6"":319,""7-19"":306,""20+"":295}",,checked,checked
COLSET-MOD013-0008,Stacked Square Column Set - Tuscan Square Cap & Tuscan Base Square — COLSET-MOD013,COLSET-MOD013-0008,,"""Width — 12"""""",""Height — 144""""""",$809.00,"{""1-6"":421,""7-19"":405,""20+"":389}",,checked,checked
COLSET-MOD013-0009,Stacked Square Column Set - Tuscan Square Cap & Tuscan Base Square — COLSET-MOD013,COLSET-MOD013-0009,,"""Width — 14"""""",""Height — 96""""""",$1318.00,"{""1-6"":686,""7-19"":660,""20+"":634}",,checked,checked
COLSET-MOD013-0010,Stacked Square Column Set - Tuscan Square Cap & Tuscan Base Square — COLSET-MOD013,COLSET-MOD013-0010,,"""Width — 14"""""",""Height — 108""""""",$1333.00,"{""1-6"":695,""7-19"":668,""20+"":641}",,checked,checked
COLSET-MOD013-0011,Stacked Square Column Set - Tuscan Square Cap & Tuscan Base Square — COLSET-MOD013,COLSET-MOD013-0011,,"""Width — 14"""""",""Height — 120""""""",$1350.00,"{""1-6"":703,""7-19"":675,""20+"":649}",,checked,checked
COLSET-MOD013-0012,Stacked Square Column Set - Tuscan Square Cap & Tuscan Base Square — COLSET-MOD013,COLSET-MOD013-0012,,"""Width — 14"""""",""Height — 144""""""",$1484.00,"{""1-6"":773,""7-19"":743,""20+"":713}",,checked,checked
COLSET-MOD013-0013,Stacked Square Column Set - Tuscan Square Cap & Tuscan Base Square — COLSET-MOD013,COLSET-MOD013-0013,,"""Width — 16"""""",""Height — 96""""""",$1399.00,"{""1-6"":729,""7-19"":700,""20+"":673}",,checked,checked
COLSET-MOD013-0014,Stacked Square Column Set - Tuscan Square Cap & Tuscan Base Square — COLSET-MOD013,COLSET-MOD013-0014,,"""Width — 16"""""",""Height — 108""""""",$1541.00,"{""1-6"":804,""7-19"":773,""20+"":741}",,checked,checked
COLSET-MOD013-0015,Stacked Square Column Set - Tuscan Square Cap & Tuscan Base Square — COLSET-MOD013,COLSET-MOD013-0015,,"""Width — 16"""""",""Height — 120""""""",$1685.00,"{""1-6"":878,""7-19"":844,""20+"":810}",,checked,checked
COLSET-MOD013-0016,Stacked Square Column Set - Tuscan Square Cap & Tuscan Base Square — COLSET-MOD013,COLSET-MOD013-0016,,"""Width — 16"""""",""Height — 144""""""",$1885.00,"{""1-6"":983,""7-19"":944,""20+"":906}",,checked,checked
COLSET-MOD013-0017,Stacked Square Column Set - Tuscan Square Cap & Tuscan Base Square — COLSET-MOD013,COLSET-MOD013-0017,,"""Width — 18"""""",""Height — 96""""""",$3214.00,"{""1-6"":1673,""7-19"":1609,""20+"":1544}",,checked,checked
COLSET-MOD013-0018,Stacked Square Column Set - Tuscan Square Cap & Tuscan Base Square — COLSET-MOD013,COLSET-MOD013-0018,,"""Width — 18"""""",""Height — 108""""""",$3321.00,"{""1-6"":1730,""7-19"":1663,""20+"":1596}",,checked,checked
COLSET-MOD013-0019,Stacked Square Column Set - Tuscan Square Cap & Tuscan Base Square — COLSET-MOD013,COLSET-MOD013-0019,,"""Width — 18"""""",""Height — 120""""""",$3431.00,"{""1-6"":1786,""7-19"":1718,""20+"":1649}",,checked,checked
COLSET-MOD013-0020,Stacked Square Column Set - Tuscan Square Cap & Tuscan Base Square — COLSET-MOD013,COLSET-MOD013-0020,,"""Width — 18"""""",""Height — 144""""""",$3916.00,"{""1-6"":2039,""7-19"":1960,""20+"":1881}",,checked,checked
COLSET-MOD013-0021,Stacked Square Column Set - Tuscan Square Cap & Tuscan Base Square — COLSET-MOD013,COLSET-MOD013-0021,,"""Width — 18"""""",""Height — 168""""""",$4101.00,"{""1-6"":2134,""7-19"":2053,""20+"":1970}",,checked,checked
COLSET-MOD013-0022,Stacked Square Column Set - Tuscan Square Cap & Tuscan Base Square — COLSET-MOD013,COLSET-MOD013-0022,,"""Width — 18"""""",""Height — 192""""""",$4436.00,"{""1-6"":2310,""7-19"":2221,""20+"":2133}",,checked,checked
COLSET-MOD013-0023,Stacked Square Column Set - Tuscan Square Cap & Tuscan Base Square — COLSET-MOD013,COLSET-MOD013-0023,,"""Width — 18"""""",""Height — 216""""""",$4994.00,"{""1-6"":2599,""7-19"":2499,""20+"":2399}",,checked,checked
COLSET-MOD013-0024,Stacked Square Column Set - Tuscan Square Cap & Tuscan Base Square — COLSET-MOD013,COLSET-MOD013-0024,,"""Width — 18"""""",""Height — 240""""""",$5535.00,"{""1-6"":2880,""7-19"":2769,""20+"":2659}",,checked,checked
COLSET-MOD013-0025,Stacked Square Column Set - Tuscan Square Cap & Tuscan Base Square — COLSET-MOD013,COLSET-MOD013-0025,,"""Width — 20"""""",""Height — 144""""""",$4220.00,"{""1-6"":2196,""7-19"":2111,""20+"":2028}",,checked,checked
COLSET-MOD013-0026,Stacked Square Column Set - Tuscan Square Cap & Tuscan Base Square — COLSET-MOD013,COLSET-MOD013-0026,,"""Width — 20"""""",""Height — 168""""""",$4454.00,"{""1-6"":2318,""7-19"":2229,""20+"":2140}",,checked,checked
COLSET-MOD013-0027,Stacked Square Column Set - Tuscan Square Cap & Tuscan Base Square — COLSET-MOD013,COLSET-MOD013-0027,,"""Width — 20"""""",""Height — 192""""""",$5013.00,"{""1-6"":2609,""7-19"":2509,""20+"":2408}",,checked,checked
COLSET-MOD013-0028,Stacked Square Column Set - Tuscan Square Cap & Tuscan Base Square — COLSET-MOD013,COLSET-MOD013-0028,,"""Width — 20"""""",""Height — 216""""""",$5339.00,"{""1-6"":2778,""7-19"":2671,""20+"":2564}",,checked,checked
COLSET-MOD013-0029,Stacked Square Column Set - Tuscan Square Cap & Tuscan Base Square — COLSET-MOD013,COLSET-MOD013-0029,,"""Width — 20"""""",""Height — 240""""""",$6708.00,"{""1-6"":3490,""7-19"":3355,""20+"":3221}",,checked,checked
COLSET-MOD013-0030,Stacked Square Column Set - Tuscan Square Cap & Tuscan Base Square — COLSET-MOD013,COLSET-MOD013-0030,,"""Width — 24"""""",""Height — 168""""""",$5800.00,"{""1-6"":3016,""7-19"":2900,""20+"":2785}",,checked,checked
COLSET-MOD013-0031,Stacked Square Column Set - Tuscan Square Cap & Tuscan Base Square — COLSET-MOD013,COLSET-MOD013-0031,,"""Width — 24"""""",""Height — 192""""""",$6672.00,"{""1-6"":3470,""7-19"":3337,""20+"":3203}",,checked,checked
COLSET-MOD013-0032,Stacked Square Column Set - Tuscan Square Cap & Tuscan Base Square — COLSET-MOD013,COLSET-MOD013-0032,,"""Width — 24"""""",""Height — 216""""""",$7544.00,"{""1-6"":3924,""7-19"":3773,""20+"":3621}",,checked,checked
COLSET-MOD013-0033,Stacked Square Column Set - Tuscan Square Cap & Tuscan Base Square — COLSET-MOD013,COLSET-MOD013-0033,,"""Width — 24"""""",""Height — 240""""""",$8548.00,"{""1-6"":4446,""7-19"":4275,""20+"":4105}",,checked,checked
COLSET-MOD013-0034,Stacked Square Column Set - Tuscan Square Cap & Tuscan Base Square — COLSET-MOD013,COLSET-MOD013-0034,,"""Width — 24"""""",""Height — 264""""""",$9629.00,"{""1-6"":5009,""7-19"":4816,""20+"":4624}",,checked,checked
FRS-MOD001-0001,Foam Routed Signs MOD001 — FRS-MOD001,FRS-MOD001-0001,OK,"""Height — 48"""""",""Length — 96"""""",""Depth — 1""""""",$2875.00,,,checked,checked
FRS-MOD001-0002,Foam Routed Signs MOD001 — FRS-MOD001,FRS-MOD001-0002,OK,"Height — Any Custom Size,Length — Any Custom Size,Depth — Any Custom Size",$2875.00,,,checked,checked
FRS-MOD002-0001,Foam Routed Signs MOD002 — FRS-MOD002,FRS-MOD002-0001,OK,"""Height — 48"""""",""Length — 96"""""",""Depth — 2""""""",$2950.00,,,checked,checked
FRS-MOD002-0002,Foam Routed Signs MOD002 — FRS-MOD002,FRS-MOD002-0002,OK,"Height — Any Custom Size,Length — Any Custom Size,Depth — Any Custom Size",$2950.00,,,checked,checked
FRS-MOD003-0001,Foam Routed Signs MOD003 — FRS-MOD003,FRS-MOD003-0001,OK,"""Height — 24"""""",""Length — 24"""""",""Depth — 1""""""",$875.00,,,checked,checked
FRS-MOD003-0002,Foam Routed Signs MOD003 — FRS-MOD003,FRS-MOD003-0002,OK,"Height — Any Custom Size,Length — Any Custom Size,Depth — Any Custom Size",$875.00,,,checked,checked
FRS-MOD004-0001,Foam Routed Signs MOD004 — FRS-MOD004,FRS-MOD004-0001,OK,"""Height — 50"""""",""Length — 96"""""",""Depth — 2""""""",$4250.00,,,checked,checked
FRS-MOD004-0002,Foam Routed Signs MOD004 — FRS-MOD004,FRS-MOD004-0002,OK,"Height — Any Custom Size,Length — Any Custom Size,Depth — Any Custom Size",$4250.00,,,checked,checked
FRS-MOD005-0001,Foam Routed Signs MOD005 — FRS-MOD005,FRS-MOD005-0001,OK,"""Height — 48"""""",""Length — 96"""""",""Depth — 2""""""",$2547.00,,,checked,checked
FRS-MOD005-0002,Foam Routed Signs MOD005 — FRS-MOD005,FRS-MOD005-0002,OK,"Height — Any Custom Size,Length — Any Custom Size,Depth — Any Custom Size",$2547.00,,,checked,checked
FRS-MOD006-0001,Foam Routed Signs MOD006 — FRS-MOD006,FRS-MOD006-0001,OK,"""Height — 48"""""",""Length — 96"""""",""Depth — 2""""""",$3250.00,,,checked,checked
FRS-MOD006-0002,Foam Routed Signs MOD006 — FRS-MOD006,FRS-MOD006-0002,OK,"Height — Any Custom Size,Length — Any Custom Size,Depth — Any Custom Size",$3250.00,,,checked,checked
FRS-MOD007-0001,Foam Routed Signs MOD007 — FRS-MOD007,FRS-MOD007-0001,OK,"""Height — 24"""""",""Length — 48"""""",""Depth — 1""""""",$1275.00,,,checked,checked
FRS-MOD007-0002,Foam Routed Signs MOD007 — FRS-MOD007,FRS-MOD007-0002,OK,"Height — Any Custom Size,Length — Any Custom Size,Depth — Any Custom Size",$1275.00,,,checked,checked
FRS-MOD008-0001,Foam Routed Signs MOD008 — FRS-MOD008,FRS-MOD008-0001,OK,"""Height — 40"""""",""Length — 80"""""",""Depth — 2""""""",$2750.00,,,checked,checked
FRS-MOD008-0002,Foam Routed Signs MOD008 — FRS-MOD008,FRS-MOD008-0002,OK,"Height — Any Custom Size,Length — Any Custom Size,Depth — Any Custom Size",$2750.00,,,checked,checked
FRS-MOD009-0001,Foam Routed Signs MOD009 — FRS-MOD009,FRS-MOD009-0001,OK,"""Height — 24"""""",""Length — 36"""""",""Depth — 2""""""",$875.00,,,checked,checked
FRS-MOD009-0002,Foam Routed Signs MOD009 — FRS-MOD009,FRS-MOD009-0002,OK,"Height — Any Custom Size,Length — Any Custom Size,Depth — Any Custom Size",$875.00,,,checked,checked
FRS-MOD010-0001,Foam Routed Signs MOD010 — FRS-MOD010,FRS-MOD010-0001,OK,"""Height — 36"""""",""Height — 60"""""",""Depth — 2""""""",$2250.00,,,checked,checked
FRS-MOD010-0002,Foam Routed Signs MOD010 — FRS-MOD010,FRS-MOD010-0002,OK,"Height — Any Custom Size,Length — Any Custom Size,Depth — Any Custom Size",$2250.00,,,checked,checked
SVCS-MOD001-0001,Sandblasted & V Carved Signs MOD001 — SVCS-MOD001,SVCS-MOD001-0001,OK,"""Height — 24"""""",""Length — 36"""""",""Depth — 1""""""",$975.00,,,checked,checked
SVCS-MOD001-0002,Sandblasted & V Carved Signs MOD001 — SVCS-MOD001,SVCS-MOD001-0002,OK,"Height — Any Custom Size,Length — Any Custom Size,Depth — Any Custom Size",$975.00,,,checked,checked
SVCS-MOD002-0001,Sandblasted & V Carved Signs MOD002 — SVCS-MOD002,SVCS-MOD002-0001,OK,"""Height — 20"""""",""Length — 76"""""",""Depth — 1""""""",$1475.00,,,checked,checked
SVCS-MOD002-0002,Sandblasted & V Carved Signs MOD002 — SVCS-MOD002,SVCS-MOD002-0002,OK,"Height — Any Custom Size,Length — Any Custom Size,Depth — Any Custom Size",$1475.00,,,checked,checked
SVCS-MOD003-0001,Sandblasted & V Carved Signs MOD003 — SVCS-MOD003,SVCS-MOD003-0001,OK,"""Height — 48"""""",""Length — 48"""""",""Depth — 3""""""",$2750.00,,,checked,checked
SVCS-MOD003-0002,Sandblasted & V Carved Signs MOD003 — SVCS-MOD003,SVCS-MOD003-0002,OK,"Height — Any Custom Size,Length — Any Custom Size,Depth — Any Custom Size",$2750.00,,,checked,checked
SVCS-MOD004-0001,Sandblasted & V Carved Signs MOD004 — SVCS-MOD004,SVCS-MOD004-0001,OK,"""Height — 24"""""",""Length — 48"""""",""Depth — 1""""""",$1245.00,,,checked,checked
SVCS-MOD004-0002,Sandblasted & V Carved Signs MOD004 — SVCS-MOD004,SVCS-MOD004-0002,OK,"Height — Any Custom Size,Length — Any Custom Size,Depth — Any Custom Size",$1245.00,,,checked,checked
SVCS-MOD005-0001,Sandblasted & V Carved Signs MOD005 — SVCS-MOD005,SVCS-MOD005-0001,OK,"""Height — 36"""""",""Length — 80"""""",""Depth — 2""""""",$2875.00,,,checked,checked
SVCS-MOD005-0002,Sandblasted & V Carved Signs MOD005 — SVCS-MOD005,SVCS-MOD005-0002,OK,"Height — Any Custom Size,Length — Any Custom Size,Depth — Any Custom Size",$2875.00,,,checked,checked
SVCS-MOD006-0001,Sandblasted & V Carved Signs MOD006 — SVCS-MOD006,SVCS-MOD006-0001,OK,"""Height — 36"""""",""Length — 60"""""",""Depth — 1""""""",$1750.00,,,checked,checked
SVCS-MOD006-0002,Sandblasted & V Carved Signs MOD006 — SVCS-MOD006,SVCS-MOD006-0002,OK,"Height — Any Custom Size,Length — Any Custom Size,Depth — Any Custom Size",$1750.00,,,checked,checked
SVCS-MOD007-0001,Sandblasted & V Carved Signs MOD007 — SVCS-MOD007,SVCS-MOD007-0001,OK,"""Height — 40"""""",""Length — 96"""""",""Depth — 2""""""",$2875.00,,,checked,checked
SVCS-MOD007-0002,Sandblasted & V Carved Signs MOD007 — SVCS-MOD007,SVCS-MOD007-0002,OK,"Height — Any Custom Size,Length — Any Custom Size,Depth — Any Custom Size",$2875.00,,,checked,checked
SVCS-MOD008-0001,Sandblasted & V Carved Signs MOD008 — SVCS-MOD008,SVCS-MOD008-0001,OK,"""Height — 48"""""",""Length — 96"""""",""Depth — 2""""""",$2850.00,,,checked,checked
SVCS-MOD008-0002,Sandblasted & V Carved Signs MOD008 — SVCS-MOD008,SVCS-MOD008-0002,OK,"Height — Any Custom Size,Length — Any Custom Size,Depth — Any Custom Size",$2850.00,,,checked,checked
SVCS-MOD009-0001,Sandblasted & V Carved Signs MOD009 — SVCS-MOD009,SVCS-MOD009-0001,OK,"""Height — 40"""""",""Length — 86"""""",""Depth — 1""""""",$2275.00,,,checked,checked
SVCS-MOD009-0002,Sandblasted & V Carved Signs MOD009 — SVCS-MOD009,SVCS-MOD009-0002,OK,"Height — Any Custom Size,Length — Any Custom Size,Depth — Any Custom Size",$2275.00,,,checked,checked
SVCS-MOD010-0001,Sandblasted & V Carved Signs MOD010 — SVCS-MOD010,SVCS-MOD010-0001,OK,"""Height — 48"""""",""Length — 96"""""",""Depth — 3""""""",$3750.00,,,checked,checked
SVCS-MOD010-0002,Sandblasted & V Carved Signs MOD010 — SVCS-MOD010,SVCS-MOD010-0002,OK,"Height — Any Custom Size,Length — Any Custom Size,Depth — Any Custom Size",$3750.00,,,checked,checked
SVCS-MOD011-0001,Sandblasted & V Carved Signs MOD011 — SVCS-MOD011,SVCS-MOD011-0001,OK,"""Height — 20"""""",""Length — 80"""""",""Depth — 2""""""",$1850.00,,,checked,checked
SVCS-MOD011-0002,Sandblasted & V Carved Signs MOD011 — SVCS-MOD011,SVCS-MOD011-0002,OK,"Height — Any Custom Size,Length — Any Custom Size,Depth — Any Custom Size",$1850.00,,,checked,checked
SVCS-MOD012-0001,Sandblasted & V Carved Signs MOD012 — SVCS-MOD012,SVCS-MOD012-0001,OK,"""Height — 20"""""",""Length — 24"""""",""Depth — 1""""""",$750.00,,,checked,checked
SVCS-MOD012-0002,Sandblasted & V Carved Signs MOD012 — SVCS-MOD012,SVCS-MOD012-0002,OK,"Height — Any Custom Size,Length — Any Custom Size,Depth — Any Custom Size",$750.00,,,checked,checked
SVCS-MOD013-0001,Sandblasted & V Carved Signs MOD013 — SVCS-MOD013,SVCS-MOD013-0001,OK,"""Height — 18"""""",""Length — 12"""""",""Depth — 1""""""",$625.00,,,checked,checked
SVCS-MOD013-0002,Sandblasted & V Carved Signs MOD013 — SVCS-MOD013,SVCS-MOD013-0002,OK,"Height — Any Custom Size,Length — Any Custom Size,Depth — Any Custom Size",$625.00,,,checked,checked
SVCS-MOD014-0001,Sandblasted & V Carved Signs MOD014 — SVCS-MOD014,SVCS-MOD014-0001,OK,"""Height — 18"""""",""Length — 24"""""",""Depth — 1""""""",$725.00,,,checked,checked
SVCS-MOD014-0002,Sandblasted & V Carved Signs MOD014 — SVCS-MOD014,SVCS-MOD014-0002,OK,"Height — Any Custom Size,Length — Any Custom Size,Depth — Any Custom Size",$725.00,,,checked,checked
SVCS-MOD015-0001,Sandblasted & V Carved Signs MOD015 — SVCS-MOD015,SVCS-MOD015-0001,OK,"""Height — 20"""""",""Length — 96"""""",""Depth — 1""""""",$1875.00,,,checked,checked
SVCS-MOD015-0002,Sandblasted & V Carved Signs MOD015 — SVCS-MOD015,SVCS-MOD015-0002,OK,"Height — Any Custom Size,Length — Any Custom Size,Depth — Any Custom Size",$1875.00,,,checked,checked
OFLL-MOD001-0001,Oversized Foam Letters & Logos MOD001 — OFLL-MOD001,OFLL-MOD001-0001,OK,"""Height — 60""""""",$6750.00,,,checked,checked
OFLL-MOD001-0002,Oversized Foam Letters & Logos MOD001 — OFLL-MOD001,OFLL-MOD001-0002,OK,Height — Any Custom Size,$6750.00,,,checked,checked
OFLL-MOD002-0001,Oversized Foam Letters & Logos MOD002 — OFLL-MOD002,OFLL-MOD002-0001,OK,"""Height — 50""""""",$5875.00,,,checked,checked
OFLL-MOD002-0002,Oversized Foam Letters & Logos MOD002 — OFLL-MOD002,OFLL-MOD002-0002,OK,Height — Any Custom Size,$5875.00,,,checked,checked
OFLL-MOD003-0001,Oversized Foam Letters & Logos MOD003 — OFLL-MOD003,OFLL-MOD003-0001,OK,"""Height — 72""""""",$8750.00,,,checked,checked
OFLL-MOD003-0002,Oversized Foam Letters & Logos MOD003 — OFLL-MOD003,OFLL-MOD003-0002,OK,Height — Any Custom Size,$8750.00,,,checked,checked
OFLL-MOD004-0001,Oversized Foam Letters & Logos MOD004 — OFLL-MOD004,OFLL-MOD004-0001,OK,"""Height — 48""""""",$4500.00,,,checked,checked
OFLL-MOD004-0002,Oversized Foam Letters & Logos MOD004 — OFLL-MOD004,OFLL-MOD004-0002,OK,Height — Any Custom Size,$4500.00,,,checked,checked
OFLL-MOD005-0001,Oversized Foam Letters & Logos MOD005 — OFLL-MOD005,OFLL-MOD005-0001,OK,"""Height — 24""""""",$2500.00,,,checked,checked
OFLL-MOD005-0002,Oversized Foam Letters & Logos MOD005 — OFLL-MOD005,OFLL-MOD005-0002,OK,Height — Any Custom Size,$2500.00,,,checked,checked
OFLL-MOD006-0001,Oversized Foam Letters & Logos MOD006 — OFLL-MOD006,OFLL-MOD006-0001,OK,"""Height — 50""""""",$6750.00,,,checked,checked
OFLL-MOD006-0002,Oversized Foam Letters & Logos MOD006 — OFLL-MOD006,OFLL-MOD006-0002,OK,Height — Any Custom Size,$6750.00,,,checked,checked
OFLL-MOD007-0001,Oversized Foam Letters & Logos MOD007 — OFLL-MOD007,OFLL-MOD007-0001,OK,"""Height — 48""""""",$5750.00,,,checked,checked
OFLL-MOD007-0002,Oversized Foam Letters & Logos MOD007 — OFLL-MOD007,OFLL-MOD007-0002,OK,Height — Any Custom Size,$5750.00,,,checked,checked
OFLL-MOD008-0001,Oversized Foam Letters & Logos MOD008 — OFLL-MOD008,OFLL-MOD008-0001,OK,"""Height — 60""""""",$5500.00,,,checked,checked
OFLL-MOD008-0002,Oversized Foam Letters & Logos MOD008 — OFLL-MOD008,OFLL-MOD008-0002,OK,Height — Any Custom Size,$5500.00,,,checked,checked
OFLL-MOD009-0001,Oversized Foam Letters & Logos MOD009 — OFLL-MOD009,OFLL-MOD009-0001,OK,"""Height — 50""""""",$5250.00,,,checked,checked
OFLL-MOD009-0002,Oversized Foam Letters & Logos MOD009 — OFLL-MOD009,OFLL-MOD009-0002,OK,Height — Any Custom Size,$5250.00,,,checked,checked
OFLL-MOD010-0001,Oversized Foam Letters & Logos MOD010 — OFLL-MOD010,OFLL-MOD010-0001,OK,"""Height — 60""""""",$6750.00,,,checked,checked
OFLL-MOD010-0002,Oversized Foam Letters & Logos MOD010 — OFLL-MOD010,OFLL-MOD010-0002,OK,Height — Any Custom Size,$6750.00,,,checked,checked
OFLL-MOD011-0001,Oversized Foam Letters & Logos MOD011 — OFLL-MOD011,OFLL-MOD011-0001,OK,"""Height — 48""""""",$6750.00,,,checked,checked
OFLL-MOD011-0002,Oversized Foam Letters & Logos MOD011 — OFLL-MOD011,OFLL-MOD011-0002,OK,Height — Any Custom Size,$6750.00,,,checked,checked
OFLL-MOD012-0001,Oversized Foam Letters & Logos MOD012 — OFLL-MOD012,OFLL-MOD012-0001,OK,"""Height — 40""""""",$4250.00,,,checked,checked
OFLL-MOD012-0002,Oversized Foam Letters & Logos MOD012 — OFLL-MOD012,OFLL-MOD012-0002,OK,Height — Any Custom Size,$4250.00,,,checked,checked
OFLL-MOD013-0001,Oversized Foam Letters & Logos MOD013 — OFLL-MOD013,OFLL-MOD013-0001,OK,"""Height — 60""""""",$6875.00,,,checked,checked
OFLL-MOD013-0002,Oversized Foam Letters & Logos MOD013 — OFLL-MOD013,OFLL-MOD013-0002,OK,Height — Any Custom Size,$6875.00,,,checked,checked
OFLL-MOD014-0001,Oversized Foam Letters & Logos MOD014 — OFLL-MOD014,OFLL-MOD014-0001,OK,"""Height — 36""""""",$2250.00,,,checked,checked
OFLL-MOD014-0002,Oversized Foam Letters & Logos MOD014 — OFLL-MOD014,OFLL-MOD014-0002,OK,Height — Any Custom Size,$2250.00,,,checked,checked
OFLL-MOD015-0001,Oversized Foam Letters & Logos MOD015 — OFLL-MOD015,OFLL-MOD015-0001,OK,"""Height — 50""""""",$7500.00,,,checked,checked
OFLL-MOD015-0002,Oversized Foam Letters & Logos MOD015 — OFLL-MOD015,OFLL-MOD015-0002,OK,Height — Any Custom Size,$7500.00,,,checked,checked
OFLL-MOD016-0001,Oversized Foam Letters & Logos MOD016 — OFLL-MOD016,OFLL-MOD016-0001,OK,"""Height — 84""""""",$7500.00,,,checked,checked
OFLL-MOD016-0002,Oversized Foam Letters & Logos MOD016 — OFLL-MOD016,OFLL-MOD016-0002,OK,Height — Any Custom Size,$7500.00,,,checked,checked
OFLL-MOD017-0001,Oversized Foam Letters & Logos MOD017 — OFLL-MOD017,OFLL-MOD017-0001,OK,"""Height — 24""""""",$3750.00,,,checked,checked
OFLL-MOD017-0002,Oversized Foam Letters & Logos MOD017 — OFLL-MOD017,OFLL-MOD017-0002,OK,Height — Any Custom Size,$3750.00,,,checked,checked
SFAS-MOD001-0001,Stucco Wall Fence MOD001 — SFAS-MOD001,SFAS-MOD001-0001,OK,"""Height — 72"""""",""Depth — 6"""""",""Length — 10' (120"""")""",$1350.00,,10,checked,checked
SFAS-MOD002-0001,Stucco Wall Fence MOD002 — SFAS-MOD002,SFAS-MOD002-0001,OK,"""Height — 72"""""",""Depth — 6"""""",""Length — 10' (120"""")""",$1350.00,,10,checked,checked
SFAS-MOD003-0001,Stucco Wall Fence MOD003 — SFAS-MOD003,SFAS-MOD003-0001,OK,"""Height — 72"""""",""Depth — 6"""""",""Length — 10' (120"""")""",$1350.00,,10,checked,checked
SFAS-MOD004-0001,Stucco Wall Fence MOD004 — SFAS-MOD004,SFAS-MOD004-0001,OK,"""Height — 72"""""",""Depth — 6"""""",""Length — 10' (120"""")""",$1350.00,,10,checked,checked
SFAS-MOD005-0001,Stucco Wall Fence MOD005 — SFAS-MOD005,SFAS-MOD005-0001,OK,"""Height — 72"""""",""Depth — 6"""""",""Length — 10' (120"""")""",$1350.00,,10,checked,checked
SFAS-MOD006-0001,Stucco Wall Fence MOD006 — SFAS-MOD006,SFAS-MOD006-0001,OK,"""Height — 72"""""",""Depth — 6"""""",""Length — 10' (120"""")""",$1350.00,,10,checked,checked
SFAS-MOD007-0001,Stucco Wall Fence MOD007 — SFAS-MOD007,SFAS-MOD007-0001,OK,"""Height — 72"""""",""Depth — 6"""""",""Length — 10' (120"""")""",$1350.00,,10,checked,checked
SFAS-MOD008-0001,Stucco Wall Fence MOD008 — SFAS-MOD008,SFAS-MOD008-0001,OK,"""Height — 72"""""",""Depth — 6"""""",""Length — 10' (120"""")""",$1350.00,,10,checked,checked
SFAS-MOD009-0001,Stucco Wall Fence MOD009 — SFAS-MOD009,SFAS-MOD009-0001,OK,"""Height — 72"""""",""Depth — 6"""""",""Length — 10' (120"""")""",$1350.00,,10,checked,checked
SFAS-MOD010-0001,Stucco Wall Fence MOD010 — SFAS-MOD010,SFAS-MOD010-0001,OK,"""Height — 72"""""",""Depth — 6"""""",""Length — 10' (120"""")""",$1350.00,,10,checked,checked
SFAS-MOD011-0001,Stucco Wall Fence MOD011 — SFAS-MOD011,SFAS-MOD011-0001,OK,"""Height — 72"""""",""Depth — 6"""""",""Length — 10' (120"""")""",$1350.00,,10,checked,checked
SFAS-MOD012-0001,Stucco Wall Fence MOD012 — SFAS-MOD012,SFAS-MOD012-0001,OK,"""Height — 72"""""",""Depth — 6"""""",""Length — 10' (120"""")""",$1350.00,,10,checked,checked
SFAS-MOD013-0001,Stucco Wall Fence MOD013 — SFAS-MOD013,SFAS-MOD013-0001,OK,"""Height — 72"""""",""Depth — 6"""""",""Length — 10' (120"""")""",$1350.00,,10,checked,checked
SFAS-MOD015-0001,Stucco Wall Fence MOD015 — SFAS-MOD015,SFAS-MOD015-0001,OK,"""Height — 72"""""",""Depth — 6"""""",""Length — 10' (120"""")""",$1350.00,,10,checked,checked
SFAS-MOD001-0002,Stucco Wall Fence MOD001 — SFAS-MOD001,SFAS-MOD001-0002,OK,"""Height — 96"""""",""Depth — 6"""""",""Length — 10' (120"""")""",$1350.00,,10,checked,checked
SFAS-MOD002-0002,Stucco Wall Fence MOD002 — SFAS-MOD002,SFAS-MOD002-0002,OK,"""Height — 96"""""",""Depth — 6"""""",""Length — 10' (120"""")""",$1350.00,,10,checked,checked
SFAS-MOD003-0002,Stucco Wall Fence MOD003 — SFAS-MOD003,SFAS-MOD003-0002,OK,"""Height — 96"""""",""Depth — 6"""""",""Length — 10' (120"""")""",$1350.00,,10,checked,checked
SFAS-MOD004-0002,Stucco Wall Fence MOD004 — SFAS-MOD004,SFAS-MOD004-0002,OK,"""Height — 96"""""",""Depth — 6"""""",""Length — 10' (120"""")""",$1350.00,,10,checked,checked
SFAS-MOD005-0002,Stucco Wall Fence MOD005 — SFAS-MOD005,SFAS-MOD005-0002,OK,"""Height — 96"""""",""Depth — 6"""""",""Length — 10' (120"""")""",$1350.00,,10,checked,checked
SFAS-MOD006-0002,Stucco Wall Fence MOD006 — SFAS-MOD006,SFAS-MOD006-0002,OK,"""Height — 96"""""",""Depth — 6"""""",""Length — 10' (120"""")""",$1350.00,,10,checked,checked
SFAS-MOD007-0002,Stucco Wall Fence MOD007 — SFAS-MOD007,SFAS-MOD007-0002,OK,"""Height — 96"""""",""Depth — 6"""""",""Length — 10' (120"""")""",$1350.00,,10,checked,checked
SFAS-MOD008-0002,Stucco Wall Fence MOD008 — SFAS-MOD008,SFAS-MOD008-0002,OK,"""Height — 96"""""",""Depth — 6"""""",""Length — 10' (120"""")""",$1350.00,,10,checked,checked
SFAS-MOD009-0002,Stucco Wall Fence MOD009 — SFAS-MOD009,SFAS-MOD009-0002,OK,"""Height — 96"""""",""Depth — 6"""""",""Length — 10' (120"""")""",$1350.00,,10,checked,checked
SFAS-MOD010-0002,Stucco Wall Fence MOD010 — SFAS-MOD010,SFAS-MOD010-0002,OK,"""Height — 96"""""",""Depth — 6"""""",""Length — 10' (120"""")""",$1350.00,,10,checked,checked
SFAS-MOD011-0002,Stucco Wall Fence MOD011 — SFAS-MOD011,SFAS-MOD011-0002,OK,"""Height — 96"""""",""Depth — 6"""""",""Length — 10' (120"""")""",$1350.00,,10,checked,checked
SFAS-MOD012-0002,Stucco Wall Fence MOD012 — SFAS-MOD012,SFAS-MOD012-0002,OK,"""Height — 96"""""",""Depth — 6"""""",""Length — 10' (120"""")""",$1350.00,,10,checked,checked
SFAS-MOD013-0002,Stucco Wall Fence MOD013 — SFAS-MOD013,SFAS-MOD013-0002,OK,"""Height — 96"""""",""Depth — 6"""""",""Length — 10' (120"""")""",$1350.00,,10,checked,checked
SFAS-MOD015-0002,Stucco Wall Fence MOD015 — SFAS-MOD015,SFAS-MOD015-0002,OK,"""Height — 96"""""",""Depth — 6"""""",""Length — 10' (120"""")""",$1350.00,,10,checked,checked
SMLPk-MOD001-0001,"Custom Stucco Mailbox MOD001 — SMLPk-MOD001,Custom Stucco Mailbox MOD002 — SMLPk-MOD002,Custom Stucco Mailbox MOD003 — SMLPk-MOD003,Custom Stucco Mailbox MOD004 — SMLPk-MOD004,Custom Stucco Mailbox MOD005 — SMLPk-MOD005,Custom Stucco Mailbox MOD006 — SMLPk-MOD006,Custom Stucco Mailbox MOD007 — SMLPk-MOD007,Custom Stucco Mailbox MOD008 — SMLPk-MOD008,Custom Stucco Mailbox MOD009 — SMLPk-MOD009,Custom Stucco Mailbox MOD010 — SMLPk-MOD010,Custom Stucco Mailbox MOD011 — SMLPk-MOD011,Custom Stucco Mailbox MOD012 — SMLPk-MOD012,Custom Stucco Mailbox MOD013 — SMLPk-MOD013,Custom Stucco Mailbox MOD014 — SMLPk-MOD014,Custom Stucco Mailbox MOD015 — SMLPk-MOD015,Custom Stucco Mailbox MOD016 — SMLPk-MOD016,Custom Stucco Mailbox MOD017 — SMLPk-MOD017,Custom Stucco Mailbox MOD018 — SMLPk-MOD018,Custom Stucco Mailbox MOD019 — SMLPk-MOD019,Custom Stucco Mailbox MOD020 — SMLPk-MOD020,Custom Stucco Mailbox MOD021 — SMLPk-MOD021,Custom Stucco Mailbox MOD022 — SMLPk-MOD022,Custom Stucco Mailbox MOD023 — SMLPk-MOD023,Custom Stucco Mailbox MOD024 — SMLPk-MOD024,Custom Stucco Mailbox MOD025 — SMLPk-MOD025",SMLPk-MOD001-0001,OK,"""Height — 60"""""",""Width — 24"""""",""Length — 15""""""",$1975.00,,10,checked,checked