"Строка CSV","Variation Label","Variation SKU","Parent Product","Критичность","Тип проблемы","Детали","Что исправить"
"2","Variation — recbgyAFPrVRzhOOA","","Round Column Set - Tuscan Cap & Base — 333","Критично","Missing SKU","Variation SKU пуст","Присвоить уникальный SKU"
"3","Variation — recKl8HY8OgzjbMBw","","Round Column Set - Tuscan Cap & Base — 0081E","Критично","Missing SKU","Variation SKU пуст","Присвоить уникальный SKU"
"4","Variation — recJokRNP9rLQUCgk","","Round Column Set - Tuscan Cap & Base — 111","Критично","Missing SKU","Variation SKU пуст","Присвоить уникальный SKU"
"9","Variation — rec8RJYXJQRGwM9EW","","""Smooth Wood Beams — TEST_SWB-001
""","Критично","Missing SKU","Variation SKU пуст","Присвоить уникальный SKU"
"2","Variation — recbgyAFPrVRzhOOA","","Round Column Set - Tuscan Cap & Base — 333","Критично","Invalid Parent Product","'Round Column Set - Tuscan Cap & Base — 333'","Связать с одним существующим Product Label"
"4","Variation — recJokRNP9rLQUCgk","","Round Column Set - Tuscan Cap & Base — 111","Критично","Invalid Parent Product","'Round Column Set - Tuscan Cap & Base — 111'","Связать с одним существующим Product Label"
"5","TEST-VARIABLE-001-S","TEST-VARIABLE-001-S","","Критично","Invalid Parent Product","''","Связать с одним существующим Product Label"
"6","TEST-VARIABLE-001-L","TEST-VARIABLE-001-L","","Критично","Invalid Parent Product","''","Связать с одним существующим Product Label"
"9","Variation — rec8RJYXJQRGwM9EW","","""Smooth Wood Beams — TEST_SWB-001
""","Критично","Invalid Parent Product","'""Smooth Wood Beams — TEST_SWB-001\n""'","Связать с одним существующим Product Label"
"21","GBV-MOD001-0001","GBV-MOD001-0001","""NovikVent Half Round Gable Vent 22""""x34"""" - White — GBV-MOD001""","Критично","Invalid Parent Product","'""NovikVent Half Round Gable Vent 22""""x34"""" - White — GBV-MOD001""'","Связать с одним существующим Product Label"
"22","GBV-MOD002-0001","GBV-MOD002-0001","""NovikVent Round 16"""" — GBV-MOD002""","Критично","Invalid Parent Product","'""NovikVent Round 16"""" — GBV-MOD002""'","Связать с одним существующим Product Label"
"23","GBV-MOD003-0001","GBV-MOD003-0001","""NovikVent Round 22"""" — GBV-MOD003""","Критично","Invalid Parent Product","'""NovikVent Round 22"""" — GBV-MOD003""'","Связать с одним существующим Product Label"
"24","GBV-MOD004-0001","GBV-MOD004-0001","""NovikVent Octagonal 16"""" — GBV-MOD004""","Критично","Invalid Parent Product","'""NovikVent Octagonal 16"""" — GBV-MOD004""'","Связать с одним существующим Product Label"
"25","GBV-MOD005-0001","GBV-MOD005-0001","""NovikVent Octagonal 22"""" — GBV-MOD005""","Критично","Invalid Parent Product","'""NovikVent Octagonal 22"""" — GBV-MOD005""'","Связать с одним существующим Product Label"
"26","GBV-MOD006-0001","GBV-MOD006-0001","""NovikVent Square 12""""x12"""" - White — GBV-MOD006""","Критично","Invalid Parent Product","'""NovikVent Square 12""""x12"""" - White — GBV-MOD006""'","Связать с одним существующим Product Label"
"27","GBV-MOD007-0001","GBV-MOD007-0001","""NovikVent Rectangular 12""""x18"""" - White — GBV-MOD007""","Критично","Invalid Parent Product","'""NovikVent Rectangular 12""""x18"""" - White — GBV-MOD007""'","Связать с одним существующим Product Label"
"28","GBV-MOD008-0001","GBV-MOD008-0001","""NovikVent Rectangular 18""""x24"""" - White — GBV-MOD008""","Критично","Invalid Parent Product","'""NovikVent Rectangular 18""""x24"""" - White — GBV-MOD008""'","Связать с одним существующим Product Label"
"1863","SMLPk-MOD001-0001","SMLPk-MOD001-0001","Custom Stucco Mailbox MOD001 — SMLPk-MOD001,Custom Stucco Mailbox MOD002 — SMLPk-MOD002,Custom Stucco Mailbox MOD003 — SMLPk-MOD003,Custom Stucco Mailbox MOD004 — SMLPk-MOD004,Custom Stucco Mailbox MOD005 — SMLPk-MOD005,Custom Stucco Mailbox MOD006 — SMLPk-MOD006,Custom Stucco Mailbox MOD007 — SMLPk-MOD007,Custom Stucco Mailbox MOD008 — SMLPk-MOD008,Custom Stucco Mailbox MOD009 — SMLPk-MOD009,Custom Stucco Mailbox MOD010 — SMLPk-MOD010,Custom Stucco Mailbox MOD011 — SMLPk-MOD011,Custom Stucco Mailbox MOD012 — SMLPk-MOD012,Custom Stucco Mailbox MOD013 — SMLPk-MOD013,Custom Stucco Mailbox MOD014 — SMLPk-MOD014,Custom Stucco Mailbox MOD015 — SMLPk-MOD015,Custom Stucco Mailbox MOD016 — SMLPk-MOD016,Custom Stucco Mailbox MOD017 — SMLPk-MOD017,Custom Stucco Mailbox MOD018 — SMLPk-MOD018,Custom Stucco Mailbox MOD019 — SMLPk-MOD019,Custom Stucco Mailbox MOD020 — SMLPk-MOD020,Custom Stucco Mailbox MOD021 — SMLPk-MOD021,Custom Stucco Mailbox MOD022 — SMLPk-MOD022,Custom Stucco Mailbox MOD023 — SMLPk-MOD023,Custom Stucco Mailbox MOD024 — SMLPk-MOD024,Custom Stucco Mailbox MOD025 — SMLPk-MOD025","Критично","Invalid Parent Product","'Custom Stucco Mailbox MOD001 — SMLPk-MOD001,Custom Stucco Mailbox MOD002 — SMLPk-MOD002,Custom Stucco Mailbox MOD003 — SMLPk-MOD003,Custom Stucco Mailbox MOD004 — SMLPk-MOD004,Custom Stucco Mailbox MOD005 — SMLPk-MOD005,Custom Stucco Mailbox MOD006 — SMLPk-MOD006,Custom Stucco Mailbox MOD007 — SMLPk-MOD007,Custom Stucco Mailbox MOD008 — SMLPk-MOD008,Custom Stucco Mailbox MOD009 — SMLPk-MOD009,Custom Stucco Mailbox MOD010 — SMLPk-MOD010,Custom Stucco Mailbox MOD011 — SMLPk-MOD011,Custom Stucco Mailbox MOD012 — SMLPk-MOD012,Custom Stucco Mailbox MOD013 — SMLPk-MOD013,Custom Stucco Mailbox MOD014 — SMLPk-MOD014,Custom Stucco Mailbox MOD015 — SMLPk-MOD015,Custom Stucco Mailbox MOD016 — SMLPk-MOD016,Custom Stucco Mailbox MOD017 — SMLPk-MOD017,Custom Stucco Mailbox MOD018 — SMLPk-MOD018,Custom Stucco Mailbox MOD019 — SMLPk-MOD019,Custom Stucco Mailbox MOD020 — SMLPk-MOD020,Custom Stucco Mailbox MOD021 — SMLPk-MOD021,Custom Stucco Mailbox MOD022 — SMLPk-MOD022,Custom Stucco Mailbox MOD023 — SMLPk-MOD023,Custom Stucco Mailbox MOD024 — SMLPk-MOD024,Custom Stucco Mailbox MOD025 — SMLPk-MOD025'","Связать с одним существующим Product Label"
"2","Variation — recbgyAFPrVRzhOOA","","Round Column Set - Tuscan Cap & Base — 333","Критично","Orphan variation","Нет ссылки из Variations родителя","Связать или удалить"
"4","Variation — recJokRNP9rLQUCgk","","Round Column Set - Tuscan Cap & Base — 111","Критично","Orphan variation","Нет ссылки из Variations родителя","Связать или удалить"
"5","TEST-VARIABLE-001-S","TEST-VARIABLE-001-S","","Критично","Orphan variation","Нет ссылки из Variations родителя","Связать или удалить"
"6","TEST-VARIABLE-001-L","TEST-VARIABLE-001-L","","Критично","Orphan variation","Нет ссылки из Variations родителя","Связать или удалить"
"21","GBV-MOD001-0001","GBV-MOD001-0001","""NovikVent Half Round Gable Vent 22""""x34"""" - White — GBV-MOD001""","Критично","Orphan variation","Нет ссылки из Variations родителя","Связать или удалить"
"22","GBV-MOD002-0001","GBV-MOD002-0001","""NovikVent Round 16"""" — GBV-MOD002""","Критично","Orphan variation","Нет ссылки из Variations родителя","Связать или удалить"
"23","GBV-MOD003-0001","GBV-MOD003-0001","""NovikVent Round 22"""" — GBV-MOD003""","Критично","Orphan variation","Нет ссылки из Variations родителя","Связать или удалить"
"24","GBV-MOD004-0001","GBV-MOD004-0001","""NovikVent Octagonal 16"""" — GBV-MOD004""","Критично","Orphan variation","Нет ссылки из Variations родителя","Связать или удалить"
"25","GBV-MOD005-0001","GBV-MOD005-0001","""NovikVent Octagonal 22"""" — GBV-MOD005""","Критично","Orphan variation","Нет ссылки из Variations родителя","Связать или удалить"
"26","GBV-MOD006-0001","GBV-MOD006-0001","""NovikVent Square 12""""x12"""" - White — GBV-MOD006""","Критично","Orphan variation","Нет ссылки из Variations родителя","Связать или удалить"
"27","GBV-MOD007-0001","GBV-MOD007-0001","""NovikVent Rectangular 12""""x18"""" - White — GBV-MOD007""","Критично","Orphan variation","Нет ссылки из Variations родителя","Связать или удалить"
"28","GBV-MOD008-0001","GBV-MOD008-0001","""NovikVent Rectangular 18""""x24"""" - White — GBV-MOD008""","Критично","Orphan variation","Нет ссылки из Variations родителя","Связать или удалить"
"2","Variation — recbgyAFPrVRzhOOA","","Round Column Set - Tuscan Cap & Base — 333","Критично","Missing Regular Price","Regular Price пуст","Добавить цену или исключить из фида"
"3","Variation — recKl8HY8OgzjbMBw","","Round Column Set - Tuscan Cap & Base — 0081E","Критично","Missing Regular Price","Regular Price пуст","Добавить цену или исключить из фида"
"4","Variation — recJokRNP9rLQUCgk","","Round Column Set - Tuscan Cap & Base — 111","Критично","Missing Regular Price","Regular Price пуст","Добавить цену или исключить из фида"
"29","FWT-MOD001-0001","FWT-MOD001-0001","Arched Cord King Post Truss with Straight Diagonals — FWT-MOD001","Критично","Missing Regular Price","Regular Price пуст","Добавить цену или исключить из фида"
"30","FWT-MOD001-0002","FWT-MOD001-0002","Raised Cord King Post Truss with Straight Diagonal — FWT-MOD002","Критично","Missing Regular Price","Regular Price пуст","Добавить цену или исключить из фида"
"147","CFWP-MOD002-0029","CFWP-MOD002-0029","Ceiling Faux Wood Plank MOD002 — CFWP-MOD002","Критично","Missing Regular Price","Regular Price пуст","Добавить цену или исключить из фида"
"178","FWM-MOD004-0031","FWM-MOD004-0031","Faux Wood Mantel MOD004 — FWM-MOD004","Критично","Missing Regular Price","Regular Price пуст","Добавить цену или исключить из фида"
"259","FWB-MOD001-0081","FWB-MOD001-0081","Faux Wood Beam MOD001 — FWB-MOD001","Критично","Missing Regular Price","Regular Price пуст","Добавить цену или исключить из фида"
"340","FWB-MOD002-0081","FWB-MOD002-0081","Faux Wood Beam MOD002 — FWB-MOD002","Критично","Missing Regular Price","Regular Price пуст","Добавить цену или исключить из фида"
"421","FWB-MOD003-0081","FWB-MOD003-0081","Faux Wood Beam MOD003 — FWB-MOD003","Критично","Missing Regular Price","Regular Price пуст","Добавить цену или исключить из фида"
"450","CFWP-MOD001-0029","CFWP-MOD001-0029","Ceiling Faux Wood Plank MOD001 — CFWP-MOD001","Критично","Missing Regular Price","Regular Price пуст","Добавить цену или исключить из фида"
"479","CFWP-MOD003-0029","CFWP-MOD003-0029","Ceiling Faux Wood Plank MOD003 — CFWP-MOD003","Критично","Missing Regular Price","Regular Price пуст","Добавить цену или исключить из фида"
"508","CFWP-MOD004-0029","CFWP-MOD004-0029","Ceiling Faux Wood Plank MOD004 — CFWP-MOD004","Критично","Missing Regular Price","Regular Price пуст","Добавить цену или исключить из фида"
"537","CFWP-MOD005-0029","CFWP-MOD005-0029","Ceiling Faux Wood Plank MOD005 — CFWP-MOD005","Критично","Missing Regular Price","Regular Price пуст","Добавить цену или исключить из фида"
"566","CFWP-MOD006-0029","CFWP-MOD006-0029","Ceiling Faux Wood Plank MOD006 — CFWP-MOD006","Критично","Missing Regular Price","Regular Price пуст","Добавить цену или исключить из фида"
"595","CFWP-MOD007-0029","CFWP-MOD007-0029","Ceiling Faux Wood Plank MOD007 — CFWP-MOD007","Критично","Missing Regular Price","Regular Price пуст","Добавить цену или исключить из фида"
"624","CFWP-MOD008-0029","CFWP-MOD008-0029","Ceiling Faux Wood Plank MOD008 — CFWP-MOD008","Критично","Missing Regular Price","Regular Price пуст","Добавить цену или исключить из фида"
"655","FWM-MOD001-0031","FWM-MOD001-0031","Faux Wood Mantel MOD001 — FWM-MOD001","Критично","Missing Regular Price","Regular Price пуст","Добавить цену или исключить из фида"
"686","FWM-MOD002-0031","FWM-MOD002-0031","Faux Wood Mantel MOD002 — FWM-MOD002","Критично","Missing Regular Price","Regular Price пуст","Добавить цену или исключить из фида"
"717","FWM-MOD003-0031","FWM-MOD003-0031","Faux Wood Mantel MOD003 — FWM-MOD003","Критично","Missing Regular Price","Regular Price пуст","Добавить цену или исключить из фида"
"748","FWM-MOD005-0031","FWM-MOD005-0031","Faux Wood Mantel MOD005 — FWM-MOD005","Критично","Missing Regular Price","Regular Price пуст","Добавить цену или исключить из фида"
"779","FWM-MOD006-0031","FWM-MOD006-0031","Faux Wood Mantel MOD006 — FWM-MOD006","Критично","Missing Regular Price","Regular Price пуст","Добавить цену или исключить из фида"
"810","FWM-MOD007-0031","FWM-MOD007-0031","Faux Wood Mantel MOD007 — FWM-MOD007","Критично","Missing Regular Price","Regular Price пуст","Добавить цену или исключить из фида"
"841","FWM-MOD008-0031","FWM-MOD008-0031","Faux Wood Mantel MOD008 — FWM-MOD008","Критично","Missing Regular Price","Regular Price пуст","Добавить цену или исключить из фида"
"922","FWB-MOD004-0081","FWB-MOD004-0081","Faux Wood Beam MOD004 — FWB-MOD004","Критично","Missing Regular Price","Regular Price пуст","Добавить цену или исключить из фида"
"1003","FWB-MOD005-0081","FWB-MOD005-0081","Faux Wood Beam MOD005 — FWB-MOD005","Критично","Missing Regular Price","Regular Price пуст","Добавить цену или исключить из фида"
"1084","FWB-MOD006-0081","FWB-MOD006-0081","Faux Wood Beam MOD006 — FWB-MOD006","Критично","Missing Regular Price","Regular Price пуст","Добавить цену или исключить из фида"
"1165","FWB-MOD007-0081","FWB-MOD007-0081","Faux Wood Beam MOD007 — FWB-MOD007","Критично","Missing Regular Price","Regular Price пуст","Добавить цену или исключить из фида"
"1246","FWB-MOD008-0081","FWB-MOD008-0081","Faux Wood Beam MOD008 — FWB-MOD008","Критично","Missing Regular Price","Regular Price пуст","Добавить цену или исключить из фида"
"2","Variation — recbgyAFPrVRzhOOA","","Round Column Set - Tuscan Cap & Base — 333","Критично","Missing Linked Attributes","Linked Attributes пуст","Добавить выбранные значения вариации"
"3","Variation — recKl8HY8OgzjbMBw","","Round Column Set - Tuscan Cap & Base — 0081E","Критично","Missing Linked Attributes","Linked Attributes пуст","Добавить выбранные значения вариации"
"4","Variation — recJokRNP9rLQUCgk","","Round Column Set - Tuscan Cap & Base — 111","Критично","Missing Linked Attributes","Linked Attributes пуст","Добавить выбранные значения вариации"
"5","TEST-VARIABLE-001-S","TEST-VARIABLE-001-S","","Критично","Missing Linked Attributes","Linked Attributes пуст","Добавить выбранные значения вариации"
"6","TEST-VARIABLE-001-L","TEST-VARIABLE-001-L","","Критично","Missing Linked Attributes","Linked Attributes пуст","Добавить выбранные значения вариации"
"7","TEST-VARIABLE-055-test","TEST-VARIABLE-055-test","test airtable 334 — TEST-VARIABLE11-004","Критично","Missing Linked Attributes","Linked Attributes пуст","Добавить выбранные значения вариации"
"8","TEST-VARIABLE-1","TEST-VARIABLE-1","test airtable 1 — TEST-VARIABLE1","Критично","Missing Linked Attributes","Linked Attributes пуст","Добавить выбранные значения вариации"
"9","Variation — rec8RJYXJQRGwM9EW","","""Smooth Wood Beams — TEST_SWB-001
""","Критично","Missing Linked Attributes","Linked Attributes пуст","Добавить выбранные значения вариации"
"10","TEST-VARIABLE-999","TEST-VARIABLE-999","test airtable 1 — TEST-VARIABLE1","Критично","Missing Linked Attributes","Linked Attributes пуст","Добавить выбранные значения вариации"
"2","Variation — recbgyAFPrVRzhOOA","","Round Column Set - Tuscan Cap & Base — 333","Критично","Missing Stock","Stock пуст","Добавить Stock/availability"
"3","Variation — recKl8HY8OgzjbMBw","","Round Column Set - Tuscan Cap & Base — 0081E","Критично","Missing Stock","Stock пуст","Добавить Stock/availability"
"4","Variation — recJokRNP9rLQUCgk","","Round Column Set - Tuscan Cap & Base — 111","Критично","Missing Stock","Stock пуст","Добавить Stock/availability"
"647","FWM-MOD001-0023","FWM-MOD001-0023","Faux Wood Mantel MOD001 — FWM-MOD001","Критично","Missing Stock","Stock пуст","Добавить Stock/availability"
"648","FWM-MOD001-0024","FWM-MOD001-0024","Faux Wood Mantel MOD001 — FWM-MOD001","Критично","Missing Stock","Stock пуст","Добавить Stock/availability"
"649","FWM-MOD001-0025","FWM-MOD001-0025","Faux Wood Mantel MOD001 — FWM-MOD001","Критично","Missing Stock","Stock пуст","Добавить Stock/availability"
"650","FWM-MOD001-0026","FWM-MOD001-0026","Faux Wood Mantel MOD001 — FWM-MOD001","Критично","Missing Stock","Stock пуст","Добавить Stock/availability"
"651","FWM-MOD001-0027","FWM-MOD001-0027","Faux Wood Mantel MOD001 — FWM-MOD001","Критично","Missing Stock","Stock пуст","Добавить Stock/availability"
"652","FWM-MOD001-0028","FWM-MOD001-0028","Faux Wood Mantel MOD001 — FWM-MOD001","Критично","Missing Stock","Stock пуст","Добавить Stock/availability"
"653","FWM-MOD001-0029","FWM-MOD001-0029","Faux Wood Mantel MOD001 — FWM-MOD001","Критично","Missing Stock","Stock пуст","Добавить Stock/availability"
"654","FWM-MOD001-0030","FWM-MOD001-0030","Faux Wood Mantel MOD001 — FWM-MOD001","Критично","Missing Stock","Stock пуст","Добавить Stock/availability"
"655","FWM-MOD001-0031","FWM-MOD001-0031","Faux Wood Mantel MOD001 — FWM-MOD001","Критично","Missing Stock","Stock пуст","Добавить Stock/availability"
"656","FWM-MOD002-0001","FWM-MOD002-0001","Faux Wood Mantel MOD002 — FWM-MOD002","Критично","Missing Stock","Stock пуст","Добавить Stock/availability"
"657","FWM-MOD002-0002","FWM-MOD002-0002","Faux Wood Mantel MOD002 — FWM-MOD002","Критично","Missing Stock","Stock пуст","Добавить Stock/availability"
"658","FWM-MOD002-0003","FWM-MOD002-0003","Faux Wood Mantel MOD002 — FWM-MOD002","Критично","Missing Stock","Stock пуст","Добавить Stock/availability"
"659","FWM-MOD002-0004","FWM-MOD002-0004","Faux Wood Mantel MOD002 — FWM-MOD002","Критично","Missing Stock","Stock пуст","Добавить Stock/availability"
"660","FWM-MOD002-0005","FWM-MOD002-0005","Faux Wood Mantel MOD002 — FWM-MOD002","Критично","Missing Stock","Stock пуст","Добавить Stock/availability"
"661","FWM-MOD002-0006","FWM-MOD002-0006","Faux Wood Mantel MOD002 — FWM-MOD002","Критично","Missing Stock","Stock пуст","Добавить Stock/availability"
"662","FWM-MOD002-0007","FWM-MOD002-0007","Faux Wood Mantel MOD002 — FWM-MOD002","Критично","Missing Stock","Stock пуст","Добавить Stock/availability"
"663","FWM-MOD002-0008","FWM-MOD002-0008","Faux Wood Mantel MOD002 — FWM-MOD002","Критично","Missing Stock","Stock пуст","Добавить Stock/availability"
"664","FWM-MOD002-0009","FWM-MOD002-0009","Faux Wood Mantel MOD002 — FWM-MOD002","Критично","Missing Stock","Stock пуст","Добавить Stock/availability"
"665","FWM-MOD002-0010","FWM-MOD002-0010","Faux Wood Mantel MOD002 — FWM-MOD002","Критично","Missing Stock","Stock пуст","Добавить Stock/availability"
"666","FWM-MOD002-0011","FWM-MOD002-0011","Faux Wood Mantel MOD002 — FWM-MOD002","Критично","Missing Stock","Stock пуст","Добавить Stock/availability"
"667","FWM-MOD002-0012","FWM-MOD002-0012","Faux Wood Mantel MOD002 — FWM-MOD002","Критично","Missing Stock","Stock пуст","Добавить Stock/availability"
"668","FWM-MOD002-0013","FWM-MOD002-0013","Faux Wood Mantel MOD002 — FWM-MOD002","Критично","Missing Stock","Stock пуст","Добавить Stock/availability"
"669","FWM-MOD002-0014","FWM-MOD002-0014","Faux Wood Mantel MOD002 — FWM-MOD002","Критично","Missing Stock","Stock пуст","Добавить Stock/availability"
"670","FWM-MOD002-0015","FWM-MOD002-0015","Faux Wood Mantel MOD002 — FWM-MOD002","Критично","Missing Stock","Stock пуст","Добавить Stock/availability"
"671","FWM-MOD002-0016","FWM-MOD002-0016","Faux Wood Mantel MOD002 — FWM-MOD002","Критично","Missing Stock","Stock пуст","Добавить Stock/availability"
"672","FWM-MOD002-0017","FWM-MOD002-0017","Faux Wood Mantel MOD002 — FWM-MOD002","Критично","Missing Stock","Stock пуст","Добавить Stock/availability"
"673","FWM-MOD002-0018","FWM-MOD002-0018","Faux Wood Mantel MOD002 — FWM-MOD002","Критично","Missing Stock","Stock пуст","Добавить Stock/availability"
"674","FWM-MOD002-0019","FWM-MOD002-0019","Faux Wood Mantel MOD002 — FWM-MOD002","Критично","Missing Stock","Stock пуст","Добавить Stock/availability"
"675","FWM-MOD002-0020","FWM-MOD002-0020","Faux Wood Mantel MOD002 — FWM-MOD002","Критично","Missing Stock","Stock пуст","Добавить Stock/availability"
"676","FWM-MOD002-0021","FWM-MOD002-0021","Faux Wood Mantel MOD002 — FWM-MOD002","Критично","Missing Stock","Stock пуст","Добавить Stock/availability"
"677","FWM-MOD002-0022","FWM-MOD002-0022","Faux Wood Mantel MOD002 — FWM-MOD002","Критично","Missing Stock","Stock пуст","Добавить Stock/availability"
"678","FWM-MOD002-0023","FWM-MOD002-0023","Faux Wood Mantel MOD002 — FWM-MOD002","Критично","Missing Stock","Stock пуст","Добавить Stock/availability"
"679","FWM-MOD002-0024","FWM-MOD002-0024","Faux Wood Mantel MOD002 — FWM-MOD002","Критично","Missing Stock","Stock пуст","Добавить Stock/availability"
"680","FWM-MOD002-0025","FWM-MOD002-0025","Faux Wood Mantel MOD002 — FWM-MOD002","Критично","Missing Stock","Stock пуст","Добавить Stock/availability"
"681","FWM-MOD002-0026","FWM-MOD002-0026","Faux Wood Mantel MOD002 — FWM-MOD002","Критично","Missing Stock","Stock пуст","Добавить Stock/availability"
"682","FWM-MOD002-0027","FWM-MOD002-0027","Faux Wood Mantel MOD002 — FWM-MOD002","Критично","Missing Stock","Stock пуст","Добавить Stock/availability"
"683","FWM-MOD002-0028","FWM-MOD002-0028","Faux Wood Mantel MOD002 — FWM-MOD002","Критично","Missing Stock","Stock пуст","Добавить Stock/availability"
"684","FWM-MOD002-0029","FWM-MOD002-0029","Faux Wood Mantel MOD002 — FWM-MOD002","Критично","Missing Stock","Stock пуст","Добавить Stock/availability"
"685","FWM-MOD002-0030","FWM-MOD002-0030","Faux Wood Mantel MOD002 — FWM-MOD002","Критично","Missing Stock","Stock пуст","Добавить Stock/availability"
"686","FWM-MOD002-0031","FWM-MOD002-0031","Faux Wood Mantel MOD002 — FWM-MOD002","Критично","Missing Stock","Stock пуст","Добавить Stock/availability"
"687","FWM-MOD003-0001","FWM-MOD003-0001","Faux Wood Mantel MOD003 — FWM-MOD003","Критично","Missing Stock","Stock пуст","Добавить Stock/availability"
"688","FWM-MOD003-0002","FWM-MOD003-0002","Faux Wood Mantel MOD003 — FWM-MOD003","Критично","Missing Stock","Stock пуст","Добавить Stock/availability"
"689","FWM-MOD003-0003","FWM-MOD003-0003","Faux Wood Mantel MOD003 — FWM-MOD003","Критично","Missing Stock","Stock пуст","Добавить Stock/availability"
"690","FWM-MOD003-0004","FWM-MOD003-0004","Faux Wood Mantel MOD003 — FWM-MOD003","Критично","Missing Stock","Stock пуст","Добавить Stock/availability"
"691","FWM-MOD003-0005","FWM-MOD003-0005","Faux Wood Mantel MOD003 — FWM-MOD003","Критично","Missing Stock","Stock пуст","Добавить Stock/availability"
"692","FWM-MOD003-0006","FWM-MOD003-0006","Faux Wood Mantel MOD003 — FWM-MOD003","Критично","Missing Stock","Stock пуст","Добавить Stock/availability"
"693","FWM-MOD003-0007","FWM-MOD003-0007","Faux Wood Mantel MOD003 — FWM-MOD003","Критично","Missing Stock","Stock пуст","Добавить Stock/availability"
"694","FWM-MOD003-0008","FWM-MOD003-0008","Faux Wood Mantel MOD003 — FWM-MOD003","Критично","Missing Stock","Stock пуст","Добавить Stock/availability"
"695","FWM-MOD003-0009","FWM-MOD003-0009","Faux Wood Mantel MOD003 — FWM-MOD003","Критично","Missing Stock","Stock пуст","Добавить Stock/availability"
"696","FWM-MOD003-0010","FWM-MOD003-0010","Faux Wood Mantel MOD003 — FWM-MOD003","Критично","Missing Stock","Stock пуст","Добавить Stock/availability"
"697","FWM-MOD003-0011","FWM-MOD003-0011","Faux Wood Mantel MOD003 — FWM-MOD003","Критично","Missing Stock","Stock пуст","Добавить Stock/availability"
"698","FWM-MOD003-0012","FWM-MOD003-0012","Faux Wood Mantel MOD003 — FWM-MOD003","Критично","Missing Stock","Stock пуст","Добавить Stock/availability"
"699","FWM-MOD003-0013","FWM-MOD003-0013","Faux Wood Mantel MOD003 — FWM-MOD003","Критично","Missing Stock","Stock пуст","Добавить Stock/availability"
"700","FWM-MOD003-0014","FWM-MOD003-0014","Faux Wood Mantel MOD003 — FWM-MOD003","Критично","Missing Stock","Stock пуст","Добавить Stock/availability"
"701","FWM-MOD003-0015","FWM-MOD003-0015","Faux Wood Mantel MOD003 — FWM-MOD003","Критично","Missing Stock","Stock пуст","Добавить Stock/availability"
"702","FWM-MOD003-0016","FWM-MOD003-0016","Faux Wood Mantel MOD003 — FWM-MOD003","Критично","Missing Stock","Stock пуст","Добавить Stock/availability"
"703","FWM-MOD003-0017","FWM-MOD003-0017","Faux Wood Mantel MOD003 — FWM-MOD003","Критично","Missing Stock","Stock пуст","Добавить Stock/availability"
"704","FWM-MOD003-0018","FWM-MOD003-0018","Faux Wood Mantel MOD003 — FWM-MOD003","Критично","Missing Stock","Stock пуст","Добавить Stock/availability"
"705","FWM-MOD003-0019","FWM-MOD003-0019","Faux Wood Mantel MOD003 — FWM-MOD003","Критично","Missing Stock","Stock пуст","Добавить Stock/availability"
"706","FWM-MOD003-0020","FWM-MOD003-0020","Faux Wood Mantel MOD003 — FWM-MOD003","Критично","Missing Stock","Stock пуст","Добавить Stock/availability"
"707","FWM-MOD003-0021","FWM-MOD003-0021","Faux Wood Mantel MOD003 — FWM-MOD003","Критично","Missing Stock","Stock пуст","Добавить Stock/availability"
"708","FWM-MOD003-0022","FWM-MOD003-0022","Faux Wood Mantel MOD003 — FWM-MOD003","Критично","Missing Stock","Stock пуст","Добавить Stock/availability"
"709","FWM-MOD003-0023","FWM-MOD003-0023","Faux Wood Mantel MOD003 — FWM-MOD003","Критично","Missing Stock","Stock пуст","Добавить Stock/availability"
"710","FWM-MOD003-0024","FWM-MOD003-0024","Faux Wood Mantel MOD003 — FWM-MOD003","Критично","Missing Stock","Stock пуст","Добавить Stock/availability"
"711","FWM-MOD003-0025","FWM-MOD003-0025","Faux Wood Mantel MOD003 — FWM-MOD003","Критично","Missing Stock","Stock пуст","Добавить Stock/availability"
"712","FWM-MOD003-0026","FWM-MOD003-0026","Faux Wood Mantel MOD003 — FWM-MOD003","Критично","Missing Stock","Stock пуст","Добавить Stock/availability"
"713","FWM-MOD003-0027","FWM-MOD003-0027","Faux Wood Mantel MOD003 — FWM-MOD003","Критично","Missing Stock","Stock пуст","Добавить Stock/availability"
"714","FWM-MOD003-0028","FWM-MOD003-0028","Faux Wood Mantel MOD003 — FWM-MOD003","Критично","Missing Stock","Stock пуст","Добавить Stock/availability"
"715","FWM-MOD003-0029","FWM-MOD003-0029","Faux Wood Mantel MOD003 — FWM-MOD003","Критично","Missing Stock","Stock пуст","Добавить Stock/availability"
"716","FWM-MOD003-0030","FWM-MOD003-0030","Faux Wood Mantel MOD003 — FWM-MOD003","Критично","Missing Stock","Stock пуст","Добавить Stock/availability"
"717","FWM-MOD003-0031","FWM-MOD003-0031","Faux Wood Mantel MOD003 — FWM-MOD003","Критично","Missing Stock","Stock пуст","Добавить Stock/availability"
"718","FWM-MOD005-0001","FWM-MOD005-0001","Faux Wood Mantel MOD005 — FWM-MOD005","Критично","Missing Stock","Stock пуст","Добавить Stock/availability"
"719","FWM-MOD005-0002","FWM-MOD005-0002","Faux Wood Mantel MOD005 — FWM-MOD005","Критично","Missing Stock","Stock пуст","Добавить Stock/availability"
"720","FWM-MOD005-0003","FWM-MOD005-0003","Faux Wood Mantel MOD005 — FWM-MOD005","Критично","Missing Stock","Stock пуст","Добавить Stock/availability"
"721","FWM-MOD005-0004","FWM-MOD005-0004","Faux Wood Mantel MOD005 — FWM-MOD005","Критично","Missing Stock","Stock пуст","Добавить Stock/availability"
"722","FWM-MOD005-0005","FWM-MOD005-0005","Faux Wood Mantel MOD005 — FWM-MOD005","Критично","Missing Stock","Stock пуст","Добавить Stock/availability"
"723","FWM-MOD005-0006","FWM-MOD005-0006","Faux Wood Mantel MOD005 — FWM-MOD005","Критично","Missing Stock","Stock пуст","Добавить Stock/availability"
"724","FWM-MOD005-0007","FWM-MOD005-0007","Faux Wood Mantel MOD005 — FWM-MOD005","Критично","Missing Stock","Stock пуст","Добавить Stock/availability"
"725","FWM-MOD005-0008","FWM-MOD005-0008","Faux Wood Mantel MOD005 — FWM-MOD005","Критично","Missing Stock","Stock пуст","Добавить Stock/availability"
"726","FWM-MOD005-0009","FWM-MOD005-0009","Faux Wood Mantel MOD005 — FWM-MOD005","Критично","Missing Stock","Stock пуст","Добавить Stock/availability"
"727","FWM-MOD005-0010","FWM-MOD005-0010","Faux Wood Mantel MOD005 — FWM-MOD005","Критично","Missing Stock","Stock пуст","Добавить Stock/availability"
"728","FWM-MOD005-0011","FWM-MOD005-0011","Faux Wood Mantel MOD005 — FWM-MOD005","Критично","Missing Stock","Stock пуст","Добавить Stock/availability"
"729","FWM-MOD005-0012","FWM-MOD005-0012","Faux Wood Mantel MOD005 — FWM-MOD005","Критично","Missing Stock","Stock пуст","Добавить Stock/availability"
"730","FWM-MOD005-0013","FWM-MOD005-0013","Faux Wood Mantel MOD005 — FWM-MOD005","Критично","Missing Stock","Stock пуст","Добавить Stock/availability"
"731","FWM-MOD005-0014","FWM-MOD005-0014","Faux Wood Mantel MOD005 — FWM-MOD005","Критично","Missing Stock","Stock пуст","Добавить Stock/availability"
"732","FWM-MOD005-0015","FWM-MOD005-0015","Faux Wood Mantel MOD005 — FWM-MOD005","Критично","Missing Stock","Stock пуст","Добавить Stock/availability"
"733","FWM-MOD005-0016","FWM-MOD005-0016","Faux Wood Mantel MOD005 — FWM-MOD005","Критично","Missing Stock","Stock пуст","Добавить Stock/availability"
"734","FWM-MOD005-0017","FWM-MOD005-0017","Faux Wood Mantel MOD005 — FWM-MOD005","Критично","Missing Stock","Stock пуст","Добавить Stock/availability"
"735","FWM-MOD005-0018","FWM-MOD005-0018","Faux Wood Mantel MOD005 — FWM-MOD005","Критично","Missing Stock","Stock пуст","Добавить Stock/availability"
"736","FWM-MOD005-0019","FWM-MOD005-0019","Faux Wood Mantel MOD005 — FWM-MOD005","Критично","Missing Stock","Stock пуст","Добавить Stock/availability"
"737","FWM-MOD005-0020","FWM-MOD005-0020","Faux Wood Mantel MOD005 — FWM-MOD005","Критично","Missing Stock","Stock пуст","Добавить Stock/availability"
"738","FWM-MOD005-0021","FWM-MOD005-0021","Faux Wood Mantel MOD005 — FWM-MOD005","Критично","Missing Stock","Stock пуст","Добавить Stock/availability"
"739","FWM-MOD005-0022","FWM-MOD005-0022","Faux Wood Mantel MOD005 — FWM-MOD005","Критично","Missing Stock","Stock пуст","Добавить Stock/availability"
"740","FWM-MOD005-0023","FWM-MOD005-0023","Faux Wood Mantel MOD005 — FWM-MOD005","Критично","Missing Stock","Stock пуст","Добавить Stock/availability"
"741","FWM-MOD005-0024","FWM-MOD005-0024","Faux Wood Mantel MOD005 — FWM-MOD005","Критично","Missing Stock","Stock пуст","Добавить Stock/availability"
"742","FWM-MOD005-0025","FWM-MOD005-0025","Faux Wood Mantel MOD005 — FWM-MOD005","Критично","Missing Stock","Stock пуст","Добавить Stock/availability"
"743","FWM-MOD005-0026","FWM-MOD005-0026","Faux Wood Mantel MOD005 — FWM-MOD005","Критично","Missing Stock","Stock пуст","Добавить Stock/availability"
"744","FWM-MOD005-0027","FWM-MOD005-0027","Faux Wood Mantel MOD005 — FWM-MOD005","Критично","Missing Stock","Stock пуст","Добавить Stock/availability"
"745","FWM-MOD005-0028","FWM-MOD005-0028","Faux Wood Mantel MOD005 — FWM-MOD005","Критично","Missing Stock","Stock пуст","Добавить Stock/availability"
"746","FWM-MOD005-0029","FWM-MOD005-0029","Faux Wood Mantel MOD005 — FWM-MOD005","Критично","Missing Stock","Stock пуст","Добавить Stock/availability"
"747","FWM-MOD005-0030","FWM-MOD005-0030","Faux Wood Mantel MOD005 — FWM-MOD005","Критично","Missing Stock","Stock пуст","Добавить Stock/availability"
"748","FWM-MOD005-0031","FWM-MOD005-0031","Faux Wood Mantel MOD005 — FWM-MOD005","Критично","Missing Stock","Stock пуст","Добавить Stock/availability"
"749","FWM-MOD006-0001","FWM-MOD006-0001","Faux Wood Mantel MOD006 — FWM-MOD006","Критично","Missing Stock","Stock пуст","Добавить Stock/availability"
"750","FWM-MOD006-0002","FWM-MOD006-0002","Faux Wood Mantel MOD006 — FWM-MOD006","Критично","Missing Stock","Stock пуст","Добавить Stock/availability"
"751","FWM-MOD006-0003","FWM-MOD006-0003","Faux Wood Mantel MOD006 — FWM-MOD006","Критично","Missing Stock","Stock пуст","Добавить Stock/availability"
"752","FWM-MOD006-0004","FWM-MOD006-0004","Faux Wood Mantel MOD006 — FWM-MOD006","Критично","Missing Stock","Stock пуст","Добавить Stock/availability"
"753","FWM-MOD006-0005","FWM-MOD006-0005","Faux Wood Mantel MOD006 — FWM-MOD006","Критично","Missing Stock","Stock пуст","Добавить Stock/availability"
"754","FWM-MOD006-0006","FWM-MOD006-0006","Faux Wood Mantel MOD006 — FWM-MOD006","Критично","Missing Stock","Stock пуст","Добавить Stock/availability"
"755","FWM-MOD006-0007","FWM-MOD006-0007","Faux Wood Mantel MOD006 — FWM-MOD006","Критично","Missing Stock","Stock пуст","Добавить Stock/availability"
"756","FWM-MOD006-0008","FWM-MOD006-0008","Faux Wood Mantel MOD006 — FWM-MOD006","Критично","Missing Stock","Stock пуст","Добавить Stock/availability"
"757","FWM-MOD006-0009","FWM-MOD006-0009","Faux Wood Mantel MOD006 — FWM-MOD006","Критично","Missing Stock","Stock пуст","Добавить Stock/availability"
"758","FWM-MOD006-0010","FWM-MOD006-0010","Faux Wood Mantel MOD006 — FWM-MOD006","Критично","Missing Stock","Stock пуст","Добавить Stock/availability"
"759","FWM-MOD006-0011","FWM-MOD006-0011","Faux Wood Mantel MOD006 — FWM-MOD006","Критично","Missing Stock","Stock пуст","Добавить Stock/availability"
"760","FWM-MOD006-0012","FWM-MOD006-0012","Faux Wood Mantel MOD006 — FWM-MOD006","Критично","Missing Stock","Stock пуст","Добавить Stock/availability"
"761","FWM-MOD006-0013","FWM-MOD006-0013","Faux Wood Mantel MOD006 — FWM-MOD006","Критично","Missing Stock","Stock пуст","Добавить Stock/availability"
"762","FWM-MOD006-0014","FWM-MOD006-0014","Faux Wood Mantel MOD006 — FWM-MOD006","Критично","Missing Stock","Stock пуст","Добавить Stock/availability"
"763","FWM-MOD006-0015","FWM-MOD006-0015","Faux Wood Mantel MOD006 — FWM-MOD006","Критично","Missing Stock","Stock пуст","Добавить Stock/availability"
"764","FWM-MOD006-0016","FWM-MOD006-0016","Faux Wood Mantel MOD006 — FWM-MOD006","Критично","Missing Stock","Stock пуст","Добавить Stock/availability"
"765","FWM-MOD006-0017","FWM-MOD006-0017","Faux Wood Mantel MOD006 — FWM-MOD006","Критично","Missing Stock","Stock пуст","Добавить Stock/availability"
"766","FWM-MOD006-0018","FWM-MOD006-0018","Faux Wood Mantel MOD006 — FWM-MOD006","Критично","Missing Stock","Stock пуст","Добавить Stock/availability"
"767","FWM-MOD006-0019","FWM-MOD006-0019","Faux Wood Mantel MOD006 — FWM-MOD006","Критично","Missing Stock","Stock пуст","Добавить Stock/availability"
"768","FWM-MOD006-0020","FWM-MOD006-0020","Faux Wood Mantel MOD006 — FWM-MOD006","Критично","Missing Stock","Stock пуст","Добавить Stock/availability"
"769","FWM-MOD006-0021","FWM-MOD006-0021","Faux Wood Mantel MOD006 — FWM-MOD006","Критично","Missing Stock","Stock пуст","Добавить Stock/availability"
"770","FWM-MOD006-0022","FWM-MOD006-0022","Faux Wood Mantel MOD006 — FWM-MOD006","Критично","Missing Stock","Stock пуст","Добавить Stock/availability"
"771","FWM-MOD006-0023","FWM-MOD006-0023","Faux Wood Mantel MOD006 — FWM-MOD006","Критично","Missing Stock","Stock пуст","Добавить Stock/availability"
"772","FWM-MOD006-0024","FWM-MOD006-0024","Faux Wood Mantel MOD006 — FWM-MOD006","Критично","Missing Stock","Stock пуст","Добавить Stock/availability"
"773","FWM-MOD006-0025","FWM-MOD006-0025","Faux Wood Mantel MOD006 — FWM-MOD006","Критично","Missing Stock","Stock пуст","Добавить Stock/availability"
"774","FWM-MOD006-0026","FWM-MOD006-0026","Faux Wood Mantel MOD006 — FWM-MOD006","Критично","Missing Stock","Stock пуст","Добавить Stock/availability"
"775","FWM-MOD006-0027","FWM-MOD006-0027","Faux Wood Mantel MOD006 — FWM-MOD006","Критично","Missing Stock","Stock пуст","Добавить Stock/availability"
"776","FWM-MOD006-0028","FWM-MOD006-0028","Faux Wood Mantel MOD006 — FWM-MOD006","Критично","Missing Stock","Stock пуст","Добавить Stock/availability"
"777","FWM-MOD006-0029","FWM-MOD006-0029","Faux Wood Mantel MOD006 — FWM-MOD006","Критично","Missing Stock","Stock пуст","Добавить Stock/availability"
"778","FWM-MOD006-0030","FWM-MOD006-0030","Faux Wood Mantel MOD006 — FWM-MOD006","Критично","Missing Stock","Stock пуст","Добавить Stock/availability"
"779","FWM-MOD006-0031","FWM-MOD006-0031","Faux Wood Mantel MOD006 — FWM-MOD006","Критично","Missing Stock","Stock пуст","Добавить Stock/availability"
"780","FWM-MOD007-0001","FWM-MOD007-0001","Faux Wood Mantel MOD007 — FWM-MOD007","Критично","Missing Stock","Stock пуст","Добавить Stock/availability"
"781","FWM-MOD007-0002","FWM-MOD007-0002","Faux Wood Mantel MOD007 — FWM-MOD007","Критично","Missing Stock","Stock пуст","Добавить Stock/availability"
"782","FWM-MOD007-0003","FWM-MOD007-0003","Faux Wood Mantel MOD007 — FWM-MOD007","Критично","Missing Stock","Stock пуст","Добавить Stock/availability"
"783","FWM-MOD007-0004","FWM-MOD007-0004","Faux Wood Mantel MOD007 — FWM-MOD007","Критично","Missing Stock","Stock пуст","Добавить Stock/availability"
"784","FWM-MOD007-0005","FWM-MOD007-0005","Faux Wood Mantel MOD007 — FWM-MOD007","Критично","Missing Stock","Stock пуст","Добавить Stock/availability"
"785","FWM-MOD007-0006","FWM-MOD007-0006","Faux Wood Mantel MOD007 — FWM-MOD007","Критично","Missing Stock","Stock пуст","Добавить Stock/availability"
"786","FWM-MOD007-0007","FWM-MOD007-0007","Faux Wood Mantel MOD007 — FWM-MOD007","Критично","Missing Stock","Stock пуст","Добавить Stock/availability"
"787","FWM-MOD007-0008","FWM-MOD007-0008","Faux Wood Mantel MOD007 — FWM-MOD007","Критично","Missing Stock","Stock пуст","Добавить Stock/availability"
"788","FWM-MOD007-0009","FWM-MOD007-0009","Faux Wood Mantel MOD007 — FWM-MOD007","Критично","Missing Stock","Stock пуст","Добавить Stock/availability"
"789","FWM-MOD007-0010","FWM-MOD007-0010","Faux Wood Mantel MOD007 — FWM-MOD007","Критично","Missing Stock","Stock пуст","Добавить Stock/availability"
"790","FWM-MOD007-0011","FWM-MOD007-0011","Faux Wood Mantel MOD007 — FWM-MOD007","Критично","Missing Stock","Stock пуст","Добавить Stock/availability"
"791","FWM-MOD007-0012","FWM-MOD007-0012","Faux Wood Mantel MOD007 — FWM-MOD007","Критично","Missing Stock","Stock пуст","Добавить Stock/availability"
"792","FWM-MOD007-0013","FWM-MOD007-0013","Faux Wood Mantel MOD007 — FWM-MOD007","Критично","Missing Stock","Stock пуст","Добавить Stock/availability"
"793","FWM-MOD007-0014","FWM-MOD007-0014","Faux Wood Mantel MOD007 — FWM-MOD007","Критично","Missing Stock","Stock пуст","Добавить Stock/availability"
"794","FWM-MOD007-0015","FWM-MOD007-0015","Faux Wood Mantel MOD007 — FWM-MOD007","Критично","Missing Stock","Stock пуст","Добавить Stock/availability"
"795","FWM-MOD007-0016","FWM-MOD007-0016","Faux Wood Mantel MOD007 — FWM-MOD007","Критично","Missing Stock","Stock пуст","Добавить Stock/availability"
"796","FWM-MOD007-0017","FWM-MOD007-0017","Faux Wood Mantel MOD007 — FWM-MOD007","Критично","Missing Stock","Stock пуст","Добавить Stock/availability"
"797","FWM-MOD007-0018","FWM-MOD007-0018","Faux Wood Mantel MOD007 — FWM-MOD007","Критично","Missing Stock","Stock пуст","Добавить Stock/availability"
"798","FWM-MOD007-0019","FWM-MOD007-0019","Faux Wood Mantel MOD007 — FWM-MOD007","Критично","Missing Stock","Stock пуст","Добавить Stock/availability"
"799","FWM-MOD007-0020","FWM-MOD007-0020","Faux Wood Mantel MOD007 — FWM-MOD007","Критично","Missing Stock","Stock пуст","Добавить Stock/availability"
"800","FWM-MOD007-0021","FWM-MOD007-0021","Faux Wood Mantel MOD007 — FWM-MOD007","Критично","Missing Stock","Stock пуст","Добавить Stock/availability"
"801","FWM-MOD007-0022","FWM-MOD007-0022","Faux Wood Mantel MOD007 — FWM-MOD007","Критично","Missing Stock","Stock пуст","Добавить Stock/availability"
"802","FWM-MOD007-0023","FWM-MOD007-0023","Faux Wood Mantel MOD007 — FWM-MOD007","Критично","Missing Stock","Stock пуст","Добавить Stock/availability"
"803","FWM-MOD007-0024","FWM-MOD007-0024","Faux Wood Mantel MOD007 — FWM-MOD007","Критично","Missing Stock","Stock пуст","Добавить Stock/availability"
"804","FWM-MOD007-0025","FWM-MOD007-0025","Faux Wood Mantel MOD007 — FWM-MOD007","Критично","Missing Stock","Stock пуст","Добавить Stock/availability"
"805","FWM-MOD007-0026","FWM-MOD007-0026","Faux Wood Mantel MOD007 — FWM-MOD007","Критично","Missing Stock","Stock пуст","Добавить Stock/availability"
"806","FWM-MOD007-0027","FWM-MOD007-0027","Faux Wood Mantel MOD007 — FWM-MOD007","Критично","Missing Stock","Stock пуст","Добавить Stock/availability"
"807","FWM-MOD007-0028","FWM-MOD007-0028","Faux Wood Mantel MOD007 — FWM-MOD007","Критично","Missing Stock","Stock пуст","Добавить Stock/availability"
"808","FWM-MOD007-0029","FWM-MOD007-0029","Faux Wood Mantel MOD007 — FWM-MOD007","Критично","Missing Stock","Stock пуст","Добавить Stock/availability"
"809","FWM-MOD007-0030","FWM-MOD007-0030","Faux Wood Mantel MOD007 — FWM-MOD007","Критично","Missing Stock","Stock пуст","Добавить Stock/availability"
"810","FWM-MOD007-0031","FWM-MOD007-0031","Faux Wood Mantel MOD007 — FWM-MOD007","Критично","Missing Stock","Stock пуст","Добавить Stock/availability"
"811","FWM-MOD008-0001","FWM-MOD008-0001","Faux Wood Mantel MOD008 — FWM-MOD008","Критично","Missing Stock","Stock пуст","Добавить Stock/availability"
"812","FWM-MOD008-0002","FWM-MOD008-0002","Faux Wood Mantel MOD008 — FWM-MOD008","Критично","Missing Stock","Stock пуст","Добавить Stock/availability"
"813","FWM-MOD008-0003","FWM-MOD008-0003","Faux Wood Mantel MOD008 — FWM-MOD008","Критично","Missing Stock","Stock пуст","Добавить Stock/availability"
"814","FWM-MOD008-0004","FWM-MOD008-0004","Faux Wood Mantel MOD008 — FWM-MOD008","Критично","Missing Stock","Stock пуст","Добавить Stock/availability"
"815","FWM-MOD008-0005","FWM-MOD008-0005","Faux Wood Mantel MOD008 — FWM-MOD008","Критично","Missing Stock","Stock пуст","Добавить Stock/availability"
"816","FWM-MOD008-0006","FWM-MOD008-0006","Faux Wood Mantel MOD008 — FWM-MOD008","Критично","Missing Stock","Stock пуст","Добавить Stock/availability"
"817","FWM-MOD008-0007","FWM-MOD008-0007","Faux Wood Mantel MOD008 — FWM-MOD008","Критично","Missing Stock","Stock пуст","Добавить Stock/availability"
"818","FWM-MOD008-0008","FWM-MOD008-0008","Faux Wood Mantel MOD008 — FWM-MOD008","Критично","Missing Stock","Stock пуст","Добавить Stock/availability"
"819","FWM-MOD008-0009","FWM-MOD008-0009","Faux Wood Mantel MOD008 — FWM-MOD008","Критично","Missing Stock","Stock пуст","Добавить Stock/availability"
"820","FWM-MOD008-0010","FWM-MOD008-0010","Faux Wood Mantel MOD008 — FWM-MOD008","Критично","Missing Stock","Stock пуст","Добавить Stock/availability"
"821","FWM-MOD008-0011","FWM-MOD008-0011","Faux Wood Mantel MOD008 — FWM-MOD008","Критично","Missing Stock","Stock пуст","Добавить Stock/availability"
"822","FWM-MOD008-0012","FWM-MOD008-0012","Faux Wood Mantel MOD008 — FWM-MOD008","Критично","Missing Stock","Stock пуст","Добавить Stock/availability"
"823","FWM-MOD008-0013","FWM-MOD008-0013","Faux Wood Mantel MOD008 — FWM-MOD008","Критично","Missing Stock","Stock пуст","Добавить Stock/availability"
"824","FWM-MOD008-0014","FWM-MOD008-0014","Faux Wood Mantel MOD008 — FWM-MOD008","Критично","Missing Stock","Stock пуст","Добавить Stock/availability"
"825","FWM-MOD008-0015","FWM-MOD008-0015","Faux Wood Mantel MOD008 — FWM-MOD008","Критично","Missing Stock","Stock пуст","Добавить Stock/availability"
"826","FWM-MOD008-0016","FWM-MOD008-0016","Faux Wood Mantel MOD008 — FWM-MOD008","Критично","Missing Stock","Stock пуст","Добавить Stock/availability"
"827","FWM-MOD008-0017","FWM-MOD008-0017","Faux Wood Mantel MOD008 — FWM-MOD008","Критично","Missing Stock","Stock пуст","Добавить Stock/availability"
"828","FWM-MOD008-0018","FWM-MOD008-0018","Faux Wood Mantel MOD008 — FWM-MOD008","Критично","Missing Stock","Stock пуст","Добавить Stock/availability"
"829","FWM-MOD008-0019","FWM-MOD008-0019","Faux Wood Mantel MOD008 — FWM-MOD008","Критично","Missing Stock","Stock пуст","Добавить Stock/availability"
"830","FWM-MOD008-0020","FWM-MOD008-0020","Faux Wood Mantel MOD008 — FWM-MOD008","Критично","Missing Stock","Stock пуст","Добавить Stock/availability"
"831","FWM-MOD008-0021","FWM-MOD008-0021","Faux Wood Mantel MOD008 — FWM-MOD008","Критично","Missing Stock","Stock пуст","Добавить Stock/availability"
"832","FWM-MOD008-0022","FWM-MOD008-0022","Faux Wood Mantel MOD008 — FWM-MOD008","Критично","Missing Stock","Stock пуст","Добавить Stock/availability"
"833","FWM-MOD008-0023","FWM-MOD008-0023","Faux Wood Mantel MOD008 — FWM-MOD008","Критично","Missing Stock","Stock пуст","Добавить Stock/availability"
"834","FWM-MOD008-0024","FWM-MOD008-0024","Faux Wood Mantel MOD008 — FWM-MOD008","Критично","Missing Stock","Stock пуст","Добавить Stock/availability"
"835","FWM-MOD008-0025","FWM-MOD008-0025","Faux Wood Mantel MOD008 — FWM-MOD008","Критично","Missing Stock","Stock пуст","Добавить Stock/availability"
"836","FWM-MOD008-0026","FWM-MOD008-0026","Faux Wood Mantel MOD008 — FWM-MOD008","Критично","Missing Stock","Stock пуст","Добавить Stock/availability"
"837","FWM-MOD008-0027","FWM-MOD008-0027","Faux Wood Mantel MOD008 — FWM-MOD008","Критично","Missing Stock","Stock пуст","Добавить Stock/availability"
"838","FWM-MOD008-0028","FWM-MOD008-0028","Faux Wood Mantel MOD008 — FWM-MOD008","Критично","Missing Stock","Stock пуст","Добавить Stock/availability"
"839","FWM-MOD008-0029","FWM-MOD008-0029","Faux Wood Mantel MOD008 — FWM-MOD008","Критично","Missing Stock","Stock пуст","Добавить Stock/availability"
"840","FWM-MOD008-0030","FWM-MOD008-0030","Faux Wood Mantel MOD008 — FWM-MOD008","Критично","Missing Stock","Stock пуст","Добавить Stock/availability"
"841","FWM-MOD008-0031","FWM-MOD008-0031","Faux Wood Mantel MOD008 — FWM-MOD008","Критично","Missing Stock","Stock пуст","Добавить Stock/availability"
"842","FWB-MOD004-0001","FWB-MOD004-0001","Faux Wood Beam MOD004 — FWB-MOD004","Критично","Missing Stock","Stock пуст","Добавить Stock/availability"
"843","FWB-MOD004-0002","FWB-MOD004-0002","Faux Wood Beam MOD004 — FWB-MOD004","Критично","Missing Stock","Stock пуст","Добавить Stock/availability"
"844","FWB-MOD004-0003","FWB-MOD004-0003","Faux Wood Beam MOD004 — FWB-MOD004","Критично","Missing Stock","Stock пуст","Добавить Stock/availability"
"845","FWB-MOD004-0004","FWB-MOD004-0004","Faux Wood Beam MOD004 — FWB-MOD004","Критично","Missing Stock","Stock пуст","Добавить Stock/availability"
"846","FWB-MOD004-0005","FWB-MOD004-0005","Faux Wood Beam MOD004 — FWB-MOD004","Критично","Missing Stock","Stock пуст","Добавить Stock/availability"
"847","FWB-MOD004-0006","FWB-MOD004-0006","Faux Wood Beam MOD004 — FWB-MOD004","Критично","Missing Stock","Stock пуст","Добавить Stock/availability"
"848","FWB-MOD004-0007","FWB-MOD004-0007","Faux Wood Beam MOD004 — FWB-MOD004","Критично","Missing Stock","Stock пуст","Добавить Stock/availability"
"849","FWB-MOD004-0008","FWB-MOD004-0008","Faux Wood Beam MOD004 — FWB-MOD004","Критично","Missing Stock","Stock пуст","Добавить Stock/availability"
"850","FWB-MOD004-0009","FWB-MOD004-0009","Faux Wood Beam MOD004 — FWB-MOD004","Критично","Missing Stock","Stock пуст","Добавить Stock/availability"
"851","FWB-MOD004-0010","FWB-MOD004-0010","Faux Wood Beam MOD004 — FWB-MOD004","Критично","Missing Stock","Stock пуст","Добавить Stock/availability"
"852","FWB-MOD004-0011","FWB-MOD004-0011","Faux Wood Beam MOD004 — FWB-MOD004","Критично","Missing Stock","Stock пуст","Добавить Stock/availability"
"853","FWB-MOD004-0012","FWB-MOD004-0012","Faux Wood Beam MOD004 — FWB-MOD004","Критично","Missing Stock","Stock пуст","Добавить Stock/availability"
"854","FWB-MOD004-0013","FWB-MOD004-0013","Faux Wood Beam MOD004 — FWB-MOD004","Критично","Missing Stock","Stock пуст","Добавить Stock/availability"
"855","FWB-MOD004-0014","FWB-MOD004-0014","Faux Wood Beam MOD004 — FWB-MOD004","Критично","Missing Stock","Stock пуст","Добавить Stock/availability"
"856","FWB-MOD004-0015","FWB-MOD004-0015","Faux Wood Beam MOD004 — FWB-MOD004","Критично","Missing Stock","Stock пуст","Добавить Stock/availability"
"857","FWB-MOD004-0016","FWB-MOD004-0016","Faux Wood Beam MOD004 — FWB-MOD004","Критично","Missing Stock","Stock пуст","Добавить Stock/availability"
"858","FWB-MOD004-0017","FWB-MOD004-0017","Faux Wood Beam MOD004 — FWB-MOD004","Критично","Missing Stock","Stock пуст","Добавить Stock/availability"
"859","FWB-MOD004-0018","FWB-MOD004-0018","Faux Wood Beam MOD004 — FWB-MOD004","Критично","Missing Stock","Stock пуст","Добавить Stock/availability"
"860","FWB-MOD004-0019","FWB-MOD004-0019","Faux Wood Beam MOD004 — FWB-MOD004","Критично","Missing Stock","Stock пуст","Добавить Stock/availability"
"861","FWB-MOD004-0020","FWB-MOD004-0020","Faux Wood Beam MOD004 — FWB-MOD004","Критично","Missing Stock","Stock пуст","Добавить Stock/availability"
"862","FWB-MOD004-0021","FWB-MOD004-0021","Faux Wood Beam MOD004 — FWB-MOD004","Критично","Missing Stock","Stock пуст","Добавить Stock/availability"
"863","FWB-MOD004-0022","FWB-MOD004-0022","Faux Wood Beam MOD004 — FWB-MOD004","Критично","Missing Stock","Stock пуст","Добавить Stock/availability"
"864","FWB-MOD004-0023","FWB-MOD004-0023","Faux Wood Beam MOD004 — FWB-MOD004","Критично","Missing Stock","Stock пуст","Добавить Stock/availability"
"865","FWB-MOD004-0024","FWB-MOD004-0024","Faux Wood Beam MOD004 — FWB-MOD004","Критично","Missing Stock","Stock пуст","Добавить Stock/availability"
"866","FWB-MOD004-0025","FWB-MOD004-0025","Faux Wood Beam MOD004 — FWB-MOD004","Критично","Missing Stock","Stock пуст","Добавить Stock/availability"
"867","FWB-MOD004-0026","FWB-MOD004-0026","Faux Wood Beam MOD004 — FWB-MOD004","Критично","Missing Stock","Stock пуст","Добавить Stock/availability"
"868","FWB-MOD004-0027","FWB-MOD004-0027","Faux Wood Beam MOD004 — FWB-MOD004","Критично","Missing Stock","Stock пуст","Добавить Stock/availability"
"869","FWB-MOD004-0028","FWB-MOD004-0028","Faux Wood Beam MOD004 — FWB-MOD004","Критично","Missing Stock","Stock пуст","Добавить Stock/availability"
"870","FWB-MOD004-0029","FWB-MOD004-0029","Faux Wood Beam MOD004 — FWB-MOD004","Критично","Missing Stock","Stock пуст","Добавить Stock/availability"
"871","FWB-MOD004-0030","FWB-MOD004-0030","Faux Wood Beam MOD004 — FWB-MOD004","Критично","Missing Stock","Stock пуст","Добавить Stock/availability"
"872","FWB-MOD004-0031","FWB-MOD004-0031","Faux Wood Beam MOD004 — FWB-MOD004","Критично","Missing Stock","Stock пуст","Добавить Stock/availability"
"873","FWB-MOD004-0032","FWB-MOD004-0032","Faux Wood Beam MOD004 — FWB-MOD004","Критично","Missing Stock","Stock пуст","Добавить Stock/availability"
"874","FWB-MOD004-0033","FWB-MOD004-0033","Faux Wood Beam MOD004 — FWB-MOD004","Критично","Missing Stock","Stock пуст","Добавить Stock/availability"
"875","FWB-MOD004-0034","FWB-MOD004-0034","Faux Wood Beam MOD004 — FWB-MOD004","Критично","Missing Stock","Stock пуст","Добавить Stock/availability"
"876","FWB-MOD004-0035","FWB-MOD004-0035","Faux Wood Beam MOD004 — FWB-MOD004","Критично","Missing Stock","Stock пуст","Добавить Stock/availability"
"877","FWB-MOD004-0036","FWB-MOD004-0036","Faux Wood Beam MOD004 — FWB-MOD004","Критично","Missing Stock","Stock пуст","Добавить Stock/availability"
"878","FWB-MOD004-0037","FWB-MOD004-0037","Faux Wood Beam MOD004 — FWB-MOD004","Критично","Missing Stock","Stock пуст","Добавить Stock/availability"
"879","FWB-MOD004-0038","FWB-MOD004-0038","Faux Wood Beam MOD004 — FWB-MOD004","Критично","Missing Stock","Stock пуст","Добавить Stock/availability"
"880","FWB-MOD004-0039","FWB-MOD004-0039","Faux Wood Beam MOD004 — FWB-MOD004","Критично","Missing Stock","Stock пуст","Добавить Stock/availability"
"881","FWB-MOD004-0040","FWB-MOD004-0040","Faux Wood Beam MOD004 — FWB-MOD004","Критично","Missing Stock","Stock пуст","Добавить Stock/availability"
"882","FWB-MOD004-0041","FWB-MOD004-0041","Faux Wood Beam MOD004 — FWB-MOD004","Критично","Missing Stock","Stock пуст","Добавить Stock/availability"
"883","FWB-MOD004-0042","FWB-MOD004-0042","Faux Wood Beam MOD004 — FWB-MOD004","Критично","Missing Stock","Stock пуст","Добавить Stock/availability"
"884","FWB-MOD004-0043","FWB-MOD004-0043","Faux Wood Beam MOD004 — FWB-MOD004","Критично","Missing Stock","Stock пуст","Добавить Stock/availability"
"885","FWB-MOD004-0044","FWB-MOD004-0044","Faux Wood Beam MOD004 — FWB-MOD004","Критично","Missing Stock","Stock пуст","Добавить Stock/availability"
"886","FWB-MOD004-0045","FWB-MOD004-0045","Faux Wood Beam MOD004 — FWB-MOD004","Критично","Missing Stock","Stock пуст","Добавить Stock/availability"
"887","FWB-MOD004-0046","FWB-MOD004-0046","Faux Wood Beam MOD004 — FWB-MOD004","Критично","Missing Stock","Stock пуст","Добавить Stock/availability"
"888","FWB-MOD004-0047","FWB-MOD004-0047","Faux Wood Beam MOD004 — FWB-MOD004","Критично","Missing Stock","Stock пуст","Добавить Stock/availability"
"889","FWB-MOD004-0048","FWB-MOD004-0048","Faux Wood Beam MOD004 — FWB-MOD004","Критично","Missing Stock","Stock пуст","Добавить Stock/availability"
"890","FWB-MOD004-0049","FWB-MOD004-0049","Faux Wood Beam MOD004 — FWB-MOD004","Критично","Missing Stock","Stock пуст","Добавить Stock/availability"
"891","FWB-MOD004-0050","FWB-MOD004-0050","Faux Wood Beam MOD004 — FWB-MOD004","Критично","Missing Stock","Stock пуст","Добавить Stock/availability"
"892","FWB-MOD004-0051","FWB-MOD004-0051","Faux Wood Beam MOD004 — FWB-MOD004","Критично","Missing Stock","Stock пуст","Добавить Stock/availability"
"893","FWB-MOD004-0052","FWB-MOD004-0052","Faux Wood Beam MOD004 — FWB-MOD004","Критично","Missing Stock","Stock пуст","Добавить Stock/availability"
"894","FWB-MOD004-0053","FWB-MOD004-0053","Faux Wood Beam MOD004 — FWB-MOD004","Критично","Missing Stock","Stock пуст","Добавить Stock/availability"
"895","FWB-MOD004-0054","FWB-MOD004-0054","Faux Wood Beam MOD004 — FWB-MOD004","Критично","Missing Stock","Stock пуст","Добавить Stock/availability"
"896","FWB-MOD004-0055","FWB-MOD004-0055","Faux Wood Beam MOD004 — FWB-MOD004","Критично","Missing Stock","Stock пуст","Добавить Stock/availability"
"897","FWB-MOD004-0056","FWB-MOD004-0056","Faux Wood Beam MOD004 — FWB-MOD004","Критично","Missing Stock","Stock пуст","Добавить Stock/availability"
"898","FWB-MOD004-0057","FWB-MOD004-0057","Faux Wood Beam MOD004 — FWB-MOD004","Критично","Missing Stock","Stock пуст","Добавить Stock/availability"
"899","FWB-MOD004-0058","FWB-MOD004-0058","Faux Wood Beam MOD004 — FWB-MOD004","Критично","Missing Stock","Stock пуст","Добавить Stock/availability"
"900","FWB-MOD004-0059","FWB-MOD004-0059","Faux Wood Beam MOD004 — FWB-MOD004","Критично","Missing Stock","Stock пуст","Добавить Stock/availability"
"901","FWB-MOD004-0060","FWB-MOD004-0060","Faux Wood Beam MOD004 — FWB-MOD004","Критично","Missing Stock","Stock пуст","Добавить Stock/availability"
"902","FWB-MOD004-0061","FWB-MOD004-0061","Faux Wood Beam MOD004 — FWB-MOD004","Критично","Missing Stock","Stock пуст","Добавить Stock/availability"
"903","FWB-MOD004-0062","FWB-MOD004-0062","Faux Wood Beam MOD004 — FWB-MOD004","Критично","Missing Stock","Stock пуст","Добавить Stock/availability"
"904","FWB-MOD004-0063","FWB-MOD004-0063","Faux Wood Beam MOD004 — FWB-MOD004","Критично","Missing Stock","Stock пуст","Добавить Stock/availability"
"905","FWB-MOD004-0064","FWB-MOD004-0064","Faux Wood Beam MOD004 — FWB-MOD004","Критично","Missing Stock","Stock пуст","Добавить Stock/availability"
"906","FWB-MOD004-0065","FWB-MOD004-0065","Faux Wood Beam MOD004 — FWB-MOD004","Критично","Missing Stock","Stock пуст","Добавить Stock/availability"
"907","FWB-MOD004-0066","FWB-MOD004-0066","Faux Wood Beam MOD004 — FWB-MOD004","Критично","Missing Stock","Stock пуст","Добавить Stock/availability"
"908","FWB-MOD004-0067","FWB-MOD004-0067","Faux Wood Beam MOD004 — FWB-MOD004","Критично","Missing Stock","Stock пуст","Добавить Stock/availability"
"909","FWB-MOD004-0068","FWB-MOD004-0068","Faux Wood Beam MOD004 — FWB-MOD004","Критично","Missing Stock","Stock пуст","Добавить Stock/availability"
"910","FWB-MOD004-0069","FWB-MOD004-0069","Faux Wood Beam MOD004 — FWB-MOD004","Критично","Missing Stock","Stock пуст","Добавить Stock/availability"
"911","FWB-MOD004-0070","FWB-MOD004-0070","Faux Wood Beam MOD004 — FWB-MOD004","Критично","Missing Stock","Stock пуст","Добавить Stock/availability"
"912","FWB-MOD004-0071","FWB-MOD004-0071","Faux Wood Beam MOD004 — FWB-MOD004","Критично","Missing Stock","Stock пуст","Добавить Stock/availability"
"913","FWB-MOD004-0072","FWB-MOD004-0072","Faux Wood Beam MOD004 — FWB-MOD004","Критично","Missing Stock","Stock пуст","Добавить Stock/availability"
"914","FWB-MOD004-0073","FWB-MOD004-0073","Faux Wood Beam MOD004 — FWB-MOD004","Критично","Missing Stock","Stock пуст","Добавить Stock/availability"
"915","FWB-MOD004-0074","FWB-MOD004-0074","Faux Wood Beam MOD004 — FWB-MOD004","Критично","Missing Stock","Stock пуст","Добавить Stock/availability"
"916","FWB-MOD004-0075","FWB-MOD004-0075","Faux Wood Beam MOD004 — FWB-MOD004","Критично","Missing Stock","Stock пуст","Добавить Stock/availability"
"917","FWB-MOD004-0076","FWB-MOD004-0076","Faux Wood Beam MOD004 — FWB-MOD004","Критично","Missing Stock","Stock пуст","Добавить Stock/availability"
"918","FWB-MOD004-0077","FWB-MOD004-0077","Faux Wood Beam MOD004 — FWB-MOD004","Критично","Missing Stock","Stock пуст","Добавить Stock/availability"
"919","FWB-MOD004-0078","FWB-MOD004-0078","Faux Wood Beam MOD004 — FWB-MOD004","Критично","Missing Stock","Stock пуст","Добавить Stock/availability"
"920","FWB-MOD004-0079","FWB-MOD004-0079","Faux Wood Beam MOD004 — FWB-MOD004","Критично","Missing Stock","Stock пуст","Добавить Stock/availability"
"921","FWB-MOD004-0080","FWB-MOD004-0080","Faux Wood Beam MOD004 — FWB-MOD004","Критично","Missing Stock","Stock пуст","Добавить Stock/availability"
"922","FWB-MOD004-0081","FWB-MOD004-0081","Faux Wood Beam MOD004 — FWB-MOD004","Критично","Missing Stock","Stock пуст","Добавить Stock/availability"
"923","FWB-MOD005-0001","FWB-MOD005-0001","Faux Wood Beam MOD005 — FWB-MOD005","Критично","Missing Stock","Stock пуст","Добавить Stock/availability"
"924","FWB-MOD005-0002","FWB-MOD005-0002","Faux Wood Beam MOD005 — FWB-MOD005","Критично","Missing Stock","Stock пуст","Добавить Stock/availability"
"925","FWB-MOD005-0003","FWB-MOD005-0003","Faux Wood Beam MOD005 — FWB-MOD005","Критично","Missing Stock","Stock пуст","Добавить Stock/availability"
"926","FWB-MOD005-0004","FWB-MOD005-0004","Faux Wood Beam MOD005 — FWB-MOD005","Критично","Missing Stock","Stock пуст","Добавить Stock/availability"
"927","FWB-MOD005-0005","FWB-MOD005-0005","Faux Wood Beam MOD005 — FWB-MOD005","Критично","Missing Stock","Stock пуст","Добавить Stock/availability"
"928","FWB-MOD005-0006","FWB-MOD005-0006","Faux Wood Beam MOD005 — FWB-MOD005","Критично","Missing Stock","Stock пуст","Добавить Stock/availability"
"929","FWB-MOD005-0007","FWB-MOD005-0007","Faux Wood Beam MOD005 — FWB-MOD005","Критично","Missing Stock","Stock пуст","Добавить Stock/availability"
"930","FWB-MOD005-0008","FWB-MOD005-0008","Faux Wood Beam MOD005 — FWB-MOD005","Критично","Missing Stock","Stock пуст","Добавить Stock/availability"
"931","FWB-MOD005-0009","FWB-MOD005-0009","Faux Wood Beam MOD005 — FWB-MOD005","Критично","Missing Stock","Stock пуст","Добавить Stock/availability"
"932","FWB-MOD005-0010","FWB-MOD005-0010","Faux Wood Beam MOD005 — FWB-MOD005","Критично","Missing Stock","Stock пуст","Добавить Stock/availability"
"933","FWB-MOD005-0011","FWB-MOD005-0011","Faux Wood Beam MOD005 — FWB-MOD005","Критично","Missing Stock","Stock пуст","Добавить Stock/availability"
"934","FWB-MOD005-0012","FWB-MOD005-0012","Faux Wood Beam MOD005 — FWB-MOD005","Критично","Missing Stock","Stock пуст","Добавить Stock/availability"
"935","FWB-MOD005-0013","FWB-MOD005-0013","Faux Wood Beam MOD005 — FWB-MOD005","Критично","Missing Stock","Stock пуст","Добавить Stock/availability"
"936","FWB-MOD005-0014","FWB-MOD005-0014","Faux Wood Beam MOD005 — FWB-MOD005","Критично","Missing Stock","Stock пуст","Добавить Stock/availability"
"937","FWB-MOD005-0015","FWB-MOD005-0015","Faux Wood Beam MOD005 — FWB-MOD005","Критично","Missing Stock","Stock пуст","Добавить Stock/availability"
"938","FWB-MOD005-0016","FWB-MOD005-0016","Faux Wood Beam MOD005 — FWB-MOD005","Критично","Missing Stock","Stock пуст","Добавить Stock/availability"
"939","FWB-MOD005-0017","FWB-MOD005-0017","Faux Wood Beam MOD005 — FWB-MOD005","Критично","Missing Stock","Stock пуст","Добавить Stock/availability"
"940","FWB-MOD005-0018","FWB-MOD005-0018","Faux Wood Beam MOD005 — FWB-MOD005","Критично","Missing Stock","Stock пуст","Добавить Stock/availability"
"941","FWB-MOD005-0019","FWB-MOD005-0019","Faux Wood Beam MOD005 — FWB-MOD005","Критично","Missing Stock","Stock пуст","Добавить Stock/availability"
"942","FWB-MOD005-0020","FWB-MOD005-0020","Faux Wood Beam MOD005 — FWB-MOD005","Критично","Missing Stock","Stock пуст","Добавить Stock/availability"
"943","FWB-MOD005-0021","FWB-MOD005-0021","Faux Wood Beam MOD005 — FWB-MOD005","Критично","Missing Stock","Stock пуст","Добавить Stock/availability"
"944","FWB-MOD005-0022","FWB-MOD005-0022","Faux Wood Beam MOD005 — FWB-MOD005","Критично","Missing Stock","Stock пуст","Добавить Stock/availability"
"945","FWB-MOD005-0023","FWB-MOD005-0023","Faux Wood Beam MOD005 — FWB-MOD005","Критично","Missing Stock","Stock пуст","Добавить Stock/availability"
"946","FWB-MOD005-0024","FWB-MOD005-0024","Faux Wood Beam MOD005 — FWB-MOD005","Критично","Missing Stock","Stock пуст","Добавить Stock/availability"
"947","FWB-MOD005-0025","FWB-MOD005-0025","Faux Wood Beam MOD005 — FWB-MOD005","Критично","Missing Stock","Stock пуст","Добавить Stock/availability"
"948","FWB-MOD005-0026","FWB-MOD005-0026","Faux Wood Beam MOD005 — FWB-MOD005","Критично","Missing Stock","Stock пуст","Добавить Stock/availability"
"949","FWB-MOD005-0027","FWB-MOD005-0027","Faux Wood Beam MOD005 — FWB-MOD005","Критично","Missing Stock","Stock пуст","Добавить Stock/availability"
"950","FWB-MOD005-0028","FWB-MOD005-0028","Faux Wood Beam MOD005 — FWB-MOD005","Критично","Missing Stock","Stock пуст","Добавить Stock/availability"
"951","FWB-MOD005-0029","FWB-MOD005-0029","Faux Wood Beam MOD005 — FWB-MOD005","Критично","Missing Stock","Stock пуст","Добавить Stock/availability"
"952","FWB-MOD005-0030","FWB-MOD005-0030","Faux Wood Beam MOD005 — FWB-MOD005","Критично","Missing Stock","Stock пуст","Добавить Stock/availability"
"953","FWB-MOD005-0031","FWB-MOD005-0031","Faux Wood Beam MOD005 — FWB-MOD005","Критично","Missing Stock","Stock пуст","Добавить Stock/availability"
"954","FWB-MOD005-0032","FWB-MOD005-0032","Faux Wood Beam MOD005 — FWB-MOD005","Критично","Missing Stock","Stock пуст","Добавить Stock/availability"
"955","FWB-MOD005-0033","FWB-MOD005-0033","Faux Wood Beam MOD005 — FWB-MOD005","Критично","Missing Stock","Stock пуст","Добавить Stock/availability"
"956","FWB-MOD005-0034","FWB-MOD005-0034","Faux Wood Beam MOD005 — FWB-MOD005","Критично","Missing Stock","Stock пуст","Добавить Stock/availability"
"957","FWB-MOD005-0035","FWB-MOD005-0035","Faux Wood Beam MOD005 — FWB-MOD005","Критично","Missing Stock","Stock пуст","Добавить Stock/availability"
"958","FWB-MOD005-0036","FWB-MOD005-0036","Faux Wood Beam MOD005 — FWB-MOD005","Критично","Missing Stock","Stock пуст","Добавить Stock/availability"
"959","FWB-MOD005-0037","FWB-MOD005-0037","Faux Wood Beam MOD005 — FWB-MOD005","Критично","Missing Stock","Stock пуст","Добавить Stock/availability"
"960","FWB-MOD005-0038","FWB-MOD005-0038","Faux Wood Beam MOD005 — FWB-MOD005","Критично","Missing Stock","Stock пуст","Добавить Stock/availability"
"961","FWB-MOD005-0039","FWB-MOD005-0039","Faux Wood Beam MOD005 — FWB-MOD005","Критично","Missing Stock","Stock пуст","Добавить Stock/availability"
"962","FWB-MOD005-0040","FWB-MOD005-0040","Faux Wood Beam MOD005 — FWB-MOD005","Критично","Missing Stock","Stock пуст","Добавить Stock/availability"
"963","FWB-MOD005-0041","FWB-MOD005-0041","Faux Wood Beam MOD005 — FWB-MOD005","Критично","Missing Stock","Stock пуст","Добавить Stock/availability"
"964","FWB-MOD005-0042","FWB-MOD005-0042","Faux Wood Beam MOD005 — FWB-MOD005","Критично","Missing Stock","Stock пуст","Добавить Stock/availability"
"965","FWB-MOD005-0043","FWB-MOD005-0043","Faux Wood Beam MOD005 — FWB-MOD005","Критично","Missing Stock","Stock пуст","Добавить Stock/availability"
"966","FWB-MOD005-0044","FWB-MOD005-0044","Faux Wood Beam MOD005 — FWB-MOD005","Критично","Missing Stock","Stock пуст","Добавить Stock/availability"
"967","FWB-MOD005-0045","FWB-MOD005-0045","Faux Wood Beam MOD005 — FWB-MOD005","Критично","Missing Stock","Stock пуст","Добавить Stock/availability"
"968","FWB-MOD005-0046","FWB-MOD005-0046","Faux Wood Beam MOD005 — FWB-MOD005","Критично","Missing Stock","Stock пуст","Добавить Stock/availability"
"969","FWB-MOD005-0047","FWB-MOD005-0047","Faux Wood Beam MOD005 — FWB-MOD005","Критично","Missing Stock","Stock пуст","Добавить Stock/availability"
"970","FWB-MOD005-0048","FWB-MOD005-0048","Faux Wood Beam MOD005 — FWB-MOD005","Критично","Missing Stock","Stock пуст","Добавить Stock/availability"
"971","FWB-MOD005-0049","FWB-MOD005-0049","Faux Wood Beam MOD005 — FWB-MOD005","Критично","Missing Stock","Stock пуст","Добавить Stock/availability"
"972","FWB-MOD005-0050","FWB-MOD005-0050","Faux Wood Beam MOD005 — FWB-MOD005","Критично","Missing Stock","Stock пуст","Добавить Stock/availability"
"973","FWB-MOD005-0051","FWB-MOD005-0051","Faux Wood Beam MOD005 — FWB-MOD005","Критично","Missing Stock","Stock пуст","Добавить Stock/availability"
"974","FWB-MOD005-0052","FWB-MOD005-0052","Faux Wood Beam MOD005 — FWB-MOD005","Критично","Missing Stock","Stock пуст","Добавить Stock/availability"
"975","FWB-MOD005-0053","FWB-MOD005-0053","Faux Wood Beam MOD005 — FWB-MOD005","Критично","Missing Stock","Stock пуст","Добавить Stock/availability"
"976","FWB-MOD005-0054","FWB-MOD005-0054","Faux Wood Beam MOD005 — FWB-MOD005","Критично","Missing Stock","Stock пуст","Добавить Stock/availability"
"977","FWB-MOD005-0055","FWB-MOD005-0055","Faux Wood Beam MOD005 — FWB-MOD005","Критично","Missing Stock","Stock пуст","Добавить Stock/availability"
"978","FWB-MOD005-0056","FWB-MOD005-0056","Faux Wood Beam MOD005 — FWB-MOD005","Критично","Missing Stock","Stock пуст","Добавить Stock/availability"
"979","FWB-MOD005-0057","FWB-MOD005-0057","Faux Wood Beam MOD005 — FWB-MOD005","Критично","Missing Stock","Stock пуст","Добавить Stock/availability"
"980","FWB-MOD005-0058","FWB-MOD005-0058","Faux Wood Beam MOD005 — FWB-MOD005","Критично","Missing Stock","Stock пуст","Добавить Stock/availability"
"981","FWB-MOD005-0059","FWB-MOD005-0059","Faux Wood Beam MOD005 — FWB-MOD005","Критично","Missing Stock","Stock пуст","Добавить Stock/availability"
"982","FWB-MOD005-0060","FWB-MOD005-0060","Faux Wood Beam MOD005 — FWB-MOD005","Критично","Missing Stock","Stock пуст","Добавить Stock/availability"
"983","FWB-MOD005-0061","FWB-MOD005-0061","Faux Wood Beam MOD005 — FWB-MOD005","Критично","Missing Stock","Stock пуст","Добавить Stock/availability"
"984","FWB-MOD005-0062","FWB-MOD005-0062","Faux Wood Beam MOD005 — FWB-MOD005","Критично","Missing Stock","Stock пуст","Добавить Stock/availability"
"985","FWB-MOD005-0063","FWB-MOD005-0063","Faux Wood Beam MOD005 — FWB-MOD005","Критично","Missing Stock","Stock пуст","Добавить Stock/availability"
"986","FWB-MOD005-0064","FWB-MOD005-0064","Faux Wood Beam MOD005 — FWB-MOD005","Критично","Missing Stock","Stock пуст","Добавить Stock/availability"
"987","FWB-MOD005-0065","FWB-MOD005-0065","Faux Wood Beam MOD005 — FWB-MOD005","Критично","Missing Stock","Stock пуст","Добавить Stock/availability"
"988","FWB-MOD005-0066","FWB-MOD005-0066","Faux Wood Beam MOD005 — FWB-MOD005","Критично","Missing Stock","Stock пуст","Добавить Stock/availability"
"989","FWB-MOD005-0067","FWB-MOD005-0067","Faux Wood Beam MOD005 — FWB-MOD005","Критично","Missing Stock","Stock пуст","Добавить Stock/availability"
"990","FWB-MOD005-0068","FWB-MOD005-0068","Faux Wood Beam MOD005 — FWB-MOD005","Критично","Missing Stock","Stock пуст","Добавить Stock/availability"
"991","FWB-MOD005-0069","FWB-MOD005-0069","Faux Wood Beam MOD005 — FWB-MOD005","Критично","Missing Stock","Stock пуст","Добавить Stock/availability"
"992","FWB-MOD005-0070","FWB-MOD005-0070","Faux Wood Beam MOD005 — FWB-MOD005","Критично","Missing Stock","Stock пуст","Добавить Stock/availability"
"993","FWB-MOD005-0071","FWB-MOD005-0071","Faux Wood Beam MOD005 — FWB-MOD005","Критично","Missing Stock","Stock пуст","Добавить Stock/availability"
"994","FWB-MOD005-0072","FWB-MOD005-0072","Faux Wood Beam MOD005 — FWB-MOD005","Критично","Missing Stock","Stock пуст","Добавить Stock/availability"
"995","FWB-MOD005-0073","FWB-MOD005-0073","Faux Wood Beam MOD005 — FWB-MOD005","Критично","Missing Stock","Stock пуст","Добавить Stock/availability"
"996","FWB-MOD005-0074","FWB-MOD005-0074","Faux Wood Beam MOD005 — FWB-MOD005","Критично","Missing Stock","Stock пуст","Добавить Stock/availability"
"997","FWB-MOD005-0075","FWB-MOD005-0075","Faux Wood Beam MOD005 — FWB-MOD005","Критично","Missing Stock","Stock пуст","Добавить Stock/availability"
"998","FWB-MOD005-0076","FWB-MOD005-0076","Faux Wood Beam MOD005 — FWB-MOD005","Критично","Missing Stock","Stock пуст","Добавить Stock/availability"
"999","FWB-MOD005-0077","FWB-MOD005-0077","Faux Wood Beam MOD005 — FWB-MOD005","Критично","Missing Stock","Stock пуст","Добавить Stock/availability"
"1000","FWB-MOD005-0078","FWB-MOD005-0078","Faux Wood Beam MOD005 — FWB-MOD005","Критично","Missing Stock","Stock пуст","Добавить Stock/availability"
"1001","FWB-MOD005-0079","FWB-MOD005-0079","Faux Wood Beam MOD005 — FWB-MOD005","Критично","Missing Stock","Stock пуст","Добавить Stock/availability"
"1002","FWB-MOD005-0080","FWB-MOD005-0080","Faux Wood Beam MOD005 — FWB-MOD005","Критично","Missing Stock","Stock пуст","Добавить Stock/availability"
"1003","FWB-MOD005-0081","FWB-MOD005-0081","Faux Wood Beam MOD005 — FWB-MOD005","Критично","Missing Stock","Stock пуст","Добавить Stock/availability"
"1004","FWB-MOD006-0001","FWB-MOD006-0001","Faux Wood Beam MOD006 — FWB-MOD006","Критично","Missing Stock","Stock пуст","Добавить Stock/availability"
"1005","FWB-MOD006-0002","FWB-MOD006-0002","Faux Wood Beam MOD006 — FWB-MOD006","Критично","Missing Stock","Stock пуст","Добавить Stock/availability"
"1006","FWB-MOD006-0003","FWB-MOD006-0003","Faux Wood Beam MOD006 — FWB-MOD006","Критично","Missing Stock","Stock пуст","Добавить Stock/availability"
"1007","FWB-MOD006-0004","FWB-MOD006-0004","Faux Wood Beam MOD006 — FWB-MOD006","Критично","Missing Stock","Stock пуст","Добавить Stock/availability"
"1008","FWB-MOD006-0005","FWB-MOD006-0005","Faux Wood Beam MOD006 — FWB-MOD006","Критично","Missing Stock","Stock пуст","Добавить Stock/availability"
"1009","FWB-MOD006-0006","FWB-MOD006-0006","Faux Wood Beam MOD006 — FWB-MOD006","Критично","Missing Stock","Stock пуст","Добавить Stock/availability"
"1010","FWB-MOD006-0007","FWB-MOD006-0007","Faux Wood Beam MOD006 — FWB-MOD006","Критично","Missing Stock","Stock пуст","Добавить Stock/availability"
"1011","FWB-MOD006-0008","FWB-MOD006-0008","Faux Wood Beam MOD006 — FWB-MOD006","Критично","Missing Stock","Stock пуст","Добавить Stock/availability"
"1012","FWB-MOD006-0009","FWB-MOD006-0009","Faux Wood Beam MOD006 — FWB-MOD006","Критично","Missing Stock","Stock пуст","Добавить Stock/availability"
"1013","FWB-MOD006-0010","FWB-MOD006-0010","Faux Wood Beam MOD006 — FWB-MOD006","Критично","Missing Stock","Stock пуст","Добавить Stock/availability"
"1014","FWB-MOD006-0011","FWB-MOD006-0011","Faux Wood Beam MOD006 — FWB-MOD006","Критично","Missing Stock","Stock пуст","Добавить Stock/availability"
"1015","FWB-MOD006-0012","FWB-MOD006-0012","Faux Wood Beam MOD006 — FWB-MOD006","Критично","Missing Stock","Stock пуст","Добавить Stock/availability"
"1016","FWB-MOD006-0013","FWB-MOD006-0013","Faux Wood Beam MOD006 — FWB-MOD006","Критично","Missing Stock","Stock пуст","Добавить Stock/availability"
"1017","FWB-MOD006-0014","FWB-MOD006-0014","Faux Wood Beam MOD006 — FWB-MOD006","Критично","Missing Stock","Stock пуст","Добавить Stock/availability"
"1018","FWB-MOD006-0015","FWB-MOD006-0015","Faux Wood Beam MOD006 — FWB-MOD006","Критично","Missing Stock","Stock пуст","Добавить Stock/availability"
"1019","FWB-MOD006-0016","FWB-MOD006-0016","Faux Wood Beam MOD006 — FWB-MOD006","Критично","Missing Stock","Stock пуст","Добавить Stock/availability"
"1020","FWB-MOD006-0017","FWB-MOD006-0017","Faux Wood Beam MOD006 — FWB-MOD006","Критично","Missing Stock","Stock пуст","Добавить Stock/availability"
"1021","FWB-MOD006-0018","FWB-MOD006-0018","Faux Wood Beam MOD006 — FWB-MOD006","Критично","Missing Stock","Stock пуст","Добавить Stock/availability"
"1022","FWB-MOD006-0019","FWB-MOD006-0019","Faux Wood Beam MOD006 — FWB-MOD006","Критично","Missing Stock","Stock пуст","Добавить Stock/availability"
"1023","FWB-MOD006-0020","FWB-MOD006-0020","Faux Wood Beam MOD006 — FWB-MOD006","Критично","Missing Stock","Stock пуст","Добавить Stock/availability"
"1024","FWB-MOD006-0021","FWB-MOD006-0021","Faux Wood Beam MOD006 — FWB-MOD006","Критично","Missing Stock","Stock пуст","Добавить Stock/availability"
"1025","FWB-MOD006-0022","FWB-MOD006-0022","Faux Wood Beam MOD006 — FWB-MOD006","Критично","Missing Stock","Stock пуст","Добавить Stock/availability"
"1026","FWB-MOD006-0023","FWB-MOD006-0023","Faux Wood Beam MOD006 — FWB-MOD006","Критично","Missing Stock","Stock пуст","Добавить Stock/availability"
"1027","FWB-MOD006-0024","FWB-MOD006-0024","Faux Wood Beam MOD006 — FWB-MOD006","Критично","Missing Stock","Stock пуст","Добавить Stock/availability"
"1028","FWB-MOD006-0025","FWB-MOD006-0025","Faux Wood Beam MOD006 — FWB-MOD006","Критично","Missing Stock","Stock пуст","Добавить Stock/availability"
"1029","FWB-MOD006-0026","FWB-MOD006-0026","Faux Wood Beam MOD006 — FWB-MOD006","Критично","Missing Stock","Stock пуст","Добавить Stock/availability"
"1030","FWB-MOD006-0027","FWB-MOD006-0027","Faux Wood Beam MOD006 — FWB-MOD006","Критично","Missing Stock","Stock пуст","Добавить Stock/availability"
"1031","FWB-MOD006-0028","FWB-MOD006-0028","Faux Wood Beam MOD006 — FWB-MOD006","Критично","Missing Stock","Stock пуст","Добавить Stock/availability"
"1032","FWB-MOD006-0029","FWB-MOD006-0029","Faux Wood Beam MOD006 — FWB-MOD006","Критично","Missing Stock","Stock пуст","Добавить Stock/availability"
"1033","FWB-MOD006-0030","FWB-MOD006-0030","Faux Wood Beam MOD006 — FWB-MOD006","Критично","Missing Stock","Stock пуст","Добавить Stock/availability"
"1034","FWB-MOD006-0031","FWB-MOD006-0031","Faux Wood Beam MOD006 — FWB-MOD006","Критично","Missing Stock","Stock пуст","Добавить Stock/availability"
"1035","FWB-MOD006-0032","FWB-MOD006-0032","Faux Wood Beam MOD006 — FWB-MOD006","Критично","Missing Stock","Stock пуст","Добавить Stock/availability"
"1036","FWB-MOD006-0033","FWB-MOD006-0033","Faux Wood Beam MOD006 — FWB-MOD006","Критично","Missing Stock","Stock пуст","Добавить Stock/availability"
"1037","FWB-MOD006-0034","FWB-MOD006-0034","Faux Wood Beam MOD006 — FWB-MOD006","Критично","Missing Stock","Stock пуст","Добавить Stock/availability"
"1038","FWB-MOD006-0035","FWB-MOD006-0035","Faux Wood Beam MOD006 — FWB-MOD006","Критично","Missing Stock","Stock пуст","Добавить Stock/availability"
"1039","FWB-MOD006-0036","FWB-MOD006-0036","Faux Wood Beam MOD006 — FWB-MOD006","Критично","Missing Stock","Stock пуст","Добавить Stock/availability"
"1040","FWB-MOD006-0037","FWB-MOD006-0037","Faux Wood Beam MOD006 — FWB-MOD006","Критично","Missing Stock","Stock пуст","Добавить Stock/availability"
"1041","FWB-MOD006-0038","FWB-MOD006-0038","Faux Wood Beam MOD006 — FWB-MOD006","Критично","Missing Stock","Stock пуст","Добавить Stock/availability"
"1042","FWB-MOD006-0039","FWB-MOD006-0039","Faux Wood Beam MOD006 — FWB-MOD006","Критично","Missing Stock","Stock пуст","Добавить Stock/availability"
"1043","FWB-MOD006-0040","FWB-MOD006-0040","Faux Wood Beam MOD006 — FWB-MOD006","Критично","Missing Stock","Stock пуст","Добавить Stock/availability"
"1044","FWB-MOD006-0041","FWB-MOD006-0041","Faux Wood Beam MOD006 — FWB-MOD006","Критично","Missing Stock","Stock пуст","Добавить Stock/availability"
"1045","FWB-MOD006-0042","FWB-MOD006-0042","Faux Wood Beam MOD006 — FWB-MOD006","Критично","Missing Stock","Stock пуст","Добавить Stock/availability"
"1046","FWB-MOD006-0043","FWB-MOD006-0043","Faux Wood Beam MOD006 — FWB-MOD006","Критично","Missing Stock","Stock пуст","Добавить Stock/availability"
"1047","FWB-MOD006-0044","FWB-MOD006-0044","Faux Wood Beam MOD006 — FWB-MOD006","Критично","Missing Stock","Stock пуст","Добавить Stock/availability"
"1048","FWB-MOD006-0045","FWB-MOD006-0045","Faux Wood Beam MOD006 — FWB-MOD006","Критично","Missing Stock","Stock пуст","Добавить Stock/availability"
"1049","FWB-MOD006-0046","FWB-MOD006-0046","Faux Wood Beam MOD006 — FWB-MOD006","Критично","Missing Stock","Stock пуст","Добавить Stock/availability"
"1050","FWB-MOD006-0047","FWB-MOD006-0047","Faux Wood Beam MOD006 — FWB-MOD006","Критично","Missing Stock","Stock пуст","Добавить Stock/availability"
"1051","FWB-MOD006-0048","FWB-MOD006-0048","Faux Wood Beam MOD006 — FWB-MOD006","Критично","Missing Stock","Stock пуст","Добавить Stock/availability"
"1052","FWB-MOD006-0049","FWB-MOD006-0049","Faux Wood Beam MOD006 — FWB-MOD006","Критично","Missing Stock","Stock пуст","Добавить Stock/availability"
"1053","FWB-MOD006-0050","FWB-MOD006-0050","Faux Wood Beam MOD006 — FWB-MOD006","Критично","Missing Stock","Stock пуст","Добавить Stock/availability"
"1054","FWB-MOD006-0051","FWB-MOD006-0051","Faux Wood Beam MOD006 — FWB-MOD006","Критично","Missing Stock","Stock пуст","Добавить Stock/availability"
"1055","FWB-MOD006-0052","FWB-MOD006-0052","Faux Wood Beam MOD006 — FWB-MOD006","Критично","Missing Stock","Stock пуст","Добавить Stock/availability"
"1056","FWB-MOD006-0053","FWB-MOD006-0053","Faux Wood Beam MOD006 — FWB-MOD006","Критично","Missing Stock","Stock пуст","Добавить Stock/availability"
"1057","FWB-MOD006-0054","FWB-MOD006-0054","Faux Wood Beam MOD006 — FWB-MOD006","Критично","Missing Stock","Stock пуст","Добавить Stock/availability"
"1058","FWB-MOD006-0055","FWB-MOD006-0055","Faux Wood Beam MOD006 — FWB-MOD006","Критично","Missing Stock","Stock пуст","Добавить Stock/availability"
"1059","FWB-MOD006-0056","FWB-MOD006-0056","Faux Wood Beam MOD006 — FWB-MOD006","Критично","Missing Stock","Stock пуст","Добавить Stock/availability"
"1060","FWB-MOD006-0057","FWB-MOD006-0057","Faux Wood Beam MOD006 — FWB-MOD006","Критично","Missing Stock","Stock пуст","Добавить Stock/availability"
"1061","FWB-MOD006-0058","FWB-MOD006-0058","Faux Wood Beam MOD006 — FWB-MOD006","Критично","Missing Stock","Stock пуст","Добавить Stock/availability"
"1062","FWB-MOD006-0059","FWB-MOD006-0059","Faux Wood Beam MOD006 — FWB-MOD006","Критично","Missing Stock","Stock пуст","Добавить Stock/availability"
"1063","FWB-MOD006-0060","FWB-MOD006-0060","Faux Wood Beam MOD006 — FWB-MOD006","Критично","Missing Stock","Stock пуст","Добавить Stock/availability"
"1064","FWB-MOD006-0061","FWB-MOD006-0061","Faux Wood Beam MOD006 — FWB-MOD006","Критично","Missing Stock","Stock пуст","Добавить Stock/availability"
"1065","FWB-MOD006-0062","FWB-MOD006-0062","Faux Wood Beam MOD006 — FWB-MOD006","Критично","Missing Stock","Stock пуст","Добавить Stock/availability"
"1066","FWB-MOD006-0063","FWB-MOD006-0063","Faux Wood Beam MOD006 — FWB-MOD006","Критично","Missing Stock","Stock пуст","Добавить Stock/availability"
"1067","FWB-MOD006-0064","FWB-MOD006-0064","Faux Wood Beam MOD006 — FWB-MOD006","Критично","Missing Stock","Stock пуст","Добавить Stock/availability"
"1068","FWB-MOD006-0065","FWB-MOD006-0065","Faux Wood Beam MOD006 — FWB-MOD006","Критично","Missing Stock","Stock пуст","Добавить Stock/availability"
"1069","FWB-MOD006-0066","FWB-MOD006-0066","Faux Wood Beam MOD006 — FWB-MOD006","Критично","Missing Stock","Stock пуст","Добавить Stock/availability"
"1070","FWB-MOD006-0067","FWB-MOD006-0067","Faux Wood Beam MOD006 — FWB-MOD006","Критично","Missing Stock","Stock пуст","Добавить Stock/availability"
"1071","FWB-MOD006-0068","FWB-MOD006-0068","Faux Wood Beam MOD006 — FWB-MOD006","Критично","Missing Stock","Stock пуст","Добавить Stock/availability"
"1072","FWB-MOD006-0069","FWB-MOD006-0069","Faux Wood Beam MOD006 — FWB-MOD006","Критично","Missing Stock","Stock пуст","Добавить Stock/availability"
"1073","FWB-MOD006-0070","FWB-MOD006-0070","Faux Wood Beam MOD006 — FWB-MOD006","Критично","Missing Stock","Stock пуст","Добавить Stock/availability"
"1074","FWB-MOD006-0071","FWB-MOD006-0071","Faux Wood Beam MOD006 — FWB-MOD006","Критично","Missing Stock","Stock пуст","Добавить Stock/availability"
"1075","FWB-MOD006-0072","FWB-MOD006-0072","Faux Wood Beam MOD006 — FWB-MOD006","Критично","Missing Stock","Stock пуст","Добавить Stock/availability"
"1076","FWB-MOD006-0073","FWB-MOD006-0073","Faux Wood Beam MOD006 — FWB-MOD006","Критично","Missing Stock","Stock пуст","Добавить Stock/availability"
"1077","FWB-MOD006-0074","FWB-MOD006-0074","Faux Wood Beam MOD006 — FWB-MOD006","Критично","Missing Stock","Stock пуст","Добавить Stock/availability"
"1078","FWB-MOD006-0075","FWB-MOD006-0075","Faux Wood Beam MOD006 — FWB-MOD006","Критично","Missing Stock","Stock пуст","Добавить Stock/availability"
"1079","FWB-MOD006-0076","FWB-MOD006-0076","Faux Wood Beam MOD006 — FWB-MOD006","Критично","Missing Stock","Stock пуст","Добавить Stock/availability"
"1080","FWB-MOD006-0077","FWB-MOD006-0077","Faux Wood Beam MOD006 — FWB-MOD006","Критично","Missing Stock","Stock пуст","Добавить Stock/availability"
"1081","FWB-MOD006-0078","FWB-MOD006-0078","Faux Wood Beam MOD006 — FWB-MOD006","Критично","Missing Stock","Stock пуст","Добавить Stock/availability"
"1082","FWB-MOD006-0079","FWB-MOD006-0079","Faux Wood Beam MOD006 — FWB-MOD006","Критично","Missing Stock","Stock пуст","Добавить Stock/availability"
"1083","FWB-MOD006-0080","FWB-MOD006-0080","Faux Wood Beam MOD006 — FWB-MOD006","Критично","Missing Stock","Stock пуст","Добавить Stock/availability"
"1084","FWB-MOD006-0081","FWB-MOD006-0081","Faux Wood Beam MOD006 — FWB-MOD006","Критично","Missing Stock","Stock пуст","Добавить Stock/availability"
"1085","FWB-MOD007-0001","FWB-MOD007-0001","Faux Wood Beam MOD007 — FWB-MOD007","Критично","Missing Stock","Stock пуст","Добавить Stock/availability"
"1086","FWB-MOD007-0002","FWB-MOD007-0002","Faux Wood Beam MOD007 — FWB-MOD007","Критично","Missing Stock","Stock пуст","Добавить Stock/availability"
"1087","FWB-MOD007-0003","FWB-MOD007-0003","Faux Wood Beam MOD007 — FWB-MOD007","Критично","Missing Stock","Stock пуст","Добавить Stock/availability"
"1088","FWB-MOD007-0004","FWB-MOD007-0004","Faux Wood Beam MOD007 — FWB-MOD007","Критично","Missing Stock","Stock пуст","Добавить Stock/availability"
"1089","FWB-MOD007-0005","FWB-MOD007-0005","Faux Wood Beam MOD007 — FWB-MOD007","Критично","Missing Stock","Stock пуст","Добавить Stock/availability"
"1090","FWB-MOD007-0006","FWB-MOD007-0006","Faux Wood Beam MOD007 — FWB-MOD007","Критично","Missing Stock","Stock пуст","Добавить Stock/availability"
"1091","FWB-MOD007-0007","FWB-MOD007-0007","Faux Wood Beam MOD007 — FWB-MOD007","Критично","Missing Stock","Stock пуст","Добавить Stock/availability"
"1092","FWB-MOD007-0008","FWB-MOD007-0008","Faux Wood Beam MOD007 — FWB-MOD007","Критично","Missing Stock","Stock пуст","Добавить Stock/availability"
"1093","FWB-MOD007-0009","FWB-MOD007-0009","Faux Wood Beam MOD007 — FWB-MOD007","Критично","Missing Stock","Stock пуст","Добавить Stock/availability"
"1094","FWB-MOD007-0010","FWB-MOD007-0010","Faux Wood Beam MOD007 — FWB-MOD007","Критично","Missing Stock","Stock пуст","Добавить Stock/availability"
"1095","FWB-MOD007-0011","FWB-MOD007-0011","Faux Wood Beam MOD007 — FWB-MOD007","Критично","Missing Stock","Stock пуст","Добавить Stock/availability"
"1096","FWB-MOD007-0012","FWB-MOD007-0012","Faux Wood Beam MOD007 — FWB-MOD007","Критично","Missing Stock","Stock пуст","Добавить Stock/availability"
"1097","FWB-MOD007-0013","FWB-MOD007-0013","Faux Wood Beam MOD007 — FWB-MOD007","Критично","Missing Stock","Stock пуст","Добавить Stock/availability"
"1098","FWB-MOD007-0014","FWB-MOD007-0014","Faux Wood Beam MOD007 — FWB-MOD007","Критично","Missing Stock","Stock пуст","Добавить Stock/availability"
"1099","FWB-MOD007-0015","FWB-MOD007-0015","Faux Wood Beam MOD007 — FWB-MOD007","Критично","Missing Stock","Stock пуст","Добавить Stock/availability"
"1100","FWB-MOD007-0016","FWB-MOD007-0016","Faux Wood Beam MOD007 — FWB-MOD007","Критично","Missing Stock","Stock пуст","Добавить Stock/availability"
"1101","FWB-MOD007-0017","FWB-MOD007-0017","Faux Wood Beam MOD007 — FWB-MOD007","Критично","Missing Stock","Stock пуст","Добавить Stock/availability"
"1102","FWB-MOD007-0018","FWB-MOD007-0018","Faux Wood Beam MOD007 — FWB-MOD007","Критично","Missing Stock","Stock пуст","Добавить Stock/availability"
"1103","FWB-MOD007-0019","FWB-MOD007-0019","Faux Wood Beam MOD007 — FWB-MOD007","Критично","Missing Stock","Stock пуст","Добавить Stock/availability"
"1104","FWB-MOD007-0020","FWB-MOD007-0020","Faux Wood Beam MOD007 — FWB-MOD007","Критично","Missing Stock","Stock пуст","Добавить Stock/availability"
"1105","FWB-MOD007-0021","FWB-MOD007-0021","Faux Wood Beam MOD007 — FWB-MOD007","Критично","Missing Stock","Stock пуст","Добавить Stock/availability"
"1106","FWB-MOD007-0022","FWB-MOD007-0022","Faux Wood Beam MOD007 — FWB-MOD007","Критично","Missing Stock","Stock пуст","Добавить Stock/availability"
"1107","FWB-MOD007-0023","FWB-MOD007-0023","Faux Wood Beam MOD007 — FWB-MOD007","Критично","Missing Stock","Stock пуст","Добавить Stock/availability"
"1108","FWB-MOD007-0024","FWB-MOD007-0024","Faux Wood Beam MOD007 — FWB-MOD007","Критично","Missing Stock","Stock пуст","Добавить Stock/availability"
"1109","FWB-MOD007-0025","FWB-MOD007-0025","Faux Wood Beam MOD007 — FWB-MOD007","Критично","Missing Stock","Stock пуст","Добавить Stock/availability"
"1110","FWB-MOD007-0026","FWB-MOD007-0026","Faux Wood Beam MOD007 — FWB-MOD007","Критично","Missing Stock","Stock пуст","Добавить Stock/availability"
"1111","FWB-MOD007-0027","FWB-MOD007-0027","Faux Wood Beam MOD007 — FWB-MOD007","Критично","Missing Stock","Stock пуст","Добавить Stock/availability"
"1112","FWB-MOD007-0028","FWB-MOD007-0028","Faux Wood Beam MOD007 — FWB-MOD007","Критично","Missing Stock","Stock пуст","Добавить Stock/availability"
"1113","FWB-MOD007-0029","FWB-MOD007-0029","Faux Wood Beam MOD007 — FWB-MOD007","Критично","Missing Stock","Stock пуст","Добавить Stock/availability"
"1114","FWB-MOD007-0030","FWB-MOD007-0030","Faux Wood Beam MOD007 — FWB-MOD007","Критично","Missing Stock","Stock пуст","Добавить Stock/availability"
"1115","FWB-MOD007-0031","FWB-MOD007-0031","Faux Wood Beam MOD007 — FWB-MOD007","Критично","Missing Stock","Stock пуст","Добавить Stock/availability"
"1116","FWB-MOD007-0032","FWB-MOD007-0032","Faux Wood Beam MOD007 — FWB-MOD007","Критично","Missing Stock","Stock пуст","Добавить Stock/availability"
"1117","FWB-MOD007-0033","FWB-MOD007-0033","Faux Wood Beam MOD007 — FWB-MOD007","Критично","Missing Stock","Stock пуст","Добавить Stock/availability"
"1118","FWB-MOD007-0034","FWB-MOD007-0034","Faux Wood Beam MOD007 — FWB-MOD007","Критично","Missing Stock","Stock пуст","Добавить Stock/availability"
"1119","FWB-MOD007-0035","FWB-MOD007-0035","Faux Wood Beam MOD007 — FWB-MOD007","Критично","Missing Stock","Stock пуст","Добавить Stock/availability"
"1120","FWB-MOD007-0036","FWB-MOD007-0036","Faux Wood Beam MOD007 — FWB-MOD007","Критично","Missing Stock","Stock пуст","Добавить Stock/availability"
"1121","FWB-MOD007-0037","FWB-MOD007-0037","Faux Wood Beam MOD007 — FWB-MOD007","Критично","Missing Stock","Stock пуст","Добавить Stock/availability"
"1122","FWB-MOD007-0038","FWB-MOD007-0038","Faux Wood Beam MOD007 — FWB-MOD007","Критично","Missing Stock","Stock пуст","Добавить Stock/availability"
"1123","FWB-MOD007-0039","FWB-MOD007-0039","Faux Wood Beam MOD007 — FWB-MOD007","Критично","Missing Stock","Stock пуст","Добавить Stock/availability"
"1124","FWB-MOD007-0040","FWB-MOD007-0040","Faux Wood Beam MOD007 — FWB-MOD007","Критично","Missing Stock","Stock пуст","Добавить Stock/availability"
"1125","FWB-MOD007-0041","FWB-MOD007-0041","Faux Wood Beam MOD007 — FWB-MOD007","Критично","Missing Stock","Stock пуст","Добавить Stock/availability"
"1126","FWB-MOD007-0042","FWB-MOD007-0042","Faux Wood Beam MOD007 — FWB-MOD007","Критично","Missing Stock","Stock пуст","Добавить Stock/availability"
"1127","FWB-MOD007-0043","FWB-MOD007-0043","Faux Wood Beam MOD007 — FWB-MOD007","Критично","Missing Stock","Stock пуст","Добавить Stock/availability"
"1128","FWB-MOD007-0044","FWB-MOD007-0044","Faux Wood Beam MOD007 — FWB-MOD007","Критично","Missing Stock","Stock пуст","Добавить Stock/availability"
"1129","FWB-MOD007-0045","FWB-MOD007-0045","Faux Wood Beam MOD007 — FWB-MOD007","Критично","Missing Stock","Stock пуст","Добавить Stock/availability"
"1130","FWB-MOD007-0046","FWB-MOD007-0046","Faux Wood Beam MOD007 — FWB-MOD007","Критично","Missing Stock","Stock пуст","Добавить Stock/availability"
"1131","FWB-MOD007-0047","FWB-MOD007-0047","Faux Wood Beam MOD007 — FWB-MOD007","Критично","Missing Stock","Stock пуст","Добавить Stock/availability"
"1132","FWB-MOD007-0048","FWB-MOD007-0048","Faux Wood Beam MOD007 — FWB-MOD007","Критично","Missing Stock","Stock пуст","Добавить Stock/availability"
"1133","FWB-MOD007-0049","FWB-MOD007-0049","Faux Wood Beam MOD007 — FWB-MOD007","Критично","Missing Stock","Stock пуст","Добавить Stock/availability"
"1134","FWB-MOD007-0050","FWB-MOD007-0050","Faux Wood Beam MOD007 — FWB-MOD007","Критично","Missing Stock","Stock пуст","Добавить Stock/availability"
"1135","FWB-MOD007-0051","FWB-MOD007-0051","Faux Wood Beam MOD007 — FWB-MOD007","Критично","Missing Stock","Stock пуст","Добавить Stock/availability"
"1136","FWB-MOD007-0052","FWB-MOD007-0052","Faux Wood Beam MOD007 — FWB-MOD007","Критично","Missing Stock","Stock пуст","Добавить Stock/availability"
"1137","FWB-MOD007-0053","FWB-MOD007-0053","Faux Wood Beam MOD007 — FWB-MOD007","Критично","Missing Stock","Stock пуст","Добавить Stock/availability"
"1138","FWB-MOD007-0054","FWB-MOD007-0054","Faux Wood Beam MOD007 — FWB-MOD007","Критично","Missing Stock","Stock пуст","Добавить Stock/availability"
"1139","FWB-MOD007-0055","FWB-MOD007-0055","Faux Wood Beam MOD007 — FWB-MOD007","Критично","Missing Stock","Stock пуст","Добавить Stock/availability"
"1140","FWB-MOD007-0056","FWB-MOD007-0056","Faux Wood Beam MOD007 — FWB-MOD007","Критично","Missing Stock","Stock пуст","Добавить Stock/availability"
"1141","FWB-MOD007-0057","FWB-MOD007-0057","Faux Wood Beam MOD007 — FWB-MOD007","Критично","Missing Stock","Stock пуст","Добавить Stock/availability"
"1142","FWB-MOD007-0058","FWB-MOD007-0058","Faux Wood Beam MOD007 — FWB-MOD007","Критично","Missing Stock","Stock пуст","Добавить Stock/availability"
"1143","FWB-MOD007-0059","FWB-MOD007-0059","Faux Wood Beam MOD007 — FWB-MOD007","Критично","Missing Stock","Stock пуст","Добавить Stock/availability"
"1144","FWB-MOD007-0060","FWB-MOD007-0060","Faux Wood Beam MOD007 — FWB-MOD007","Критично","Missing Stock","Stock пуст","Добавить Stock/availability"
"1145","FWB-MOD007-0061","FWB-MOD007-0061","Faux Wood Beam MOD007 — FWB-MOD007","Критично","Missing Stock","Stock пуст","Добавить Stock/availability"
"1146","FWB-MOD007-0062","FWB-MOD007-0062","Faux Wood Beam MOD007 — FWB-MOD007","Критично","Missing Stock","Stock пуст","Добавить Stock/availability"
"1147","FWB-MOD007-0063","FWB-MOD007-0063","Faux Wood Beam MOD007 — FWB-MOD007","Критично","Missing Stock","Stock пуст","Добавить Stock/availability"
"1148","FWB-MOD007-0064","FWB-MOD007-0064","Faux Wood Beam MOD007 — FWB-MOD007","Критично","Missing Stock","Stock пуст","Добавить Stock/availability"
"1149","FWB-MOD007-0065","FWB-MOD007-0065","Faux Wood Beam MOD007 — FWB-MOD007","Критично","Missing Stock","Stock пуст","Добавить Stock/availability"
"1150","FWB-MOD007-0066","FWB-MOD007-0066","Faux Wood Beam MOD007 — FWB-MOD007","Критично","Missing Stock","Stock пуст","Добавить Stock/availability"
"1151","FWB-MOD007-0067","FWB-MOD007-0067","Faux Wood Beam MOD007 — FWB-MOD007","Критично","Missing Stock","Stock пуст","Добавить Stock/availability"
"1152","FWB-MOD007-0068","FWB-MOD007-0068","Faux Wood Beam MOD007 — FWB-MOD007","Критично","Missing Stock","Stock пуст","Добавить Stock/availability"
"1153","FWB-MOD007-0069","FWB-MOD007-0069","Faux Wood Beam MOD007 — FWB-MOD007","Критично","Missing Stock","Stock пуст","Добавить Stock/availability"
"1154","FWB-MOD007-0070","FWB-MOD007-0070","Faux Wood Beam MOD007 — FWB-MOD007","Критично","Missing Stock","Stock пуст","Добавить Stock/availability"
"1155","FWB-MOD007-0071","FWB-MOD007-0071","Faux Wood Beam MOD007 — FWB-MOD007","Критично","Missing Stock","Stock пуст","Добавить Stock/availability"
"1156","FWB-MOD007-0072","FWB-MOD007-0072","Faux Wood Beam MOD007 — FWB-MOD007","Критично","Missing Stock","Stock пуст","Добавить Stock/availability"
"1157","FWB-MOD007-0073","FWB-MOD007-0073","Faux Wood Beam MOD007 — FWB-MOD007","Критично","Missing Stock","Stock пуст","Добавить Stock/availability"
"1158","FWB-MOD007-0074","FWB-MOD007-0074","Faux Wood Beam MOD007 — FWB-MOD007","Критично","Missing Stock","Stock пуст","Добавить Stock/availability"
"1159","FWB-MOD007-0075","FWB-MOD007-0075","Faux Wood Beam MOD007 — FWB-MOD007","Критично","Missing Stock","Stock пуст","Добавить Stock/availability"
"1160","FWB-MOD007-0076","FWB-MOD007-0076","Faux Wood Beam MOD007 — FWB-MOD007","Критично","Missing Stock","Stock пуст","Добавить Stock/availability"
"1161","FWB-MOD007-0077","FWB-MOD007-0077","Faux Wood Beam MOD007 — FWB-MOD007","Критично","Missing Stock","Stock пуст","Добавить Stock/availability"
"1162","FWB-MOD007-0078","FWB-MOD007-0078","Faux Wood Beam MOD007 — FWB-MOD007","Критично","Missing Stock","Stock пуст","Добавить Stock/availability"
"1163","FWB-MOD007-0079","FWB-MOD007-0079","Faux Wood Beam MOD007 — FWB-MOD007","Критично","Missing Stock","Stock пуст","Добавить Stock/availability"
"1164","FWB-MOD007-0080","FWB-MOD007-0080","Faux Wood Beam MOD007 — FWB-MOD007","Критично","Missing Stock","Stock пуст","Добавить Stock/availability"
"1165","FWB-MOD007-0081","FWB-MOD007-0081","Faux Wood Beam MOD007 — FWB-MOD007","Критично","Missing Stock","Stock пуст","Добавить Stock/availability"
"1166","FWB-MOD008-0001","FWB-MOD008-0001","Faux Wood Beam MOD008 — FWB-MOD008","Критично","Missing Stock","Stock пуст","Добавить Stock/availability"
"1167","FWB-MOD008-0002","FWB-MOD008-0002","Faux Wood Beam MOD008 — FWB-MOD008","Критично","Missing Stock","Stock пуст","Добавить Stock/availability"
"1168","FWB-MOD008-0003","FWB-MOD008-0003","Faux Wood Beam MOD008 — FWB-MOD008","Критично","Missing Stock","Stock пуст","Добавить Stock/availability"
"1169","FWB-MOD008-0004","FWB-MOD008-0004","Faux Wood Beam MOD008 — FWB-MOD008","Критично","Missing Stock","Stock пуст","Добавить Stock/availability"
"1170","FWB-MOD008-0005","FWB-MOD008-0005","Faux Wood Beam MOD008 — FWB-MOD008","Критично","Missing Stock","Stock пуст","Добавить Stock/availability"
"1171","FWB-MOD008-0006","FWB-MOD008-0006","Faux Wood Beam MOD008 — FWB-MOD008","Критично","Missing Stock","Stock пуст","Добавить Stock/availability"
"1172","FWB-MOD008-0007","FWB-MOD008-0007","Faux Wood Beam MOD008 — FWB-MOD008","Критично","Missing Stock","Stock пуст","Добавить Stock/availability"
"1173","FWB-MOD008-0008","FWB-MOD008-0008","Faux Wood Beam MOD008 — FWB-MOD008","Критично","Missing Stock","Stock пуст","Добавить Stock/availability"
"1174","FWB-MOD008-0009","FWB-MOD008-0009","Faux Wood Beam MOD008 — FWB-MOD008","Критично","Missing Stock","Stock пуст","Добавить Stock/availability"
"1175","FWB-MOD008-0010","FWB-MOD008-0010","Faux Wood Beam MOD008 — FWB-MOD008","Критично","Missing Stock","Stock пуст","Добавить Stock/availability"
"1176","FWB-MOD008-0011","FWB-MOD008-0011","Faux Wood Beam MOD008 — FWB-MOD008","Критично","Missing Stock","Stock пуст","Добавить Stock/availability"
"1177","FWB-MOD008-0012","FWB-MOD008-0012","Faux Wood Beam MOD008 — FWB-MOD008","Критично","Missing Stock","Stock пуст","Добавить Stock/availability"
"1178","FWB-MOD008-0013","FWB-MOD008-0013","Faux Wood Beam MOD008 — FWB-MOD008","Критично","Missing Stock","Stock пуст","Добавить Stock/availability"
"1179","FWB-MOD008-0014","FWB-MOD008-0014","Faux Wood Beam MOD008 — FWB-MOD008","Критично","Missing Stock","Stock пуст","Добавить Stock/availability"
"1180","FWB-MOD008-0015","FWB-MOD008-0015","Faux Wood Beam MOD008 — FWB-MOD008","Критично","Missing Stock","Stock пуст","Добавить Stock/availability"
"1181","FWB-MOD008-0016","FWB-MOD008-0016","Faux Wood Beam MOD008 — FWB-MOD008","Критично","Missing Stock","Stock пуст","Добавить Stock/availability"
"1182","FWB-MOD008-0017","FWB-MOD008-0017","Faux Wood Beam MOD008 — FWB-MOD008","Критично","Missing Stock","Stock пуст","Добавить Stock/availability"
"1183","FWB-MOD008-0018","FWB-MOD008-0018","Faux Wood Beam MOD008 — FWB-MOD008","Критично","Missing Stock","Stock пуст","Добавить Stock/availability"
"1184","FWB-MOD008-0019","FWB-MOD008-0019","Faux Wood Beam MOD008 — FWB-MOD008","Критично","Missing Stock","Stock пуст","Добавить Stock/availability"
"1185","FWB-MOD008-0020","FWB-MOD008-0020","Faux Wood Beam MOD008 — FWB-MOD008","Критично","Missing Stock","Stock пуст","Добавить Stock/availability"
"1186","FWB-MOD008-0021","FWB-MOD008-0021","Faux Wood Beam MOD008 — FWB-MOD008","Критично","Missing Stock","Stock пуст","Добавить Stock/availability"
"1187","FWB-MOD008-0022","FWB-MOD008-0022","Faux Wood Beam MOD008 — FWB-MOD008","Критично","Missing Stock","Stock пуст","Добавить Stock/availability"
"1188","FWB-MOD008-0023","FWB-MOD008-0023","Faux Wood Beam MOD008 — FWB-MOD008","Критично","Missing Stock","Stock пуст","Добавить Stock/availability"
"1189","FWB-MOD008-0024","FWB-MOD008-0024","Faux Wood Beam MOD008 — FWB-MOD008","Критично","Missing Stock","Stock пуст","Добавить Stock/availability"
"1190","FWB-MOD008-0025","FWB-MOD008-0025","Faux Wood Beam MOD008 — FWB-MOD008","Критично","Missing Stock","Stock пуст","Добавить Stock/availability"
"1191","FWB-MOD008-0026","FWB-MOD008-0026","Faux Wood Beam MOD008 — FWB-MOD008","Критично","Missing Stock","Stock пуст","Добавить Stock/availability"
"1192","FWB-MOD008-0027","FWB-MOD008-0027","Faux Wood Beam MOD008 — FWB-MOD008","Критично","Missing Stock","Stock пуст","Добавить Stock/availability"
"1193","FWB-MOD008-0028","FWB-MOD008-0028","Faux Wood Beam MOD008 — FWB-MOD008","Критично","Missing Stock","Stock пуст","Добавить Stock/availability"
"1194","FWB-MOD008-0029","FWB-MOD008-0029","Faux Wood Beam MOD008 — FWB-MOD008","Критично","Missing Stock","Stock пуст","Добавить Stock/availability"
"1195","FWB-MOD008-0030","FWB-MOD008-0030","Faux Wood Beam MOD008 — FWB-MOD008","Критично","Missing Stock","Stock пуст","Добавить Stock/availability"
"1196","FWB-MOD008-0031","FWB-MOD008-0031","Faux Wood Beam MOD008 — FWB-MOD008","Критично","Missing Stock","Stock пуст","Добавить Stock/availability"
"1197","FWB-MOD008-0032","FWB-MOD008-0032","Faux Wood Beam MOD008 — FWB-MOD008","Критично","Missing Stock","Stock пуст","Добавить Stock/availability"
"1198","FWB-MOD008-0033","FWB-MOD008-0033","Faux Wood Beam MOD008 — FWB-MOD008","Критично","Missing Stock","Stock пуст","Добавить Stock/availability"
"1199","FWB-MOD008-0034","FWB-MOD008-0034","Faux Wood Beam MOD008 — FWB-MOD008","Критично","Missing Stock","Stock пуст","Добавить Stock/availability"
"1200","FWB-MOD008-0035","FWB-MOD008-0035","Faux Wood Beam MOD008 — FWB-MOD008","Критично","Missing Stock","Stock пуст","Добавить Stock/availability"
"1201","FWB-MOD008-0036","FWB-MOD008-0036","Faux Wood Beam MOD008 — FWB-MOD008","Критично","Missing Stock","Stock пуст","Добавить Stock/availability"
"1202","FWB-MOD008-0037","FWB-MOD008-0037","Faux Wood Beam MOD008 — FWB-MOD008","Критично","Missing Stock","Stock пуст","Добавить Stock/availability"
"1203","FWB-MOD008-0038","FWB-MOD008-0038","Faux Wood Beam MOD008 — FWB-MOD008","Критично","Missing Stock","Stock пуст","Добавить Stock/availability"
"1204","FWB-MOD008-0039","FWB-MOD008-0039","Faux Wood Beam MOD008 — FWB-MOD008","Критично","Missing Stock","Stock пуст","Добавить Stock/availability"
"1205","FWB-MOD008-0040","FWB-MOD008-0040","Faux Wood Beam MOD008 — FWB-MOD008","Критично","Missing Stock","Stock пуст","Добавить Stock/availability"
"1206","FWB-MOD008-0041","FWB-MOD008-0041","Faux Wood Beam MOD008 — FWB-MOD008","Критично","Missing Stock","Stock пуст","Добавить Stock/availability"
"1207","FWB-MOD008-0042","FWB-MOD008-0042","Faux Wood Beam MOD008 — FWB-MOD008","Критично","Missing Stock","Stock пуст","Добавить Stock/availability"
"1208","FWB-MOD008-0043","FWB-MOD008-0043","Faux Wood Beam MOD008 — FWB-MOD008","Критично","Missing Stock","Stock пуст","Добавить Stock/availability"
"1209","FWB-MOD008-0044","FWB-MOD008-0044","Faux Wood Beam MOD008 — FWB-MOD008","Критично","Missing Stock","Stock пуст","Добавить Stock/availability"
"1210","FWB-MOD008-0045","FWB-MOD008-0045","Faux Wood Beam MOD008 — FWB-MOD008","Критично","Missing Stock","Stock пуст","Добавить Stock/availability"
"1211","FWB-MOD008-0046","FWB-MOD008-0046","Faux Wood Beam MOD008 — FWB-MOD008","Критично","Missing Stock","Stock пуст","Добавить Stock/availability"
"1212","FWB-MOD008-0047","FWB-MOD008-0047","Faux Wood Beam MOD008 — FWB-MOD008","Критично","Missing Stock","Stock пуст","Добавить Stock/availability"
"1213","FWB-MOD008-0048","FWB-MOD008-0048","Faux Wood Beam MOD008 — FWB-MOD008","Критично","Missing Stock","Stock пуст","Добавить Stock/availability"
"1214","FWB-MOD008-0049","FWB-MOD008-0049","Faux Wood Beam MOD008 — FWB-MOD008","Критично","Missing Stock","Stock пуст","Добавить Stock/availability"
"1215","FWB-MOD008-0050","FWB-MOD008-0050","Faux Wood Beam MOD008 — FWB-MOD008","Критично","Missing Stock","Stock пуст","Добавить Stock/availability"
"1216","FWB-MOD008-0051","FWB-MOD008-0051","Faux Wood Beam MOD008 — FWB-MOD008","Критично","Missing Stock","Stock пуст","Добавить Stock/availability"
"1217","FWB-MOD008-0052","FWB-MOD008-0052","Faux Wood Beam MOD008 — FWB-MOD008","Критично","Missing Stock","Stock пуст","Добавить Stock/availability"
"1218","FWB-MOD008-0053","FWB-MOD008-0053","Faux Wood Beam MOD008 — FWB-MOD008","Критично","Missing Stock","Stock пуст","Добавить Stock/availability"
"1219","FWB-MOD008-0054","FWB-MOD008-0054","Faux Wood Beam MOD008 — FWB-MOD008","Критично","Missing Stock","Stock пуст","Добавить Stock/availability"
"1220","FWB-MOD008-0055","FWB-MOD008-0055","Faux Wood Beam MOD008 — FWB-MOD008","Критично","Missing Stock","Stock пуст","Добавить Stock/availability"
"1221","FWB-MOD008-0056","FWB-MOD008-0056","Faux Wood Beam MOD008 — FWB-MOD008","Критично","Missing Stock","Stock пуст","Добавить Stock/availability"
"1222","FWB-MOD008-0057","FWB-MOD008-0057","Faux Wood Beam MOD008 — FWB-MOD008","Критично","Missing Stock","Stock пуст","Добавить Stock/availability"
"1223","FWB-MOD008-0058","FWB-MOD008-0058","Faux Wood Beam MOD008 — FWB-MOD008","Критично","Missing Stock","Stock пуст","Добавить Stock/availability"
"1224","FWB-MOD008-0059","FWB-MOD008-0059","Faux Wood Beam MOD008 — FWB-MOD008","Критично","Missing Stock","Stock пуст","Добавить Stock/availability"
"1225","FWB-MOD008-0060","FWB-MOD008-0060","Faux Wood Beam MOD008 — FWB-MOD008","Критично","Missing Stock","Stock пуст","Добавить Stock/availability"
"1226","FWB-MOD008-0061","FWB-MOD008-0061","Faux Wood Beam MOD008 — FWB-MOD008","Критично","Missing Stock","Stock пуст","Добавить Stock/availability"
"1227","FWB-MOD008-0062","FWB-MOD008-0062","Faux Wood Beam MOD008 — FWB-MOD008","Критично","Missing Stock","Stock пуст","Добавить Stock/availability"
"1228","FWB-MOD008-0063","FWB-MOD008-0063","Faux Wood Beam MOD008 — FWB-MOD008","Критично","Missing Stock","Stock пуст","Добавить Stock/availability"
"1229","FWB-MOD008-0064","FWB-MOD008-0064","Faux Wood Beam MOD008 — FWB-MOD008","Критично","Missing Stock","Stock пуст","Добавить Stock/availability"
"1230","FWB-MOD008-0065","FWB-MOD008-0065","Faux Wood Beam MOD008 — FWB-MOD008","Критично","Missing Stock","Stock пуст","Добавить Stock/availability"
"1231","FWB-MOD008-0066","FWB-MOD008-0066","Faux Wood Beam MOD008 — FWB-MOD008","Критично","Missing Stock","Stock пуст","Добавить Stock/availability"
"1232","FWB-MOD008-0067","FWB-MOD008-0067","Faux Wood Beam MOD008 — FWB-MOD008","Критично","Missing Stock","Stock пуст","Добавить Stock/availability"
"1233","FWB-MOD008-0068","FWB-MOD008-0068","Faux Wood Beam MOD008 — FWB-MOD008","Критично","Missing Stock","Stock пуст","Добавить Stock/availability"
"1234","FWB-MOD008-0069","FWB-MOD008-0069","Faux Wood Beam MOD008 — FWB-MOD008","Критично","Missing Stock","Stock пуст","Добавить Stock/availability"
"1235","FWB-MOD008-0070","FWB-MOD008-0070","Faux Wood Beam MOD008 — FWB-MOD008","Критично","Missing Stock","Stock пуст","Добавить Stock/availability"
"1236","FWB-MOD008-0071","FWB-MOD008-0071","Faux Wood Beam MOD008 — FWB-MOD008","Критично","Missing Stock","Stock пуст","Добавить Stock/availability"
"1237","FWB-MOD008-0072","FWB-MOD008-0072","Faux Wood Beam MOD008 — FWB-MOD008","Критично","Missing Stock","Stock пуст","Добавить Stock/availability"
"1238","FWB-MOD008-0073","FWB-MOD008-0073","Faux Wood Beam MOD008 — FWB-MOD008","Критично","Missing Stock","Stock пуст","Добавить Stock/availability"
"1239","FWB-MOD008-0074","FWB-MOD008-0074","Faux Wood Beam MOD008 — FWB-MOD008","Критично","Missing Stock","Stock пуст","Добавить Stock/availability"
"1240","FWB-MOD008-0075","FWB-MOD008-0075","Faux Wood Beam MOD008 — FWB-MOD008","Критично","Missing Stock","Stock пуст","Добавить Stock/availability"
"1241","FWB-MOD008-0076","FWB-MOD008-0076","Faux Wood Beam MOD008 — FWB-MOD008","Критично","Missing Stock","Stock пуст","Добавить Stock/availability"
"1242","FWB-MOD008-0077","FWB-MOD008-0077","Faux Wood Beam MOD008 — FWB-MOD008","Критично","Missing Stock","Stock пуст","Добавить Stock/availability"
"1243","FWB-MOD008-0078","FWB-MOD008-0078","Faux Wood Beam MOD008 — FWB-MOD008","Критично","Missing Stock","Stock пуст","Добавить Stock/availability"
"1244","FWB-MOD008-0079","FWB-MOD008-0079","Faux Wood Beam MOD008 — FWB-MOD008","Критично","Missing Stock","Stock пуст","Добавить Stock/availability"
"1245","FWB-MOD008-0080","FWB-MOD008-0080","Faux Wood Beam MOD008 — FWB-MOD008","Критично","Missing Stock","Stock пуст","Добавить Stock/availability"
"1246","FWB-MOD008-0081","FWB-MOD008-0081","Faux Wood Beam MOD008 — FWB-MOD008","Критично","Missing Stock","Stock пуст","Добавить Stock/availability"
"1309","COLSET-MOD001-0001","COLSET-MOD001-0001","Round Plain Column Set - Tuscan Round Cap & Tuscan Base Round — COLSET-MOD001","Критично","Missing Stock","Stock пуст","Добавить Stock/availability"
"1310","COLSET-MOD001-0002","COLSET-MOD001-0002","Round Plain Column Set - Tuscan Round Cap & Tuscan Base Round — COLSET-MOD001","Критично","Missing Stock","Stock пуст","Добавить Stock/availability"
"1311","COLSET-MOD001-0003","COLSET-MOD001-0003","Round Plain Column Set - Tuscan Round Cap & Tuscan Base Round — COLSET-MOD001","Критично","Missing Stock","Stock пуст","Добавить Stock/availability"
"1312","COLSET-MOD001-0004","COLSET-MOD001-0004","Round Plain Column Set - Tuscan Round Cap & Tuscan Base Round — COLSET-MOD001","Критично","Missing Stock","Stock пуст","Добавить Stock/availability"
"1313","COLSET-MOD001-0005","COLSET-MOD001-0005","Round Plain Column Set - Tuscan Round Cap & Tuscan Base Round — COLSET-MOD001","Критично","Missing Stock","Stock пуст","Добавить Stock/availability"
"1314","COLSET-MOD001-0006","COLSET-MOD001-0006","Round Plain Column Set - Tuscan Round Cap & Tuscan Base Round — COLSET-MOD001","Критично","Missing Stock","Stock пуст","Добавить Stock/availability"
"1315","COLSET-MOD001-0007","COLSET-MOD001-0007","Round Plain Column Set - Tuscan Round Cap & Tuscan Base Round — COLSET-MOD001","Критично","Missing Stock","Stock пуст","Добавить Stock/availability"
"1316","COLSET-MOD001-0008","COLSET-MOD001-0008","Round Plain Column Set - Tuscan Round Cap & Tuscan Base Round — COLSET-MOD001","Критично","Missing Stock","Stock пуст","Добавить Stock/availability"
"1317","COLSET-MOD001-0009","COLSET-MOD001-0009","Round Plain Column Set - Tuscan Round Cap & Tuscan Base Round — COLSET-MOD001","Критично","Missing Stock","Stock пуст","Добавить Stock/availability"
"1318","COLSET-MOD001-0010","COLSET-MOD001-0010","Round Plain Column Set - Tuscan Round Cap & Tuscan Base Round — COLSET-MOD001","Критично","Missing Stock","Stock пуст","Добавить Stock/availability"
"1319","COLSET-MOD001-0011","COLSET-MOD001-0011","Round Plain Column Set - Tuscan Round Cap & Tuscan Base Round — COLSET-MOD001","Критично","Missing Stock","Stock пуст","Добавить Stock/availability"
"1320","COLSET-MOD001-0012","COLSET-MOD001-0012","Round Plain Column Set - Tuscan Round Cap & Tuscan Base Round — COLSET-MOD001","Критично","Missing Stock","Stock пуст","Добавить Stock/availability"
"1321","COLSET-MOD001-0013","COLSET-MOD001-0013","Round Plain Column Set - Tuscan Round Cap & Tuscan Base Round — COLSET-MOD001","Критично","Missing Stock","Stock пуст","Добавить Stock/availability"
"1322","COLSET-MOD001-0014","COLSET-MOD001-0014","Round Plain Column Set - Tuscan Round Cap & Tuscan Base Round — COLSET-MOD001","Критично","Missing Stock","Stock пуст","Добавить Stock/availability"
"1323","COLSET-MOD001-0015","COLSET-MOD001-0015","Round Plain Column Set - Tuscan Round Cap & Tuscan Base Round — COLSET-MOD001","Критично","Missing Stock","Stock пуст","Добавить Stock/availability"
"1324","COLSET-MOD001-0016","COLSET-MOD001-0016","Round Plain Column Set - Tuscan Round Cap & Tuscan Base Round — COLSET-MOD001","Критично","Missing Stock","Stock пуст","Добавить Stock/availability"
"1325","COLSET-MOD001-0017","COLSET-MOD001-0017","Round Plain Column Set - Tuscan Round Cap & Tuscan Base Round — COLSET-MOD001","Критично","Missing Stock","Stock пуст","Добавить Stock/availability"
"1326","COLSET-MOD001-0018","COLSET-MOD001-0018","Round Plain Column Set - Tuscan Round Cap & Tuscan Base Round — COLSET-MOD001","Критично","Missing Stock","Stock пуст","Добавить Stock/availability"
"1327","COLSET-MOD001-0019","COLSET-MOD001-0019","Round Plain Column Set - Tuscan Round Cap & Tuscan Base Round — COLSET-MOD001","Критично","Missing Stock","Stock пуст","Добавить Stock/availability"
"1328","COLSET-MOD001-0020","COLSET-MOD001-0020","Round Plain Column Set - Tuscan Round Cap & Tuscan Base Round — COLSET-MOD001","Критично","Missing Stock","Stock пуст","Добавить Stock/availability"
"1329","COLSET-MOD001-0021","COLSET-MOD001-0021","Round Plain Column Set - Tuscan Round Cap & Tuscan Base Round — COLSET-MOD001","Критично","Missing Stock","Stock пуст","Добавить Stock/availability"
"1330","COLSET-MOD001-0022","COLSET-MOD001-0022","Round Plain Column Set - Tuscan Round Cap & Tuscan Base Round — COLSET-MOD001","Критично","Missing Stock","Stock пуст","Добавить Stock/availability"
"1331","COLSET-MOD001-0023","COLSET-MOD001-0023","Round Plain Column Set - Tuscan Round Cap & Tuscan Base Round — COLSET-MOD001","Критично","Missing Stock","Stock пуст","Добавить Stock/availability"
"1332","COLSET-MOD001-0024","COLSET-MOD001-0024","Round Plain Column Set - Tuscan Round Cap & Tuscan Base Round — COLSET-MOD001","Критично","Missing Stock","Stock пуст","Добавить Stock/availability"
"1333","COLSET-MOD001-0025","COLSET-MOD001-0025","Round Plain Column Set - Tuscan Round Cap & Tuscan Base Round — COLSET-MOD001","Критично","Missing Stock","Stock пуст","Добавить Stock/availability"
"1334","COLSET-MOD001-0026","COLSET-MOD001-0026","Round Plain Column Set - Tuscan Round Cap & Tuscan Base Round — COLSET-MOD001","Критично","Missing Stock","Stock пуст","Добавить Stock/availability"
"1335","COLSET-MOD001-0027","COLSET-MOD001-0027","Round Plain Column Set - Tuscan Round Cap & Tuscan Base Round — COLSET-MOD001","Критично","Missing Stock","Stock пуст","Добавить Stock/availability"
"1336","COLSET-MOD001-0028","COLSET-MOD001-0028","Round Plain Column Set - Tuscan Round Cap & Tuscan Base Round — COLSET-MOD001","Критично","Missing Stock","Stock пуст","Добавить Stock/availability"
"1337","COLSET-MOD001-0029","COLSET-MOD001-0029","Round Plain Column Set - Tuscan Round Cap & Tuscan Base Round — COLSET-MOD001","Критично","Missing Stock","Stock пуст","Добавить Stock/availability"
"1338","COLSET-MOD001-0030","COLSET-MOD001-0030","Round Plain Column Set - Tuscan Round Cap & Tuscan Base Round — COLSET-MOD001","Критично","Missing Stock","Stock пуст","Добавить Stock/availability"
"1339","COLSET-MOD001-0031","COLSET-MOD001-0031","Round Plain Column Set - Tuscan Round Cap & Tuscan Base Round — COLSET-MOD001","Критично","Missing Stock","Stock пуст","Добавить Stock/availability"
"1340","COLSET-MOD001-0032","COLSET-MOD001-0032","Round Plain Column Set - Tuscan Round Cap & Tuscan Base Round — COLSET-MOD001","Критично","Missing Stock","Stock пуст","Добавить Stock/availability"
"1341","COLSET-MOD001-0033","COLSET-MOD001-0033","Round Plain Column Set - Tuscan Round Cap & Tuscan Base Round — COLSET-MOD001","Критично","Missing Stock","Stock пуст","Добавить Stock/availability"
"1342","COLSET-MOD001-0034","COLSET-MOD001-0034","Round Plain Column Set - Tuscan Round Cap & Tuscan Base Round — COLSET-MOD001","Критично","Missing Stock","Stock пуст","Добавить Stock/availability"
"1343","COLSET-MOD002-0001","COLSET-MOD002-0001","Round Tapered Column Set - Tuscan Round Cap & Tuscan Base Round — COLSET-MOD002","Критично","Missing Stock","Stock пуст","Добавить Stock/availability"
"1344","COLSET-MOD002-0002","COLSET-MOD002-0002","Round Tapered Column Set - Tuscan Round Cap & Tuscan Base Round — COLSET-MOD002","Критично","Missing Stock","Stock пуст","Добавить Stock/availability"
"1345","COLSET-MOD002-0003","COLSET-MOD002-0003","Round Tapered Column Set - Tuscan Round Cap & Tuscan Base Round — COLSET-MOD002","Критично","Missing Stock","Stock пуст","Добавить Stock/availability"
"1346","COLSET-MOD002-0004","COLSET-MOD002-0004","Round Tapered Column Set - Tuscan Round Cap & Tuscan Base Round — COLSET-MOD002","Критично","Missing Stock","Stock пуст","Добавить Stock/availability"
"1347","COLSET-MOD002-0005","COLSET-MOD002-0005","Round Tapered Column Set - Tuscan Round Cap & Tuscan Base Round — COLSET-MOD002","Критично","Missing Stock","Stock пуст","Добавить Stock/availability"
"1348","COLSET-MOD002-0006","COLSET-MOD002-0006","Round Tapered Column Set - Tuscan Round Cap & Tuscan Base Round — COLSET-MOD002","Критично","Missing Stock","Stock пуст","Добавить Stock/availability"
"1349","COLSET-MOD002-0007","COLSET-MOD002-0007","Round Tapered Column Set - Tuscan Round Cap & Tuscan Base Round — COLSET-MOD002","Критично","Missing Stock","Stock пуст","Добавить Stock/availability"
"1350","COLSET-MOD002-0008","COLSET-MOD002-0008","Round Tapered Column Set - Tuscan Round Cap & Tuscan Base Round — COLSET-MOD002","Критично","Missing Stock","Stock пуст","Добавить Stock/availability"
"1351","COLSET-MOD002-0009","COLSET-MOD002-0009","Round Tapered Column Set - Tuscan Round Cap & Tuscan Base Round — COLSET-MOD002","Критично","Missing Stock","Stock пуст","Добавить Stock/availability"
"1352","COLSET-MOD002-0010","COLSET-MOD002-0010","Round Tapered Column Set - Tuscan Round Cap & Tuscan Base Round — COLSET-MOD002","Критично","Missing Stock","Stock пуст","Добавить Stock/availability"
"1353","COLSET-MOD002-0011","COLSET-MOD002-0011","Round Tapered Column Set - Tuscan Round Cap & Tuscan Base Round — COLSET-MOD002","Критично","Missing Stock","Stock пуст","Добавить Stock/availability"
"1354","COLSET-MOD002-0012","COLSET-MOD002-0012","Round Tapered Column Set - Tuscan Round Cap & Tuscan Base Round — COLSET-MOD002","Критично","Missing Stock","Stock пуст","Добавить Stock/availability"
"1355","COLSET-MOD002-0013","COLSET-MOD002-0013","Round Tapered Column Set - Tuscan Round Cap & Tuscan Base Round — COLSET-MOD002","Критично","Missing Stock","Stock пуст","Добавить Stock/availability"
"1356","COLSET-MOD002-0014","COLSET-MOD002-0014","Round Tapered Column Set - Tuscan Round Cap & Tuscan Base Round — COLSET-MOD002","Критично","Missing Stock","Stock пуст","Добавить Stock/availability"
"1357","COLSET-MOD002-0015","COLSET-MOD002-0015","Round Tapered Column Set - Tuscan Round Cap & Tuscan Base Round — COLSET-MOD002","Критично","Missing Stock","Stock пуст","Добавить Stock/availability"
"1358","COLSET-MOD002-0016","COLSET-MOD002-0016","Round Tapered Column Set - Tuscan Round Cap & Tuscan Base Round — COLSET-MOD002","Критично","Missing Stock","Stock пуст","Добавить Stock/availability"
"1359","COLSET-MOD002-0017","COLSET-MOD002-0017","Round Tapered Column Set - Tuscan Round Cap & Tuscan Base Round — COLSET-MOD002","Критично","Missing Stock","Stock пуст","Добавить Stock/availability"
"1360","COLSET-MOD002-0018","COLSET-MOD002-0018","Round Tapered Column Set - Tuscan Round Cap & Tuscan Base Round — COLSET-MOD002","Критично","Missing Stock","Stock пуст","Добавить Stock/availability"
"1361","COLSET-MOD002-0019","COLSET-MOD002-0019","Round Tapered Column Set - Tuscan Round Cap & Tuscan Base Round — COLSET-MOD002","Критично","Missing Stock","Stock пуст","Добавить Stock/availability"
"1362","COLSET-MOD002-0020","COLSET-MOD002-0020","Round Tapered Column Set - Tuscan Round Cap & Tuscan Base Round — COLSET-MOD002","Критично","Missing Stock","Stock пуст","Добавить Stock/availability"
"1363","COLSET-MOD002-0021","COLSET-MOD002-0021","Round Tapered Column Set - Tuscan Round Cap & Tuscan Base Round — COLSET-MOD002","Критично","Missing Stock","Stock пуст","Добавить Stock/availability"
"1364","COLSET-MOD002-0022","COLSET-MOD002-0022","Round Tapered Column Set - Tuscan Round Cap & Tuscan Base Round — COLSET-MOD002","Критично","Missing Stock","Stock пуст","Добавить Stock/availability"
"1365","COLSET-MOD002-0023","COLSET-MOD002-0023","Round Tapered Column Set - Tuscan Round Cap & Tuscan Base Round — COLSET-MOD002","Критично","Missing Stock","Stock пуст","Добавить Stock/availability"
"1366","COLSET-MOD002-0024","COLSET-MOD002-0024","Round Tapered Column Set - Tuscan Round Cap & Tuscan Base Round — COLSET-MOD002","Критично","Missing Stock","Stock пуст","Добавить Stock/availability"
"1367","COLSET-MOD002-0025","COLSET-MOD002-0025","Round Tapered Column Set - Tuscan Round Cap & Tuscan Base Round — COLSET-MOD002","Критично","Missing Stock","Stock пуст","Добавить Stock/availability"
"1368","COLSET-MOD002-0026","COLSET-MOD002-0026","Round Tapered Column Set - Tuscan Round Cap & Tuscan Base Round — COLSET-MOD002","Критично","Missing Stock","Stock пуст","Добавить Stock/availability"
"1369","COLSET-MOD002-0027","COLSET-MOD002-0027","Round Tapered Column Set - Tuscan Round Cap & Tuscan Base Round — COLSET-MOD002","Критично","Missing Stock","Stock пуст","Добавить Stock/availability"
"1370","COLSET-MOD002-0028","COLSET-MOD002-0028","Round Tapered Column Set - Tuscan Round Cap & Tuscan Base Round — COLSET-MOD002","Критично","Missing Stock","Stock пуст","Добавить Stock/availability"
"1371","COLSET-MOD002-0029","COLSET-MOD002-0029","Round Tapered Column Set - Tuscan Round Cap & Tuscan Base Round — COLSET-MOD002","Критично","Missing Stock","Stock пуст","Добавить Stock/availability"
"1372","COLSET-MOD002-0030","COLSET-MOD002-0030","Round Tapered Column Set - Tuscan Round Cap & Tuscan Base Round — COLSET-MOD002","Критично","Missing Stock","Stock пуст","Добавить Stock/availability"
"1373","COLSET-MOD002-0031","COLSET-MOD002-0031","Round Tapered Column Set - Tuscan Round Cap & Tuscan Base Round — COLSET-MOD002","Критично","Missing Stock","Stock пуст","Добавить Stock/availability"
"1374","COLSET-MOD002-0032","COLSET-MOD002-0032","Round Tapered Column Set - Tuscan Round Cap & Tuscan Base Round — COLSET-MOD002","Критично","Missing Stock","Stock пуст","Добавить Stock/availability"
"1375","COLSET-MOD002-0033","COLSET-MOD002-0033","Round Tapered Column Set - Tuscan Round Cap & Tuscan Base Round — COLSET-MOD002","Критично","Missing Stock","Stock пуст","Добавить Stock/availability"
"1376","COLSET-MOD002-0034","COLSET-MOD002-0034","Round Tapered Column Set - Tuscan Round Cap & Tuscan Base Round — COLSET-MOD002","Критично","Missing Stock","Stock пуст","Добавить Stock/availability"
"1377","COLSET-MOD003-0001","COLSET-MOD003-0001","Round Belly Column Set - Tuscan Round Cap & Tuscan Base Round — COLSET-MOD003","Критично","Missing Stock","Stock пуст","Добавить Stock/availability"
"1378","COLSET-MOD003-0002","COLSET-MOD003-0002","Round Belly Column Set - Tuscan Round Cap & Tuscan Base Round — COLSET-MOD003","Критично","Missing Stock","Stock пуст","Добавить Stock/availability"
"1379","COLSET-MOD003-0003","COLSET-MOD003-0003","Round Belly Column Set - Tuscan Round Cap & Tuscan Base Round — COLSET-MOD003","Критично","Missing Stock","Stock пуст","Добавить Stock/availability"
"1380","COLSET-MOD003-0004","COLSET-MOD003-0004","Round Belly Column Set - Tuscan Round Cap & Tuscan Base Round — COLSET-MOD003","Критично","Missing Stock","Stock пуст","Добавить Stock/availability"
"1381","COLSET-MOD003-0005","COLSET-MOD003-0005","Round Belly Column Set - Tuscan Round Cap & Tuscan Base Round — COLSET-MOD003","Критично","Missing Stock","Stock пуст","Добавить Stock/availability"
"1382","COLSET-MOD003-0006","COLSET-MOD003-0006","Round Belly Column Set - Tuscan Round Cap & Tuscan Base Round — COLSET-MOD003","Критично","Missing Stock","Stock пуст","Добавить Stock/availability"
"1383","COLSET-MOD003-0007","COLSET-MOD003-0007","Round Belly Column Set - Tuscan Round Cap & Tuscan Base Round — COLSET-MOD003","Критично","Missing Stock","Stock пуст","Добавить Stock/availability"
"1384","COLSET-MOD003-0008","COLSET-MOD003-0008","Round Belly Column Set - Tuscan Round Cap & Tuscan Base Round — COLSET-MOD003","Критично","Missing Stock","Stock пуст","Добавить Stock/availability"
"1385","COLSET-MOD003-0009","COLSET-MOD003-0009","Round Belly Column Set - Tuscan Round Cap & Tuscan Base Round — COLSET-MOD003","Критично","Missing Stock","Stock пуст","Добавить Stock/availability"
"1386","COLSET-MOD003-0010","COLSET-MOD003-0010","Round Belly Column Set - Tuscan Round Cap & Tuscan Base Round — COLSET-MOD003","Критично","Missing Stock","Stock пуст","Добавить Stock/availability"
"1387","COLSET-MOD003-0011","COLSET-MOD003-0011","Round Belly Column Set - Tuscan Round Cap & Tuscan Base Round — COLSET-MOD003","Критично","Missing Stock","Stock пуст","Добавить Stock/availability"
"1388","COLSET-MOD003-0012","COLSET-MOD003-0012","Round Belly Column Set - Tuscan Round Cap & Tuscan Base Round — COLSET-MOD003","Критично","Missing Stock","Stock пуст","Добавить Stock/availability"
"1389","COLSET-MOD003-0013","COLSET-MOD003-0013","Round Belly Column Set - Tuscan Round Cap & Tuscan Base Round — COLSET-MOD003","Критично","Missing Stock","Stock пуст","Добавить Stock/availability"
"1390","COLSET-MOD003-0014","COLSET-MOD003-0014","Round Belly Column Set - Tuscan Round Cap & Tuscan Base Round — COLSET-MOD003","Критично","Missing Stock","Stock пуст","Добавить Stock/availability"
"1391","COLSET-MOD003-0015","COLSET-MOD003-0015","Round Belly Column Set - Tuscan Round Cap & Tuscan Base Round — COLSET-MOD003","Критично","Missing Stock","Stock пуст","Добавить Stock/availability"
"1392","COLSET-MOD003-0016","COLSET-MOD003-0016","Round Belly Column Set - Tuscan Round Cap & Tuscan Base Round — COLSET-MOD003","Критично","Missing Stock","Stock пуст","Добавить Stock/availability"
"1393","COLSET-MOD003-0017","COLSET-MOD003-0017","Round Belly Column Set - Tuscan Round Cap & Tuscan Base Round — COLSET-MOD003","Критично","Missing Stock","Stock пуст","Добавить Stock/availability"
"1394","COLSET-MOD003-0018","COLSET-MOD003-0018","Round Belly Column Set - Tuscan Round Cap & Tuscan Base Round — COLSET-MOD003","Критично","Missing Stock","Stock пуст","Добавить Stock/availability"
"1395","COLSET-MOD003-0019","COLSET-MOD003-0019","Round Belly Column Set - Tuscan Round Cap & Tuscan Base Round — COLSET-MOD003","Критично","Missing Stock","Stock пуст","Добавить Stock/availability"
"1396","COLSET-MOD003-0020","COLSET-MOD003-0020","Round Belly Column Set - Tuscan Round Cap & Tuscan Base Round — COLSET-MOD003","Критично","Missing Stock","Stock пуст","Добавить Stock/availability"
"1397","COLSET-MOD003-0021","COLSET-MOD003-0021","Round Belly Column Set - Tuscan Round Cap & Tuscan Base Round — COLSET-MOD003","Критично","Missing Stock","Stock пуст","Добавить Stock/availability"
"1398","COLSET-MOD003-0022","COLSET-MOD003-0022","Round Belly Column Set - Tuscan Round Cap & Tuscan Base Round — COLSET-MOD003","Критично","Missing Stock","Stock пуст","Добавить Stock/availability"
"1399","COLSET-MOD003-0023","COLSET-MOD003-0023","Round Belly Column Set - Tuscan Round Cap & Tuscan Base Round — COLSET-MOD003","Критично","Missing Stock","Stock пуст","Добавить Stock/availability"
"1400","COLSET-MOD003-0024","COLSET-MOD003-0024","Round Belly Column Set - Tuscan Round Cap & Tuscan Base Round — COLSET-MOD003","Критично","Missing Stock","Stock пуст","Добавить Stock/availability"
"1401","COLSET-MOD003-0025","COLSET-MOD003-0025","Round Belly Column Set - Tuscan Round Cap & Tuscan Base Round — COLSET-MOD003","Критично","Missing Stock","Stock пуст","Добавить Stock/availability"
"1402","COLSET-MOD003-0026","COLSET-MOD003-0026","Round Belly Column Set - Tuscan Round Cap & Tuscan Base Round — COLSET-MOD003","Критично","Missing Stock","Stock пуст","Добавить Stock/availability"
"1403","COLSET-MOD003-0027","COLSET-MOD003-0027","Round Belly Column Set - Tuscan Round Cap & Tuscan Base Round — COLSET-MOD003","Критично","Missing Stock","Stock пуст","Добавить Stock/availability"
"1404","COLSET-MOD003-0028","COLSET-MOD003-0028","Round Belly Column Set - Tuscan Round Cap & Tuscan Base Round — COLSET-MOD003","Критично","Missing Stock","Stock пуст","Добавить Stock/availability"
"1405","COLSET-MOD003-0029","COLSET-MOD003-0029","Round Belly Column Set - Tuscan Round Cap & Tuscan Base Round — COLSET-MOD003","Критично","Missing Stock","Stock пуст","Добавить Stock/availability"
"1406","COLSET-MOD003-0030","COLSET-MOD003-0030","Round Belly Column Set - Tuscan Round Cap & Tuscan Base Round — COLSET-MOD003","Критично","Missing Stock","Stock пуст","Добавить Stock/availability"
"1407","COLSET-MOD003-0031","COLSET-MOD003-0031","Round Belly Column Set - Tuscan Round Cap & Tuscan Base Round — COLSET-MOD003","Критично","Missing Stock","Stock пуст","Добавить Stock/availability"
"1408","COLSET-MOD003-0032","COLSET-MOD003-0032","Round Belly Column Set - Tuscan Round Cap & Tuscan Base Round — COLSET-MOD003","Критично","Missing Stock","Stock пуст","Добавить Stock/availability"
"1409","COLSET-MOD003-0033","COLSET-MOD003-0033","Round Belly Column Set - Tuscan Round Cap & Tuscan Base Round — COLSET-MOD003","Критично","Missing Stock","Stock пуст","Добавить Stock/availability"
"1410","COLSET-MOD003-0034","COLSET-MOD003-0034","Round Belly Column Set - Tuscan Round Cap & Tuscan Base Round — COLSET-MOD003","Критично","Missing Stock","Stock пуст","Добавить Stock/availability"
"1411","COLSET-MOD004-0001","COLSET-MOD004-0001","Round Half-Belly Column Set - Tuscan Round Cap & Tuscan Base Round — COLSET-MOD004","Критично","Missing Stock","Stock пуст","Добавить Stock/availability"
"1412","COLSET-MOD004-0002","COLSET-MOD004-0002","Round Half-Belly Column Set - Tuscan Round Cap & Tuscan Base Round — COLSET-MOD004","Критично","Missing Stock","Stock пуст","Добавить Stock/availability"
"1413","COLSET-MOD004-0003","COLSET-MOD004-0003","Round Half-Belly Column Set - Tuscan Round Cap & Tuscan Base Round — COLSET-MOD004","Критично","Missing Stock","Stock пуст","Добавить Stock/availability"
"1414","COLSET-MOD004-0004","COLSET-MOD004-0004","Round Half-Belly Column Set - Tuscan Round Cap & Tuscan Base Round — COLSET-MOD004","Критично","Missing Stock","Stock пуст","Добавить Stock/availability"
"1415","COLSET-MOD004-0005","COLSET-MOD004-0005","Round Half-Belly Column Set - Tuscan Round Cap & Tuscan Base Round — COLSET-MOD004","Критично","Missing Stock","Stock пуст","Добавить Stock/availability"
"1416","COLSET-MOD004-0006","COLSET-MOD004-0006","Round Half-Belly Column Set - Tuscan Round Cap & Tuscan Base Round — COLSET-MOD004","Критично","Missing Stock","Stock пуст","Добавить Stock/availability"
"1417","COLSET-MOD004-0007","COLSET-MOD004-0007","Round Half-Belly Column Set - Tuscan Round Cap & Tuscan Base Round — COLSET-MOD004","Критично","Missing Stock","Stock пуст","Добавить Stock/availability"
"1418","COLSET-MOD004-0008","COLSET-MOD004-0008","Round Half-Belly Column Set - Tuscan Round Cap & Tuscan Base Round — COLSET-MOD004","Критично","Missing Stock","Stock пуст","Добавить Stock/availability"
"1419","COLSET-MOD004-0009","COLSET-MOD004-0009","Round Half-Belly Column Set - Tuscan Round Cap & Tuscan Base Round — COLSET-MOD004","Критично","Missing Stock","Stock пуст","Добавить Stock/availability"
"1420","COLSET-MOD004-0010","COLSET-MOD004-0010","Round Half-Belly Column Set - Tuscan Round Cap & Tuscan Base Round — COLSET-MOD004","Критично","Missing Stock","Stock пуст","Добавить Stock/availability"
"1421","COLSET-MOD004-0011","COLSET-MOD004-0011","Round Half-Belly Column Set - Tuscan Round Cap & Tuscan Base Round — COLSET-MOD004","Критично","Missing Stock","Stock пуст","Добавить Stock/availability"
"1422","COLSET-MOD004-0012","COLSET-MOD004-0012","Round Half-Belly Column Set - Tuscan Round Cap & Tuscan Base Round — COLSET-MOD004","Критично","Missing Stock","Stock пуст","Добавить Stock/availability"
"1423","COLSET-MOD004-0013","COLSET-MOD004-0013","Round Half-Belly Column Set - Tuscan Round Cap & Tuscan Base Round — COLSET-MOD004","Критично","Missing Stock","Stock пуст","Добавить Stock/availability"
"1424","COLSET-MOD004-0014","COLSET-MOD004-0014","Round Half-Belly Column Set - Tuscan Round Cap & Tuscan Base Round — COLSET-MOD004","Критично","Missing Stock","Stock пуст","Добавить Stock/availability"
"1425","COLSET-MOD004-0015","COLSET-MOD004-0015","Round Half-Belly Column Set - Tuscan Round Cap & Tuscan Base Round — COLSET-MOD004","Критично","Missing Stock","Stock пуст","Добавить Stock/availability"
"1426","COLSET-MOD004-0016","COLSET-MOD004-0016","Round Half-Belly Column Set - Tuscan Round Cap & Tuscan Base Round — COLSET-MOD004","Критично","Missing Stock","Stock пуст","Добавить Stock/availability"
"1427","COLSET-MOD004-0017","COLSET-MOD004-0017","Round Half-Belly Column Set - Tuscan Round Cap & Tuscan Base Round — COLSET-MOD004","Критично","Missing Stock","Stock пуст","Добавить Stock/availability"
"1428","COLSET-MOD004-0018","COLSET-MOD004-0018","Round Half-Belly Column Set - Tuscan Round Cap & Tuscan Base Round — COLSET-MOD004","Критично","Missing Stock","Stock пуст","Добавить Stock/availability"
"1429","COLSET-MOD004-0019","COLSET-MOD004-0019","Round Half-Belly Column Set - Tuscan Round Cap & Tuscan Base Round — COLSET-MOD004","Критично","Missing Stock","Stock пуст","Добавить Stock/availability"
"1430","COLSET-MOD004-0020","COLSET-MOD004-0020","Round Half-Belly Column Set - Tuscan Round Cap & Tuscan Base Round — COLSET-MOD004","Критично","Missing Stock","Stock пуст","Добавить Stock/availability"
"1431","COLSET-MOD004-0021","COLSET-MOD004-0021","Round Half-Belly Column Set - Tuscan Round Cap & Tuscan Base Round — COLSET-MOD004","Критично","Missing Stock","Stock пуст","Добавить Stock/availability"
"1432","COLSET-MOD004-0022","COLSET-MOD004-0022","Round Half-Belly Column Set - Tuscan Round Cap & Tuscan Base Round — COLSET-MOD004","Критично","Missing Stock","Stock пуст","Добавить Stock/availability"
"1433","COLSET-MOD004-0023","COLSET-MOD004-0023","Round Half-Belly Column Set - Tuscan Round Cap & Tuscan Base Round — COLSET-MOD004","Критично","Missing Stock","Stock пуст","Добавить Stock/availability"
"1434","COLSET-MOD004-0024","COLSET-MOD004-0024","Round Half-Belly Column Set - Tuscan Round Cap & Tuscan Base Round — COLSET-MOD004","Критично","Missing Stock","Stock пуст","Добавить Stock/availability"
"1435","COLSET-MOD004-0025","COLSET-MOD004-0025","Round Half-Belly Column Set - Tuscan Round Cap & Tuscan Base Round — COLSET-MOD004","Критично","Missing Stock","Stock пуст","Добавить Stock/availability"
"1436","COLSET-MOD004-0026","COLSET-MOD004-0026","Round Half-Belly Column Set - Tuscan Round Cap & Tuscan Base Round — COLSET-MOD004","Критично","Missing Stock","Stock пуст","Добавить Stock/availability"
"1437","COLSET-MOD004-0027","COLSET-MOD004-0027","Round Half-Belly Column Set - Tuscan Round Cap & Tuscan Base Round — COLSET-MOD004","Критично","Missing Stock","Stock пуст","Добавить Stock/availability"
"1438","COLSET-MOD004-0028","COLSET-MOD004-0028","Round Half-Belly Column Set - Tuscan Round Cap & Tuscan Base Round — COLSET-MOD004","Критично","Missing Stock","Stock пуст","Добавить Stock/availability"
"1439","COLSET-MOD004-0029","COLSET-MOD004-0029","Round Half-Belly Column Set - Tuscan Round Cap & Tuscan Base Round — COLSET-MOD004","Критично","Missing Stock","Stock пуст","Добавить Stock/availability"
"1440","COLSET-MOD004-0030","COLSET-MOD004-0030","Round Half-Belly Column Set - Tuscan Round Cap & Tuscan Base Round — COLSET-MOD004","Критично","Missing Stock","Stock пуст","Добавить Stock/availability"
"1441","COLSET-MOD004-0031","COLSET-MOD004-0031","Round Half-Belly Column Set - Tuscan Round Cap & Tuscan Base Round — COLSET-MOD004","Критично","Missing Stock","Stock пуст","Добавить Stock/availability"
"1442","COLSET-MOD004-0032","COLSET-MOD004-0032","Round Half-Belly Column Set - Tuscan Round Cap & Tuscan Base Round — COLSET-MOD004","Критично","Missing Stock","Stock пуст","Добавить Stock/availability"
"1443","COLSET-MOD004-0033","COLSET-MOD004-0033","Round Half-Belly Column Set - Tuscan Round Cap & Tuscan Base Round — COLSET-MOD004","Критично","Missing Stock","Stock пуст","Добавить Stock/availability"
"1444","COLSET-MOD004-0034","COLSET-MOD004-0034","Round Half-Belly Column Set - Tuscan Round Cap & Tuscan Base Round — COLSET-MOD004","Критично","Missing Stock","Stock пуст","Добавить Stock/availability"
"1445","COLSET-MOD005-0001","COLSET-MOD005-0001","Square Plain Column Set - Tuscan Square Cap & Tuscan Base Square — COLSET-MOD005","Критично","Missing Stock","Stock пуст","Добавить Stock/availability"
"1446","COLSET-MOD005-0002","COLSET-MOD005-0002","Square Plain Column Set - Tuscan Square Cap & Tuscan Base Square — COLSET-MOD005","Критично","Missing Stock","Stock пуст","Добавить Stock/availability"
"1447","COLSET-MOD005-0003","COLSET-MOD005-0003","Square Plain Column Set - Tuscan Square Cap & Tuscan Base Square — COLSET-MOD005","Критично","Missing Stock","Stock пуст","Добавить Stock/availability"
"1448","COLSET-MOD005-0004","COLSET-MOD005-0004","Square Plain Column Set - Tuscan Square Cap & Tuscan Base Square — COLSET-MOD005","Критично","Missing Stock","Stock пуст","Добавить Stock/availability"
"1449","COLSET-MOD005-0005","COLSET-MOD005-0005","Square Plain Column Set - Tuscan Square Cap & Tuscan Base Square — COLSET-MOD005","Критично","Missing Stock","Stock пуст","Добавить Stock/availability"
"1450","COLSET-MOD005-0006","COLSET-MOD005-0006","Square Plain Column Set - Tuscan Square Cap & Tuscan Base Square — COLSET-MOD005","Критично","Missing Stock","Stock пуст","Добавить Stock/availability"
"1451","COLSET-MOD005-0007","COLSET-MOD005-0007","Square Plain Column Set - Tuscan Square Cap & Tuscan Base Square — COLSET-MOD005","Критично","Missing Stock","Stock пуст","Добавить Stock/availability"
"1452","COLSET-MOD005-0008","COLSET-MOD005-0008","Square Plain Column Set - Tuscan Square Cap & Tuscan Base Square — COLSET-MOD005","Критично","Missing Stock","Stock пуст","Добавить Stock/availability"
"1453","COLSET-MOD005-0009","COLSET-MOD005-0009","Square Plain Column Set - Tuscan Square Cap & Tuscan Base Square — COLSET-MOD005","Критично","Missing Stock","Stock пуст","Добавить Stock/availability"
"1454","COLSET-MOD005-0010","COLSET-MOD005-0010","Square Plain Column Set - Tuscan Square Cap & Tuscan Base Square — COLSET-MOD005","Критично","Missing Stock","Stock пуст","Добавить Stock/availability"
"1455","COLSET-MOD005-0011","COLSET-MOD005-0011","Square Plain Column Set - Tuscan Square Cap & Tuscan Base Square — COLSET-MOD005","Критично","Missing Stock","Stock пуст","Добавить Stock/availability"
"1456","COLSET-MOD005-0012","COLSET-MOD005-0012","Square Plain Column Set - Tuscan Square Cap & Tuscan Base Square — COLSET-MOD005","Критично","Missing Stock","Stock пуст","Добавить Stock/availability"
"1457","COLSET-MOD005-0013","COLSET-MOD005-0013","Square Plain Column Set - Tuscan Square Cap & Tuscan Base Square — COLSET-MOD005","Критично","Missing Stock","Stock пуст","Добавить Stock/availability"
"1458","COLSET-MOD005-0014","COLSET-MOD005-0014","Square Plain Column Set - Tuscan Square Cap & Tuscan Base Square — COLSET-MOD005","Критично","Missing Stock","Stock пуст","Добавить Stock/availability"
"1459","COLSET-MOD005-0015","COLSET-MOD005-0015","Square Plain Column Set - Tuscan Square Cap & Tuscan Base Square — COLSET-MOD005","Критично","Missing Stock","Stock пуст","Добавить Stock/availability"
"1460","COLSET-MOD005-0016","COLSET-MOD005-0016","Square Plain Column Set - Tuscan Square Cap & Tuscan Base Square — COLSET-MOD005","Критично","Missing Stock","Stock пуст","Добавить Stock/availability"
"1461","COLSET-MOD005-0017","COLSET-MOD005-0017","Square Plain Column Set - Tuscan Square Cap & Tuscan Base Square — COLSET-MOD005","Критично","Missing Stock","Stock пуст","Добавить Stock/availability"
"1462","COLSET-MOD005-0018","COLSET-MOD005-0018","Square Plain Column Set - Tuscan Square Cap & Tuscan Base Square — COLSET-MOD005","Критично","Missing Stock","Stock пуст","Добавить Stock/availability"
"1463","COLSET-MOD005-0019","COLSET-MOD005-0019","Square Plain Column Set - Tuscan Square Cap & Tuscan Base Square — COLSET-MOD005","Критично","Missing Stock","Stock пуст","Добавить Stock/availability"
"1464","COLSET-MOD005-0020","COLSET-MOD005-0020","Square Plain Column Set - Tuscan Square Cap & Tuscan Base Square — COLSET-MOD005","Критично","Missing Stock","Stock пуст","Добавить Stock/availability"
"1465","COLSET-MOD005-0021","COLSET-MOD005-0021","Square Plain Column Set - Tuscan Square Cap & Tuscan Base Square — COLSET-MOD005","Критично","Missing Stock","Stock пуст","Добавить Stock/availability"
"1466","COLSET-MOD005-0022","COLSET-MOD005-0022","Square Plain Column Set - Tuscan Square Cap & Tuscan Base Square — COLSET-MOD005","Критично","Missing Stock","Stock пуст","Добавить Stock/availability"
"1467","COLSET-MOD005-0023","COLSET-MOD005-0023","Square Plain Column Set - Tuscan Square Cap & Tuscan Base Square — COLSET-MOD005","Критично","Missing Stock","Stock пуст","Добавить Stock/availability"
"1468","COLSET-MOD005-0024","COLSET-MOD005-0024","Square Plain Column Set - Tuscan Square Cap & Tuscan Base Square — COLSET-MOD005","Критично","Missing Stock","Stock пуст","Добавить Stock/availability"
"1469","COLSET-MOD005-0025","COLSET-MOD005-0025","Square Plain Column Set - Tuscan Square Cap & Tuscan Base Square — COLSET-MOD005","Критично","Missing Stock","Stock пуст","Добавить Stock/availability"
"1470","COLSET-MOD005-0026","COLSET-MOD005-0026","Square Plain Column Set - Tuscan Square Cap & Tuscan Base Square — COLSET-MOD005","Критично","Missing Stock","Stock пуст","Добавить Stock/availability"
"1471","COLSET-MOD005-0027","COLSET-MOD005-0027","Square Plain Column Set - Tuscan Square Cap & Tuscan Base Square — COLSET-MOD005","Критично","Missing Stock","Stock пуст","Добавить Stock/availability"
"1472","COLSET-MOD005-0028","COLSET-MOD005-0028","Square Plain Column Set - Tuscan Square Cap & Tuscan Base Square — COLSET-MOD005","Критично","Missing Stock","Stock пуст","Добавить Stock/availability"
"1473","COLSET-MOD005-0029","COLSET-MOD005-0029","Square Plain Column Set - Tuscan Square Cap & Tuscan Base Square — COLSET-MOD005","Критично","Missing Stock","Stock пуст","Добавить Stock/availability"
"1474","COLSET-MOD005-0030","COLSET-MOD005-0030","Square Plain Column Set - Tuscan Square Cap & Tuscan Base Square — COLSET-MOD005","Критично","Missing Stock","Stock пуст","Добавить Stock/availability"
"1475","COLSET-MOD005-0031","COLSET-MOD005-0031","Square Plain Column Set - Tuscan Square Cap & Tuscan Base Square — COLSET-MOD005","Критично","Missing Stock","Stock пуст","Добавить Stock/availability"
"1476","COLSET-MOD005-0032","COLSET-MOD005-0032","Square Plain Column Set - Tuscan Square Cap & Tuscan Base Square — COLSET-MOD005","Критично","Missing Stock","Stock пуст","Добавить Stock/availability"
"1477","COLSET-MOD005-0033","COLSET-MOD005-0033","Square Plain Column Set - Tuscan Square Cap & Tuscan Base Square — COLSET-MOD005","Критично","Missing Stock","Stock пуст","Добавить Stock/availability"
"1478","COLSET-MOD005-0034","COLSET-MOD005-0034","Square Plain Column Set - Tuscan Square Cap & Tuscan Base Square — COLSET-MOD005","Критично","Missing Stock","Stock пуст","Добавить Stock/availability"
"1479","COLSET-MOD006-0001","COLSET-MOD006-0001","Square Tapered Column Set - Tuscan Square Cap & Tuscan Base Square — COLSET-MOD006","Критично","Missing Stock","Stock пуст","Добавить Stock/availability"
"1480","COLSET-MOD006-0002","COLSET-MOD006-0002","Square Tapered Column Set - Tuscan Square Cap & Tuscan Base Square — COLSET-MOD006","Критично","Missing Stock","Stock пуст","Добавить Stock/availability"
"1481","COLSET-MOD006-0003","COLSET-MOD006-0003","Square Tapered Column Set - Tuscan Square Cap & Tuscan Base Square — COLSET-MOD006","Критично","Missing Stock","Stock пуст","Добавить Stock/availability"
"1482","COLSET-MOD006-0004","COLSET-MOD006-0004","Square Tapered Column Set - Tuscan Square Cap & Tuscan Base Square — COLSET-MOD006","Критично","Missing Stock","Stock пуст","Добавить Stock/availability"
"1483","COLSET-MOD006-0005","COLSET-MOD006-0005","Square Tapered Column Set - Tuscan Square Cap & Tuscan Base Square — COLSET-MOD006","Критично","Missing Stock","Stock пуст","Добавить Stock/availability"
"1484","COLSET-MOD006-0006","COLSET-MOD006-0006","Square Tapered Column Set - Tuscan Square Cap & Tuscan Base Square — COLSET-MOD006","Критично","Missing Stock","Stock пуст","Добавить Stock/availability"
"1485","COLSET-MOD006-0007","COLSET-MOD006-0007","Square Tapered Column Set - Tuscan Square Cap & Tuscan Base Square — COLSET-MOD006","Критично","Missing Stock","Stock пуст","Добавить Stock/availability"
"1486","COLSET-MOD006-0008","COLSET-MOD006-0008","Square Tapered Column Set - Tuscan Square Cap & Tuscan Base Square — COLSET-MOD006","Критично","Missing Stock","Stock пуст","Добавить Stock/availability"
"1487","COLSET-MOD006-0009","COLSET-MOD006-0009","Square Tapered Column Set - Tuscan Square Cap & Tuscan Base Square — COLSET-MOD006","Критично","Missing Stock","Stock пуст","Добавить Stock/availability"
"1488","COLSET-MOD006-0010","COLSET-MOD006-0010","Square Tapered Column Set - Tuscan Square Cap & Tuscan Base Square — COLSET-MOD006","Критично","Missing Stock","Stock пуст","Добавить Stock/availability"
"1489","COLSET-MOD006-0011","COLSET-MOD006-0011","Square Tapered Column Set - Tuscan Square Cap & Tuscan Base Square — COLSET-MOD006","Критично","Missing Stock","Stock пуст","Добавить Stock/availability"
"1490","COLSET-MOD006-0012","COLSET-MOD006-0012","Square Tapered Column Set - Tuscan Square Cap & Tuscan Base Square — COLSET-MOD006","Критично","Missing Stock","Stock пуст","Добавить Stock/availability"
"1491","COLSET-MOD006-0013","COLSET-MOD006-0013","Square Tapered Column Set - Tuscan Square Cap & Tuscan Base Square — COLSET-MOD006","Критично","Missing Stock","Stock пуст","Добавить Stock/availability"
"1492","COLSET-MOD006-0014","COLSET-MOD006-0014","Square Tapered Column Set - Tuscan Square Cap & Tuscan Base Square — COLSET-MOD006","Критично","Missing Stock","Stock пуст","Добавить Stock/availability"
"1493","COLSET-MOD006-0015","COLSET-MOD006-0015","Square Tapered Column Set - Tuscan Square Cap & Tuscan Base Square — COLSET-MOD006","Критично","Missing Stock","Stock пуст","Добавить Stock/availability"
"1494","COLSET-MOD006-0016","COLSET-MOD006-0016","Square Tapered Column Set - Tuscan Square Cap & Tuscan Base Square — COLSET-MOD006","Критично","Missing Stock","Stock пуст","Добавить Stock/availability"
"1495","COLSET-MOD006-0017","COLSET-MOD006-0017","Square Tapered Column Set - Tuscan Square Cap & Tuscan Base Square — COLSET-MOD006","Критично","Missing Stock","Stock пуст","Добавить Stock/availability"
"1496","COLSET-MOD006-0018","COLSET-MOD006-0018","Square Tapered Column Set - Tuscan Square Cap & Tuscan Base Square — COLSET-MOD006","Критично","Missing Stock","Stock пуст","Добавить Stock/availability"
"1497","COLSET-MOD006-0019","COLSET-MOD006-0019","Square Tapered Column Set - Tuscan Square Cap & Tuscan Base Square — COLSET-MOD006","Критично","Missing Stock","Stock пуст","Добавить Stock/availability"
"1498","COLSET-MOD006-0020","COLSET-MOD006-0020","Square Tapered Column Set - Tuscan Square Cap & Tuscan Base Square — COLSET-MOD006","Критично","Missing Stock","Stock пуст","Добавить Stock/availability"
"1499","COLSET-MOD006-0021","COLSET-MOD006-0021","Square Tapered Column Set - Tuscan Square Cap & Tuscan Base Square — COLSET-MOD006","Критично","Missing Stock","Stock пуст","Добавить Stock/availability"
"1500","COLSET-MOD006-0022","COLSET-MOD006-0022","Square Tapered Column Set - Tuscan Square Cap & Tuscan Base Square — COLSET-MOD006","Критично","Missing Stock","Stock пуст","Добавить Stock/availability"
"1501","COLSET-MOD006-0023","COLSET-MOD006-0023","Square Tapered Column Set - Tuscan Square Cap & Tuscan Base Square — COLSET-MOD006","Критично","Missing Stock","Stock пуст","Добавить Stock/availability"
"1502","COLSET-MOD006-0024","COLSET-MOD006-0024","Square Tapered Column Set - Tuscan Square Cap & Tuscan Base Square — COLSET-MOD006","Критично","Missing Stock","Stock пуст","Добавить Stock/availability"
"1503","COLSET-MOD006-0025","COLSET-MOD006-0025","Square Tapered Column Set - Tuscan Square Cap & Tuscan Base Square — COLSET-MOD006","Критично","Missing Stock","Stock пуст","Добавить Stock/availability"
"1504","COLSET-MOD006-0026","COLSET-MOD006-0026","Square Tapered Column Set - Tuscan Square Cap & Tuscan Base Square — COLSET-MOD006","Критично","Missing Stock","Stock пуст","Добавить Stock/availability"
"1505","COLSET-MOD006-0027","COLSET-MOD006-0027","Square Tapered Column Set - Tuscan Square Cap & Tuscan Base Square — COLSET-MOD006","Критично","Missing Stock","Stock пуст","Добавить Stock/availability"
"1506","COLSET-MOD006-0028","COLSET-MOD006-0028","Square Tapered Column Set - Tuscan Square Cap & Tuscan Base Square — COLSET-MOD006","Критично","Missing Stock","Stock пуст","Добавить Stock/availability"
"1507","COLSET-MOD006-0029","COLSET-MOD006-0029","Square Tapered Column Set - Tuscan Square Cap & Tuscan Base Square — COLSET-MOD006","Критично","Missing Stock","Stock пуст","Добавить Stock/availability"
"1508","COLSET-MOD006-0030","COLSET-MOD006-0030","Square Tapered Column Set - Tuscan Square Cap & Tuscan Base Square — COLSET-MOD006","Критично","Missing Stock","Stock пуст","Добавить Stock/availability"
"1509","COLSET-MOD006-0031","COLSET-MOD006-0031","Square Tapered Column Set - Tuscan Square Cap & Tuscan Base Square — COLSET-MOD006","Критично","Missing Stock","Stock пуст","Добавить Stock/availability"
"1510","COLSET-MOD006-0032","COLSET-MOD006-0032","Square Tapered Column Set - Tuscan Square Cap & Tuscan Base Square — COLSET-MOD006","Критично","Missing Stock","Stock пуст","Добавить Stock/availability"
"1511","COLSET-MOD006-0033","COLSET-MOD006-0033","Square Tapered Column Set - Tuscan Square Cap & Tuscan Base Square — COLSET-MOD006","Критично","Missing Stock","Stock пуст","Добавить Stock/availability"
"1512","COLSET-MOD006-0034","COLSET-MOD006-0034","Square Tapered Column Set - Tuscan Square Cap & Tuscan Base Square — COLSET-MOD006","Критично","Missing Stock","Stock пуст","Добавить Stock/availability"
"1513","COLSET-MOD007-0001","COLSET-MOD007-0001","Square Slotted Column Set - Tuscan Square Cap & Tuscan Base Square — COLSET-MOD007","Критично","Missing Stock","Stock пуст","Добавить Stock/availability"
"1514","COLSET-MOD007-0002","COLSET-MOD007-0002","Square Slotted Column Set - Tuscan Square Cap & Tuscan Base Square — COLSET-MOD007","Критично","Missing Stock","Stock пуст","Добавить Stock/availability"
"1515","COLSET-MOD007-0003","COLSET-MOD007-0003","Square Slotted Column Set - Tuscan Square Cap & Tuscan Base Square — COLSET-MOD007","Критично","Missing Stock","Stock пуст","Добавить Stock/availability"
"1516","COLSET-MOD007-0004","COLSET-MOD007-0004","Square Slotted Column Set - Tuscan Square Cap & Tuscan Base Square — COLSET-MOD007","Критично","Missing Stock","Stock пуст","Добавить Stock/availability"
"1517","COLSET-MOD007-0005","COLSET-MOD007-0005","Square Slotted Column Set - Tuscan Square Cap & Tuscan Base Square — COLSET-MOD007","Критично","Missing Stock","Stock пуст","Добавить Stock/availability"
"1518","COLSET-MOD007-0006","COLSET-MOD007-0006","Square Slotted Column Set - Tuscan Square Cap & Tuscan Base Square — COLSET-MOD007","Критично","Missing Stock","Stock пуст","Добавить Stock/availability"
"1519","COLSET-MOD007-0007","COLSET-MOD007-0007","Square Slotted Column Set - Tuscan Square Cap & Tuscan Base Square — COLSET-MOD007","Критично","Missing Stock","Stock пуст","Добавить Stock/availability"
"1520","COLSET-MOD007-0008","COLSET-MOD007-0008","Square Slotted Column Set - Tuscan Square Cap & Tuscan Base Square — COLSET-MOD007","Критично","Missing Stock","Stock пуст","Добавить Stock/availability"
"1521","COLSET-MOD007-0009","COLSET-MOD007-0009","Square Slotted Column Set - Tuscan Square Cap & Tuscan Base Square — COLSET-MOD007","Критично","Missing Stock","Stock пуст","Добавить Stock/availability"
"1522","COLSET-MOD007-0010","COLSET-MOD007-0010","Square Slotted Column Set - Tuscan Square Cap & Tuscan Base Square — COLSET-MOD007","Критично","Missing Stock","Stock пуст","Добавить Stock/availability"
"1523","COLSET-MOD007-0011","COLSET-MOD007-0011","Square Slotted Column Set - Tuscan Square Cap & Tuscan Base Square — COLSET-MOD007","Критично","Missing Stock","Stock пуст","Добавить Stock/availability"
"1524","COLSET-MOD007-0012","COLSET-MOD007-0012","Square Slotted Column Set - Tuscan Square Cap & Tuscan Base Square — COLSET-MOD007","Критично","Missing Stock","Stock пуст","Добавить Stock/availability"
"1525","COLSET-MOD007-0013","COLSET-MOD007-0013","Square Slotted Column Set - Tuscan Square Cap & Tuscan Base Square — COLSET-MOD007","Критично","Missing Stock","Stock пуст","Добавить Stock/availability"
"1526","COLSET-MOD007-0014","COLSET-MOD007-0014","Square Slotted Column Set - Tuscan Square Cap & Tuscan Base Square — COLSET-MOD007","Критично","Missing Stock","Stock пуст","Добавить Stock/availability"
"1527","COLSET-MOD007-0015","COLSET-MOD007-0015","Square Slotted Column Set - Tuscan Square Cap & Tuscan Base Square — COLSET-MOD007","Критично","Missing Stock","Stock пуст","Добавить Stock/availability"
"1528","COLSET-MOD007-0016","COLSET-MOD007-0016","Square Slotted Column Set - Tuscan Square Cap & Tuscan Base Square — COLSET-MOD007","Критично","Missing Stock","Stock пуст","Добавить Stock/availability"
"1529","COLSET-MOD007-0017","COLSET-MOD007-0017","Square Slotted Column Set - Tuscan Square Cap & Tuscan Base Square — COLSET-MOD007","Критично","Missing Stock","Stock пуст","Добавить Stock/availability"
"1530","COLSET-MOD007-0018","COLSET-MOD007-0018","Square Slotted Column Set - Tuscan Square Cap & Tuscan Base Square — COLSET-MOD007","Критично","Missing Stock","Stock пуст","Добавить Stock/availability"
"1531","COLSET-MOD007-0019","COLSET-MOD007-0019","Square Slotted Column Set - Tuscan Square Cap & Tuscan Base Square — COLSET-MOD007","Критично","Missing Stock","Stock пуст","Добавить Stock/availability"
"1532","COLSET-MOD007-0020","COLSET-MOD007-0020","Square Slotted Column Set - Tuscan Square Cap & Tuscan Base Square — COLSET-MOD007","Критично","Missing Stock","Stock пуст","Добавить Stock/availability"
"1533","COLSET-MOD007-0021","COLSET-MOD007-0021","Square Slotted Column Set - Tuscan Square Cap & Tuscan Base Square — COLSET-MOD007","Критично","Missing Stock","Stock пуст","Добавить Stock/availability"
"1534","COLSET-MOD007-0022","COLSET-MOD007-0022","Square Slotted Column Set - Tuscan Square Cap & Tuscan Base Square — COLSET-MOD007","Критично","Missing Stock","Stock пуст","Добавить Stock/availability"
"1535","COLSET-MOD007-0023","COLSET-MOD007-0023","Square Slotted Column Set - Tuscan Square Cap & Tuscan Base Square — COLSET-MOD007","Критично","Missing Stock","Stock пуст","Добавить Stock/availability"
"1536","COLSET-MOD007-0024","COLSET-MOD007-0024","Square Slotted Column Set - Tuscan Square Cap & Tuscan Base Square — COLSET-MOD007","Критично","Missing Stock","Stock пуст","Добавить Stock/availability"
"1537","COLSET-MOD007-0025","COLSET-MOD007-0025","Square Slotted Column Set - Tuscan Square Cap & Tuscan Base Square — COLSET-MOD007","Критично","Missing Stock","Stock пуст","Добавить Stock/availability"
"1538","COLSET-MOD007-0026","COLSET-MOD007-0026","Square Slotted Column Set - Tuscan Square Cap & Tuscan Base Square — COLSET-MOD007","Критично","Missing Stock","Stock пуст","Добавить Stock/availability"
"1539","COLSET-MOD007-0027","COLSET-MOD007-0027","Square Slotted Column Set - Tuscan Square Cap & Tuscan Base Square — COLSET-MOD007","Критично","Missing Stock","Stock пуст","Добавить Stock/availability"
"1540","COLSET-MOD007-0028","COLSET-MOD007-0028","Square Slotted Column Set - Tuscan Square Cap & Tuscan Base Square — COLSET-MOD007","Критично","Missing Stock","Stock пуст","Добавить Stock/availability"
"1541","COLSET-MOD007-0029","COLSET-MOD007-0029","Square Slotted Column Set - Tuscan Square Cap & Tuscan Base Square — COLSET-MOD007","Критично","Missing Stock","Stock пуст","Добавить Stock/availability"
"1542","COLSET-MOD007-0030","COLSET-MOD007-0030","Square Slotted Column Set - Tuscan Square Cap & Tuscan Base Square — COLSET-MOD007","Критично","Missing Stock","Stock пуст","Добавить Stock/availability"
"1543","COLSET-MOD007-0031","COLSET-MOD007-0031","Square Slotted Column Set - Tuscan Square Cap & Tuscan Base Square — COLSET-MOD007","Критично","Missing Stock","Stock пуст","Добавить Stock/availability"
"1544","COLSET-MOD007-0032","COLSET-MOD007-0032","Square Slotted Column Set - Tuscan Square Cap & Tuscan Base Square — COLSET-MOD007","Критично","Missing Stock","Stock пуст","Добавить Stock/availability"
"1545","COLSET-MOD007-0033","COLSET-MOD007-0033","Square Slotted Column Set - Tuscan Square Cap & Tuscan Base Square — COLSET-MOD007","Критично","Missing Stock","Stock пуст","Добавить Stock/availability"
"1546","COLSET-MOD007-0034","COLSET-MOD007-0034","Square Slotted Column Set - Tuscan Square Cap & Tuscan Base Square — COLSET-MOD007","Критично","Missing Stock","Stock пуст","Добавить Stock/availability"
"1547","COLSET-MOD008-0001","COLSET-MOD008-0001","Square Fluted Column Set - Tuscan Square Cap & Tuscan Base Square — COLSET-MOD008","Критично","Missing Stock","Stock пуст","Добавить Stock/availability"
"1548","COLSET-MOD008-0002","COLSET-MOD008-0002","Square Fluted Column Set - Tuscan Square Cap & Tuscan Base Square — COLSET-MOD008","Критично","Missing Stock","Stock пуст","Добавить Stock/availability"
"1549","COLSET-MOD008-0003","COLSET-MOD008-0003","Square Fluted Column Set - Tuscan Square Cap & Tuscan Base Square — COLSET-MOD008","Критично","Missing Stock","Stock пуст","Добавить Stock/availability"
"1550","COLSET-MOD008-0004","COLSET-MOD008-0004","Square Fluted Column Set - Tuscan Square Cap & Tuscan Base Square — COLSET-MOD008","Критично","Missing Stock","Stock пуст","Добавить Stock/availability"
"1551","COLSET-MOD008-0005","COLSET-MOD008-0005","Square Fluted Column Set - Tuscan Square Cap & Tuscan Base Square — COLSET-MOD008","Критично","Missing Stock","Stock пуст","Добавить Stock/availability"
"1552","COLSET-MOD008-0006","COLSET-MOD008-0006","Square Fluted Column Set - Tuscan Square Cap & Tuscan Base Square — COLSET-MOD008","Критично","Missing Stock","Stock пуст","Добавить Stock/availability"
"1553","COLSET-MOD008-0007","COLSET-MOD008-0007","Square Fluted Column Set - Tuscan Square Cap & Tuscan Base Square — COLSET-MOD008","Критично","Missing Stock","Stock пуст","Добавить Stock/availability"
"1554","COLSET-MOD008-0008","COLSET-MOD008-0008","Square Fluted Column Set - Tuscan Square Cap & Tuscan Base Square — COLSET-MOD008","Критично","Missing Stock","Stock пуст","Добавить Stock/availability"
"1555","COLSET-MOD008-0009","COLSET-MOD008-0009","Square Fluted Column Set - Tuscan Square Cap & Tuscan Base Square — COLSET-MOD008","Критично","Missing Stock","Stock пуст","Добавить Stock/availability"
"1556","COLSET-MOD008-0010","COLSET-MOD008-0010","Square Fluted Column Set - Tuscan Square Cap & Tuscan Base Square — COLSET-MOD008","Критично","Missing Stock","Stock пуст","Добавить Stock/availability"
"1557","COLSET-MOD008-0011","COLSET-MOD008-0011","Square Fluted Column Set - Tuscan Square Cap & Tuscan Base Square — COLSET-MOD008","Критично","Missing Stock","Stock пуст","Добавить Stock/availability"
"1558","COLSET-MOD008-0012","COLSET-MOD008-0012","Square Fluted Column Set - Tuscan Square Cap & Tuscan Base Square — COLSET-MOD008","Критично","Missing Stock","Stock пуст","Добавить Stock/availability"
"1559","COLSET-MOD008-0013","COLSET-MOD008-0013","Square Fluted Column Set - Tuscan Square Cap & Tuscan Base Square — COLSET-MOD008","Критично","Missing Stock","Stock пуст","Добавить Stock/availability"
"1560","COLSET-MOD008-0014","COLSET-MOD008-0014","Square Fluted Column Set - Tuscan Square Cap & Tuscan Base Square — COLSET-MOD008","Критично","Missing Stock","Stock пуст","Добавить Stock/availability"
"1561","COLSET-MOD008-0015","COLSET-MOD008-0015","Square Fluted Column Set - Tuscan Square Cap & Tuscan Base Square — COLSET-MOD008","Критично","Missing Stock","Stock пуст","Добавить Stock/availability"
"1562","COLSET-MOD008-0016","COLSET-MOD008-0016","Square Fluted Column Set - Tuscan Square Cap & Tuscan Base Square — COLSET-MOD008","Критично","Missing Stock","Stock пуст","Добавить Stock/availability"
"1563","COLSET-MOD008-0017","COLSET-MOD008-0017","Square Fluted Column Set - Tuscan Square Cap & Tuscan Base Square — COLSET-MOD008","Критично","Missing Stock","Stock пуст","Добавить Stock/availability"
"1564","COLSET-MOD008-0018","COLSET-MOD008-0018","Square Fluted Column Set - Tuscan Square Cap & Tuscan Base Square — COLSET-MOD008","Критично","Missing Stock","Stock пуст","Добавить Stock/availability"
"1565","COLSET-MOD008-0019","COLSET-MOD008-0019","Square Fluted Column Set - Tuscan Square Cap & Tuscan Base Square — COLSET-MOD008","Критично","Missing Stock","Stock пуст","Добавить Stock/availability"
"1566","COLSET-MOD008-0020","COLSET-MOD008-0020","Square Fluted Column Set - Tuscan Square Cap & Tuscan Base Square — COLSET-MOD008","Критично","Missing Stock","Stock пуст","Добавить Stock/availability"
"1567","COLSET-MOD008-0021","COLSET-MOD008-0021","Square Fluted Column Set - Tuscan Square Cap & Tuscan Base Square — COLSET-MOD008","Критично","Missing Stock","Stock пуст","Добавить Stock/availability"
"1568","COLSET-MOD008-0022","COLSET-MOD008-0022","Square Fluted Column Set - Tuscan Square Cap & Tuscan Base Square — COLSET-MOD008","Критично","Missing Stock","Stock пуст","Добавить Stock/availability"
"1569","COLSET-MOD008-0023","COLSET-MOD008-0023","Square Fluted Column Set - Tuscan Square Cap & Tuscan Base Square — COLSET-MOD008","Критично","Missing Stock","Stock пуст","Добавить Stock/availability"
"1570","COLSET-MOD008-0024","COLSET-MOD008-0024","Square Fluted Column Set - Tuscan Square Cap & Tuscan Base Square — COLSET-MOD008","Критично","Missing Stock","Stock пуст","Добавить Stock/availability"
"1571","COLSET-MOD008-0025","COLSET-MOD008-0025","Square Fluted Column Set - Tuscan Square Cap & Tuscan Base Square — COLSET-MOD008","Критично","Missing Stock","Stock пуст","Добавить Stock/availability"
"1572","COLSET-MOD008-0026","COLSET-MOD008-0026","Square Fluted Column Set - Tuscan Square Cap & Tuscan Base Square — COLSET-MOD008","Критично","Missing Stock","Stock пуст","Добавить Stock/availability"
"1573","COLSET-MOD008-0027","COLSET-MOD008-0027","Square Fluted Column Set - Tuscan Square Cap & Tuscan Base Square — COLSET-MOD008","Критично","Missing Stock","Stock пуст","Добавить Stock/availability"
"1574","COLSET-MOD008-0028","COLSET-MOD008-0028","Square Fluted Column Set - Tuscan Square Cap & Tuscan Base Square — COLSET-MOD008","Критично","Missing Stock","Stock пуст","Добавить Stock/availability"
"1575","COLSET-MOD008-0029","COLSET-MOD008-0029","Square Fluted Column Set - Tuscan Square Cap & Tuscan Base Square — COLSET-MOD008","Критично","Missing Stock","Stock пуст","Добавить Stock/availability"
"1576","COLSET-MOD008-0030","COLSET-MOD008-0030","Square Fluted Column Set - Tuscan Square Cap & Tuscan Base Square — COLSET-MOD008","Критично","Missing Stock","Stock пуст","Добавить Stock/availability"
"1577","COLSET-MOD008-0031","COLSET-MOD008-0031","Square Fluted Column Set - Tuscan Square Cap & Tuscan Base Square — COLSET-MOD008","Критично","Missing Stock","Stock пуст","Добавить Stock/availability"
"1578","COLSET-MOD008-0032","COLSET-MOD008-0032","Square Fluted Column Set - Tuscan Square Cap & Tuscan Base Square — COLSET-MOD008","Критично","Missing Stock","Stock пуст","Добавить Stock/availability"
"1579","COLSET-MOD008-0033","COLSET-MOD008-0033","Square Fluted Column Set - Tuscan Square Cap & Tuscan Base Square — COLSET-MOD008","Критично","Missing Stock","Stock пуст","Добавить Stock/availability"
"1580","COLSET-MOD008-0034","COLSET-MOD008-0034","Square Fluted Column Set - Tuscan Square Cap & Tuscan Base Square — COLSET-MOD008","Критично","Missing Stock","Stock пуст","Добавить Stock/availability"
"1581","COLSET-MOD009-0001","COLSET-MOD009-0001","Round Fluted Column Set - Tuscan Round Cap & Tuscan Base Round — COLSET-MOD009","Критично","Missing Stock","Stock пуст","Добавить Stock/availability"
"1582","COLSET-MOD009-0002","COLSET-MOD009-0002","Round Fluted Column Set - Tuscan Round Cap & Tuscan Base Round — COLSET-MOD009","Критично","Missing Stock","Stock пуст","Добавить Stock/availability"
"1583","COLSET-MOD009-0003","COLSET-MOD009-0003","Round Fluted Column Set - Tuscan Round Cap & Tuscan Base Round — COLSET-MOD009","Критично","Missing Stock","Stock пуст","Добавить Stock/availability"
"1584","COLSET-MOD009-0004","COLSET-MOD009-0004","Round Fluted Column Set - Tuscan Round Cap & Tuscan Base Round — COLSET-MOD009","Критично","Missing Stock","Stock пуст","Добавить Stock/availability"
"1585","COLSET-MOD009-0005","COLSET-MOD009-0005","Round Fluted Column Set - Tuscan Round Cap & Tuscan Base Round — COLSET-MOD009","Критично","Missing Stock","Stock пуст","Добавить Stock/availability"
"1586","COLSET-MOD009-0006","COLSET-MOD009-0006","Round Fluted Column Set - Tuscan Round Cap & Tuscan Base Round — COLSET-MOD009","Критично","Missing Stock","Stock пуст","Добавить Stock/availability"
"1587","COLSET-MOD009-0007","COLSET-MOD009-0007","Round Fluted Column Set - Tuscan Round Cap & Tuscan Base Round — COLSET-MOD009","Критично","Missing Stock","Stock пуст","Добавить Stock/availability"
"1588","COLSET-MOD009-0008","COLSET-MOD009-0008","Round Fluted Column Set - Tuscan Round Cap & Tuscan Base Round — COLSET-MOD009","Критично","Missing Stock","Stock пуст","Добавить Stock/availability"
"1589","COLSET-MOD009-0009","COLSET-MOD009-0009","Round Fluted Column Set - Tuscan Round Cap & Tuscan Base Round — COLSET-MOD009","Критично","Missing Stock","Stock пуст","Добавить Stock/availability"
"1590","COLSET-MOD009-0010","COLSET-MOD009-0010","Round Fluted Column Set - Tuscan Round Cap & Tuscan Base Round — COLSET-MOD009","Критично","Missing Stock","Stock пуст","Добавить Stock/availability"
"1591","COLSET-MOD009-0011","COLSET-MOD009-0011","Round Fluted Column Set - Tuscan Round Cap & Tuscan Base Round — COLSET-MOD009","Критично","Missing Stock","Stock пуст","Добавить Stock/availability"
"1592","COLSET-MOD009-0012","COLSET-MOD009-0012","Round Fluted Column Set - Tuscan Round Cap & Tuscan Base Round — COLSET-MOD009","Критично","Missing Stock","Stock пуст","Добавить Stock/availability"
"1593","COLSET-MOD009-0013","COLSET-MOD009-0013","Round Fluted Column Set - Tuscan Round Cap & Tuscan Base Round — COLSET-MOD009","Критично","Missing Stock","Stock пуст","Добавить Stock/availability"
"1594","COLSET-MOD009-0014","COLSET-MOD009-0014","Round Fluted Column Set - Tuscan Round Cap & Tuscan Base Round — COLSET-MOD009","Критично","Missing Stock","Stock пуст","Добавить Stock/availability"
"1595","COLSET-MOD009-0015","COLSET-MOD009-0015","Round Fluted Column Set - Tuscan Round Cap & Tuscan Base Round — COLSET-MOD009","Критично","Missing Stock","Stock пуст","Добавить Stock/availability"
"1596","COLSET-MOD009-0016","COLSET-MOD009-0016","Round Fluted Column Set - Tuscan Round Cap & Tuscan Base Round — COLSET-MOD009","Критично","Missing Stock","Stock пуст","Добавить Stock/availability"
"1597","COLSET-MOD009-0017","COLSET-MOD009-0017","Round Fluted Column Set - Tuscan Round Cap & Tuscan Base Round — COLSET-MOD009","Критично","Missing Stock","Stock пуст","Добавить Stock/availability"
"1598","COLSET-MOD009-0018","COLSET-MOD009-0018","Round Fluted Column Set - Tuscan Round Cap & Tuscan Base Round — COLSET-MOD009","Критично","Missing Stock","Stock пуст","Добавить Stock/availability"
"1599","COLSET-MOD009-0019","COLSET-MOD009-0019","Round Fluted Column Set - Tuscan Round Cap & Tuscan Base Round — COLSET-MOD009","Критично","Missing Stock","Stock пуст","Добавить Stock/availability"
"1600","COLSET-MOD009-0020","COLSET-MOD009-0020","Round Fluted Column Set - Tuscan Round Cap & Tuscan Base Round — COLSET-MOD009","Критично","Missing Stock","Stock пуст","Добавить Stock/availability"
"1601","COLSET-MOD009-0021","COLSET-MOD009-0021","Round Fluted Column Set - Tuscan Round Cap & Tuscan Base Round — COLSET-MOD009","Критично","Missing Stock","Stock пуст","Добавить Stock/availability"
"1602","COLSET-MOD009-0022","COLSET-MOD009-0022","Round Fluted Column Set - Tuscan Round Cap & Tuscan Base Round — COLSET-MOD009","Критично","Missing Stock","Stock пуст","Добавить Stock/availability"
"1603","COLSET-MOD009-0023","COLSET-MOD009-0023","Round Fluted Column Set - Tuscan Round Cap & Tuscan Base Round — COLSET-MOD009","Критично","Missing Stock","Stock пуст","Добавить Stock/availability"
"1604","COLSET-MOD009-0024","COLSET-MOD009-0024","Round Fluted Column Set - Tuscan Round Cap & Tuscan Base Round — COLSET-MOD009","Критично","Missing Stock","Stock пуст","Добавить Stock/availability"
"1605","COLSET-MOD009-0025","COLSET-MOD009-0025","Round Fluted Column Set - Tuscan Round Cap & Tuscan Base Round — COLSET-MOD009","Критично","Missing Stock","Stock пуст","Добавить Stock/availability"
"1606","COLSET-MOD009-0026","COLSET-MOD009-0026","Round Fluted Column Set - Tuscan Round Cap & Tuscan Base Round — COLSET-MOD009","Критично","Missing Stock","Stock пуст","Добавить Stock/availability"
"1607","COLSET-MOD009-0027","COLSET-MOD009-0027","Round Fluted Column Set - Tuscan Round Cap & Tuscan Base Round — COLSET-MOD009","Критично","Missing Stock","Stock пуст","Добавить Stock/availability"
"1608","COLSET-MOD009-0028","COLSET-MOD009-0028","Round Fluted Column Set - Tuscan Round Cap & Tuscan Base Round — COLSET-MOD009","Критично","Missing Stock","Stock пуст","Добавить Stock/availability"
"1609","COLSET-MOD009-0029","COLSET-MOD009-0029","Round Fluted Column Set - Tuscan Round Cap & Tuscan Base Round — COLSET-MOD009","Критично","Missing Stock","Stock пуст","Добавить Stock/availability"
"1610","COLSET-MOD009-0030","COLSET-MOD009-0030","Round Fluted Column Set - Tuscan Round Cap & Tuscan Base Round — COLSET-MOD009","Критично","Missing Stock","Stock пуст","Добавить Stock/availability"
"1611","COLSET-MOD009-0031","COLSET-MOD009-0031","Round Fluted Column Set - Tuscan Round Cap & Tuscan Base Round — COLSET-MOD009","Критично","Missing Stock","Stock пуст","Добавить Stock/availability"
"1612","COLSET-MOD009-0032","COLSET-MOD009-0032","Round Fluted Column Set - Tuscan Round Cap & Tuscan Base Round — COLSET-MOD009","Критично","Missing Stock","Stock пуст","Добавить Stock/availability"
"1613","COLSET-MOD009-0033","COLSET-MOD009-0033","Round Fluted Column Set - Tuscan Round Cap & Tuscan Base Round — COLSET-MOD009","Критично","Missing Stock","Stock пуст","Добавить Stock/availability"
"1614","COLSET-MOD009-0034","COLSET-MOD009-0034","Round Fluted Column Set - Tuscan Round Cap & Tuscan Base Round — COLSET-MOD009","Критично","Missing Stock","Stock пуст","Добавить Stock/availability"
"1615","COLSET-MOD010-0001","COLSET-MOD010-0001","Spiral Round Column Set - Tuscan Round Cap & Tuscan Base Round — COLSET-MOD010","Критично","Missing Stock","Stock пуст","Добавить Stock/availability"
"1616","COLSET-MOD010-0002","COLSET-MOD010-0002","Spiral Round Column Set - Tuscan Round Cap & Tuscan Base Round — COLSET-MOD010","Критично","Missing Stock","Stock пуст","Добавить Stock/availability"
"1617","COLSET-MOD010-0003","COLSET-MOD010-0003","Spiral Round Column Set - Tuscan Round Cap & Tuscan Base Round — COLSET-MOD010","Критично","Missing Stock","Stock пуст","Добавить Stock/availability"
"1618","COLSET-MOD010-0004","COLSET-MOD010-0004","Spiral Round Column Set - Tuscan Round Cap & Tuscan Base Round — COLSET-MOD010","Критично","Missing Stock","Stock пуст","Добавить Stock/availability"
"1619","COLSET-MOD010-0005","COLSET-MOD010-0005","Spiral Round Column Set - Tuscan Round Cap & Tuscan Base Round — COLSET-MOD010","Критично","Missing Stock","Stock пуст","Добавить Stock/availability"
"1620","COLSET-MOD010-0006","COLSET-MOD010-0006","Spiral Round Column Set - Tuscan Round Cap & Tuscan Base Round — COLSET-MOD010","Критично","Missing Stock","Stock пуст","Добавить Stock/availability"
"1621","COLSET-MOD010-0007","COLSET-MOD010-0007","Spiral Round Column Set - Tuscan Round Cap & Tuscan Base Round — COLSET-MOD010","Критично","Missing Stock","Stock пуст","Добавить Stock/availability"
"1622","COLSET-MOD010-0008","COLSET-MOD010-0008","Spiral Round Column Set - Tuscan Round Cap & Tuscan Base Round — COLSET-MOD010","Критично","Missing Stock","Stock пуст","Добавить Stock/availability"
"1623","COLSET-MOD010-0009","COLSET-MOD010-0009","Spiral Round Column Set - Tuscan Round Cap & Tuscan Base Round — COLSET-MOD010","Критично","Missing Stock","Stock пуст","Добавить Stock/availability"
"1624","COLSET-MOD010-0010","COLSET-MOD010-0010","Spiral Round Column Set - Tuscan Round Cap & Tuscan Base Round — COLSET-MOD010","Критично","Missing Stock","Stock пуст","Добавить Stock/availability"
"1625","COLSET-MOD010-0011","COLSET-MOD010-0011","Spiral Round Column Set - Tuscan Round Cap & Tuscan Base Round — COLSET-MOD010","Критично","Missing Stock","Stock пуст","Добавить Stock/availability"
"1626","COLSET-MOD010-0012","COLSET-MOD010-0012","Spiral Round Column Set - Tuscan Round Cap & Tuscan Base Round — COLSET-MOD010","Критично","Missing Stock","Stock пуст","Добавить Stock/availability"
"1627","COLSET-MOD010-0013","COLSET-MOD010-0013","Spiral Round Column Set - Tuscan Round Cap & Tuscan Base Round — COLSET-MOD010","Критично","Missing Stock","Stock пуст","Добавить Stock/availability"
"1628","COLSET-MOD010-0014","COLSET-MOD010-0014","Spiral Round Column Set - Tuscan Round Cap & Tuscan Base Round — COLSET-MOD010","Критично","Missing Stock","Stock пуст","Добавить Stock/availability"
"1629","COLSET-MOD010-0015","COLSET-MOD010-0015","Spiral Round Column Set - Tuscan Round Cap & Tuscan Base Round — COLSET-MOD010","Критично","Missing Stock","Stock пуст","Добавить Stock/availability"
"1630","COLSET-MOD010-0016","COLSET-MOD010-0016","Spiral Round Column Set - Tuscan Round Cap & Tuscan Base Round — COLSET-MOD010","Критично","Missing Stock","Stock пуст","Добавить Stock/availability"
"1631","COLSET-MOD010-0017","COLSET-MOD010-0017","Spiral Round Column Set - Tuscan Round Cap & Tuscan Base Round — COLSET-MOD010","Критично","Missing Stock","Stock пуст","Добавить Stock/availability"
"1632","COLSET-MOD010-0018","COLSET-MOD010-0018","Spiral Round Column Set - Tuscan Round Cap & Tuscan Base Round — COLSET-MOD010","Критично","Missing Stock","Stock пуст","Добавить Stock/availability"
"1633","COLSET-MOD010-0019","COLSET-MOD010-0019","Spiral Round Column Set - Tuscan Round Cap & Tuscan Base Round — COLSET-MOD010","Критично","Missing Stock","Stock пуст","Добавить Stock/availability"
"1634","COLSET-MOD010-0020","COLSET-MOD010-0020","Spiral Round Column Set - Tuscan Round Cap & Tuscan Base Round — COLSET-MOD010","Критично","Missing Stock","Stock пуст","Добавить Stock/availability"
"1635","COLSET-MOD010-0021","COLSET-MOD010-0021","Spiral Round Column Set - Tuscan Round Cap & Tuscan Base Round — COLSET-MOD010","Критично","Missing Stock","Stock пуст","Добавить Stock/availability"
"1636","COLSET-MOD010-0022","COLSET-MOD010-0022","Spiral Round Column Set - Tuscan Round Cap & Tuscan Base Round — COLSET-MOD010","Критично","Missing Stock","Stock пуст","Добавить Stock/availability"
"1637","COLSET-MOD010-0023","COLSET-MOD010-0023","Spiral Round Column Set - Tuscan Round Cap & Tuscan Base Round — COLSET-MOD010","Критично","Missing Stock","Stock пуст","Добавить Stock/availability"
"1638","COLSET-MOD010-0024","COLSET-MOD010-0024","Spiral Round Column Set - Tuscan Round Cap & Tuscan Base Round — COLSET-MOD010","Критично","Missing Stock","Stock пуст","Добавить Stock/availability"
"1639","COLSET-MOD010-0025","COLSET-MOD010-0025","Spiral Round Column Set - Tuscan Round Cap & Tuscan Base Round — COLSET-MOD010","Критично","Missing Stock","Stock пуст","Добавить Stock/availability"
"1640","COLSET-MOD010-0026","COLSET-MOD010-0026","Spiral Round Column Set - Tuscan Round Cap & Tuscan Base Round — COLSET-MOD010","Критично","Missing Stock","Stock пуст","Добавить Stock/availability"
"1641","COLSET-MOD010-0027","COLSET-MOD010-0027","Spiral Round Column Set - Tuscan Round Cap & Tuscan Base Round — COLSET-MOD010","Критично","Missing Stock","Stock пуст","Добавить Stock/availability"
"1642","COLSET-MOD010-0028","COLSET-MOD010-0028","Spiral Round Column Set - Tuscan Round Cap & Tuscan Base Round — COLSET-MOD010","Критично","Missing Stock","Stock пуст","Добавить Stock/availability"
"1643","COLSET-MOD010-0029","COLSET-MOD010-0029","Spiral Round Column Set - Tuscan Round Cap & Tuscan Base Round — COLSET-MOD010","Критично","Missing Stock","Stock пуст","Добавить Stock/availability"
"1644","COLSET-MOD010-0030","COLSET-MOD010-0030","Spiral Round Column Set - Tuscan Round Cap & Tuscan Base Round — COLSET-MOD010","Критично","Missing Stock","Stock пуст","Добавить Stock/availability"
"1645","COLSET-MOD010-0031","COLSET-MOD010-0031","Spiral Round Column Set - Tuscan Round Cap & Tuscan Base Round — COLSET-MOD010","Критично","Missing Stock","Stock пуст","Добавить Stock/availability"
"1646","COLSET-MOD010-0032","COLSET-MOD010-0032","Spiral Round Column Set - Tuscan Round Cap & Tuscan Base Round — COLSET-MOD010","Критично","Missing Stock","Stock пуст","Добавить Stock/availability"
"1647","COLSET-MOD010-0033","COLSET-MOD010-0033","Spiral Round Column Set - Tuscan Round Cap & Tuscan Base Round — COLSET-MOD010","Критично","Missing Stock","Stock пуст","Добавить Stock/availability"
"1648","COLSET-MOD010-0034","COLSET-MOD010-0034","Spiral Round Column Set - Tuscan Round Cap & Tuscan Base Round — COLSET-MOD010","Критично","Missing Stock","Stock пуст","Добавить Stock/availability"
"1649","COLSET-MOD011-0001","COLSET-MOD011-0001","Spiral Square Column Set - Tuscan Square Cap & Tuscan Base Square — COLSET-MOD011","Критично","Missing Stock","Stock пуст","Добавить Stock/availability"
"1650","COLSET-MOD011-0002","COLSET-MOD011-0002","Spiral Square Column Set - Tuscan Square Cap & Tuscan Base Square — COLSET-MOD011","Критично","Missing Stock","Stock пуст","Добавить Stock/availability"
"1651","COLSET-MOD011-0003","COLSET-MOD011-0003","Spiral Square Column Set - Tuscan Square Cap & Tuscan Base Square — COLSET-MOD011","Критично","Missing Stock","Stock пуст","Добавить Stock/availability"
"1652","COLSET-MOD011-0004","COLSET-MOD011-0004","Spiral Square Column Set - Tuscan Square Cap & Tuscan Base Square — COLSET-MOD011","Критично","Missing Stock","Stock пуст","Добавить Stock/availability"
"1653","COLSET-MOD011-0005","COLSET-MOD011-0005","Spiral Square Column Set - Tuscan Square Cap & Tuscan Base Square — COLSET-MOD011","Критично","Missing Stock","Stock пуст","Добавить Stock/availability"
"1654","COLSET-MOD011-0006","COLSET-MOD011-0006","Spiral Square Column Set - Tuscan Square Cap & Tuscan Base Square — COLSET-MOD011","Критично","Missing Stock","Stock пуст","Добавить Stock/availability"
"1655","COLSET-MOD011-0007","COLSET-MOD011-0007","Spiral Square Column Set - Tuscan Square Cap & Tuscan Base Square — COLSET-MOD011","Критично","Missing Stock","Stock пуст","Добавить Stock/availability"
"1656","COLSET-MOD011-0008","COLSET-MOD011-0008","Spiral Square Column Set - Tuscan Square Cap & Tuscan Base Square — COLSET-MOD011","Критично","Missing Stock","Stock пуст","Добавить Stock/availability"
"1657","COLSET-MOD011-0009","COLSET-MOD011-0009","Spiral Square Column Set - Tuscan Square Cap & Tuscan Base Square — COLSET-MOD011","Критично","Missing Stock","Stock пуст","Добавить Stock/availability"
"1658","COLSET-MOD011-0010","COLSET-MOD011-0010","Spiral Square Column Set - Tuscan Square Cap & Tuscan Base Square — COLSET-MOD011","Критично","Missing Stock","Stock пуст","Добавить Stock/availability"
"1659","COLSET-MOD011-0011","COLSET-MOD011-0011","Spiral Square Column Set - Tuscan Square Cap & Tuscan Base Square — COLSET-MOD011","Критично","Missing Stock","Stock пуст","Добавить Stock/availability"
"1660","COLSET-MOD011-0012","COLSET-MOD011-0012","Spiral Square Column Set - Tuscan Square Cap & Tuscan Base Square — COLSET-MOD011","Критично","Missing Stock","Stock пуст","Добавить Stock/availability"
"1661","COLSET-MOD011-0013","COLSET-MOD011-0013","Spiral Square Column Set - Tuscan Square Cap & Tuscan Base Square — COLSET-MOD011","Критично","Missing Stock","Stock пуст","Добавить Stock/availability"
"1662","COLSET-MOD011-0014","COLSET-MOD011-0014","Spiral Square Column Set - Tuscan Square Cap & Tuscan Base Square — COLSET-MOD011","Критично","Missing Stock","Stock пуст","Добавить Stock/availability"
"1663","COLSET-MOD011-0015","COLSET-MOD011-0015","Spiral Square Column Set - Tuscan Square Cap & Tuscan Base Square — COLSET-MOD011","Критично","Missing Stock","Stock пуст","Добавить Stock/availability"
"1664","COLSET-MOD011-0016","COLSET-MOD011-0016","Spiral Square Column Set - Tuscan Square Cap & Tuscan Base Square — COLSET-MOD011","Критично","Missing Stock","Stock пуст","Добавить Stock/availability"
"1665","COLSET-MOD011-0017","COLSET-MOD011-0017","Spiral Square Column Set - Tuscan Square Cap & Tuscan Base Square — COLSET-MOD011","Критично","Missing Stock","Stock пуст","Добавить Stock/availability"
"1666","COLSET-MOD011-0018","COLSET-MOD011-0018","Spiral Square Column Set - Tuscan Square Cap & Tuscan Base Square — COLSET-MOD011","Критично","Missing Stock","Stock пуст","Добавить Stock/availability"
"1667","COLSET-MOD011-0019","COLSET-MOD011-0019","Spiral Square Column Set - Tuscan Square Cap & Tuscan Base Square — COLSET-MOD011","Критично","Missing Stock","Stock пуст","Добавить Stock/availability"
"1668","COLSET-MOD011-0020","COLSET-MOD011-0020","Spiral Square Column Set - Tuscan Square Cap & Tuscan Base Square — COLSET-MOD011","Критично","Missing Stock","Stock пуст","Добавить Stock/availability"
"1669","COLSET-MOD011-0021","COLSET-MOD011-0021","Spiral Square Column Set - Tuscan Square Cap & Tuscan Base Square — COLSET-MOD011","Критично","Missing Stock","Stock пуст","Добавить Stock/availability"
"1670","COLSET-MOD011-0022","COLSET-MOD011-0022","Spiral Square Column Set - Tuscan Square Cap & Tuscan Base Square — COLSET-MOD011","Критично","Missing Stock","Stock пуст","Добавить Stock/availability"
"1671","COLSET-MOD011-0023","COLSET-MOD011-0023","Spiral Square Column Set - Tuscan Square Cap & Tuscan Base Square — COLSET-MOD011","Критично","Missing Stock","Stock пуст","Добавить Stock/availability"
"1672","COLSET-MOD011-0024","COLSET-MOD011-0024","Spiral Square Column Set - Tuscan Square Cap & Tuscan Base Square — COLSET-MOD011","Критично","Missing Stock","Stock пуст","Добавить Stock/availability"
"1673","COLSET-MOD011-0025","COLSET-MOD011-0025","Spiral Square Column Set - Tuscan Square Cap & Tuscan Base Square — COLSET-MOD011","Критично","Missing Stock","Stock пуст","Добавить Stock/availability"
"1674","COLSET-MOD011-0026","COLSET-MOD011-0026","Spiral Square Column Set - Tuscan Square Cap & Tuscan Base Square — COLSET-MOD011","Критично","Missing Stock","Stock пуст","Добавить Stock/availability"
"1675","COLSET-MOD011-0027","COLSET-MOD011-0027","Spiral Square Column Set - Tuscan Square Cap & Tuscan Base Square — COLSET-MOD011","Критично","Missing Stock","Stock пуст","Добавить Stock/availability"
"1676","COLSET-MOD011-0028","COLSET-MOD011-0028","Spiral Square Column Set - Tuscan Square Cap & Tuscan Base Square — COLSET-MOD011","Критично","Missing Stock","Stock пуст","Добавить Stock/availability"
"1677","COLSET-MOD011-0029","COLSET-MOD011-0029","Spiral Square Column Set - Tuscan Square Cap & Tuscan Base Square — COLSET-MOD011","Критично","Missing Stock","Stock пуст","Добавить Stock/availability"
"1678","COLSET-MOD011-0030","COLSET-MOD011-0030","Spiral Square Column Set - Tuscan Square Cap & Tuscan Base Square — COLSET-MOD011","Критично","Missing Stock","Stock пуст","Добавить Stock/availability"
"1679","COLSET-MOD011-0031","COLSET-MOD011-0031","Spiral Square Column Set - Tuscan Square Cap & Tuscan Base Square — COLSET-MOD011","Критично","Missing Stock","Stock пуст","Добавить Stock/availability"
"1680","COLSET-MOD011-0032","COLSET-MOD011-0032","Spiral Square Column Set - Tuscan Square Cap & Tuscan Base Square — COLSET-MOD011","Критично","Missing Stock","Stock пуст","Добавить Stock/availability"
"1681","COLSET-MOD011-0033","COLSET-MOD011-0033","Spiral Square Column Set - Tuscan Square Cap & Tuscan Base Square — COLSET-MOD011","Критично","Missing Stock","Stock пуст","Добавить Stock/availability"
"1682","COLSET-MOD011-0034","COLSET-MOD011-0034","Spiral Square Column Set - Tuscan Square Cap & Tuscan Base Square — COLSET-MOD011","Критично","Missing Stock","Stock пуст","Добавить Stock/availability"
"1683","COLSET-MOD012-0001","COLSET-MOD012-0001","Stacked Column Set - Tuscan Round Cap & Tuscan Base Round — COLSET-MOD012","Критично","Missing Stock","Stock пуст","Добавить Stock/availability"
"1684","COLSET-MOD012-0002","COLSET-MOD012-0002","Stacked Column Set - Tuscan Round Cap & Tuscan Base Round — COLSET-MOD012","Критично","Missing Stock","Stock пуст","Добавить Stock/availability"
"1685","COLSET-MOD012-0003","COLSET-MOD012-0003","Stacked Column Set - Tuscan Round Cap & Tuscan Base Round — COLSET-MOD012","Критично","Missing Stock","Stock пуст","Добавить Stock/availability"
"1686","COLSET-MOD012-0004","COLSET-MOD012-0004","Stacked Column Set - Tuscan Round Cap & Tuscan Base Round — COLSET-MOD012","Критично","Missing Stock","Stock пуст","Добавить Stock/availability"
"1687","COLSET-MOD012-0005","COLSET-MOD012-0005","Stacked Column Set - Tuscan Round Cap & Tuscan Base Round — COLSET-MOD012","Критично","Missing Stock","Stock пуст","Добавить Stock/availability"
"1688","COLSET-MOD012-0006","COLSET-MOD012-0006","Stacked Column Set - Tuscan Round Cap & Tuscan Base Round — COLSET-MOD012","Критично","Missing Stock","Stock пуст","Добавить Stock/availability"
"1689","COLSET-MOD012-0007","COLSET-MOD012-0007","Stacked Column Set - Tuscan Round Cap & Tuscan Base Round — COLSET-MOD012","Критично","Missing Stock","Stock пуст","Добавить Stock/availability"
"1690","COLSET-MOD012-0008","COLSET-MOD012-0008","Stacked Column Set - Tuscan Round Cap & Tuscan Base Round — COLSET-MOD012","Критично","Missing Stock","Stock пуст","Добавить Stock/availability"
"1691","COLSET-MOD012-0009","COLSET-MOD012-0009","Stacked Column Set - Tuscan Round Cap & Tuscan Base Round — COLSET-MOD012","Критично","Missing Stock","Stock пуст","Добавить Stock/availability"
"1692","COLSET-MOD012-0010","COLSET-MOD012-0010","Stacked Column Set - Tuscan Round Cap & Tuscan Base Round — COLSET-MOD012","Критично","Missing Stock","Stock пуст","Добавить Stock/availability"
"1693","COLSET-MOD012-0011","COLSET-MOD012-0011","Stacked Column Set - Tuscan Round Cap & Tuscan Base Round — COLSET-MOD012","Критично","Missing Stock","Stock пуст","Добавить Stock/availability"
"1694","COLSET-MOD012-0012","COLSET-MOD012-0012","Stacked Column Set - Tuscan Round Cap & Tuscan Base Round — COLSET-MOD012","Критично","Missing Stock","Stock пуст","Добавить Stock/availability"
"1695","COLSET-MOD012-0013","COLSET-MOD012-0013","Stacked Column Set - Tuscan Round Cap & Tuscan Base Round — COLSET-MOD012","Критично","Missing Stock","Stock пуст","Добавить Stock/availability"
"1696","COLSET-MOD012-0014","COLSET-MOD012-0014","Stacked Column Set - Tuscan Round Cap & Tuscan Base Round — COLSET-MOD012","Критично","Missing Stock","Stock пуст","Добавить Stock/availability"
"1697","COLSET-MOD012-0015","COLSET-MOD012-0015","Stacked Column Set - Tuscan Round Cap & Tuscan Base Round — COLSET-MOD012","Критично","Missing Stock","Stock пуст","Добавить Stock/availability"
"1698","COLSET-MOD012-0016","COLSET-MOD012-0016","Stacked Column Set - Tuscan Round Cap & Tuscan Base Round — COLSET-MOD012","Критично","Missing Stock","Stock пуст","Добавить Stock/availability"
"1699","COLSET-MOD012-0017","COLSET-MOD012-0017","Stacked Column Set - Tuscan Round Cap & Tuscan Base Round — COLSET-MOD012","Критично","Missing Stock","Stock пуст","Добавить Stock/availability"
"1700","COLSET-MOD012-0018","COLSET-MOD012-0018","Stacked Column Set - Tuscan Round Cap & Tuscan Base Round — COLSET-MOD012","Критично","Missing Stock","Stock пуст","Добавить Stock/availability"
"1701","COLSET-MOD012-0019","COLSET-MOD012-0019","Stacked Column Set - Tuscan Round Cap & Tuscan Base Round — COLSET-MOD012","Критично","Missing Stock","Stock пуст","Добавить Stock/availability"
"1702","COLSET-MOD012-0020","COLSET-MOD012-0020","Stacked Column Set - Tuscan Round Cap & Tuscan Base Round — COLSET-MOD012","Критично","Missing Stock","Stock пуст","Добавить Stock/availability"
"1703","COLSET-MOD012-0021","COLSET-MOD012-0021","Stacked Column Set - Tuscan Round Cap & Tuscan Base Round — COLSET-MOD012","Критично","Missing Stock","Stock пуст","Добавить Stock/availability"
"1704","COLSET-MOD012-0022","COLSET-MOD012-0022","Stacked Column Set - Tuscan Round Cap & Tuscan Base Round — COLSET-MOD012","Критично","Missing Stock","Stock пуст","Добавить Stock/availability"
"1705","COLSET-MOD012-0023","COLSET-MOD012-0023","Stacked Column Set - Tuscan Round Cap & Tuscan Base Round — COLSET-MOD012","Критично","Missing Stock","Stock пуст","Добавить Stock/availability"
"1706","COLSET-MOD012-0024","COLSET-MOD012-0024","Stacked Column Set - Tuscan Round Cap & Tuscan Base Round — COLSET-MOD012","Критично","Missing Stock","Stock пуст","Добавить Stock/availability"
"1707","COLSET-MOD012-0025","COLSET-MOD012-0025","Stacked Column Set - Tuscan Round Cap & Tuscan Base Round — COLSET-MOD012","Критично","Missing Stock","Stock пуст","Добавить Stock/availability"
"1708","COLSET-MOD012-0026","COLSET-MOD012-0026","Stacked Column Set - Tuscan Round Cap & Tuscan Base Round — COLSET-MOD012","Критично","Missing Stock","Stock пуст","Добавить Stock/availability"
"1709","COLSET-MOD012-0027","COLSET-MOD012-0027","Stacked Column Set - Tuscan Round Cap & Tuscan Base Round — COLSET-MOD012","Критично","Missing Stock","Stock пуст","Добавить Stock/availability"
"1710","COLSET-MOD012-0028","COLSET-MOD012-0028","Stacked Column Set - Tuscan Round Cap & Tuscan Base Round — COLSET-MOD012","Критично","Missing Stock","Stock пуст","Добавить Stock/availability"
"1711","COLSET-MOD012-0029","COLSET-MOD012-0029","Stacked Column Set - Tuscan Round Cap & Tuscan Base Round — COLSET-MOD012","Критично","Missing Stock","Stock пуст","Добавить Stock/availability"
"1712","COLSET-MOD012-0030","COLSET-MOD012-0030","Stacked Column Set - Tuscan Round Cap & Tuscan Base Round — COLSET-MOD012","Критично","Missing Stock","Stock пуст","Добавить Stock/availability"
"1713","COLSET-MOD012-0031","COLSET-MOD012-0031","Stacked Column Set - Tuscan Round Cap & Tuscan Base Round — COLSET-MOD012","Критично","Missing Stock","Stock пуст","Добавить Stock/availability"
"1714","COLSET-MOD012-0032","COLSET-MOD012-0032","Stacked Column Set - Tuscan Round Cap & Tuscan Base Round — COLSET-MOD012","Критично","Missing Stock","Stock пуст","Добавить Stock/availability"
"1715","COLSET-MOD012-0033","COLSET-MOD012-0033","Stacked Column Set - Tuscan Round Cap & Tuscan Base Round — COLSET-MOD012","Критично","Missing Stock","Stock пуст","Добавить Stock/availability"
"1716","COLSET-MOD012-0034","COLSET-MOD012-0034","Stacked Column Set - Tuscan Round Cap & Tuscan Base Round — COLSET-MOD012","Критично","Missing Stock","Stock пуст","Добавить Stock/availability"
"1717","COLSET-MOD013-0001","COLSET-MOD013-0001","Stacked Square Column Set - Tuscan Square Cap & Tuscan Base Square — COLSET-MOD013","Критично","Missing Stock","Stock пуст","Добавить Stock/availability"
"1718","COLSET-MOD013-0002","COLSET-MOD013-0002","Stacked Square Column Set - Tuscan Square Cap & Tuscan Base Square — COLSET-MOD013","Критично","Missing Stock","Stock пуст","Добавить Stock/availability"
"1719","COLSET-MOD013-0003","COLSET-MOD013-0003","Stacked Square Column Set - Tuscan Square Cap & Tuscan Base Square — COLSET-MOD013","Критично","Missing Stock","Stock пуст","Добавить Stock/availability"
"1720","COLSET-MOD013-0004","COLSET-MOD013-0004","Stacked Square Column Set - Tuscan Square Cap & Tuscan Base Square — COLSET-MOD013","Критично","Missing Stock","Stock пуст","Добавить Stock/availability"
"1721","COLSET-MOD013-0005","COLSET-MOD013-0005","Stacked Square Column Set - Tuscan Square Cap & Tuscan Base Square — COLSET-MOD013","Критично","Missing Stock","Stock пуст","Добавить Stock/availability"
"1722","COLSET-MOD013-0006","COLSET-MOD013-0006","Stacked Square Column Set - Tuscan Square Cap & Tuscan Base Square — COLSET-MOD013","Критично","Missing Stock","Stock пуст","Добавить Stock/availability"
"1723","COLSET-MOD013-0007","COLSET-MOD013-0007","Stacked Square Column Set - Tuscan Square Cap & Tuscan Base Square — COLSET-MOD013","Критично","Missing Stock","Stock пуст","Добавить Stock/availability"
"1724","COLSET-MOD013-0008","COLSET-MOD013-0008","Stacked Square Column Set - Tuscan Square Cap & Tuscan Base Square — COLSET-MOD013","Критично","Missing Stock","Stock пуст","Добавить Stock/availability"
"1725","COLSET-MOD013-0009","COLSET-MOD013-0009","Stacked Square Column Set - Tuscan Square Cap & Tuscan Base Square — COLSET-MOD013","Критично","Missing Stock","Stock пуст","Добавить Stock/availability"
"1726","COLSET-MOD013-0010","COLSET-MOD013-0010","Stacked Square Column Set - Tuscan Square Cap & Tuscan Base Square — COLSET-MOD013","Критично","Missing Stock","Stock пуст","Добавить Stock/availability"
"1727","COLSET-MOD013-0011","COLSET-MOD013-0011","Stacked Square Column Set - Tuscan Square Cap & Tuscan Base Square — COLSET-MOD013","Критично","Missing Stock","Stock пуст","Добавить Stock/availability"
"1728","COLSET-MOD013-0012","COLSET-MOD013-0012","Stacked Square Column Set - Tuscan Square Cap & Tuscan Base Square — COLSET-MOD013","Критично","Missing Stock","Stock пуст","Добавить Stock/availability"
"1729","COLSET-MOD013-0013","COLSET-MOD013-0013","Stacked Square Column Set - Tuscan Square Cap & Tuscan Base Square — COLSET-MOD013","Критично","Missing Stock","Stock пуст","Добавить Stock/availability"
"1730","COLSET-MOD013-0014","COLSET-MOD013-0014","Stacked Square Column Set - Tuscan Square Cap & Tuscan Base Square — COLSET-MOD013","Критично","Missing Stock","Stock пуст","Добавить Stock/availability"
"1731","COLSET-MOD013-0015","COLSET-MOD013-0015","Stacked Square Column Set - Tuscan Square Cap & Tuscan Base Square — COLSET-MOD013","Критично","Missing Stock","Stock пуст","Добавить Stock/availability"
"1732","COLSET-MOD013-0016","COLSET-MOD013-0016","Stacked Square Column Set - Tuscan Square Cap & Tuscan Base Square — COLSET-MOD013","Критично","Missing Stock","Stock пуст","Добавить Stock/availability"
"1733","COLSET-MOD013-0017","COLSET-MOD013-0017","Stacked Square Column Set - Tuscan Square Cap & Tuscan Base Square — COLSET-MOD013","Критично","Missing Stock","Stock пуст","Добавить Stock/availability"
"1734","COLSET-MOD013-0018","COLSET-MOD013-0018","Stacked Square Column Set - Tuscan Square Cap & Tuscan Base Square — COLSET-MOD013","Критично","Missing Stock","Stock пуст","Добавить Stock/availability"
"1735","COLSET-MOD013-0019","COLSET-MOD013-0019","Stacked Square Column Set - Tuscan Square Cap & Tuscan Base Square — COLSET-MOD013","Критично","Missing Stock","Stock пуст","Добавить Stock/availability"
"1736","COLSET-MOD013-0020","COLSET-MOD013-0020","Stacked Square Column Set - Tuscan Square Cap & Tuscan Base Square — COLSET-MOD013","Критично","Missing Stock","Stock пуст","Добавить Stock/availability"
"1737","COLSET-MOD013-0021","COLSET-MOD013-0021","Stacked Square Column Set - Tuscan Square Cap & Tuscan Base Square — COLSET-MOD013","Критично","Missing Stock","Stock пуст","Добавить Stock/availability"
"1738","COLSET-MOD013-0022","COLSET-MOD013-0022","Stacked Square Column Set - Tuscan Square Cap & Tuscan Base Square — COLSET-MOD013","Критично","Missing Stock","Stock пуст","Добавить Stock/availability"
"1739","COLSET-MOD013-0023","COLSET-MOD013-0023","Stacked Square Column Set - Tuscan Square Cap & Tuscan Base Square — COLSET-MOD013","Критично","Missing Stock","Stock пуст","Добавить Stock/availability"
"1740","COLSET-MOD013-0024","COLSET-MOD013-0024","Stacked Square Column Set - Tuscan Square Cap & Tuscan Base Square — COLSET-MOD013","Критично","Missing Stock","Stock пуст","Добавить Stock/availability"
"1741","COLSET-MOD013-0025","COLSET-MOD013-0025","Stacked Square Column Set - Tuscan Square Cap & Tuscan Base Square — COLSET-MOD013","Критично","Missing Stock","Stock пуст","Добавить Stock/availability"
"1742","COLSET-MOD013-0026","COLSET-MOD013-0026","Stacked Square Column Set - Tuscan Square Cap & Tuscan Base Square — COLSET-MOD013","Критично","Missing Stock","Stock пуст","Добавить Stock/availability"
"1743","COLSET-MOD013-0027","COLSET-MOD013-0027","Stacked Square Column Set - Tuscan Square Cap & Tuscan Base Square — COLSET-MOD013","Критично","Missing Stock","Stock пуст","Добавить Stock/availability"
"1744","COLSET-MOD013-0028","COLSET-MOD013-0028","Stacked Square Column Set - Tuscan Square Cap & Tuscan Base Square — COLSET-MOD013","Критично","Missing Stock","Stock пуст","Добавить Stock/availability"
"1745","COLSET-MOD013-0029","COLSET-MOD013-0029","Stacked Square Column Set - Tuscan Square Cap & Tuscan Base Square — COLSET-MOD013","Критично","Missing Stock","Stock пуст","Добавить Stock/availability"
"1746","COLSET-MOD013-0030","COLSET-MOD013-0030","Stacked Square Column Set - Tuscan Square Cap & Tuscan Base Square — COLSET-MOD013","Критично","Missing Stock","Stock пуст","Добавить Stock/availability"
"1747","COLSET-MOD013-0031","COLSET-MOD013-0031","Stacked Square Column Set - Tuscan Square Cap & Tuscan Base Square — COLSET-MOD013","Критично","Missing Stock","Stock пуст","Добавить Stock/availability"
"1748","COLSET-MOD013-0032","COLSET-MOD013-0032","Stacked Square Column Set - Tuscan Square Cap & Tuscan Base Square — COLSET-MOD013","Критично","Missing Stock","Stock пуст","Добавить Stock/availability"
"1749","COLSET-MOD013-0033","COLSET-MOD013-0033","Stacked Square Column Set - Tuscan Square Cap & Tuscan Base Square — COLSET-MOD013","Критично","Missing Stock","Stock пуст","Добавить Stock/availability"
"1750","COLSET-MOD013-0034","COLSET-MOD013-0034","Stacked Square Column Set - Tuscan Square Cap & Tuscan Base Square — COLSET-MOD013","Критично","Missing Stock","Stock пуст","Добавить Stock/availability"
"1751","FRS-MOD001-0001","FRS-MOD001-0001","Foam Routed Signs MOD001 — FRS-MOD001","Критично","Missing Stock","Stock пуст","Добавить Stock/availability"
"1752","FRS-MOD001-0002","FRS-MOD001-0002","Foam Routed Signs MOD001 — FRS-MOD001","Критично","Missing Stock","Stock пуст","Добавить Stock/availability"
"1753","FRS-MOD002-0001","FRS-MOD002-0001","Foam Routed Signs MOD002 — FRS-MOD002","Критично","Missing Stock","Stock пуст","Добавить Stock/availability"
"1754","FRS-MOD002-0002","FRS-MOD002-0002","Foam Routed Signs MOD002 — FRS-MOD002","Критично","Missing Stock","Stock пуст","Добавить Stock/availability"
"1755","FRS-MOD003-0001","FRS-MOD003-0001","Foam Routed Signs MOD003 — FRS-MOD003","Критично","Missing Stock","Stock пуст","Добавить Stock/availability"
"1756","FRS-MOD003-0002","FRS-MOD003-0002","Foam Routed Signs MOD003 — FRS-MOD003","Критично","Missing Stock","Stock пуст","Добавить Stock/availability"
"1757","FRS-MOD004-0001","FRS-MOD004-0001","Foam Routed Signs MOD004 — FRS-MOD004","Критично","Missing Stock","Stock пуст","Добавить Stock/availability"
"1758","FRS-MOD004-0002","FRS-MOD004-0002","Foam Routed Signs MOD004 — FRS-MOD004","Критично","Missing Stock","Stock пуст","Добавить Stock/availability"
"1759","FRS-MOD005-0001","FRS-MOD005-0001","Foam Routed Signs MOD005 — FRS-MOD005","Критично","Missing Stock","Stock пуст","Добавить Stock/availability"
"1760","FRS-MOD005-0002","FRS-MOD005-0002","Foam Routed Signs MOD005 — FRS-MOD005","Критично","Missing Stock","Stock пуст","Добавить Stock/availability"
"1761","FRS-MOD006-0001","FRS-MOD006-0001","Foam Routed Signs MOD006 — FRS-MOD006","Критично","Missing Stock","Stock пуст","Добавить Stock/availability"
"1762","FRS-MOD006-0002","FRS-MOD006-0002","Foam Routed Signs MOD006 — FRS-MOD006","Критично","Missing Stock","Stock пуст","Добавить Stock/availability"
"1763","FRS-MOD007-0001","FRS-MOD007-0001","Foam Routed Signs MOD007 — FRS-MOD007","Критично","Missing Stock","Stock пуст","Добавить Stock/availability"
"1764","FRS-MOD007-0002","FRS-MOD007-0002","Foam Routed Signs MOD007 — FRS-MOD007","Критично","Missing Stock","Stock пуст","Добавить Stock/availability"
"1765","FRS-MOD008-0001","FRS-MOD008-0001","Foam Routed Signs MOD008 — FRS-MOD008","Критично","Missing Stock","Stock пуст","Добавить Stock/availability"
"1766","FRS-MOD008-0002","FRS-MOD008-0002","Foam Routed Signs MOD008 — FRS-MOD008","Критично","Missing Stock","Stock пуст","Добавить Stock/availability"
"1767","FRS-MOD009-0001","FRS-MOD009-0001","Foam Routed Signs MOD009 — FRS-MOD009","Критично","Missing Stock","Stock пуст","Добавить Stock/availability"
"1768","FRS-MOD009-0002","FRS-MOD009-0002","Foam Routed Signs MOD009 — FRS-MOD009","Критично","Missing Stock","Stock пуст","Добавить Stock/availability"
"1769","FRS-MOD010-0001","FRS-MOD010-0001","Foam Routed Signs MOD010 — FRS-MOD010","Критично","Missing Stock","Stock пуст","Добавить Stock/availability"
"1770","FRS-MOD010-0002","FRS-MOD010-0002","Foam Routed Signs MOD010 — FRS-MOD010","Критично","Missing Stock","Stock пуст","Добавить Stock/availability"
"1771","SVCS-MOD001-0001","SVCS-MOD001-0001","Sandblasted & V Carved Signs MOD001 — SVCS-MOD001","Критично","Missing Stock","Stock пуст","Добавить Stock/availability"
"1772","SVCS-MOD001-0002","SVCS-MOD001-0002","Sandblasted & V Carved Signs MOD001 — SVCS-MOD001","Критично","Missing Stock","Stock пуст","Добавить Stock/availability"
"1773","SVCS-MOD002-0001","SVCS-MOD002-0001","Sandblasted & V Carved Signs MOD002 — SVCS-MOD002","Критично","Missing Stock","Stock пуст","Добавить Stock/availability"
"1774","SVCS-MOD002-0002","SVCS-MOD002-0002","Sandblasted & V Carved Signs MOD002 — SVCS-MOD002","Критично","Missing Stock","Stock пуст","Добавить Stock/availability"
"1775","SVCS-MOD003-0001","SVCS-MOD003-0001","Sandblasted & V Carved Signs MOD003 — SVCS-MOD003","Критично","Missing Stock","Stock пуст","Добавить Stock/availability"
"1776","SVCS-MOD003-0002","SVCS-MOD003-0002","Sandblasted & V Carved Signs MOD003 — SVCS-MOD003","Критично","Missing Stock","Stock пуст","Добавить Stock/availability"
"1777","SVCS-MOD004-0001","SVCS-MOD004-0001","Sandblasted & V Carved Signs MOD004 — SVCS-MOD004","Критично","Missing Stock","Stock пуст","Добавить Stock/availability"
"1778","SVCS-MOD004-0002","SVCS-MOD004-0002","Sandblasted & V Carved Signs MOD004 — SVCS-MOD004","Критично","Missing Stock","Stock пуст","Добавить Stock/availability"
"1779","SVCS-MOD005-0001","SVCS-MOD005-0001","Sandblasted & V Carved Signs MOD005 — SVCS-MOD005","Критично","Missing Stock","Stock пуст","Добавить Stock/availability"
"1780","SVCS-MOD005-0002","SVCS-MOD005-0002","Sandblasted & V Carved Signs MOD005 — SVCS-MOD005","Критично","Missing Stock","Stock пуст","Добавить Stock/availability"
"1781","SVCS-MOD006-0001","SVCS-MOD006-0001","Sandblasted & V Carved Signs MOD006 — SVCS-MOD006","Критично","Missing Stock","Stock пуст","Добавить Stock/availability"
"1782","SVCS-MOD006-0002","SVCS-MOD006-0002","Sandblasted & V Carved Signs MOD006 — SVCS-MOD006","Критично","Missing Stock","Stock пуст","Добавить Stock/availability"
"1783","SVCS-MOD007-0001","SVCS-MOD007-0001","Sandblasted & V Carved Signs MOD007 — SVCS-MOD007","Критично","Missing Stock","Stock пуст","Добавить Stock/availability"
"1784","SVCS-MOD007-0002","SVCS-MOD007-0002","Sandblasted & V Carved Signs MOD007 — SVCS-MOD007","Критично","Missing Stock","Stock пуст","Добавить Stock/availability"
"1785","SVCS-MOD008-0001","SVCS-MOD008-0001","Sandblasted & V Carved Signs MOD008 — SVCS-MOD008","Критично","Missing Stock","Stock пуст","Добавить Stock/availability"
"1786","SVCS-MOD008-0002","SVCS-MOD008-0002","Sandblasted & V Carved Signs MOD008 — SVCS-MOD008","Критично","Missing Stock","Stock пуст","Добавить Stock/availability"
"1787","SVCS-MOD009-0001","SVCS-MOD009-0001","Sandblasted & V Carved Signs MOD009 — SVCS-MOD009","Критично","Missing Stock","Stock пуст","Добавить Stock/availability"
"1788","SVCS-MOD009-0002","SVCS-MOD009-0002","Sandblasted & V Carved Signs MOD009 — SVCS-MOD009","Критично","Missing Stock","Stock пуст","Добавить Stock/availability"
"1789","SVCS-MOD010-0001","SVCS-MOD010-0001","Sandblasted & V Carved Signs MOD010 — SVCS-MOD010","Критично","Missing Stock","Stock пуст","Добавить Stock/availability"
"1790","SVCS-MOD010-0002","SVCS-MOD010-0002","Sandblasted & V Carved Signs MOD010 — SVCS-MOD010","Критично","Missing Stock","Stock пуст","Добавить Stock/availability"
"1791","SVCS-MOD011-0001","SVCS-MOD011-0001","Sandblasted & V Carved Signs MOD011 — SVCS-MOD011","Критично","Missing Stock","Stock пуст","Добавить Stock/availability"
"1792","SVCS-MOD011-0002","SVCS-MOD011-0002","Sandblasted & V Carved Signs MOD011 — SVCS-MOD011","Критично","Missing Stock","Stock пуст","Добавить Stock/availability"
"1793","SVCS-MOD012-0001","SVCS-MOD012-0001","Sandblasted & V Carved Signs MOD012 — SVCS-MOD012","Критично","Missing Stock","Stock пуст","Добавить Stock/availability"
"1794","SVCS-MOD012-0002","SVCS-MOD012-0002","Sandblasted & V Carved Signs MOD012 — SVCS-MOD012","Критично","Missing Stock","Stock пуст","Добавить Stock/availability"
"1795","SVCS-MOD013-0001","SVCS-MOD013-0001","Sandblasted & V Carved Signs MOD013 — SVCS-MOD013","Критично","Missing Stock","Stock пуст","Добавить Stock/availability"
"1796","SVCS-MOD013-0002","SVCS-MOD013-0002","Sandblasted & V Carved Signs MOD013 — SVCS-MOD013","Критично","Missing Stock","Stock пуст","Добавить Stock/availability"
"1797","SVCS-MOD014-0001","SVCS-MOD014-0001","Sandblasted & V Carved Signs MOD014 — SVCS-MOD014","Критично","Missing Stock","Stock пуст","Добавить Stock/availability"
"1798","SVCS-MOD014-0002","SVCS-MOD014-0002","Sandblasted & V Carved Signs MOD014 — SVCS-MOD014","Критично","Missing Stock","Stock пуст","Добавить Stock/availability"
"1799","SVCS-MOD015-0001","SVCS-MOD015-0001","Sandblasted & V Carved Signs MOD015 — SVCS-MOD015","Критично","Missing Stock","Stock пуст","Добавить Stock/availability"
"1800","SVCS-MOD015-0002","SVCS-MOD015-0002","Sandblasted & V Carved Signs MOD015 — SVCS-MOD015","Критично","Missing Stock","Stock пуст","Добавить Stock/availability"
"1801","OFLL-MOD001-0001","OFLL-MOD001-0001","Oversized Foam Letters & Logos MOD001 — OFLL-MOD001","Критично","Missing Stock","Stock пуст","Добавить Stock/availability"
"1802","OFLL-MOD001-0002","OFLL-MOD001-0002","Oversized Foam Letters & Logos MOD001 — OFLL-MOD001","Критично","Missing Stock","Stock пуст","Добавить Stock/availability"
"1803","OFLL-MOD002-0001","OFLL-MOD002-0001","Oversized Foam Letters & Logos MOD002 — OFLL-MOD002","Критично","Missing Stock","Stock пуст","Добавить Stock/availability"
"1804","OFLL-MOD002-0002","OFLL-MOD002-0002","Oversized Foam Letters & Logos MOD002 — OFLL-MOD002","Критично","Missing Stock","Stock пуст","Добавить Stock/availability"
"1805","OFLL-MOD003-0001","OFLL-MOD003-0001","Oversized Foam Letters & Logos MOD003 — OFLL-MOD003","Критично","Missing Stock","Stock пуст","Добавить Stock/availability"
"1806","OFLL-MOD003-0002","OFLL-MOD003-0002","Oversized Foam Letters & Logos MOD003 — OFLL-MOD003","Критично","Missing Stock","Stock пуст","Добавить Stock/availability"
"1807","OFLL-MOD004-0001","OFLL-MOD004-0001","Oversized Foam Letters & Logos MOD004 — OFLL-MOD004","Критично","Missing Stock","Stock пуст","Добавить Stock/availability"
"1808","OFLL-MOD004-0002","OFLL-MOD004-0002","Oversized Foam Letters & Logos MOD004 — OFLL-MOD004","Критично","Missing Stock","Stock пуст","Добавить Stock/availability"
"1809","OFLL-MOD005-0001","OFLL-MOD005-0001","Oversized Foam Letters & Logos MOD005 — OFLL-MOD005","Критично","Missing Stock","Stock пуст","Добавить Stock/availability"
"1810","OFLL-MOD005-0002","OFLL-MOD005-0002","Oversized Foam Letters & Logos MOD005 — OFLL-MOD005","Критично","Missing Stock","Stock пуст","Добавить Stock/availability"
"1811","OFLL-MOD006-0001","OFLL-MOD006-0001","Oversized Foam Letters & Logos MOD006 — OFLL-MOD006","Критично","Missing Stock","Stock пуст","Добавить Stock/availability"
"1812","OFLL-MOD006-0002","OFLL-MOD006-0002","Oversized Foam Letters & Logos MOD006 — OFLL-MOD006","Критично","Missing Stock","Stock пуст","Добавить Stock/availability"
"1813","OFLL-MOD007-0001","OFLL-MOD007-0001","Oversized Foam Letters & Logos MOD007 — OFLL-MOD007","Критично","Missing Stock","Stock пуст","Добавить Stock/availability"
"1814","OFLL-MOD007-0002","OFLL-MOD007-0002","Oversized Foam Letters & Logos MOD007 — OFLL-MOD007","Критично","Missing Stock","Stock пуст","Добавить Stock/availability"
"1815","OFLL-MOD008-0001","OFLL-MOD008-0001","Oversized Foam Letters & Logos MOD008 — OFLL-MOD008","Критично","Missing Stock","Stock пуст","Добавить Stock/availability"
"1816","OFLL-MOD008-0002","OFLL-MOD008-0002","Oversized Foam Letters & Logos MOD008 — OFLL-MOD008","Критично","Missing Stock","Stock пуст","Добавить Stock/availability"
"1817","OFLL-MOD009-0001","OFLL-MOD009-0001","Oversized Foam Letters & Logos MOD009 — OFLL-MOD009","Критично","Missing Stock","Stock пуст","Добавить Stock/availability"
"1818","OFLL-MOD009-0002","OFLL-MOD009-0002","Oversized Foam Letters & Logos MOD009 — OFLL-MOD009","Критично","Missing Stock","Stock пуст","Добавить Stock/availability"
"1819","OFLL-MOD010-0001","OFLL-MOD010-0001","Oversized Foam Letters & Logos MOD010 — OFLL-MOD010","Критично","Missing Stock","Stock пуст","Добавить Stock/availability"
"1820","OFLL-MOD010-0002","OFLL-MOD010-0002","Oversized Foam Letters & Logos MOD010 — OFLL-MOD010","Критично","Missing Stock","Stock пуст","Добавить Stock/availability"
"1821","OFLL-MOD011-0001","OFLL-MOD011-0001","Oversized Foam Letters & Logos MOD011 — OFLL-MOD011","Критично","Missing Stock","Stock пуст","Добавить Stock/availability"
"1822","OFLL-MOD011-0002","OFLL-MOD011-0002","Oversized Foam Letters & Logos MOD011 — OFLL-MOD011","Критично","Missing Stock","Stock пуст","Добавить Stock/availability"
"1823","OFLL-MOD012-0001","OFLL-MOD012-0001","Oversized Foam Letters & Logos MOD012 — OFLL-MOD012","Критично","Missing Stock","Stock пуст","Добавить Stock/availability"
"1824","OFLL-MOD012-0002","OFLL-MOD012-0002","Oversized Foam Letters & Logos MOD012 — OFLL-MOD012","Критично","Missing Stock","Stock пуст","Добавить Stock/availability"
"1825","OFLL-MOD013-0001","OFLL-MOD013-0001","Oversized Foam Letters & Logos MOD013 — OFLL-MOD013","Критично","Missing Stock","Stock пуст","Добавить Stock/availability"
"1826","OFLL-MOD013-0002","OFLL-MOD013-0002","Oversized Foam Letters & Logos MOD013 — OFLL-MOD013","Критично","Missing Stock","Stock пуст","Добавить Stock/availability"
"1827","OFLL-MOD014-0001","OFLL-MOD014-0001","Oversized Foam Letters & Logos MOD014 — OFLL-MOD014","Критично","Missing Stock","Stock пуст","Добавить Stock/availability"
"1828","OFLL-MOD014-0002","OFLL-MOD014-0002","Oversized Foam Letters & Logos MOD014 — OFLL-MOD014","Критично","Missing Stock","Stock пуст","Добавить Stock/availability"
"1829","OFLL-MOD015-0001","OFLL-MOD015-0001","Oversized Foam Letters & Logos MOD015 — OFLL-MOD015","Критично","Missing Stock","Stock пуст","Добавить Stock/availability"
"1830","OFLL-MOD015-0002","OFLL-MOD015-0002","Oversized Foam Letters & Logos MOD015 — OFLL-MOD015","Критично","Missing Stock","Stock пуст","Добавить Stock/availability"
"1831","OFLL-MOD016-0001","OFLL-MOD016-0001","Oversized Foam Letters & Logos MOD016 — OFLL-MOD016","Критично","Missing Stock","Stock пуст","Добавить Stock/availability"
"1832","OFLL-MOD016-0002","OFLL-MOD016-0002","Oversized Foam Letters & Logos MOD016 — OFLL-MOD016","Критично","Missing Stock","Stock пуст","Добавить Stock/availability"
"1833","OFLL-MOD017-0001","OFLL-MOD017-0001","Oversized Foam Letters & Logos MOD017 — OFLL-MOD017","Критично","Missing Stock","Stock пуст","Добавить Stock/availability"
"1834","OFLL-MOD017-0002","OFLL-MOD017-0002","Oversized Foam Letters & Logos MOD017 — OFLL-MOD017","Критично","Missing Stock","Stock пуст","Добавить Stock/availability"
"11","3D-MOD001-1","3D-MOD001-1","3dsignfactory-test — 3D-MOD001","Критично","Attributes not allowed by parent","Width — 3"" | Height — 6"" | Length — 4' 3"" (51"")","Добавить опции родителю или исправить вариацию"
"12","3D-MOD001-2","3D-MOD001-2","3dsignfactory-test — 3D-MOD001","Критично","Attributes not allowed by parent","Height — 7"" | Width — 3"" | Length — 5' 9"" (69"")","Добавить опции родителю или исправить вариацию"
"13","CCS-MOD001-0001","CCS-MOD001-0001","Coffered Ceiling System MOD001 — CCS-MOD001","Критично","Attributes not allowed by parent","Width — 4"" | Height — 4"" | Length — 8' (96"")","Добавить опции родителю или исправить вариацию"
"14","CCS-MOD002-0001","CCS-MOD002-0001","Coffered Ceiling System MOD002 — CCS-MOD002","Критично","Attributes not allowed by parent","Width — 4"" | Height — 4"" | Length — 8' (96"")","Добавить опции родителю или исправить вариацию"
"15","CCS-MOD003-0001","CCS-MOD003-0001","Coffered Ceiling System MOD003 — CCS-MOD003","Критично","Attributes not allowed by parent","Width — 4"" | Height — 4"" | Length — 8' (96"")","Добавить опции родителю или исправить вариацию"
"16","CCS-MOD004-0001","CCS-MOD004-0001","Coffered Ceiling System MOD004 — CCS-MOD004","Критично","Attributes not allowed by parent","Width — 4"" | Height — 4"" | Length — 8' (96"")","Добавить опции родителю или исправить вариацию"
"17","CCS-MOD005-0001","CCS-MOD005-0001","Coffered Ceiling System MOD005 — CCS-MOD005","Критично","Attributes not allowed by parent","Width — 4"" | Height — 4"" | Length — 8' (96"")","Добавить опции родителю или исправить вариацию"
"18","CCS-MOD006-0001","CCS-MOD006-0001","Coffered Ceiling System MOD006 — CCS-MOD006","Критично","Attributes not allowed by parent","Width — 4"" | Height — 4"" | Length — 8' (96"")","Добавить опции родителю или исправить вариацию"
"19","CCS-MOD007-0001","CCS-MOD007-0001","Coffered Ceiling System MOD007 — CCS-MOD007","Критично","Attributes not allowed by parent","Width — 4"" | Height — 4"" | Length — 8' (96"")","Добавить опции родителю или исправить вариацию"
"20","CCS-MOD008-0001","CCS-MOD008-0001","Coffered Ceiling System MOD008 — CCS-MOD008","Критично","Attributes not allowed by parent","Width — 4"" | Height — 4"" | Length — 8' (96"")","Добавить опции родителю или исправить вариацию"
"29","FWT-MOD001-0001","FWT-MOD001-0001","Arched Cord King Post Truss with Straight Diagonals — FWT-MOD001","Критично","Attributes not allowed by parent","Width — 3"" | Width — 4"" | Width — 4.5""","Добавить опции родителю или исправить вариацию"
"30","FWT-MOD001-0002","FWT-MOD001-0002","Raised Cord King Post Truss with Straight Diagonal — FWT-MOD002","Критично","Attributes not allowed by parent","Width — 3"" | Width — 4"" | Width — 5""","Добавить опции родителю или исправить вариацию"
"31","MS-MOD001-0001","MS-MOD001-0001","Monument Sign MS 001 — MS-MOD001","Критично","Attributes not allowed by parent","Height — 72"" | Length — 48"" | Depth — 48""","Добавить опции родителю или исправить вариацию"
"32","MS-MOD001-0002","MS-MOD001-0002","Monument Sign MS 001 — MS-MOD001","Критично","Attributes not allowed by parent","Height — Any Custom Size | Length — Any Custom Size | Depth — Any Custom Size","Добавить опции родителю или исправить вариацию"
"33","MS-MOD002-0001","MS-MOD002-0001","Monument Sign MS 002 — MS-MOD002","Критично","Attributes not allowed by parent","Height — 62"" | Length — 120"" | Depth — 18""","Добавить опции родителю или исправить вариацию"
"34","MS-MOD002-0002","MS-MOD002-0002","Monument Sign MS 002 — MS-MOD002","Критично","Attributes not allowed by parent","Height — Any Custom Size | Length — Any Custom Size | Depth — Any Custom Size","Добавить опции родителю или исправить вариацию"
"35","MS-MOD003-0001","MS-MOD003-0001","Monument Sign MS 003 — MS-MOD003","Критично","Attributes not allowed by parent","Height — 96"" | Length — 66"" | Depth — 24""","Добавить опции родителю или исправить вариацию"
"36","MS-MOD003-0002","MS-MOD003-0002","Monument Sign MS 003 — MS-MOD003","Критично","Attributes not allowed by parent","Height — Any Custom Size | Length — Any Custom Size | Depth — Any Custom Size","Добавить опции родителю или исправить вариацию"
"37","MS-MOD004-0001","MS-MOD004-0001","Monument Sign MS 004 — MS-MOD004","Критично","Attributes not allowed by parent","Height — 96"" | Length — 240"" | Depth — 32""","Добавить опции родителю или исправить вариацию"
"38","MS-MOD004-0002","MS-MOD004-0002","Monument Sign MS 004 — MS-MOD004","Критично","Attributes not allowed by parent","Height — Any Custom Size | Length — Any Custom Size | Depth — Any Custom Size","Добавить опции родителю или исправить вариацию"
"39","MS-MOD005-0001","MS-MOD005-0001","Monument Sign MS 005 — MS-MOD005","Критично","Attributes not allowed by parent","Height — 96"" | Length — 180"" | Depth — 42""","Добавить опции родителю или исправить вариацию"
"40","MS-MOD005-0002","MS-MOD005-0002","Monument Sign MS 005 — MS-MOD005","Критично","Attributes not allowed by parent","Height — Any Custom Size | Length — Any Custom Size | Depth — Any Custom Size","Добавить опции родителю или исправить вариацию"
"41","MS-MOD006-0001","MS-MOD006-0001","Monument Sign MS 006 — MS-MOD006","Критично","Attributes not allowed by parent","Height — 82"" | Length — 120"" | Depth — 44""","Добавить опции родителю или исправить вариацию"
"42","MS-MOD006-0002","MS-MOD006-0002","Monument Sign MS 006 — MS-MOD006","Критично","Attributes not allowed by parent","Height — Any Custom Size | Length — Any Custom Size | Depth — Any Custom Size","Добавить опции родителю или исправить вариацию"
"43","MS-MOD007-0001","MS-MOD007-0001","Monument Sign MS 007 — MS-MOD007","Критично","Attributes not allowed by parent","Height — 96"" | Length — 120"" | Depth — 40""","Добавить опции родителю или исправить вариацию"
"44","MS-MOD007-0002","MS-MOD007-0002","Monument Sign MS 007 — MS-MOD007","Критично","Attributes not allowed by parent","Height — Any Custom Size | Length — Any Custom Size | Depth — Any Custom Size","Добавить опции родителю или исправить вариацию"
"45","MS-MOD008-0001","MS-MOD008-0001","Monument Sign MS 008 — MS-MOD008","Критично","Attributes not allowed by parent","Height — 48"" | Length — 111"" | Depth — 34""","Добавить опции родителю или исправить вариацию"
"46","MS-MOD008-0002","MS-MOD008-0002","Monument Sign MS 008 — MS-MOD008","Критично","Attributes not allowed by parent","Height — Any Custom Size | Length — Any Custom Size | Depth — Any Custom Size","Добавить опции родителю или исправить вариацию"
"47","MS-MOD009-0001","MS-MOD009-0001","Monument Sign MS 009 — MS-MOD009","Критично","Attributes not allowed by parent","Height — 74"" | Length — 124"" | Depth — 60""","Добавить опции родителю или исправить вариацию"
"48","MS-MOD009-0002","MS-MOD009-0002","Monument Sign MS 009 — MS-MOD009","Критично","Attributes not allowed by parent","Height — Any Custom Size | Length — Any Custom Size | Depth — Any Custom Size","Добавить опции родителю или исправить вариацию"
"49","MS-MOD010-0001","MS-MOD010-0001","Monument Sign MS 010 — MS-MOD010","Критично","Attributes not allowed by parent","Height — 96"" | Length — 240"" | Depth — 32""","Добавить опции родителю или исправить вариацию"
"50","MS-MOD010-0002","MS-MOD010-0002","Monument Sign MS 010 — MS-MOD010","Критично","Attributes not allowed by parent","Height — Any Custom Size | Length — Any Custom Size | Depth — Any Custom Size","Добавить опции родителю или исправить вариацию"
"51","MS-MOD011-0001","MS-MOD011-0001","Monument Sign MS 011 — MS-MOD011","Критично","Attributes not allowed by parent","Height — 84"" | Length — 144"" | Depth — 32""","Добавить опции родителю или исправить вариацию"
"52","MS-MOD011-0002","MS-MOD011-0002","Monument Sign MS 011 — MS-MOD011","Критично","Attributes not allowed by parent","Height — Any Custom Size | Length — Any Custom Size | Depth — Any Custom Size","Добавить опции родителю или исправить вариацию"
"53","MS-MOD012-0001","MS-MOD012-0001","Monument Sign MS 012 — MS-MOD012","Критично","Attributes not allowed by parent","Height — 96"" | Length — 126"" | Depth — 28""","Добавить опции родителю или исправить вариацию"
"54","MS-MOD012-0002","MS-MOD012-0002","Monument Sign MS 012 — MS-MOD012","Критично","Attributes not allowed by parent","Height — Any Custom Size | Length — Any Custom Size | Depth — Any Custom Size","Добавить опции родителю или исправить вариацию"
"55","MS-MOD013-0001","MS-MOD013-0001","Monument Sign MS 013 — MS-MOD013","Критично","Attributes not allowed by parent","Height — 84"" | Length — 265"" | Depth — 50""","Добавить опции родителю или исправить вариацию"
"56","MS-MOD013-0002","MS-MOD013-0002","Monument Sign MS 013 — MS-MOD013","Критично","Attributes not allowed by parent","Height — Any Custom Size | Length — Any Custom Size | Depth — Any Custom Size","Добавить опции родителю или исправить вариацию"
"57","MS-MOD014-0001","MS-MOD014-0001","Monument Sign MS 014 — MS-MOD014","Критично","Attributes not allowed by parent","Height — 48"" | Length — 84"" | Depth — 12""","Добавить опции родителю или исправить вариацию"
"58","MS-MOD014-0002","MS-MOD014-0002","Monument Sign MS 014 — MS-MOD014","Критично","Attributes not allowed by parent","Height — Any Custom Size | Length — Any Custom Size | Depth — Any Custom Size","Добавить опции родителю или исправить вариацию"
"59","MS-MOD015-0001","MS-MOD015-0001","Monument Sign MS 015 — MS-MOD015","Критично","Attributes not allowed by parent","Height — 75"" | Length — 146"" | Depth — 22""","Добавить опции родителю или исправить вариацию"
"60","MS-MOD015-0002","MS-MOD015-0002","Monument Sign MS 015 — MS-MOD015","Критично","Attributes not allowed by parent","Height — Any Custom Size | Length — Any Custom Size | Depth — Any Custom Size","Добавить опции родителю или исправить вариацию"
"61","MS-MOD016-0001","MS-MOD016-0001","Monument Sign MS 016 — MS-MOD016","Критично","Attributes not allowed by parent","Height — 90"" | Length — 120"" | Depth — 30""","Добавить опции родителю или исправить вариацию"
"62","MS-MOD016-0002","MS-MOD016-0002","Monument Sign MS 016 — MS-MOD016","Критично","Attributes not allowed by parent","Height — Any Custom Size | Length — Any Custom Size | Depth — Any Custom Size","Добавить опции родителю или исправить вариацию"
"63","MS-MOD017-0001","MS-MOD017-0001","Monument Sign MS 017 — MS-MOD017","Критично","Attributes not allowed by parent","Height — 72"" | Length — 120"" | Depth — 24""","Добавить опции родителю или исправить вариацию"
"64","MS-MOD017-0002","MS-MOD017-0002","Monument Sign MS 017 — MS-MOD017","Критично","Attributes not allowed by parent","Height — Any Custom Size | Length — Any Custom Size | Depth — Any Custom Size","Добавить опции родителю или исправить вариацию"
"65","MS-MOD018-0001","MS-MOD018-0001","Monument Sign MS 018 — MS-MOD018","Критично","Attributes not allowed by parent","Height — 138"" | Length — 144"" | Depth — 24""","Добавить опции родителю или исправить вариацию"
"66","MS-MOD018-0002","MS-MOD018-0002","Monument Sign MS 018 — MS-MOD018","Критично","Attributes not allowed by parent","Height — Any Custom Size | Length — Any Custom Size | Depth — Any Custom Size","Добавить опции родителю или исправить вариацию"
"67","MS-MOD019-0001","MS-MOD019-0001","Monument Sign MS 019 — MS-MOD019","Критично","Attributes not allowed by parent","Height — 120"" | Length — 116"" | Depth — 30""","Добавить опции родителю или исправить вариацию"
"68","MS-MOD019-0002","MS-MOD019-0002","Monument Sign MS 019 — MS-MOD019","Критично","Attributes not allowed by parent","Height — Any Custom Size | Length — Any Custom Size | Depth — Any Custom Size","Добавить опции родителю или исправить вариацию"
"69","MS-MOD020-0001","MS-MOD020-0001","Monument Sign MS 020 — MS-MOD020","Критично","Attributes not allowed by parent","Height — 62"" | Length — 120"" | Depth — 18""","Добавить опции родителю или исправить вариацию"
"70","MS-MOD020-0002","MS-MOD020-0002","Monument Sign MS 020 — MS-MOD020","Критично","Attributes not allowed by parent","Height — Any Custom Size | Length — Any Custom Size | Depth — Any Custom Size","Добавить опции родителю или исправить вариацию"
"71","MS-MOD021-0001","MS-MOD021-0001","Monument Sign MS 021 — MS-MOD021","Критично","Attributes not allowed by parent","Height — 82"" | Length — 120"" | Depth — 24""","Добавить опции родителю или исправить вариацию"
"72","MS-MOD021-0002","MS-MOD021-0002","Monument Sign MS 021 — MS-MOD021","Критично","Attributes not allowed by parent","Height — Any Custom Size | Length — Any Custom Size | Depth — Any Custom Size","Добавить опции родителю или исправить вариацию"
"73","MS-MOD022-0001","MS-MOD022-0001","Monument Sign MS 022 — MS-MOD022","Критично","Attributes not allowed by parent","Height — 72"" | Length — 120"" | Depth — 32""","Добавить опции родителю или исправить вариацию"
"74","MS-MOD022-0002","MS-MOD022-0002","Monument Sign MS 022 — MS-MOD022","Критично","Attributes not allowed by parent","Height — Any Custom Size | Length — Any Custom Size | Depth — Any Custom Size","Добавить опции родителю или исправить вариацию"
"75","MS-MOD023-0001","MS-MOD023-0001","Monument Sign MS 023 — MS-MOD023","Критично","Attributes not allowed by parent","Height — 120"" | Length — 195"" | Depth — 48""","Добавить опции родителю или исправить вариацию"
"76","MS-MOD023-0002","MS-MOD023-0002","Monument Sign MS 023 — MS-MOD023","Критично","Attributes not allowed by parent","Height — Any Custom Size | Length — Any Custom Size | Depth — Any Custom Size","Добавить опции родителю или исправить вариацию"
"77","MS-MOD024-0001","MS-MOD024-0001","Monument Sign MS 024 — MS-MOD024","Критично","Attributes not allowed by parent","Height — 56.5"" | Length — 191"" | Depth — 41""","Добавить опции родителю или исправить вариацию"
"78","MS-MOD024-0002","MS-MOD024-0002","Monument Sign MS 024 — MS-MOD024","Критично","Attributes not allowed by parent","Height — Any Custom Size | Length — Any Custom Size | Depth — Any Custom Size","Добавить опции родителю или исправить вариацию"
"79","MS-MOD025-0001","MS-MOD025-0001","Monument Sign MS 025 — MS-MOD025","Критично","Attributes not allowed by parent","Height — 84"" | Length — 72"" | Depth — 18""","Добавить опции родителю или исправить вариацию"
"80","MS-MOD025-0002","MS-MOD025-0002","Monument Sign MS 025 — MS-MOD025","Критично","Attributes not allowed by parent","Height — Any Custom Size | Length — Any Custom Size | Depth — Any Custom Size","Добавить опции родителю или исправить вариацию"
"81","MS-MOD026-0001","MS-MOD026-0001","Monument Sign MS 026 — MS-MOD026","Критично","Attributes not allowed by parent","Height — 84"" | Length — 72"" | Width — 18""","Добавить опции родителю или исправить вариацию"
"82","MS-MOD026-0002","MS-MOD026-0002","Monument Sign MS 026 — MS-MOD026","Критично","Attributes not allowed by parent","Height — Any Custom Size | Length — Any Custom Size | Depth — Any Custom Size","Добавить опции родителю или исправить вариацию"
"83","MS-MOD027-0001","MS-MOD027-0001","Monument Sign MS 027 — MS-MOD027","Критично","Attributes not allowed by parent","Height — 84"" | Length — 72"" | Width — 18""","Добавить опции родителю или исправить вариацию"
"84","MS-MOD027-0002","MS-MOD027-0002","Monument Sign MS 027 — MS-MOD027","Критично","Attributes not allowed by parent","Height — Any Custom Size | Length — Any Custom Size | Depth — Any Custom Size","Добавить опции родителю или исправить вариацию"
"85","MS-MOD028-0001","MS-MOD028-0001","Monument Sign MS 028 — MS-MOD028","Критично","Attributes not allowed by parent","Height — 72"" | Length — 120"" | Depth — 24""","Добавить опции родителю или исправить вариацию"
"86","MS-MOD028-0002","MS-MOD028-0002","Monument Sign MS 028 — MS-MOD028","Критично","Attributes not allowed by parent","Height — Any Custom Size | Length — Any Custom Size | Depth — Any Custom Size","Добавить опции родителю или исправить вариацию"
"87","MS-MOD029-0001","MS-MOD029-0001","Monument Sign MS 029 — MS-MOD029","Критично","Attributes not allowed by parent","Height — 60"" | Length — 84"" | Depth — 18""","Добавить опции родителю или исправить вариацию"
"88","MS-MOD029-0002","MS-MOD029-0002","Monument Sign MS 029 — MS-MOD029","Критично","Attributes not allowed by parent","Height — Any Custom Size | Length — Any Custom Size | Depth — Any Custom Size","Добавить опции родителю или исправить вариацию"
"89","MS-MOD030-0001","MS-MOD030-0001","Monument Sign MS 030 — MS-MOD030","Критично","Attributes not allowed by parent","Height — 72"" | Length — 60"" | Depth — 18""","Добавить опции родителю или исправить вариацию"
"90","MS-MOD030-0002","MS-MOD030-0002","Monument Sign MS 030 — MS-MOD030","Критично","Attributes not allowed by parent","Height — Any Custom Size | Length — Any Custom Size | Depth — Any Custom Size","Добавить опции родителю или исправить вариацию"
"91","MS-MOD031-0001","MS-MOD031-0001","Monument Sign MS 031 — MS-MOD031","Критично","Attributes not allowed by parent","Height — 72"" | Length — 60"" | Depth — 18""","Добавить опции родителю или исправить вариацию"
"92","MS-MOD031-0002","MS-MOD031-0002","Monument Sign MS 031 — MS-MOD031","Критично","Attributes not allowed by parent","Height — Any Custom Size | Length — Any Custom Size | Depth — Any Custom Size","Добавить опции родителю или исправить вариацию"
"93","MS-MOD032-0001","MS-MOD032-0001","Monument Sign MS 032 — MS-MOD032","Критично","Attributes not allowed by parent","Height — 72"" | Length — 60"" | Depth — 18""","Добавить опции родителю или исправить вариацию"
"94","MS-MOD032-0002","MS-MOD032-0002","Monument Sign MS 032 — MS-MOD032","Критично","Attributes not allowed by parent","Height — Any Custom Size | Length — Any Custom Size | Depth — Any Custom Size","Добавить опции родителю или исправить вариацию"
"95","MS-MOD033-0001","MS-MOD033-0001","Monument Sign MS 033 — MS-MOD033","Критично","Attributes not allowed by parent","Height — 72"" | Length — 120"" | Depth — 24""","Добавить опции родителю или исправить вариацию"
"96","MS-MOD033-0002","MS-MOD033-0002","Monument Sign MS 033 — MS-MOD033","Критично","Attributes not allowed by parent","Height — Any Custom Size | Length — Any Custom Size | Depth — Any Custom Size","Добавить опции родителю или исправить вариацию"
"97","MS-MOD034-0001","MS-MOD034-0001","Monument Sign MS 034 — MS-MOD034","Критично","Attributes not allowed by parent","Height — 72"" | Length — 120"" | Depth — 24""","Добавить опции родителю или исправить вариацию"
"98","MS-MOD034-0002","MS-MOD034-0002","Monument Sign MS 034 — MS-MOD034","Критично","Attributes not allowed by parent","Height — Any Custom Size | Length — Any Custom Size | Depth — Any Custom Size","Добавить опции родителю или исправить вариацию"
"99","MS-MOD035-0001","MS-MOD035-0001","Monument Sign MS 035 — MS-MOD035","Критично","Attributes not allowed by parent","Height — 60"" | Length — 84"" | Depth — 18""","Добавить опции родителю или исправить вариацию"
"100","MS-MOD035-0002","MS-MOD035-0002","Monument Sign MS 035 — MS-MOD035","Критично","Attributes not allowed by parent","Height — Any Custom Size | Length — Any Custom Size | Depth — Any Custom Size","Добавить опции родителю или исправить вариацию"
"101","MS-MOD036-0001","MS-MOD036-0001","Monument Sign MS 036 — MS-MOD036","Критично","Attributes not allowed by parent","Height — 72"" | Length — 60"" | Depth — 18""","Добавить опции родителю или исправить вариацию"
"102","MS-MOD036-0002","MS-MOD036-0002","Monument Sign MS 036 — MS-MOD036","Критично","Attributes not allowed by parent","Height — Any Custom Size | Length — Any Custom Size | Depth — Any Custom Size","Добавить опции родителю или исправить вариацию"
"103","MS-MOD037-0001","MS-MOD037-0001","Monument Sign MS 037 — MS-MOD037","Критично","Attributes not allowed by parent","Height — 72"" | Length — 120"" | Depth — 24""","Добавить опции родителю или исправить вариацию"
"104","MS-MOD037-0002","MS-MOD037-0002","Monument Sign MS 037 — MS-MOD037","Критично","Attributes not allowed by parent","Height — Any Custom Size | Length — Any Custom Size | Depth — Any Custom Size","Добавить опции родителю или исправить вариацию"
"105","MS-MOD038-0001","MS-MOD038-0001","Monument Sign MS 038 — MS-MOD038","Критично","Attributes not allowed by parent","Height — 60"" | Length — 84"" | Depth — 18""","Добавить опции родителю или исправить вариацию"
"106","MS-MOD038-0002","MS-MOD038-0002","Monument Sign MS 038 — MS-MOD038","Критично","Attributes not allowed by parent","Height — Any Custom Size | Length — Any Custom Size | Depth — Any Custom Size","Добавить опции родителю или исправить вариацию"
"107","MS-MOD039-0001","MS-MOD039-0001","Monument Sign MS 039 — MS-MOD039","Критично","Attributes not allowed by parent","Height — 72"" | Length — 120"" | Depth — 24""","Добавить опции родителю или исправить вариацию"
"108","MS-MOD039-0002","MS-MOD039-0002","Monument Sign MS 039 — MS-MOD039","Критично","Attributes not allowed by parent","Height — Any Custom Size | Length — Any Custom Size | Depth — Any Custom Size","Добавить опции родителю или исправить вариацию"
"109","MS-MOD040-0001","MS-MOD040-0001","Monument Sign MS 040 — MS-MOD040","Критично","Attributes not allowed by parent","Height — 84"" | Length — 72"" | Width — 18""","Добавить опции родителю или исправить вариацию"
"110","MS-MOD040-0002","MS-MOD040-0002","Monument Sign MS 040 — MS-MOD040","Критично","Attributes not allowed by parent","Height — Any Custom Size | Length — Any Custom Size | Depth — Any Custom Size","Добавить опции родителю или исправить вариацию"
"111","MS-MOD041-0001","MS-MOD041-0001","Monument Sign MS 041 — MS-MOD041","Критично","Attributes not allowed by parent","Height — 72"" | Length — 120"" | Depth — 24""","Добавить опции родителю или исправить вариацию"
"112","MS-MOD041-0002","MS-MOD041-0002","Monument Sign MS 041 — MS-MOD041","Критично","Attributes not allowed by parent","Height — Any Custom Size | Length — Any Custom Size | Depth — Any Custom Size","Добавить опции родителю или исправить вариацию"
"113","MS-MOD042-0001","MS-MOD042-0001","Monument Sign MS 042 — MS-MOD042","Критично","Attributes not allowed by parent","Height — 72"" | Length — 96"" | Depth — 24""","Добавить опции родителю или исправить вариацию"
"114","MS-MOD042-0002","MS-MOD042-0002","Monument Sign MS 042 — MS-MOD042","Критично","Attributes not allowed by parent","Height — Any Custom Size | Length — Any Custom Size | Depth — Any Custom Size","Добавить опции родителю или исправить вариацию"
"115","MS-MOD043-0001","MS-MOD043-0001","Monument Sign MS 043 — MS-MOD043","Критично","Attributes not allowed by parent","Height — 72"" | Length — 96"" | Depth — 24""","Добавить опции родителю или исправить вариацию"
"116","MS-MOD043-0002","MS-MOD043-0002","Monument Sign MS 043 — MS-MOD043","Критично","Attributes not allowed by parent","Height — Any Custom Size | Length — Any Custom Size | Depth — Any Custom Size","Добавить опции родителю или исправить вариацию"
"117","MS-MOD044-0001","MS-MOD044-0001","Monument Sign MS 044 — MS-MOD044","Критично","Attributes not allowed by parent","Height — 72"" | Length — 120"" | Depth — 24""","Добавить опции родителю или исправить вариацию"
"118","MS-MOD044-0002","MS-MOD044-0002","Monument Sign MS 044 — MS-MOD044","Критично","Attributes not allowed by parent","Height — Any Custom Size | Length — Any Custom Size | Depth — Any Custom Size","Добавить опции родителю или исправить вариацию"
"1247","MS-MOD045-0001","MS-MOD045-0001","Monument Sign MS 045 — MS-MOD045","Критично","Attributes not allowed by parent","Height — 84"" | Length — 96"" | Depth — 20""","Добавить опции родителю или исправить вариацию"
"1248","MS-MOD045-0002","MS-MOD045-0002","Monument Sign MS 045 — MS-MOD045","Критично","Attributes not allowed by parent","Height — Any Custom Size | Length — Any Custom Size | Depth — Any Custom Size","Добавить опции родителю или исправить вариацию"
"1249","MS-MOD046-0001","MS-MOD046-0001","Monument Sign MS 046 — MS-MOD046","Критично","Attributes not allowed by parent","Height — 72"" | Length — 120"" | Depth — 24""","Добавить опции родителю или исправить вариацию"
"1250","MS-MOD046-0002","MS-MOD046-0002","Monument Sign MS 046 — MS-MOD046","Критично","Attributes not allowed by parent","Height — Any Custom Size | Length — Any Custom Size | Depth — Any Custom Size","Добавить опции родителю или исправить вариацию"
"1251","MS-MOD047-0001","MS-MOD047-0001","Monument Sign MS 047 — MS-MOD047","Критично","Attributes not allowed by parent","Height — 84"" | Length — 72"" | Depth — 18""","Добавить опции родителю или исправить вариацию"
"1252","MS-MOD047-0002","MS-MOD047-0002","Monument Sign MS 047 — MS-MOD047","Критично","Attributes not allowed by parent","Height — Any Custom Size | Length — Any Custom Size | Depth — Any Custom Size","Добавить опции родителю или исправить вариацию"
"1253","MS-MOD048-0001","MS-MOD048-0001","Monument Sign MS 048 — MS-MOD048","Критично","Attributes not allowed by parent","Height — 84"" | Length — 144"" | Depth — 24""","Добавить опции родителю или исправить вариацию"
"1254","MS-MOD048-0002","MS-MOD048-0002","Monument Sign MS 048 — MS-MOD048","Критично","Attributes not allowed by parent","Height — Any Custom Size | Length — Any Custom Size | Depth — Any Custom Size","Добавить опции родителю или исправить вариацию"
"1255","MS-MOD049-0001","MS-MOD049-0001","Monument Sign MS 049 — MS-MOD049","Критично","Attributes not allowed by parent","Height — 72"" | Length — 120"" | Depth — 20""","Добавить опции родителю или исправить вариацию"
"1256","MS-MOD049-0002","MS-MOD049-0002","Monument Sign MS 049 — MS-MOD049","Критично","Attributes not allowed by parent","Height — Any Custom Size | Length — Any Custom Size | Depth — Any Custom Size","Добавить опции родителю или исправить вариацию"
"1257","MS-MOD050-0001","MS-MOD050-0001","Monument Sign MS 050 — MS-MOD050","Критично","Attributes not allowed by parent","Height — 72"" | Length — 120"" | Depth — 20""","Добавить опции родителю или исправить вариацию"
"1258","MS-MOD050-0002","MS-MOD050-0002","Monument Sign MS 050 — MS-MOD050","Критично","Attributes not allowed by parent","Height — Any Custom Size | Length — Any Custom Size | Depth — Any Custom Size","Добавить опции родителю или исправить вариацию"
"1259","MS-MOD051-0001","MS-MOD051-0001","Monument Sign MS 051 — MS-MOD051","Критично","Attributes not allowed by parent","Height — 72"" | Length — 120"" | Depth — 20""","Добавить опции родителю или исправить вариацию"
"1260","MS-MOD051-0002","MS-MOD051-0002","Monument Sign MS 051 — MS-MOD051","Критично","Attributes not allowed by parent","Height — Any Custom Size | Length — Any Custom Size | Depth — Any Custom Size","Добавить опции родителю или исправить вариацию"
"1261","MS-MOD052-0001","MS-MOD052-0001","Monument Sign MS 052 — MS-MOD052","Критично","Attributes not allowed by parent","Height — 72"" | Length — 120"" | Depth — 20""","Добавить опции родителю или исправить вариацию"
"1262","MS-MOD052-0002","MS-MOD052-0002","Monument Sign MS 052 — MS-MOD052","Критично","Attributes not allowed by parent","Height — Any Custom Size | Length — Any Custom Size | Depth — Any Custom Size","Добавить опции родителю или исправить вариацию"
"1263","MS-MOD053-0001","MS-MOD053-0001","Monument Sign MS 053 — MS-MOD053","Критично","Attributes not allowed by parent","Height — 72"" | Length — 144"" | Depth — 24""","Добавить опции родителю или исправить вариацию"
"1264","MS-MOD053-0002","MS-MOD053-0002","Monument Sign MS 053 — MS-MOD053","Критично","Attributes not allowed by parent","Height — Any Custom Size | Length — Any Custom Size | Depth — Any Custom Size","Добавить опции родителю или исправить вариацию"
"1265","MS-MOD054-0001","MS-MOD054-0001","Monument Sign MS 054 — MS-MOD054","Критично","Attributes not allowed by parent","Height — 84"" | Length — 144"" | Depth — 24""","Добавить опции родителю или исправить вариацию"
"1266","MS-MOD054-0002","MS-MOD054-0002","Monument Sign MS 054 — MS-MOD054","Критично","Attributes not allowed by parent","Height — Any Custom Size | Length — Any Custom Size | Depth — Any Custom Size","Добавить опции родителю или исправить вариацию"
"1267","MS-MOD055-0001","MS-MOD055-0001","Monument Sign MS 055 — MS-MOD055","Критично","Attributes not allowed by parent","Height — 72"" | Length — 120"" | Depth — 20""","Добавить опции родителю или исправить вариацию"
"1268","MS-MOD055-0002","MS-MOD055-0002","Monument Sign MS 055 — MS-MOD055","Критично","Attributes not allowed by parent","Height — Any Custom Size | Length — Any Custom Size | Depth — Any Custom Size","Добавить опции родителю или исправить вариацию"
"1269","MS-MOD056-0001","MS-MOD056-0001","Monument Sign MS 056 — MS-MOD056","Критично","Attributes not allowed by parent","Height — 72"" | Length — 120"" | Depth — 20""","Добавить опции родителю или исправить вариацию"
"1270","MS-MOD056-0002","MS-MOD056-0002","Monument Sign MS 056 — MS-MOD056","Критично","Attributes not allowed by parent","Height — Any Custom Size | Length — Any Custom Size | Depth — Any Custom Size","Добавить опции родителю или исправить вариацию"
"1271","MS-MOD057-0001","MS-MOD057-0001","Monument Sign MS 057 — MS-MOD057","Критично","Attributes not allowed by parent","Height — 72"" | Length — 120"" | Depth — 20""","Добавить опции родителю или исправить вариацию"
"1272","MS-MOD057-0002","MS-MOD057-0002","Monument Sign MS 057 — MS-MOD057","Критично","Attributes not allowed by parent","Height — Any Custom Size | Length — Any Custom Size | Depth — Any Custom Size","Добавить опции родителю или исправить вариацию"
"1273","MS-MOD058-0001","MS-MOD058-0001","Monument Sign MS 058 — MS-MOD058","Критично","Attributes not allowed by parent","Height — 84"" | Length — 96"" | Depth — 20""","Добавить опции родителю или исправить вариацию"
"1274","MS-MOD058-0002","MS-MOD058-0002","Monument Sign MS 058 — MS-MOD058","Критично","Attributes not allowed by parent","Height — Any Custom Size | Length — Any Custom Size | Depth — Any Custom Size","Добавить опции родителю или исправить вариацию"
"1275","MS-MOD059-0001","MS-MOD059-0001","Monument Sign MS 059 — MS-MOD059","Критично","Attributes not allowed by parent","Height — 84"" | Length — 144"" | Depth — 24""","Добавить опции родителю или исправить вариацию"
"1276","MS-MOD059-0002","MS-MOD059-0002","Monument Sign MS 059 — MS-MOD059","Критично","Attributes not allowed by parent","Height — Any Custom Size | Length — Any Custom Size | Depth — Any Custom Size","Добавить опции родителю или исправить вариацию"
"1277","MS-MOD060-0001","MS-MOD060-0001","Monument Sign MS 060 — MS-MOD060","Критично","Attributes not allowed by parent","Height — 84"" | Length — 144"" | Depth — 24""","Добавить опции родителю или исправить вариацию"
"1278","MS-MOD060-0002","MS-MOD060-0002","Monument Sign MS 060 — MS-MOD060","Критично","Attributes not allowed by parent","Height — Any Custom Size | Length — Any Custom Size | Depth — Any Custom Size","Добавить опции родителю или исправить вариацию"
"1279","MS-MOD061-0001","MS-MOD061-0001","Monument Sign MS 061 — MS-MOD061","Критично","Attributes not allowed by parent","Height — 84"" | Length — 96"" | Depth — 20""","Добавить опции родителю или исправить вариацию"
"1280","MS-MOD061-0002","MS-MOD061-0002","Monument Sign MS 061 — MS-MOD061","Критично","Attributes not allowed by parent","Height — Any Custom Size | Length — Any Custom Size | Depth — Any Custom Size","Добавить опции родителю или исправить вариацию"
"1281","MS-MOD062-0001","MS-MOD062-0001","Monument Sign MS 062 — MS-MOD062","Критично","Attributes not allowed by parent","Height — 72"" | Length — 96"" | Depth — 20""","Добавить опции родителю или исправить вариацию"
"1282","MS-MOD062-0002","MS-MOD062-0002","Monument Sign MS 062 — MS-MOD062","Критично","Attributes not allowed by parent","Height — Any Custom Size | Length — Any Custom Size | Depth — Any Custom Size","Добавить опции родителю или исправить вариацию"
"1283","MS-MOD063-0001","MS-MOD063-0001","Monument Sign MS 063 — MS-MOD063","Критично","Attributes not allowed by parent","Height — 84"" | Length — 72"" | Depth — 18""","Добавить опции родителю или исправить вариацию"
"1284","MS-MOD063-0002","MS-MOD063-0002","Monument Sign MS 063 — MS-MOD063","Критично","Attributes not allowed by parent","Height — Any Custom Size | Length — Any Custom Size | Depth — Any Custom Size","Добавить опции родителю или исправить вариацию"
"1285","MS-MOD064-0001","MS-MOD064-0001","Monument Sign MS 064 — MS-MOD064","Критично","Attributes not allowed by parent","Height — 84"" | Length — 96"" | Depth — 20""","Добавить опции родителю или исправить вариацию"
"1286","MS-MOD064-0002","MS-MOD064-0002","Monument Sign MS 064 — MS-MOD064","Критично","Attributes not allowed by parent","Height — Any Custom Size | Length — Any Custom Size | Depth — Any Custom Size","Добавить опции родителю или исправить вариацию"
"1287","MS-MOD065-0001","MS-MOD065-0001","Monument Sign MS 065 — MS-MOD065","Критично","Attributes not allowed by parent","Height — 72"" | Length — 120"" | Depth — 20""","Добавить опции родителю или исправить вариацию"
"1288","MS-MOD065-0002","MS-MOD065-0002","Monument Sign MS 065 — MS-MOD065","Критично","Attributes not allowed by parent","Height — Any Custom Size | Length — Any Custom Size | Depth — Any Custom Size","Добавить опции родителю или исправить вариацию"
"1289","MS-MOD066-0001","MS-MOD066-0001","Monument Sign MS 066 — MS-MOD066","Критично","Attributes not allowed by parent","Height — 96"" | Length — 72"" | Depth — 20""","Добавить опции родителю или исправить вариацию"
"1290","MS-MOD066-0002","MS-MOD066-0002","Monument Sign MS 066 — MS-MOD066","Критично","Attributes not allowed by parent","Height — Any Custom Size | Length — Any Custom Size | Depth — Any Custom Size","Добавить опции родителю или исправить вариацию"
"1291","MS-MOD067-0001","MS-MOD067-0001","Monument Sign MS 067 — MS-MOD067","Критично","Attributes not allowed by parent","Height — 72"" | Length — 120"" | Depth — 24""","Добавить опции родителю или исправить вариацию"
"1292","MS-MOD067-0002","MS-MOD067-0002","Monument Sign MS 067 — MS-MOD067","Критично","Attributes not allowed by parent","Height — Any Custom Size | Length — Any Custom Size | Depth — Any Custom Size","Добавить опции родителю или исправить вариацию"
"1293","MS-MOD068-0001","MS-MOD068-0001","Monument Sign MS 068 — MS-MOD068","Критично","Attributes not allowed by parent","Height — 84"" | Length — 72"" | Depth — 20""","Добавить опции родителю или исправить вариацию"
"1294","MS-MOD068-0002","MS-MOD068-0002","Monument Sign MS 068 — MS-MOD068","Критично","Attributes not allowed by parent","Height — Any Custom Size | Length — Any Custom Size | Depth — Any Custom Size","Добавить опции родителю или исправить вариацию"
"1295","MS-MOD069-0001","MS-MOD069-0001","Monument Sign MS 069 — MS-MOD069","Критично","Attributes not allowed by parent","Height — 72"" | Length — 120"" | Depth — 20""","Добавить опции родителю или исправить вариацию"
"1296","MS-MOD069-0002","MS-MOD069-0002","Monument Sign MS 069 — MS-MOD069","Критично","Attributes not allowed by parent","Height — Any Custom Size | Length — Any Custom Size | Depth — Any Custom Size","Добавить опции родителю или исправить вариацию"
"1297","MS-MOD070-0001","MS-MOD070-0001","Monument Sign MS 070 — MS-MOD070","Критично","Attributes not allowed by parent","Height — 84"" | Length — 72"" | Depth — 20""","Добавить опции родителю или исправить вариацию"
"1298","MS-MOD070-0002","MS-MOD070-0002","Monument Sign MS 070 — MS-MOD070","Критично","Attributes not allowed by parent","Height — Any Custom Size | Length — Any Custom Size | Depth — Any Custom Size","Добавить опции родителю или исправить вариацию"
"1299","MS-MOD071-0001","MS-MOD071-0001","Monument Sign MS 071 — MS-MOD071","Критично","Attributes not allowed by parent","Height — 96"" | Length — 120"" | Depth — 20""","Добавить опции родителю или исправить вариацию"
"1300","MS-MOD071-0002","MS-MOD071-0002","Monument Sign MS 071 — MS-MOD071","Критично","Attributes not allowed by parent","Height — Any Custom Size | Length — Any Custom Size | Depth — Any Custom Size","Добавить опции родителю или исправить вариацию"
"1301","MS-MOD072-0001","MS-MOD072-0001","Monument Sign MS 072 — MS-MOD072","Критично","Attributes not allowed by parent","Height — 84"" | Length — 96"" | Depth — 20""","Добавить опции родителю или исправить вариацию"
"1302","MS-MOD072-0002","MS-MOD072-0002","Monument Sign MS 072 — MS-MOD072","Критично","Attributes not allowed by parent","Height — Any Custom Size | Length — Any Custom Size | Depth — Any Custom Size","Добавить опции родителю или исправить вариацию"
"1303","MS-MOD073-0001","MS-MOD073-0001","Monument Sign MS 073 — MS-MOD073","Критично","Attributes not allowed by parent","Height — 96"" | Length — 72"" | Depth — 20""","Добавить опции родителю или исправить вариацию"
"1304","MS-MOD073-0002","MS-MOD073-0002","Monument Sign MS 073 — MS-MOD073","Критично","Attributes not allowed by parent","Height — Any Custom Size | Length — Any Custom Size | Depth — Any Custom Size","Добавить опции родителю или исправить вариацию"
"1305","MS-MOD074-0001","MS-MOD074-0001","Monument Sign MS 074 — MS-MOD074","Критично","Attributes not allowed by parent","Height — 84"" | Length — 72"" | Depth — 20""","Добавить опции родителю или исправить вариацию"
"1306","MS-MOD074-0002","MS-MOD074-0002","Monument Sign MS 074 — MS-MOD074","Критично","Attributes not allowed by parent","Height — Any Custom Size | Length — Any Custom Size | Depth — Any Custom Size","Добавить опции родителю или исправить вариацию"
"1307","MS-MOD075-0001","MS-MOD075-0001","Monument Sign MS 075 — MS-MOD075","Критично","Attributes not allowed by parent","Height — 72"" | Length — 120"" | Depth — 20""","Добавить опции родителю или исправить вариацию"
"1308","MS-MOD075-0002","MS-MOD075-0002","Monument Sign MS 075 — MS-MOD075","Критично","Attributes not allowed by parent","Height — Any Custom Size | Length — Any Custom Size | Depth — Any Custom Size","Добавить опции родителю или исправить вариацию"
"1751","FRS-MOD001-0001","FRS-MOD001-0001","Foam Routed Signs MOD001 — FRS-MOD001","Критично","Attributes not allowed by parent","Height — 48"" | Length — 96"" | Depth — 1""","Добавить опции родителю или исправить вариацию"
"1752","FRS-MOD001-0002","FRS-MOD001-0002","Foam Routed Signs MOD001 — FRS-MOD001","Критично","Attributes not allowed by parent","Height — Any Custom Size | Length — Any Custom Size | Depth — Any Custom Size","Добавить опции родителю или исправить вариацию"
"1753","FRS-MOD002-0001","FRS-MOD002-0001","Foam Routed Signs MOD002 — FRS-MOD002","Критично","Attributes not allowed by parent","Height — 48"" | Length — 96"" | Depth — 2""","Добавить опции родителю или исправить вариацию"
"1754","FRS-MOD002-0002","FRS-MOD002-0002","Foam Routed Signs MOD002 — FRS-MOD002","Критично","Attributes not allowed by parent","Height — Any Custom Size | Length — Any Custom Size | Depth — Any Custom Size","Добавить опции родителю или исправить вариацию"
"1755","FRS-MOD003-0001","FRS-MOD003-0001","Foam Routed Signs MOD003 — FRS-MOD003","Критично","Attributes not allowed by parent","Height — 24"" | Length — 24"" | Depth — 1""","Добавить опции родителю или исправить вариацию"
"1756","FRS-MOD003-0002","FRS-MOD003-0002","Foam Routed Signs MOD003 — FRS-MOD003","Критично","Attributes not allowed by parent","Height — Any Custom Size | Length — Any Custom Size | Depth — Any Custom Size","Добавить опции родителю или исправить вариацию"
"1757","FRS-MOD004-0001","FRS-MOD004-0001","Foam Routed Signs MOD004 — FRS-MOD004","Критично","Attributes not allowed by parent","Height — 50"" | Length — 96"" | Depth — 2""","Добавить опции родителю или исправить вариацию"
"1758","FRS-MOD004-0002","FRS-MOD004-0002","Foam Routed Signs MOD004 — FRS-MOD004","Критично","Attributes not allowed by parent","Height — Any Custom Size | Length — Any Custom Size | Depth — Any Custom Size","Добавить опции родителю или исправить вариацию"
"1759","FRS-MOD005-0001","FRS-MOD005-0001","Foam Routed Signs MOD005 — FRS-MOD005","Критично","Attributes not allowed by parent","Height — 48"" | Length — 96"" | Depth — 2""","Добавить опции родителю или исправить вариацию"
"1760","FRS-MOD005-0002","FRS-MOD005-0002","Foam Routed Signs MOD005 — FRS-MOD005","Критично","Attributes not allowed by parent","Height — Any Custom Size | Length — Any Custom Size | Depth — Any Custom Size","Добавить опции родителю или исправить вариацию"
"1761","FRS-MOD006-0001","FRS-MOD006-0001","Foam Routed Signs MOD006 — FRS-MOD006","Критично","Attributes not allowed by parent","Height — 48"" | Length — 96"" | Depth — 2""","Добавить опции родителю или исправить вариацию"
"1762","FRS-MOD006-0002","FRS-MOD006-0002","Foam Routed Signs MOD006 — FRS-MOD006","Критично","Attributes not allowed by parent","Height — Any Custom Size | Length — Any Custom Size | Depth — Any Custom Size","Добавить опции родителю или исправить вариацию"
"1763","FRS-MOD007-0001","FRS-MOD007-0001","Foam Routed Signs MOD007 — FRS-MOD007","Критично","Attributes not allowed by parent","Height — 24"" | Length — 48"" | Depth — 1""","Добавить опции родителю или исправить вариацию"
"1764","FRS-MOD007-0002","FRS-MOD007-0002","Foam Routed Signs MOD007 — FRS-MOD007","Критично","Attributes not allowed by parent","Height — Any Custom Size | Length — Any Custom Size | Depth — Any Custom Size","Добавить опции родителю или исправить вариацию"
"1765","FRS-MOD008-0001","FRS-MOD008-0001","Foam Routed Signs MOD008 — FRS-MOD008","Критично","Attributes not allowed by parent","Height — 40"" | Length — 80"" | Depth — 2""","Добавить опции родителю или исправить вариацию"
"1766","FRS-MOD008-0002","FRS-MOD008-0002","Foam Routed Signs MOD008 — FRS-MOD008","Критично","Attributes not allowed by parent","Height — Any Custom Size | Length — Any Custom Size | Depth — Any Custom Size","Добавить опции родителю или исправить вариацию"
"1767","FRS-MOD009-0001","FRS-MOD009-0001","Foam Routed Signs MOD009 — FRS-MOD009","Критично","Attributes not allowed by parent","Height — 24"" | Length — 36"" | Depth — 2""","Добавить опции родителю или исправить вариацию"
"1768","FRS-MOD009-0002","FRS-MOD009-0002","Foam Routed Signs MOD009 — FRS-MOD009","Критично","Attributes not allowed by parent","Height — Any Custom Size | Length — Any Custom Size | Depth — Any Custom Size","Добавить опции родителю или исправить вариацию"
"1769","FRS-MOD010-0001","FRS-MOD010-0001","Foam Routed Signs MOD010 — FRS-MOD010","Критично","Attributes not allowed by parent","Height — 36"" | Height — 60"" | Depth — 2""","Добавить опции родителю или исправить вариацию"
"1770","FRS-MOD010-0002","FRS-MOD010-0002","Foam Routed Signs MOD010 — FRS-MOD010","Критично","Attributes not allowed by parent","Height — Any Custom Size | Length — Any Custom Size | Depth — Any Custom Size","Добавить опции родителю или исправить вариацию"
"1771","SVCS-MOD001-0001","SVCS-MOD001-0001","Sandblasted & V Carved Signs MOD001 — SVCS-MOD001","Критично","Attributes not allowed by parent","Height — 24"" | Length — 36"" | Depth — 1""","Добавить опции родителю или исправить вариацию"
"1772","SVCS-MOD001-0002","SVCS-MOD001-0002","Sandblasted & V Carved Signs MOD001 — SVCS-MOD001","Критично","Attributes not allowed by parent","Height — Any Custom Size | Length — Any Custom Size | Depth — Any Custom Size","Добавить опции родителю или исправить вариацию"
"1773","SVCS-MOD002-0001","SVCS-MOD002-0001","Sandblasted & V Carved Signs MOD002 — SVCS-MOD002","Критично","Attributes not allowed by parent","Height — 20"" | Length — 76"" | Depth — 1""","Добавить опции родителю или исправить вариацию"
"1774","SVCS-MOD002-0002","SVCS-MOD002-0002","Sandblasted & V Carved Signs MOD002 — SVCS-MOD002","Критично","Attributes not allowed by parent","Height — Any Custom Size | Length — Any Custom Size | Depth — Any Custom Size","Добавить опции родителю или исправить вариацию"
"1775","SVCS-MOD003-0001","SVCS-MOD003-0001","Sandblasted & V Carved Signs MOD003 — SVCS-MOD003","Критично","Attributes not allowed by parent","Height — 48"" | Length — 48"" | Depth — 3""","Добавить опции родителю или исправить вариацию"
"1776","SVCS-MOD003-0002","SVCS-MOD003-0002","Sandblasted & V Carved Signs MOD003 — SVCS-MOD003","Критично","Attributes not allowed by parent","Height — Any Custom Size | Length — Any Custom Size | Depth — Any Custom Size","Добавить опции родителю или исправить вариацию"
"1777","SVCS-MOD004-0001","SVCS-MOD004-0001","Sandblasted & V Carved Signs MOD004 — SVCS-MOD004","Критично","Attributes not allowed by parent","Height — 24"" | Length — 48"" | Depth — 1""","Добавить опции родителю или исправить вариацию"
"1778","SVCS-MOD004-0002","SVCS-MOD004-0002","Sandblasted & V Carved Signs MOD004 — SVCS-MOD004","Критично","Attributes not allowed by parent","Height — Any Custom Size | Length — Any Custom Size | Depth — Any Custom Size","Добавить опции родителю или исправить вариацию"
"1779","SVCS-MOD005-0001","SVCS-MOD005-0001","Sandblasted & V Carved Signs MOD005 — SVCS-MOD005","Критично","Attributes not allowed by parent","Height — 36"" | Length — 80"" | Depth — 2""","Добавить опции родителю или исправить вариацию"
"1780","SVCS-MOD005-0002","SVCS-MOD005-0002","Sandblasted & V Carved Signs MOD005 — SVCS-MOD005","Критично","Attributes not allowed by parent","Height — Any Custom Size | Length — Any Custom Size | Depth — Any Custom Size","Добавить опции родителю или исправить вариацию"
"1781","SVCS-MOD006-0001","SVCS-MOD006-0001","Sandblasted & V Carved Signs MOD006 — SVCS-MOD006","Критично","Attributes not allowed by parent","Height — 36"" | Length — 60"" | Depth — 1""","Добавить опции родителю или исправить вариацию"
"1782","SVCS-MOD006-0002","SVCS-MOD006-0002","Sandblasted & V Carved Signs MOD006 — SVCS-MOD006","Критично","Attributes not allowed by parent","Height — Any Custom Size | Length — Any Custom Size | Depth — Any Custom Size","Добавить опции родителю или исправить вариацию"
"1783","SVCS-MOD007-0001","SVCS-MOD007-0001","Sandblasted & V Carved Signs MOD007 — SVCS-MOD007","Критично","Attributes not allowed by parent","Height — 40"" | Length — 96"" | Depth — 2""","Добавить опции родителю или исправить вариацию"
"1784","SVCS-MOD007-0002","SVCS-MOD007-0002","Sandblasted & V Carved Signs MOD007 — SVCS-MOD007","Критично","Attributes not allowed by parent","Height — Any Custom Size | Length — Any Custom Size | Depth — Any Custom Size","Добавить опции родителю или исправить вариацию"
"1785","SVCS-MOD008-0001","SVCS-MOD008-0001","Sandblasted & V Carved Signs MOD008 — SVCS-MOD008","Критично","Attributes not allowed by parent","Height — 48"" | Length — 96"" | Depth — 2""","Добавить опции родителю или исправить вариацию"
"1786","SVCS-MOD008-0002","SVCS-MOD008-0002","Sandblasted & V Carved Signs MOD008 — SVCS-MOD008","Критично","Attributes not allowed by parent","Height — Any Custom Size | Length — Any Custom Size | Depth — Any Custom Size","Добавить опции родителю или исправить вариацию"
"1787","SVCS-MOD009-0001","SVCS-MOD009-0001","Sandblasted & V Carved Signs MOD009 — SVCS-MOD009","Критично","Attributes not allowed by parent","Height — 40"" | Length — 86"" | Depth — 1""","Добавить опции родителю или исправить вариацию"
"1788","SVCS-MOD009-0002","SVCS-MOD009-0002","Sandblasted & V Carved Signs MOD009 — SVCS-MOD009","Критично","Attributes not allowed by parent","Height — Any Custom Size | Length — Any Custom Size | Depth — Any Custom Size","Добавить опции родителю или исправить вариацию"
"1789","SVCS-MOD010-0001","SVCS-MOD010-0001","Sandblasted & V Carved Signs MOD010 — SVCS-MOD010","Критично","Attributes not allowed by parent","Height — 48"" | Length — 96"" | Depth — 3""","Добавить опции родителю или исправить вариацию"
"1790","SVCS-MOD010-0002","SVCS-MOD010-0002","Sandblasted & V Carved Signs MOD010 — SVCS-MOD010","Критично","Attributes not allowed by parent","Height — Any Custom Size | Length — Any Custom Size | Depth — Any Custom Size","Добавить опции родителю или исправить вариацию"
"1791","SVCS-MOD011-0001","SVCS-MOD011-0001","Sandblasted & V Carved Signs MOD011 — SVCS-MOD011","Критично","Attributes not allowed by parent","Height — 20"" | Length — 80"" | Depth — 2""","Добавить опции родителю или исправить вариацию"
"1792","SVCS-MOD011-0002","SVCS-MOD011-0002","Sandblasted & V Carved Signs MOD011 — SVCS-MOD011","Критично","Attributes not allowed by parent","Height — Any Custom Size | Length — Any Custom Size | Depth — Any Custom Size","Добавить опции родителю или исправить вариацию"
"1793","SVCS-MOD012-0001","SVCS-MOD012-0001","Sandblasted & V Carved Signs MOD012 — SVCS-MOD012","Критично","Attributes not allowed by parent","Height — 20"" | Length — 24"" | Depth — 1""","Добавить опции родителю или исправить вариацию"
"1794","SVCS-MOD012-0002","SVCS-MOD012-0002","Sandblasted & V Carved Signs MOD012 — SVCS-MOD012","Критично","Attributes not allowed by parent","Height — Any Custom Size | Length — Any Custom Size | Depth — Any Custom Size","Добавить опции родителю или исправить вариацию"
"1795","SVCS-MOD013-0001","SVCS-MOD013-0001","Sandblasted & V Carved Signs MOD013 — SVCS-MOD013","Критично","Attributes not allowed by parent","Height — 18"" | Length — 12"" | Depth — 1""","Добавить опции родителю или исправить вариацию"
"1796","SVCS-MOD013-0002","SVCS-MOD013-0002","Sandblasted & V Carved Signs MOD013 — SVCS-MOD013","Критично","Attributes not allowed by parent","Height — Any Custom Size | Length — Any Custom Size | Depth — Any Custom Size","Добавить опции родителю или исправить вариацию"
"1797","SVCS-MOD014-0001","SVCS-MOD014-0001","Sandblasted & V Carved Signs MOD014 — SVCS-MOD014","Критично","Attributes not allowed by parent","Height — 18"" | Length — 24"" | Depth — 1""","Добавить опции родителю или исправить вариацию"
"1798","SVCS-MOD014-0002","SVCS-MOD014-0002","Sandblasted & V Carved Signs MOD014 — SVCS-MOD014","Критично","Attributes not allowed by parent","Height — Any Custom Size | Length — Any Custom Size | Depth — Any Custom Size","Добавить опции родителю или исправить вариацию"
"1799","SVCS-MOD015-0001","SVCS-MOD015-0001","Sandblasted & V Carved Signs MOD015 — SVCS-MOD015","Критично","Attributes not allowed by parent","Height — 20"" | Length — 96"" | Depth — 1""","Добавить опции родителю или исправить вариацию"
"1800","SVCS-MOD015-0002","SVCS-MOD015-0002","Sandblasted & V Carved Signs MOD015 — SVCS-MOD015","Критично","Attributes not allowed by parent","Height — Any Custom Size | Length — Any Custom Size | Depth — Any Custom Size","Добавить опции родителю или исправить вариацию"
"1801","OFLL-MOD001-0001","OFLL-MOD001-0001","Oversized Foam Letters & Logos MOD001 — OFLL-MOD001","Критично","Attributes not allowed by parent","Height — 60""","Добавить опции родителю или исправить вариацию"
"1802","OFLL-MOD001-0002","OFLL-MOD001-0002","Oversized Foam Letters & Logos MOD001 — OFLL-MOD001","Критично","Attributes not allowed by parent","Height — Any Custom Size","Добавить опции родителю или исправить вариацию"
"1803","OFLL-MOD002-0001","OFLL-MOD002-0001","Oversized Foam Letters & Logos MOD002 — OFLL-MOD002","Критично","Attributes not allowed by parent","Height — 50""","Добавить опции родителю или исправить вариацию"
"1804","OFLL-MOD002-0002","OFLL-MOD002-0002","Oversized Foam Letters & Logos MOD002 — OFLL-MOD002","Критично","Attributes not allowed by parent","Height — Any Custom Size","Добавить опции родителю или исправить вариацию"
"1805","OFLL-MOD003-0001","OFLL-MOD003-0001","Oversized Foam Letters & Logos MOD003 — OFLL-MOD003","Критично","Attributes not allowed by parent","Height — 72""","Добавить опции родителю или исправить вариацию"
"1806","OFLL-MOD003-0002","OFLL-MOD003-0002","Oversized Foam Letters & Logos MOD003 — OFLL-MOD003","Критично","Attributes not allowed by parent","Height — Any Custom Size","Добавить опции родителю или исправить вариацию"
"1807","OFLL-MOD004-0001","OFLL-MOD004-0001","Oversized Foam Letters & Logos MOD004 — OFLL-MOD004","Критично","Attributes not allowed by parent","Height — 48""","Добавить опции родителю или исправить вариацию"
"1808","OFLL-MOD004-0002","OFLL-MOD004-0002","Oversized Foam Letters & Logos MOD004 — OFLL-MOD004","Критично","Attributes not allowed by parent","Height — Any Custom Size","Добавить опции родителю или исправить вариацию"
"1809","OFLL-MOD005-0001","OFLL-MOD005-0001","Oversized Foam Letters & Logos MOD005 — OFLL-MOD005","Критично","Attributes not allowed by parent","Height — 24""","Добавить опции родителю или исправить вариацию"
"1810","OFLL-MOD005-0002","OFLL-MOD005-0002","Oversized Foam Letters & Logos MOD005 — OFLL-MOD005","Критично","Attributes not allowed by parent","Height — Any Custom Size","Добавить опции родителю или исправить вариацию"
"1811","OFLL-MOD006-0001","OFLL-MOD006-0001","Oversized Foam Letters & Logos MOD006 — OFLL-MOD006","Критично","Attributes not allowed by parent","Height — 50""","Добавить опции родителю или исправить вариацию"
"1812","OFLL-MOD006-0002","OFLL-MOD006-0002","Oversized Foam Letters & Logos MOD006 — OFLL-MOD006","Критично","Attributes not allowed by parent","Height — Any Custom Size","Добавить опции родителю или исправить вариацию"
"1813","OFLL-MOD007-0001","OFLL-MOD007-0001","Oversized Foam Letters & Logos MOD007 — OFLL-MOD007","Критично","Attributes not allowed by parent","Height — 48""","Добавить опции родителю или исправить вариацию"
"1814","OFLL-MOD007-0002","OFLL-MOD007-0002","Oversized Foam Letters & Logos MOD007 — OFLL-MOD007","Критично","Attributes not allowed by parent","Height — Any Custom Size","Добавить опции родителю или исправить вариацию"
"1815","OFLL-MOD008-0001","OFLL-MOD008-0001","Oversized Foam Letters & Logos MOD008 — OFLL-MOD008","Критично","Attributes not allowed by parent","Height — 60""","Добавить опции родителю или исправить вариацию"
"1816","OFLL-MOD008-0002","OFLL-MOD008-0002","Oversized Foam Letters & Logos MOD008 — OFLL-MOD008","Критично","Attributes not allowed by parent","Height — Any Custom Size","Добавить опции родителю или исправить вариацию"
"1817","OFLL-MOD009-0001","OFLL-MOD009-0001","Oversized Foam Letters & Logos MOD009 — OFLL-MOD009","Критично","Attributes not allowed by parent","Height — 50""","Добавить опции родителю или исправить вариацию"
"1818","OFLL-MOD009-0002","OFLL-MOD009-0002","Oversized Foam Letters & Logos MOD009 — OFLL-MOD009","Критично","Attributes not allowed by parent","Height — Any Custom Size","Добавить опции родителю или исправить вариацию"
"1819","OFLL-MOD010-0001","OFLL-MOD010-0001","Oversized Foam Letters & Logos MOD010 — OFLL-MOD010","Критично","Attributes not allowed by parent","Height — 60""","Добавить опции родителю или исправить вариацию"
"1820","OFLL-MOD010-0002","OFLL-MOD010-0002","Oversized Foam Letters & Logos MOD010 — OFLL-MOD010","Критично","Attributes not allowed by parent","Height — Any Custom Size","Добавить опции родителю или исправить вариацию"
"1821","OFLL-MOD011-0001","OFLL-MOD011-0001","Oversized Foam Letters & Logos MOD011 — OFLL-MOD011","Критично","Attributes not allowed by parent","Height — 48""","Добавить опции родителю или исправить вариацию"
"1822","OFLL-MOD011-0002","OFLL-MOD011-0002","Oversized Foam Letters & Logos MOD011 — OFLL-MOD011","Критично","Attributes not allowed by parent","Height — Any Custom Size","Добавить опции родителю или исправить вариацию"
"1823","OFLL-MOD012-0001","OFLL-MOD012-0001","Oversized Foam Letters & Logos MOD012 — OFLL-MOD012","Критично","Attributes not allowed by parent","Height — 40""","Добавить опции родителю или исправить вариацию"
"1824","OFLL-MOD012-0002","OFLL-MOD012-0002","Oversized Foam Letters & Logos MOD012 — OFLL-MOD012","Критично","Attributes not allowed by parent","Height — Any Custom Size","Добавить опции родителю или исправить вариацию"
"1825","OFLL-MOD013-0001","OFLL-MOD013-0001","Oversized Foam Letters & Logos MOD013 — OFLL-MOD013","Критично","Attributes not allowed by parent","Height — 60""","Добавить опции родителю или исправить вариацию"
"1826","OFLL-MOD013-0002","OFLL-MOD013-0002","Oversized Foam Letters & Logos MOD013 — OFLL-MOD013","Критично","Attributes not allowed by parent","Height — Any Custom Size","Добавить опции родителю или исправить вариацию"
"1827","OFLL-MOD014-0001","OFLL-MOD014-0001","Oversized Foam Letters & Logos MOD014 — OFLL-MOD014","Критично","Attributes not allowed by parent","Height — 36""","Добавить опции родителю или исправить вариацию"
"1828","OFLL-MOD014-0002","OFLL-MOD014-0002","Oversized Foam Letters & Logos MOD014 — OFLL-MOD014","Критично","Attributes not allowed by parent","Height — Any Custom Size","Добавить опции родителю или исправить вариацию"
"1829","OFLL-MOD015-0001","OFLL-MOD015-0001","Oversized Foam Letters & Logos MOD015 — OFLL-MOD015","Критично","Attributes not allowed by parent","Height — 50""","Добавить опции родителю или исправить вариацию"
"1830","OFLL-MOD015-0002","OFLL-MOD015-0002","Oversized Foam Letters & Logos MOD015 — OFLL-MOD015","Критично","Attributes not allowed by parent","Height — Any Custom Size","Добавить опции родителю или исправить вариацию"
"1831","OFLL-MOD016-0001","OFLL-MOD016-0001","Oversized Foam Letters & Logos MOD016 — OFLL-MOD016","Критично","Attributes not allowed by parent","Height — 84""","Добавить опции родителю или исправить вариацию"
"1832","OFLL-MOD016-0002","OFLL-MOD016-0002","Oversized Foam Letters & Logos MOD016 — OFLL-MOD016","Критично","Attributes not allowed by parent","Height — Any Custom Size","Добавить опции родителю или исправить вариацию"
"1833","OFLL-MOD017-0001","OFLL-MOD017-0001","Oversized Foam Letters & Logos MOD017 — OFLL-MOD017","Критично","Attributes not allowed by parent","Height — 24""","Добавить опции родителю или исправить вариацию"
"1834","OFLL-MOD017-0002","OFLL-MOD017-0002","Oversized Foam Letters & Logos MOD017 — OFLL-MOD017","Критично","Attributes not allowed by parent","Height — Any Custom Size","Добавить опции родителю или исправить вариацию"
"1835","SFAS-MOD001-0001","SFAS-MOD001-0001","Stucco Wall Fence MOD001 — SFAS-MOD001","Критично","Attributes not allowed by parent","Height — 72"" | Depth — 6"" | Length — 10' (120"")","Добавить опции родителю или исправить вариацию"
"1836","SFAS-MOD002-0001","SFAS-MOD002-0001","Stucco Wall Fence MOD002 — SFAS-MOD002","Критично","Attributes not allowed by parent","Height — 72"" | Depth — 6"" | Length — 10' (120"")","Добавить опции родителю или исправить вариацию"
"1837","SFAS-MOD003-0001","SFAS-MOD003-0001","Stucco Wall Fence MOD003 — SFAS-MOD003","Критично","Attributes not allowed by parent","Height — 72"" | Depth — 6"" | Length — 10' (120"")","Добавить опции родителю или исправить вариацию"
"1838","SFAS-MOD004-0001","SFAS-MOD004-0001","Stucco Wall Fence MOD004 — SFAS-MOD004","Критично","Attributes not allowed by parent","Height — 72"" | Depth — 6"" | Length — 10' (120"")","Добавить опции родителю или исправить вариацию"
"1839","SFAS-MOD005-0001","SFAS-MOD005-0001","Stucco Wall Fence MOD005 — SFAS-MOD005","Критично","Attributes not allowed by parent","Height — 72"" | Depth — 6"" | Length — 10' (120"")","Добавить опции родителю или исправить вариацию"
"1840","SFAS-MOD006-0001","SFAS-MOD006-0001","Stucco Wall Fence MOD006 — SFAS-MOD006","Критично","Attributes not allowed by parent","Height — 72"" | Depth — 6"" | Length — 10' (120"")","Добавить опции родителю или исправить вариацию"
"1841","SFAS-MOD007-0001","SFAS-MOD007-0001","Stucco Wall Fence MOD007 — SFAS-MOD007","Критично","Attributes not allowed by parent","Height — 72"" | Depth — 6"" | Length — 10' (120"")","Добавить опции родителю или исправить вариацию"
"1842","SFAS-MOD008-0001","SFAS-MOD008-0001","Stucco Wall Fence MOD008 — SFAS-MOD008","Критично","Attributes not allowed by parent","Height — 72"" | Depth — 6"" | Length — 10' (120"")","Добавить опции родителю или исправить вариацию"
"1843","SFAS-MOD009-0001","SFAS-MOD009-0001","Stucco Wall Fence MOD009 — SFAS-MOD009","Критично","Attributes not allowed by parent","Height — 72"" | Depth — 6"" | Length — 10' (120"")","Добавить опции родителю или исправить вариацию"
"1844","SFAS-MOD010-0001","SFAS-MOD010-0001","Stucco Wall Fence MOD010 — SFAS-MOD010","Критично","Attributes not allowed by parent","Height — 72"" | Depth — 6"" | Length — 10' (120"")","Добавить опции родителю или исправить вариацию"
"1845","SFAS-MOD011-0001","SFAS-MOD011-0001","Stucco Wall Fence MOD011 — SFAS-MOD011","Критично","Attributes not allowed by parent","Height — 72"" | Depth — 6"" | Length — 10' (120"")","Добавить опции родителю или исправить вариацию"
"1846","SFAS-MOD012-0001","SFAS-MOD012-0001","Stucco Wall Fence MOD012 — SFAS-MOD012","Критично","Attributes not allowed by parent","Height — 72"" | Depth — 6"" | Length — 10' (120"")","Добавить опции родителю или исправить вариацию"
"1847","SFAS-MOD013-0001","SFAS-MOD013-0001","Stucco Wall Fence MOD013 — SFAS-MOD013","Критично","Attributes not allowed by parent","Height — 72"" | Depth — 6"" | Length — 10' (120"")","Добавить опции родителю или исправить вариацию"
"1848","SFAS-MOD015-0001","SFAS-MOD015-0001","Stucco Wall Fence MOD015 — SFAS-MOD015","Критично","Attributes not allowed by parent","Height — 72"" | Depth — 6"" | Length — 10' (120"")","Добавить опции родителю или исправить вариацию"
"1849","SFAS-MOD001-0002","SFAS-MOD001-0002","Stucco Wall Fence MOD001 — SFAS-MOD001","Критично","Attributes not allowed by parent","Height — 96"" | Depth — 6"" | Length — 10' (120"")","Добавить опции родителю или исправить вариацию"
"1850","SFAS-MOD002-0002","SFAS-MOD002-0002","Stucco Wall Fence MOD002 — SFAS-MOD002","Критично","Attributes not allowed by parent","Height — 96"" | Depth — 6"" | Length — 10' (120"")","Добавить опции родителю или исправить вариацию"
"1851","SFAS-MOD003-0002","SFAS-MOD003-0002","Stucco Wall Fence MOD003 — SFAS-MOD003","Критично","Attributes not allowed by parent","Height — 96"" | Depth — 6"" | Length — 10' (120"")","Добавить опции родителю или исправить вариацию"
"1852","SFAS-MOD004-0002","SFAS-MOD004-0002","Stucco Wall Fence MOD004 — SFAS-MOD004","Критично","Attributes not allowed by parent","Height — 96"" | Depth — 6"" | Length — 10' (120"")","Добавить опции родителю или исправить вариацию"
"1853","SFAS-MOD005-0002","SFAS-MOD005-0002","Stucco Wall Fence MOD005 — SFAS-MOD005","Критично","Attributes not allowed by parent","Height — 96"" | Depth — 6"" | Length — 10' (120"")","Добавить опции родителю или исправить вариацию"
"1854","SFAS-MOD006-0002","SFAS-MOD006-0002","Stucco Wall Fence MOD006 — SFAS-MOD006","Критично","Attributes not allowed by parent","Height — 96"" | Depth — 6"" | Length — 10' (120"")","Добавить опции родителю или исправить вариацию"
"1855","SFAS-MOD007-0002","SFAS-MOD007-0002","Stucco Wall Fence MOD007 — SFAS-MOD007","Критично","Attributes not allowed by parent","Height — 96"" | Depth — 6"" | Length — 10' (120"")","Добавить опции родителю или исправить вариацию"
"1856","SFAS-MOD008-0002","SFAS-MOD008-0002","Stucco Wall Fence MOD008 — SFAS-MOD008","Критично","Attributes not allowed by parent","Height — 96"" | Depth — 6"" | Length — 10' (120"")","Добавить опции родителю или исправить вариацию"
"1857","SFAS-MOD009-0002","SFAS-MOD009-0002","Stucco Wall Fence MOD009 — SFAS-MOD009","Критично","Attributes not allowed by parent","Height — 96"" | Depth — 6"" | Length — 10' (120"")","Добавить опции родителю или исправить вариацию"
"1858","SFAS-MOD010-0002","SFAS-MOD010-0002","Stucco Wall Fence MOD010 — SFAS-MOD010","Критично","Attributes not allowed by parent","Height — 96"" | Depth — 6"" | Length — 10' (120"")","Добавить опции родителю или исправить вариацию"
"1859","SFAS-MOD011-0002","SFAS-MOD011-0002","Stucco Wall Fence MOD011 — SFAS-MOD011","Критично","Attributes not allowed by parent","Height — 96"" | Depth — 6"" | Length — 10' (120"")","Добавить опции родителю или исправить вариацию"
"1860","SFAS-MOD012-0002","SFAS-MOD012-0002","Stucco Wall Fence MOD012 — SFAS-MOD012","Критично","Attributes not allowed by parent","Height — 96"" | Depth — 6"" | Length — 10' (120"")","Добавить опции родителю или исправить вариацию"
"1861","SFAS-MOD013-0002","SFAS-MOD013-0002","Stucco Wall Fence MOD013 — SFAS-MOD013","Критично","Attributes not allowed by parent","Height — 96"" | Depth — 6"" | Length — 10' (120"")","Добавить опции родителю или исправить вариацию"
"1862","SFAS-MOD015-0002","SFAS-MOD015-0002","Stucco Wall Fence MOD015 — SFAS-MOD015","Критично","Attributes not allowed by parent","Height — 96"" | Depth — 6"" | Length — 10' (120"")","Добавить опции родителю или исправить вариацию"
"29","FWT-MOD001-0001","FWT-MOD001-0001","Arched Cord King Post Truss with Straight Diagonals — FWT-MOD001","Высоко","Multiple values of same attribute","""Width — 3"""""",""Width — 4"""""",""Width — 4.5""""""","Оставить одно значение на вариацию"
"30","FWT-MOD001-0002","FWT-MOD001-0002","Raised Cord King Post Truss with Straight Diagonal — FWT-MOD002","Высоко","Multiple values of same attribute","""Width — 3"""""",""Width — 4"""""",""Width — 5""""""","Оставить одно значение на вариацию"
"1769","FRS-MOD010-0001","FRS-MOD010-0001","Foam Routed Signs MOD010 — FRS-MOD010","Высоко","Multiple values of same attribute","""Height — 36"""""",""Height — 60"""""",""Depth — 2""""""","Оставить одно значение на вариацию"
"11","3D-MOD001-1","3D-MOD001-1","3dsignfactory-test — 3D-MOD001","Высоко","Missing parent attribute selection","color","Выбрать значение каждого вариативного атрибута"
"12","3D-MOD001-2","3D-MOD001-2","3dsignfactory-test — 3D-MOD001","Высоко","Missing parent attribute selection","color","Выбрать значение каждого вариативного атрибута"
"13","CCS-MOD001-0001","CCS-MOD001-0001","Coffered Ceiling System MOD001 — CCS-MOD001","Высоко","Missing parent attribute selection","Texture","Выбрать значение каждого вариативного атрибута"
"14","CCS-MOD002-0001","CCS-MOD002-0001","Coffered Ceiling System MOD002 — CCS-MOD002","Высоко","Missing parent attribute selection","Texture","Выбрать значение каждого вариативного атрибута"
"15","CCS-MOD003-0001","CCS-MOD003-0001","Coffered Ceiling System MOD003 — CCS-MOD003","Высоко","Missing parent attribute selection","Texture","Выбрать значение каждого вариативного атрибута"
"16","CCS-MOD004-0001","CCS-MOD004-0001","Coffered Ceiling System MOD004 — CCS-MOD004","Высоко","Missing parent attribute selection","Texture","Выбрать значение каждого вариативного атрибута"
"17","CCS-MOD005-0001","CCS-MOD005-0001","Coffered Ceiling System MOD005 — CCS-MOD005","Высоко","Missing parent attribute selection","Texture","Выбрать значение каждого вариативного атрибута"
"18","CCS-MOD006-0001","CCS-MOD006-0001","Coffered Ceiling System MOD006 — CCS-MOD006","Высоко","Missing parent attribute selection","Texture","Выбрать значение каждого вариативного атрибута"
"19","CCS-MOD007-0001","CCS-MOD007-0001","Coffered Ceiling System MOD007 — CCS-MOD007","Высоко","Missing parent attribute selection","Texture","Выбрать значение каждого вариативного атрибута"
"20","CCS-MOD008-0001","CCS-MOD008-0001","Coffered Ceiling System MOD008 — CCS-MOD008","Высоко","Missing parent attribute selection","Texture","Выбрать значение каждого вариативного атрибута"
"31","MS-MOD001-0001","MS-MOD001-0001","Monument Sign MS 001 — MS-MOD001","Высоко","Missing parent attribute selection","Texture","Выбрать значение каждого вариативного атрибута"
"32","MS-MOD001-0002","MS-MOD001-0002","Monument Sign MS 001 — MS-MOD001","Высоко","Missing parent attribute selection","Texture","Выбрать значение каждого вариативного атрибута"
"33","MS-MOD002-0001","MS-MOD002-0001","Monument Sign MS 002 — MS-MOD002","Высоко","Missing parent attribute selection","Texture","Выбрать значение каждого вариативного атрибута"
"34","MS-MOD002-0002","MS-MOD002-0002","Monument Sign MS 002 — MS-MOD002","Высоко","Missing parent attribute selection","Texture","Выбрать значение каждого вариативного атрибута"
"35","MS-MOD003-0001","MS-MOD003-0001","Monument Sign MS 003 — MS-MOD003","Высоко","Missing parent attribute selection","Texture","Выбрать значение каждого вариативного атрибута"
"36","MS-MOD003-0002","MS-MOD003-0002","Monument Sign MS 003 — MS-MOD003","Высоко","Missing parent attribute selection","Texture","Выбрать значение каждого вариативного атрибута"
"37","MS-MOD004-0001","MS-MOD004-0001","Monument Sign MS 004 — MS-MOD004","Высоко","Missing parent attribute selection","Texture","Выбрать значение каждого вариативного атрибута"
"38","MS-MOD004-0002","MS-MOD004-0002","Monument Sign MS 004 — MS-MOD004","Высоко","Missing parent attribute selection","Texture","Выбрать значение каждого вариативного атрибута"
"39","MS-MOD005-0001","MS-MOD005-0001","Monument Sign MS 005 — MS-MOD005","Высоко","Missing parent attribute selection","Texture","Выбрать значение каждого вариативного атрибута"
"40","MS-MOD005-0002","MS-MOD005-0002","Monument Sign MS 005 — MS-MOD005","Высоко","Missing parent attribute selection","Texture","Выбрать значение каждого вариативного атрибута"
"41","MS-MOD006-0001","MS-MOD006-0001","Monument Sign MS 006 — MS-MOD006","Высоко","Missing parent attribute selection","Texture","Выбрать значение каждого вариативного атрибута"
"42","MS-MOD006-0002","MS-MOD006-0002","Monument Sign MS 006 — MS-MOD006","Высоко","Missing parent attribute selection","Texture","Выбрать значение каждого вариативного атрибута"
"43","MS-MOD007-0001","MS-MOD007-0001","Monument Sign MS 007 — MS-MOD007","Высоко","Missing parent attribute selection","Texture","Выбрать значение каждого вариативного атрибута"
"44","MS-MOD007-0002","MS-MOD007-0002","Monument Sign MS 007 — MS-MOD007","Высоко","Missing parent attribute selection","Texture","Выбрать значение каждого вариативного атрибута"
"45","MS-MOD008-0001","MS-MOD008-0001","Monument Sign MS 008 — MS-MOD008","Высоко","Missing parent attribute selection","Texture","Выбрать значение каждого вариативного атрибута"
"46","MS-MOD008-0002","MS-MOD008-0002","Monument Sign MS 008 — MS-MOD008","Высоко","Missing parent attribute selection","Texture","Выбрать значение каждого вариативного атрибута"
"47","MS-MOD009-0001","MS-MOD009-0001","Monument Sign MS 009 — MS-MOD009","Высоко","Missing parent attribute selection","Texture","Выбрать значение каждого вариативного атрибута"
"48","MS-MOD009-0002","MS-MOD009-0002","Monument Sign MS 009 — MS-MOD009","Высоко","Missing parent attribute selection","Texture","Выбрать значение каждого вариативного атрибута"
"49","MS-MOD010-0001","MS-MOD010-0001","Monument Sign MS 010 — MS-MOD010","Высоко","Missing parent attribute selection","Texture","Выбрать значение каждого вариативного атрибута"
"50","MS-MOD010-0002","MS-MOD010-0002","Monument Sign MS 010 — MS-MOD010","Высоко","Missing parent attribute selection","Texture","Выбрать значение каждого вариативного атрибута"
"51","MS-MOD011-0001","MS-MOD011-0001","Monument Sign MS 011 — MS-MOD011","Высоко","Missing parent attribute selection","Texture","Выбрать значение каждого вариативного атрибута"
"52","MS-MOD011-0002","MS-MOD011-0002","Monument Sign MS 011 — MS-MOD011","Высоко","Missing parent attribute selection","Texture","Выбрать значение каждого вариативного атрибута"
"53","MS-MOD012-0001","MS-MOD012-0001","Monument Sign MS 012 — MS-MOD012","Высоко","Missing parent attribute selection","Texture","Выбрать значение каждого вариативного атрибута"
"54","MS-MOD012-0002","MS-MOD012-0002","Monument Sign MS 012 — MS-MOD012","Высоко","Missing parent attribute selection","Texture","Выбрать значение каждого вариативного атрибута"
"55","MS-MOD013-0001","MS-MOD013-0001","Monument Sign MS 013 — MS-MOD013","Высоко","Missing parent attribute selection","Texture","Выбрать значение каждого вариативного атрибута"
"56","MS-MOD013-0002","MS-MOD013-0002","Monument Sign MS 013 — MS-MOD013","Высоко","Missing parent attribute selection","Texture","Выбрать значение каждого вариативного атрибута"
"57","MS-MOD014-0001","MS-MOD014-0001","Monument Sign MS 014 — MS-MOD014","Высоко","Missing parent attribute selection","Texture","Выбрать значение каждого вариативного атрибута"
"58","MS-MOD014-0002","MS-MOD014-0002","Monument Sign MS 014 — MS-MOD014","Высоко","Missing parent attribute selection","Texture","Выбрать значение каждого вариативного атрибута"
"59","MS-MOD015-0001","MS-MOD015-0001","Monument Sign MS 015 — MS-MOD015","Высоко","Missing parent attribute selection","Texture","Выбрать значение каждого вариативного атрибута"
"60","MS-MOD015-0002","MS-MOD015-0002","Monument Sign MS 015 — MS-MOD015","Высоко","Missing parent attribute selection","Texture","Выбрать значение каждого вариативного атрибута"
"61","MS-MOD016-0001","MS-MOD016-0001","Monument Sign MS 016 — MS-MOD016","Высоко","Missing parent attribute selection","Texture","Выбрать значение каждого вариативного атрибута"
"62","MS-MOD016-0002","MS-MOD016-0002","Monument Sign MS 016 — MS-MOD016","Высоко","Missing parent attribute selection","Texture","Выбрать значение каждого вариативного атрибута"
"63","MS-MOD017-0001","MS-MOD017-0001","Monument Sign MS 017 — MS-MOD017","Высоко","Missing parent attribute selection","Texture","Выбрать значение каждого вариативного атрибута"
"64","MS-MOD017-0002","MS-MOD017-0002","Monument Sign MS 017 — MS-MOD017","Высоко","Missing parent attribute selection","Texture","Выбрать значение каждого вариативного атрибута"
"65","MS-MOD018-0001","MS-MOD018-0001","Monument Sign MS 018 — MS-MOD018","Высоко","Missing parent attribute selection","Texture","Выбрать значение каждого вариативного атрибута"
"66","MS-MOD018-0002","MS-MOD018-0002","Monument Sign MS 018 — MS-MOD018","Высоко","Missing parent attribute selection","Texture","Выбрать значение каждого вариативного атрибута"
"67","MS-MOD019-0001","MS-MOD019-0001","Monument Sign MS 019 — MS-MOD019","Высоко","Missing parent attribute selection","Texture","Выбрать значение каждого вариативного атрибута"
"68","MS-MOD019-0002","MS-MOD019-0002","Monument Sign MS 019 — MS-MOD019","Высоко","Missing parent attribute selection","Texture","Выбрать значение каждого вариативного атрибута"
"69","MS-MOD020-0001","MS-MOD020-0001","Monument Sign MS 020 — MS-MOD020","Высоко","Missing parent attribute selection","Texture","Выбрать значение каждого вариативного атрибута"
"70","MS-MOD020-0002","MS-MOD020-0002","Monument Sign MS 020 — MS-MOD020","Высоко","Missing parent attribute selection","Texture","Выбрать значение каждого вариативного атрибута"
"71","MS-MOD021-0001","MS-MOD021-0001","Monument Sign MS 021 — MS-MOD021","Высоко","Missing parent attribute selection","Texture","Выбрать значение каждого вариативного атрибута"
"72","MS-MOD021-0002","MS-MOD021-0002","Monument Sign MS 021 — MS-MOD021","Высоко","Missing parent attribute selection","Texture","Выбрать значение каждого вариативного атрибута"
"73","MS-MOD022-0001","MS-MOD022-0001","Monument Sign MS 022 — MS-MOD022","Высоко","Missing parent attribute selection","Texture","Выбрать значение каждого вариативного атрибута"
"74","MS-MOD022-0002","MS-MOD022-0002","Monument Sign MS 022 — MS-MOD022","Высоко","Missing parent attribute selection","Texture","Выбрать значение каждого вариативного атрибута"
"75","MS-MOD023-0001","MS-MOD023-0001","Monument Sign MS 023 — MS-MOD023","Высоко","Missing parent attribute selection","Texture","Выбрать значение каждого вариативного атрибута"
"76","MS-MOD023-0002","MS-MOD023-0002","Monument Sign MS 023 — MS-MOD023","Высоко","Missing parent attribute selection","Texture","Выбрать значение каждого вариативного атрибута"
"77","MS-MOD024-0001","MS-MOD024-0001","Monument Sign MS 024 — MS-MOD024","Высоко","Missing parent attribute selection","Texture","Выбрать значение каждого вариативного атрибута"
"78","MS-MOD024-0002","MS-MOD024-0002","Monument Sign MS 024 — MS-MOD024","Высоко","Missing parent attribute selection","Texture","Выбрать значение каждого вариативного атрибута"
"79","MS-MOD025-0001","MS-MOD025-0001","Monument Sign MS 025 — MS-MOD025","Высоко","Missing parent attribute selection","Texture","Выбрать значение каждого вариативного атрибута"
"80","MS-MOD025-0002","MS-MOD025-0002","Monument Sign MS 025 — MS-MOD025","Высоко","Missing parent attribute selection","Texture","Выбрать значение каждого вариативного атрибута"
"81","MS-MOD026-0001","MS-MOD026-0001","Monument Sign MS 026 — MS-MOD026","Высоко","Missing parent attribute selection","Texture","Выбрать значение каждого вариативного атрибута"
"82","MS-MOD026-0002","MS-MOD026-0002","Monument Sign MS 026 — MS-MOD026","Высоко","Missing parent attribute selection","Texture","Выбрать значение каждого вариативного атрибута"
"83","MS-MOD027-0001","MS-MOD027-0001","Monument Sign MS 027 — MS-MOD027","Высоко","Missing parent attribute selection","Texture","Выбрать значение каждого вариативного атрибута"
"84","MS-MOD027-0002","MS-MOD027-0002","Monument Sign MS 027 — MS-MOD027","Высоко","Missing parent attribute selection","Texture","Выбрать значение каждого вариативного атрибута"
"85","MS-MOD028-0001","MS-MOD028-0001","Monument Sign MS 028 — MS-MOD028","Высоко","Missing parent attribute selection","Texture","Выбрать значение каждого вариативного атрибута"
"86","MS-MOD028-0002","MS-MOD028-0002","Monument Sign MS 028 — MS-MOD028","Высоко","Missing parent attribute selection","Texture","Выбрать значение каждого вариативного атрибута"
"87","MS-MOD029-0001","MS-MOD029-0001","Monument Sign MS 029 — MS-MOD029","Высоко","Missing parent attribute selection","Texture","Выбрать значение каждого вариативного атрибута"
"88","MS-MOD029-0002","MS-MOD029-0002","Monument Sign MS 029 — MS-MOD029","Высоко","Missing parent attribute selection","Texture","Выбрать значение каждого вариативного атрибута"
"89","MS-MOD030-0001","MS-MOD030-0001","Monument Sign MS 030 — MS-MOD030","Высоко","Missing parent attribute selection","Texture","Выбрать значение каждого вариативного атрибута"
"90","MS-MOD030-0002","MS-MOD030-0002","Monument Sign MS 030 — MS-MOD030","Высоко","Missing parent attribute selection","Texture","Выбрать значение каждого вариативного атрибута"
"91","MS-MOD031-0001","MS-MOD031-0001","Monument Sign MS 031 — MS-MOD031","Высоко","Missing parent attribute selection","Texture","Выбрать значение каждого вариативного атрибута"
"92","MS-MOD031-0002","MS-MOD031-0002","Monument Sign MS 031 — MS-MOD031","Высоко","Missing parent attribute selection","Texture","Выбрать значение каждого вариативного атрибута"
"93","MS-MOD032-0001","MS-MOD032-0001","Monument Sign MS 032 — MS-MOD032","Высоко","Missing parent attribute selection","Texture","Выбрать значение каждого вариативного атрибута"
"94","MS-MOD032-0002","MS-MOD032-0002","Monument Sign MS 032 — MS-MOD032","Высоко","Missing parent attribute selection","Texture","Выбрать значение каждого вариативного атрибута"
"95","MS-MOD033-0001","MS-MOD033-0001","Monument Sign MS 033 — MS-MOD033","Высоко","Missing parent attribute selection","Texture","Выбрать значение каждого вариативного атрибута"
"96","MS-MOD033-0002","MS-MOD033-0002","Monument Sign MS 033 — MS-MOD033","Высоко","Missing parent attribute selection","Texture","Выбрать значение каждого вариативного атрибута"
"97","MS-MOD034-0001","MS-MOD034-0001","Monument Sign MS 034 — MS-MOD034","Высоко","Missing parent attribute selection","Texture","Выбрать значение каждого вариативного атрибута"
"98","MS-MOD034-0002","MS-MOD034-0002","Monument Sign MS 034 — MS-MOD034","Высоко","Missing parent attribute selection","Texture","Выбрать значение каждого вариативного атрибута"
"99","MS-MOD035-0001","MS-MOD035-0001","Monument Sign MS 035 — MS-MOD035","Высоко","Missing parent attribute selection","Texture","Выбрать значение каждого вариативного атрибута"
"100","MS-MOD035-0002","MS-MOD035-0002","Monument Sign MS 035 — MS-MOD035","Высоко","Missing parent attribute selection","Texture","Выбрать значение каждого вариативного атрибута"
"101","MS-MOD036-0001","MS-MOD036-0001","Monument Sign MS 036 — MS-MOD036","Высоко","Missing parent attribute selection","Texture","Выбрать значение каждого вариативного атрибута"
"102","MS-MOD036-0002","MS-MOD036-0002","Monument Sign MS 036 — MS-MOD036","Высоко","Missing parent attribute selection","Texture","Выбрать значение каждого вариативного атрибута"
"103","MS-MOD037-0001","MS-MOD037-0001","Monument Sign MS 037 — MS-MOD037","Высоко","Missing parent attribute selection","Texture","Выбрать значение каждого вариативного атрибута"
"104","MS-MOD037-0002","MS-MOD037-0002","Monument Sign MS 037 — MS-MOD037","Высоко","Missing parent attribute selection","Texture","Выбрать значение каждого вариативного атрибута"
"105","MS-MOD038-0001","MS-MOD038-0001","Monument Sign MS 038 — MS-MOD038","Высоко","Missing parent attribute selection","Texture","Выбрать значение каждого вариативного атрибута"
"106","MS-MOD038-0002","MS-MOD038-0002","Monument Sign MS 038 — MS-MOD038","Высоко","Missing parent attribute selection","Texture","Выбрать значение каждого вариативного атрибута"
"107","MS-MOD039-0001","MS-MOD039-0001","Monument Sign MS 039 — MS-MOD039","Высоко","Missing parent attribute selection","Texture","Выбрать значение каждого вариативного атрибута"
"108","MS-MOD039-0002","MS-MOD039-0002","Monument Sign MS 039 — MS-MOD039","Высоко","Missing parent attribute selection","Texture","Выбрать значение каждого вариативного атрибута"
"109","MS-MOD040-0001","MS-MOD040-0001","Monument Sign MS 040 — MS-MOD040","Высоко","Missing parent attribute selection","Texture","Выбрать значение каждого вариативного атрибута"
"110","MS-MOD040-0002","MS-MOD040-0002","Monument Sign MS 040 — MS-MOD040","Высоко","Missing parent attribute selection","Texture","Выбрать значение каждого вариативного атрибута"
"111","MS-MOD041-0001","MS-MOD041-0001","Monument Sign MS 041 — MS-MOD041","Высоко","Missing parent attribute selection","Texture","Выбрать значение каждого вариативного атрибута"
"112","MS-MOD041-0002","MS-MOD041-0002","Monument Sign MS 041 — MS-MOD041","Высоко","Missing parent attribute selection","Texture","Выбрать значение каждого вариативного атрибута"
"113","MS-MOD042-0001","MS-MOD042-0001","Monument Sign MS 042 — MS-MOD042","Высоко","Missing parent attribute selection","Texture","Выбрать значение каждого вариативного атрибута"
"114","MS-MOD042-0002","MS-MOD042-0002","Monument Sign MS 042 — MS-MOD042","Высоко","Missing parent attribute selection","Texture","Выбрать значение каждого вариативного атрибута"
"115","MS-MOD043-0001","MS-MOD043-0001","Monument Sign MS 043 — MS-MOD043","Высоко","Missing parent attribute selection","Texture","Выбрать значение каждого вариативного атрибута"
"116","MS-MOD043-0002","MS-MOD043-0002","Monument Sign MS 043 — MS-MOD043","Высоко","Missing parent attribute selection","Texture","Выбрать значение каждого вариативного атрибута"
"117","MS-MOD044-0001","MS-MOD044-0001","Monument Sign MS 044 — MS-MOD044","Высоко","Missing parent attribute selection","Texture","Выбрать значение каждого вариативного атрибута"
"118","MS-MOD044-0002","MS-MOD044-0002","Monument Sign MS 044 — MS-MOD044","Высоко","Missing parent attribute selection","Texture","Выбрать значение каждого вариативного атрибута"
"1247","MS-MOD045-0001","MS-MOD045-0001","Monument Sign MS 045 — MS-MOD045","Высоко","Missing parent attribute selection","Texture","Выбрать значение каждого вариативного атрибута"
"1248","MS-MOD045-0002","MS-MOD045-0002","Monument Sign MS 045 — MS-MOD045","Высоко","Missing parent attribute selection","Texture","Выбрать значение каждого вариативного атрибута"
"1249","MS-MOD046-0001","MS-MOD046-0001","Monument Sign MS 046 — MS-MOD046","Высоко","Missing parent attribute selection","Texture","Выбрать значение каждого вариативного атрибута"
"1250","MS-MOD046-0002","MS-MOD046-0002","Monument Sign MS 046 — MS-MOD046","Высоко","Missing parent attribute selection","Texture","Выбрать значение каждого вариативного атрибута"
"1251","MS-MOD047-0001","MS-MOD047-0001","Monument Sign MS 047 — MS-MOD047","Высоко","Missing parent attribute selection","Texture","Выбрать значение каждого вариативного атрибута"
"1252","MS-MOD047-0002","MS-MOD047-0002","Monument Sign MS 047 — MS-MOD047","Высоко","Missing parent attribute selection","Texture","Выбрать значение каждого вариативного атрибута"
"1253","MS-MOD048-0001","MS-MOD048-0001","Monument Sign MS 048 — MS-MOD048","Высоко","Missing parent attribute selection","Texture","Выбрать значение каждого вариативного атрибута"
"1254","MS-MOD048-0002","MS-MOD048-0002","Monument Sign MS 048 — MS-MOD048","Высоко","Missing parent attribute selection","Texture","Выбрать значение каждого вариативного атрибута"
"1255","MS-MOD049-0001","MS-MOD049-0001","Monument Sign MS 049 — MS-MOD049","Высоко","Missing parent attribute selection","Texture","Выбрать значение каждого вариативного атрибута"
"1256","MS-MOD049-0002","MS-MOD049-0002","Monument Sign MS 049 — MS-MOD049","Высоко","Missing parent attribute selection","Texture","Выбрать значение каждого вариативного атрибута"
"1257","MS-MOD050-0001","MS-MOD050-0001","Monument Sign MS 050 — MS-MOD050","Высоко","Missing parent attribute selection","Texture","Выбрать значение каждого вариативного атрибута"
"1258","MS-MOD050-0002","MS-MOD050-0002","Monument Sign MS 050 — MS-MOD050","Высоко","Missing parent attribute selection","Texture","Выбрать значение каждого вариативного атрибута"
"1259","MS-MOD051-0001","MS-MOD051-0001","Monument Sign MS 051 — MS-MOD051","Высоко","Missing parent attribute selection","Texture","Выбрать значение каждого вариативного атрибута"
"1260","MS-MOD051-0002","MS-MOD051-0002","Monument Sign MS 051 — MS-MOD051","Высоко","Missing parent attribute selection","Texture","Выбрать значение каждого вариативного атрибута"
"1261","MS-MOD052-0001","MS-MOD052-0001","Monument Sign MS 052 — MS-MOD052","Высоко","Missing parent attribute selection","Texture","Выбрать значение каждого вариативного атрибута"
"1262","MS-MOD052-0002","MS-MOD052-0002","Monument Sign MS 052 — MS-MOD052","Высоко","Missing parent attribute selection","Texture","Выбрать значение каждого вариативного атрибута"
"1263","MS-MOD053-0001","MS-MOD053-0001","Monument Sign MS 053 — MS-MOD053","Высоко","Missing parent attribute selection","Texture","Выбрать значение каждого вариативного атрибута"
"1264","MS-MOD053-0002","MS-MOD053-0002","Monument Sign MS 053 — MS-MOD053","Высоко","Missing parent attribute selection","Texture","Выбрать значение каждого вариативного атрибута"
"1265","MS-MOD054-0001","MS-MOD054-0001","Monument Sign MS 054 — MS-MOD054","Высоко","Missing parent attribute selection","Texture","Выбрать значение каждого вариативного атрибута"
"1266","MS-MOD054-0002","MS-MOD054-0002","Monument Sign MS 054 — MS-MOD054","Высоко","Missing parent attribute selection","Texture","Выбрать значение каждого вариативного атрибута"
"1267","MS-MOD055-0001","MS-MOD055-0001","Monument Sign MS 055 — MS-MOD055","Высоко","Missing parent attribute selection","Texture","Выбрать значение каждого вариативного атрибута"
"1268","MS-MOD055-0002","MS-MOD055-0002","Monument Sign MS 055 — MS-MOD055","Высоко","Missing parent attribute selection","Texture","Выбрать значение каждого вариативного атрибута"
"1269","MS-MOD056-0001","MS-MOD056-0001","Monument Sign MS 056 — MS-MOD056","Высоко","Missing parent attribute selection","Texture","Выбрать значение каждого вариативного атрибута"
"1270","MS-MOD056-0002","MS-MOD056-0002","Monument Sign MS 056 — MS-MOD056","Высоко","Missing parent attribute selection","Texture","Выбрать значение каждого вариативного атрибута"
"1271","MS-MOD057-0001","MS-MOD057-0001","Monument Sign MS 057 — MS-MOD057","Высоко","Missing parent attribute selection","Texture","Выбрать значение каждого вариативного атрибута"
"1272","MS-MOD057-0002","MS-MOD057-0002","Monument Sign MS 057 — MS-MOD057","Высоко","Missing parent attribute selection","Texture","Выбрать значение каждого вариативного атрибута"
"1273","MS-MOD058-0001","MS-MOD058-0001","Monument Sign MS 058 — MS-MOD058","Высоко","Missing parent attribute selection","Texture","Выбрать значение каждого вариативного атрибута"
"1274","MS-MOD058-0002","MS-MOD058-0002","Monument Sign MS 058 — MS-MOD058","Высоко","Missing parent attribute selection","Texture","Выбрать значение каждого вариативного атрибута"
"1275","MS-MOD059-0001","MS-MOD059-0001","Monument Sign MS 059 — MS-MOD059","Высоко","Missing parent attribute selection","Texture","Выбрать значение каждого вариативного атрибута"
"1276","MS-MOD059-0002","MS-MOD059-0002","Monument Sign MS 059 — MS-MOD059","Высоко","Missing parent attribute selection","Texture","Выбрать значение каждого вариативного атрибута"
"1277","MS-MOD060-0001","MS-MOD060-0001","Monument Sign MS 060 — MS-MOD060","Высоко","Missing parent attribute selection","Texture","Выбрать значение каждого вариативного атрибута"
"1278","MS-MOD060-0002","MS-MOD060-0002","Monument Sign MS 060 — MS-MOD060","Высоко","Missing parent attribute selection","Texture","Выбрать значение каждого вариативного атрибута"
"1279","MS-MOD061-0001","MS-MOD061-0001","Monument Sign MS 061 — MS-MOD061","Высоко","Missing parent attribute selection","Texture","Выбрать значение каждого вариативного атрибута"
"1280","MS-MOD061-0002","MS-MOD061-0002","Monument Sign MS 061 — MS-MOD061","Высоко","Missing parent attribute selection","Texture","Выбрать значение каждого вариативного атрибута"
"1281","MS-MOD062-0001","MS-MOD062-0001","Monument Sign MS 062 — MS-MOD062","Высоко","Missing parent attribute selection","Texture","Выбрать значение каждого вариативного атрибута"
"1282","MS-MOD062-0002","MS-MOD062-0002","Monument Sign MS 062 — MS-MOD062","Высоко","Missing parent attribute selection","Texture","Выбрать значение каждого вариативного атрибута"
"1283","MS-MOD063-0001","MS-MOD063-0001","Monument Sign MS 063 — MS-MOD063","Высоко","Missing parent attribute selection","Texture","Выбрать значение каждого вариативного атрибута"
"1284","MS-MOD063-0002","MS-MOD063-0002","Monument Sign MS 063 — MS-MOD063","Высоко","Missing parent attribute selection","Texture","Выбрать значение каждого вариативного атрибута"
"1285","MS-MOD064-0001","MS-MOD064-0001","Monument Sign MS 064 — MS-MOD064","Высоко","Missing parent attribute selection","Texture","Выбрать значение каждого вариативного атрибута"
"1286","MS-MOD064-0002","MS-MOD064-0002","Monument Sign MS 064 — MS-MOD064","Высоко","Missing parent attribute selection","Texture","Выбрать значение каждого вариативного атрибута"
"1287","MS-MOD065-0001","MS-MOD065-0001","Monument Sign MS 065 — MS-MOD065","Высоко","Missing parent attribute selection","Texture","Выбрать значение каждого вариативного атрибута"
"1288","MS-MOD065-0002","MS-MOD065-0002","Monument Sign MS 065 — MS-MOD065","Высоко","Missing parent attribute selection","Texture","Выбрать значение каждого вариативного атрибута"
"1289","MS-MOD066-0001","MS-MOD066-0001","Monument Sign MS 066 — MS-MOD066","Высоко","Missing parent attribute selection","Texture","Выбрать значение каждого вариативного атрибута"
"1290","MS-MOD066-0002","MS-MOD066-0002","Monument Sign MS 066 — MS-MOD066","Высоко","Missing parent attribute selection","Texture","Выбрать значение каждого вариативного атрибута"
"1291","MS-MOD067-0001","MS-MOD067-0001","Monument Sign MS 067 — MS-MOD067","Высоко","Missing parent attribute selection","Texture","Выбрать значение каждого вариативного атрибута"
"1292","MS-MOD067-0002","MS-MOD067-0002","Monument Sign MS 067 — MS-MOD067","Высоко","Missing parent attribute selection","Texture","Выбрать значение каждого вариативного атрибута"
"1293","MS-MOD068-0001","MS-MOD068-0001","Monument Sign MS 068 — MS-MOD068","Высоко","Missing parent attribute selection","Texture","Выбрать значение каждого вариативного атрибута"
"1294","MS-MOD068-0002","MS-MOD068-0002","Monument Sign MS 068 — MS-MOD068","Высоко","Missing parent attribute selection","Texture","Выбрать значение каждого вариативного атрибута"
"1295","MS-MOD069-0001","MS-MOD069-0001","Monument Sign MS 069 — MS-MOD069","Высоко","Missing parent attribute selection","Texture","Выбрать значение каждого вариативного атрибута"
"1296","MS-MOD069-0002","MS-MOD069-0002","Monument Sign MS 069 — MS-MOD069","Высоко","Missing parent attribute selection","Texture","Выбрать значение каждого вариативного атрибута"
"1297","MS-MOD070-0001","MS-MOD070-0001","Monument Sign MS 070 — MS-MOD070","Высоко","Missing parent attribute selection","Texture","Выбрать значение каждого вариативного атрибута"
"1298","MS-MOD070-0002","MS-MOD070-0002","Monument Sign MS 070 — MS-MOD070","Высоко","Missing parent attribute selection","Texture","Выбрать значение каждого вариативного атрибута"
"1299","MS-MOD071-0001","MS-MOD071-0001","Monument Sign MS 071 — MS-MOD071","Высоко","Missing parent attribute selection","Texture","Выбрать значение каждого вариативного атрибута"
"1300","MS-MOD071-0002","MS-MOD071-0002","Monument Sign MS 071 — MS-MOD071","Высоко","Missing parent attribute selection","Texture","Выбрать значение каждого вариативного атрибута"
"1301","MS-MOD072-0001","MS-MOD072-0001","Monument Sign MS 072 — MS-MOD072","Высоко","Missing parent attribute selection","Texture","Выбрать значение каждого вариативного атрибута"
"1302","MS-MOD072-0002","MS-MOD072-0002","Monument Sign MS 072 — MS-MOD072","Высоко","Missing parent attribute selection","Texture","Выбрать значение каждого вариативного атрибута"
"1303","MS-MOD073-0001","MS-MOD073-0001","Monument Sign MS 073 — MS-MOD073","Высоко","Missing parent attribute selection","Texture","Выбрать значение каждого вариативного атрибута"
"1304","MS-MOD073-0002","MS-MOD073-0002","Monument Sign MS 073 — MS-MOD073","Высоко","Missing parent attribute selection","Texture","Выбрать значение каждого вариативного атрибута"
"1305","MS-MOD074-0001","MS-MOD074-0001","Monument Sign MS 074 — MS-MOD074","Высоко","Missing parent attribute selection","Texture","Выбрать значение каждого вариативного атрибута"
"1306","MS-MOD074-0002","MS-MOD074-0002","Monument Sign MS 074 — MS-MOD074","Высоко","Missing parent attribute selection","Texture","Выбрать значение каждого вариативного атрибута"
"1307","MS-MOD075-0001","MS-MOD075-0001","Monument Sign MS 075 — MS-MOD075","Высоко","Missing parent attribute selection","Texture","Выбрать значение каждого вариативного атрибута"
"1308","MS-MOD075-0002","MS-MOD075-0002","Monument Sign MS 075 — MS-MOD075","Высоко","Missing parent attribute selection","Texture","Выбрать значение каждого вариативного атрибута"
"1309","COLSET-MOD001-0001","COLSET-MOD001-0001","Round Plain Column Set - Tuscan Round Cap & Tuscan Base Round — COLSET-MOD001","Высоко","Missing parent attribute selection","Texture","Выбрать значение каждого вариативного атрибута"
"1310","COLSET-MOD001-0002","COLSET-MOD001-0002","Round Plain Column Set - Tuscan Round Cap & Tuscan Base Round — COLSET-MOD001","Высоко","Missing parent attribute selection","Texture","Выбрать значение каждого вариативного атрибута"
"1311","COLSET-MOD001-0003","COLSET-MOD001-0003","Round Plain Column Set - Tuscan Round Cap & Tuscan Base Round — COLSET-MOD001","Высоко","Missing parent attribute selection","Texture","Выбрать значение каждого вариативного атрибута"
"1312","COLSET-MOD001-0004","COLSET-MOD001-0004","Round Plain Column Set - Tuscan Round Cap & Tuscan Base Round — COLSET-MOD001","Высоко","Missing parent attribute selection","Texture","Выбрать значение каждого вариативного атрибута"
"1313","COLSET-MOD001-0005","COLSET-MOD001-0005","Round Plain Column Set - Tuscan Round Cap & Tuscan Base Round — COLSET-MOD001","Высоко","Missing parent attribute selection","Texture","Выбрать значение каждого вариативного атрибута"
"1314","COLSET-MOD001-0006","COLSET-MOD001-0006","Round Plain Column Set - Tuscan Round Cap & Tuscan Base Round — COLSET-MOD001","Высоко","Missing parent attribute selection","Texture","Выбрать значение каждого вариативного атрибута"
"1315","COLSET-MOD001-0007","COLSET-MOD001-0007","Round Plain Column Set - Tuscan Round Cap & Tuscan Base Round — COLSET-MOD001","Высоко","Missing parent attribute selection","Texture","Выбрать значение каждого вариативного атрибута"
"1316","COLSET-MOD001-0008","COLSET-MOD001-0008","Round Plain Column Set - Tuscan Round Cap & Tuscan Base Round — COLSET-MOD001","Высоко","Missing parent attribute selection","Texture","Выбрать значение каждого вариативного атрибута"
"1317","COLSET-MOD001-0009","COLSET-MOD001-0009","Round Plain Column Set - Tuscan Round Cap & Tuscan Base Round — COLSET-MOD001","Высоко","Missing parent attribute selection","Texture","Выбрать значение каждого вариативного атрибута"
"1318","COLSET-MOD001-0010","COLSET-MOD001-0010","Round Plain Column Set - Tuscan Round Cap & Tuscan Base Round — COLSET-MOD001","Высоко","Missing parent attribute selection","Texture","Выбрать значение каждого вариативного атрибута"
"1319","COLSET-MOD001-0011","COLSET-MOD001-0011","Round Plain Column Set - Tuscan Round Cap & Tuscan Base Round — COLSET-MOD001","Высоко","Missing parent attribute selection","Texture","Выбрать значение каждого вариативного атрибута"
"1320","COLSET-MOD001-0012","COLSET-MOD001-0012","Round Plain Column Set - Tuscan Round Cap & Tuscan Base Round — COLSET-MOD001","Высоко","Missing parent attribute selection","Texture","Выбрать значение каждого вариативного атрибута"
"1321","COLSET-MOD001-0013","COLSET-MOD001-0013","Round Plain Column Set - Tuscan Round Cap & Tuscan Base Round — COLSET-MOD001","Высоко","Missing parent attribute selection","Texture","Выбрать значение каждого вариативного атрибута"
"1322","COLSET-MOD001-0014","COLSET-MOD001-0014","Round Plain Column Set - Tuscan Round Cap & Tuscan Base Round — COLSET-MOD001","Высоко","Missing parent attribute selection","Texture","Выбрать значение каждого вариативного атрибута"
"1323","COLSET-MOD001-0015","COLSET-MOD001-0015","Round Plain Column Set - Tuscan Round Cap & Tuscan Base Round — COLSET-MOD001","Высоко","Missing parent attribute selection","Texture","Выбрать значение каждого вариативного атрибута"
"1324","COLSET-MOD001-0016","COLSET-MOD001-0016","Round Plain Column Set - Tuscan Round Cap & Tuscan Base Round — COLSET-MOD001","Высоко","Missing parent attribute selection","Texture","Выбрать значение каждого вариативного атрибута"
"1325","COLSET-MOD001-0017","COLSET-MOD001-0017","Round Plain Column Set - Tuscan Round Cap & Tuscan Base Round — COLSET-MOD001","Высоко","Missing parent attribute selection","Texture","Выбрать значение каждого вариативного атрибута"
"1326","COLSET-MOD001-0018","COLSET-MOD001-0018","Round Plain Column Set - Tuscan Round Cap & Tuscan Base Round — COLSET-MOD001","Высоко","Missing parent attribute selection","Texture","Выбрать значение каждого вариативного атрибута"
"1327","COLSET-MOD001-0019","COLSET-MOD001-0019","Round Plain Column Set - Tuscan Round Cap & Tuscan Base Round — COLSET-MOD001","Высоко","Missing parent attribute selection","Texture","Выбрать значение каждого вариативного атрибута"
"1328","COLSET-MOD001-0020","COLSET-MOD001-0020","Round Plain Column Set - Tuscan Round Cap & Tuscan Base Round — COLSET-MOD001","Высоко","Missing parent attribute selection","Texture","Выбрать значение каждого вариативного атрибута"
"1329","COLSET-MOD001-0021","COLSET-MOD001-0021","Round Plain Column Set - Tuscan Round Cap & Tuscan Base Round — COLSET-MOD001","Высоко","Missing parent attribute selection","Texture","Выбрать значение каждого вариативного атрибута"
"1330","COLSET-MOD001-0022","COLSET-MOD001-0022","Round Plain Column Set - Tuscan Round Cap & Tuscan Base Round — COLSET-MOD001","Высоко","Missing parent attribute selection","Texture","Выбрать значение каждого вариативного атрибута"
"1331","COLSET-MOD001-0023","COLSET-MOD001-0023","Round Plain Column Set - Tuscan Round Cap & Tuscan Base Round — COLSET-MOD001","Высоко","Missing parent attribute selection","Texture","Выбрать значение каждого вариативного атрибута"
"1332","COLSET-MOD001-0024","COLSET-MOD001-0024","Round Plain Column Set - Tuscan Round Cap & Tuscan Base Round — COLSET-MOD001","Высоко","Missing parent attribute selection","Texture","Выбрать значение каждого вариативного атрибута"
"1333","COLSET-MOD001-0025","COLSET-MOD001-0025","Round Plain Column Set - Tuscan Round Cap & Tuscan Base Round — COLSET-MOD001","Высоко","Missing parent attribute selection","Texture","Выбрать значение каждого вариативного атрибута"
"1334","COLSET-MOD001-0026","COLSET-MOD001-0026","Round Plain Column Set - Tuscan Round Cap & Tuscan Base Round — COLSET-MOD001","Высоко","Missing parent attribute selection","Texture","Выбрать значение каждого вариативного атрибута"
"1335","COLSET-MOD001-0027","COLSET-MOD001-0027","Round Plain Column Set - Tuscan Round Cap & Tuscan Base Round — COLSET-MOD001","Высоко","Missing parent attribute selection","Texture","Выбрать значение каждого вариативного атрибута"
"1336","COLSET-MOD001-0028","COLSET-MOD001-0028","Round Plain Column Set - Tuscan Round Cap & Tuscan Base Round — COLSET-MOD001","Высоко","Missing parent attribute selection","Texture","Выбрать значение каждого вариативного атрибута"
"1337","COLSET-MOD001-0029","COLSET-MOD001-0029","Round Plain Column Set - Tuscan Round Cap & Tuscan Base Round — COLSET-MOD001","Высоко","Missing parent attribute selection","Texture","Выбрать значение каждого вариативного атрибута"
"1338","COLSET-MOD001-0030","COLSET-MOD001-0030","Round Plain Column Set - Tuscan Round Cap & Tuscan Base Round — COLSET-MOD001","Высоко","Missing parent attribute selection","Texture","Выбрать значение каждого вариативного атрибута"
"1339","COLSET-MOD001-0031","COLSET-MOD001-0031","Round Plain Column Set - Tuscan Round Cap & Tuscan Base Round — COLSET-MOD001","Высоко","Missing parent attribute selection","Texture","Выбрать значение каждого вариативного атрибута"
"1340","COLSET-MOD001-0032","COLSET-MOD001-0032","Round Plain Column Set - Tuscan Round Cap & Tuscan Base Round — COLSET-MOD001","Высоко","Missing parent attribute selection","Texture","Выбрать значение каждого вариативного атрибута"
"1341","COLSET-MOD001-0033","COLSET-MOD001-0033","Round Plain Column Set - Tuscan Round Cap & Tuscan Base Round — COLSET-MOD001","Высоко","Missing parent attribute selection","Texture","Выбрать значение каждого вариативного атрибута"
"1342","COLSET-MOD001-0034","COLSET-MOD001-0034","Round Plain Column Set - Tuscan Round Cap & Tuscan Base Round — COLSET-MOD001","Высоко","Missing parent attribute selection","Texture","Выбрать значение каждого вариативного атрибута"
"1343","COLSET-MOD002-0001","COLSET-MOD002-0001","Round Tapered Column Set - Tuscan Round Cap & Tuscan Base Round — COLSET-MOD002","Высоко","Missing parent attribute selection","Texture","Выбрать значение каждого вариативного атрибута"
"1344","COLSET-MOD002-0002","COLSET-MOD002-0002","Round Tapered Column Set - Tuscan Round Cap & Tuscan Base Round — COLSET-MOD002","Высоко","Missing parent attribute selection","Texture","Выбрать значение каждого вариативного атрибута"
"1345","COLSET-MOD002-0003","COLSET-MOD002-0003","Round Tapered Column Set - Tuscan Round Cap & Tuscan Base Round — COLSET-MOD002","Высоко","Missing parent attribute selection","Texture","Выбрать значение каждого вариативного атрибута"
"1346","COLSET-MOD002-0004","COLSET-MOD002-0004","Round Tapered Column Set - Tuscan Round Cap & Tuscan Base Round — COLSET-MOD002","Высоко","Missing parent attribute selection","Texture","Выбрать значение каждого вариативного атрибута"
"1347","COLSET-MOD002-0005","COLSET-MOD002-0005","Round Tapered Column Set - Tuscan Round Cap & Tuscan Base Round — COLSET-MOD002","Высоко","Missing parent attribute selection","Texture","Выбрать значение каждого вариативного атрибута"
"1348","COLSET-MOD002-0006","COLSET-MOD002-0006","Round Tapered Column Set - Tuscan Round Cap & Tuscan Base Round — COLSET-MOD002","Высоко","Missing parent attribute selection","Texture","Выбрать значение каждого вариативного атрибута"
"1349","COLSET-MOD002-0007","COLSET-MOD002-0007","Round Tapered Column Set - Tuscan Round Cap & Tuscan Base Round — COLSET-MOD002","Высоко","Missing parent attribute selection","Texture","Выбрать значение каждого вариативного атрибута"
"1350","COLSET-MOD002-0008","COLSET-MOD002-0008","Round Tapered Column Set - Tuscan Round Cap & Tuscan Base Round — COLSET-MOD002","Высоко","Missing parent attribute selection","Texture","Выбрать значение каждого вариативного атрибута"
"1351","COLSET-MOD002-0009","COLSET-MOD002-0009","Round Tapered Column Set - Tuscan Round Cap & Tuscan Base Round — COLSET-MOD002","Высоко","Missing parent attribute selection","Texture","Выбрать значение каждого вариативного атрибута"
"1352","COLSET-MOD002-0010","COLSET-MOD002-0010","Round Tapered Column Set - Tuscan Round Cap & Tuscan Base Round — COLSET-MOD002","Высоко","Missing parent attribute selection","Texture","Выбрать значение каждого вариативного атрибута"
"1353","COLSET-MOD002-0011","COLSET-MOD002-0011","Round Tapered Column Set - Tuscan Round Cap & Tuscan Base Round — COLSET-MOD002","Высоко","Missing parent attribute selection","Texture","Выбрать значение каждого вариативного атрибута"
"1354","COLSET-MOD002-0012","COLSET-MOD002-0012","Round Tapered Column Set - Tuscan Round Cap & Tuscan Base Round — COLSET-MOD002","Высоко","Missing parent attribute selection","Texture","Выбрать значение каждого вариативного атрибута"
"1355","COLSET-MOD002-0013","COLSET-MOD002-0013","Round Tapered Column Set - Tuscan Round Cap & Tuscan Base Round — COLSET-MOD002","Высоко","Missing parent attribute selection","Texture","Выбрать значение каждого вариативного атрибута"
"1356","COLSET-MOD002-0014","COLSET-MOD002-0014","Round Tapered Column Set - Tuscan Round Cap & Tuscan Base Round — COLSET-MOD002","Высоко","Missing parent attribute selection","Texture","Выбрать значение каждого вариативного атрибута"
"1357","COLSET-MOD002-0015","COLSET-MOD002-0015","Round Tapered Column Set - Tuscan Round Cap & Tuscan Base Round — COLSET-MOD002","Высоко","Missing parent attribute selection","Texture","Выбрать значение каждого вариативного атрибута"
"1358","COLSET-MOD002-0016","COLSET-MOD002-0016","Round Tapered Column Set - Tuscan Round Cap & Tuscan Base Round — COLSET-MOD002","Высоко","Missing parent attribute selection","Texture","Выбрать значение каждого вариативного атрибута"
"1359","COLSET-MOD002-0017","COLSET-MOD002-0017","Round Tapered Column Set - Tuscan Round Cap & Tuscan Base Round — COLSET-MOD002","Высоко","Missing parent attribute selection","Texture","Выбрать значение каждого вариативного атрибута"
"1360","COLSET-MOD002-0018","COLSET-MOD002-0018","Round Tapered Column Set - Tuscan Round Cap & Tuscan Base Round — COLSET-MOD002","Высоко","Missing parent attribute selection","Texture","Выбрать значение каждого вариативного атрибута"
"1361","COLSET-MOD002-0019","COLSET-MOD002-0019","Round Tapered Column Set - Tuscan Round Cap & Tuscan Base Round — COLSET-MOD002","Высоко","Missing parent attribute selection","Texture","Выбрать значение каждого вариативного атрибута"
"1362","COLSET-MOD002-0020","COLSET-MOD002-0020","Round Tapered Column Set - Tuscan Round Cap & Tuscan Base Round — COLSET-MOD002","Высоко","Missing parent attribute selection","Texture","Выбрать значение каждого вариативного атрибута"
"1363","COLSET-MOD002-0021","COLSET-MOD002-0021","Round Tapered Column Set - Tuscan Round Cap & Tuscan Base Round — COLSET-MOD002","Высоко","Missing parent attribute selection","Texture","Выбрать значение каждого вариативного атрибута"
"1364","COLSET-MOD002-0022","COLSET-MOD002-0022","Round Tapered Column Set - Tuscan Round Cap & Tuscan Base Round — COLSET-MOD002","Высоко","Missing parent attribute selection","Texture","Выбрать значение каждого вариативного атрибута"
"1365","COLSET-MOD002-0023","COLSET-MOD002-0023","Round Tapered Column Set - Tuscan Round Cap & Tuscan Base Round — COLSET-MOD002","Высоко","Missing parent attribute selection","Texture","Выбрать значение каждого вариативного атрибута"
"1366","COLSET-MOD002-0024","COLSET-MOD002-0024","Round Tapered Column Set - Tuscan Round Cap & Tuscan Base Round — COLSET-MOD002","Высоко","Missing parent attribute selection","Texture","Выбрать значение каждого вариативного атрибута"
"1367","COLSET-MOD002-0025","COLSET-MOD002-0025","Round Tapered Column Set - Tuscan Round Cap & Tuscan Base Round — COLSET-MOD002","Высоко","Missing parent attribute selection","Texture","Выбрать значение каждого вариативного атрибута"
"1368","COLSET-MOD002-0026","COLSET-MOD002-0026","Round Tapered Column Set - Tuscan Round Cap & Tuscan Base Round — COLSET-MOD002","Высоко","Missing parent attribute selection","Texture","Выбрать значение каждого вариативного атрибута"
"1369","COLSET-MOD002-0027","COLSET-MOD002-0027","Round Tapered Column Set - Tuscan Round Cap & Tuscan Base Round — COLSET-MOD002","Высоко","Missing parent attribute selection","Texture","Выбрать значение каждого вариативного атрибута"
"1370","COLSET-MOD002-0028","COLSET-MOD002-0028","Round Tapered Column Set - Tuscan Round Cap & Tuscan Base Round — COLSET-MOD002","Высоко","Missing parent attribute selection","Texture","Выбрать значение каждого вариативного атрибута"
"1371","COLSET-MOD002-0029","COLSET-MOD002-0029","Round Tapered Column Set - Tuscan Round Cap & Tuscan Base Round — COLSET-MOD002","Высоко","Missing parent attribute selection","Texture","Выбрать значение каждого вариативного атрибута"
"1372","COLSET-MOD002-0030","COLSET-MOD002-0030","Round Tapered Column Set - Tuscan Round Cap & Tuscan Base Round — COLSET-MOD002","Высоко","Missing parent attribute selection","Texture","Выбрать значение каждого вариативного атрибута"
"1373","COLSET-MOD002-0031","COLSET-MOD002-0031","Round Tapered Column Set - Tuscan Round Cap & Tuscan Base Round — COLSET-MOD002","Высоко","Missing parent attribute selection","Texture","Выбрать значение каждого вариативного атрибута"
"1374","COLSET-MOD002-0032","COLSET-MOD002-0032","Round Tapered Column Set - Tuscan Round Cap & Tuscan Base Round — COLSET-MOD002","Высоко","Missing parent attribute selection","Texture","Выбрать значение каждого вариативного атрибута"
"1375","COLSET-MOD002-0033","COLSET-MOD002-0033","Round Tapered Column Set - Tuscan Round Cap & Tuscan Base Round — COLSET-MOD002","Высоко","Missing parent attribute selection","Texture","Выбрать значение каждого вариативного атрибута"
"1376","COLSET-MOD002-0034","COLSET-MOD002-0034","Round Tapered Column Set - Tuscan Round Cap & Tuscan Base Round — COLSET-MOD002","Высоко","Missing parent attribute selection","Texture","Выбрать значение каждого вариативного атрибута"
"1377","COLSET-MOD003-0001","COLSET-MOD003-0001","Round Belly Column Set - Tuscan Round Cap & Tuscan Base Round — COLSET-MOD003","Высоко","Missing parent attribute selection","Texture","Выбрать значение каждого вариативного атрибута"
"1378","COLSET-MOD003-0002","COLSET-MOD003-0002","Round Belly Column Set - Tuscan Round Cap & Tuscan Base Round — COLSET-MOD003","Высоко","Missing parent attribute selection","Texture","Выбрать значение каждого вариативного атрибута"
"1379","COLSET-MOD003-0003","COLSET-MOD003-0003","Round Belly Column Set - Tuscan Round Cap & Tuscan Base Round — COLSET-MOD003","Высоко","Missing parent attribute selection","Texture","Выбрать значение каждого вариативного атрибута"
"1380","COLSET-MOD003-0004","COLSET-MOD003-0004","Round Belly Column Set - Tuscan Round Cap & Tuscan Base Round — COLSET-MOD003","Высоко","Missing parent attribute selection","Texture","Выбрать значение каждого вариативного атрибута"
"1381","COLSET-MOD003-0005","COLSET-MOD003-0005","Round Belly Column Set - Tuscan Round Cap & Tuscan Base Round — COLSET-MOD003","Высоко","Missing parent attribute selection","Texture","Выбрать значение каждого вариативного атрибута"
"1382","COLSET-MOD003-0006","COLSET-MOD003-0006","Round Belly Column Set - Tuscan Round Cap & Tuscan Base Round — COLSET-MOD003","Высоко","Missing parent attribute selection","Texture","Выбрать значение каждого вариативного атрибута"
"1383","COLSET-MOD003-0007","COLSET-MOD003-0007","Round Belly Column Set - Tuscan Round Cap & Tuscan Base Round — COLSET-MOD003","Высоко","Missing parent attribute selection","Texture","Выбрать значение каждого вариативного атрибута"
"1384","COLSET-MOD003-0008","COLSET-MOD003-0008","Round Belly Column Set - Tuscan Round Cap & Tuscan Base Round — COLSET-MOD003","Высоко","Missing parent attribute selection","Texture","Выбрать значение каждого вариативного атрибута"
"1385","COLSET-MOD003-0009","COLSET-MOD003-0009","Round Belly Column Set - Tuscan Round Cap & Tuscan Base Round — COLSET-MOD003","Высоко","Missing parent attribute selection","Texture","Выбрать значение каждого вариативного атрибута"
"1386","COLSET-MOD003-0010","COLSET-MOD003-0010","Round Belly Column Set - Tuscan Round Cap & Tuscan Base Round — COLSET-MOD003","Высоко","Missing parent attribute selection","Texture","Выбрать значение каждого вариативного атрибута"
"1387","COLSET-MOD003-0011","COLSET-MOD003-0011","Round Belly Column Set - Tuscan Round Cap & Tuscan Base Round — COLSET-MOD003","Высоко","Missing parent attribute selection","Texture","Выбрать значение каждого вариативного атрибута"
"1388","COLSET-MOD003-0012","COLSET-MOD003-0012","Round Belly Column Set - Tuscan Round Cap & Tuscan Base Round — COLSET-MOD003","Высоко","Missing parent attribute selection","Texture","Выбрать значение каждого вариативного атрибута"
"1389","COLSET-MOD003-0013","COLSET-MOD003-0013","Round Belly Column Set - Tuscan Round Cap & Tuscan Base Round — COLSET-MOD003","Высоко","Missing parent attribute selection","Texture","Выбрать значение каждого вариативного атрибута"
"1390","COLSET-MOD003-0014","COLSET-MOD003-0014","Round Belly Column Set - Tuscan Round Cap & Tuscan Base Round — COLSET-MOD003","Высоко","Missing parent attribute selection","Texture","Выбрать значение каждого вариативного атрибута"
"1391","COLSET-MOD003-0015","COLSET-MOD003-0015","Round Belly Column Set - Tuscan Round Cap & Tuscan Base Round — COLSET-MOD003","Высоко","Missing parent attribute selection","Texture","Выбрать значение каждого вариативного атрибута"
"1392","COLSET-MOD003-0016","COLSET-MOD003-0016","Round Belly Column Set - Tuscan Round Cap & Tuscan Base Round — COLSET-MOD003","Высоко","Missing parent attribute selection","Texture","Выбрать значение каждого вариативного атрибута"
"1393","COLSET-MOD003-0017","COLSET-MOD003-0017","Round Belly Column Set - Tuscan Round Cap & Tuscan Base Round — COLSET-MOD003","Высоко","Missing parent attribute selection","Texture","Выбрать значение каждого вариативного атрибута"
"1394","COLSET-MOD003-0018","COLSET-MOD003-0018","Round Belly Column Set - Tuscan Round Cap & Tuscan Base Round — COLSET-MOD003","Высоко","Missing parent attribute selection","Texture","Выбрать значение каждого вариативного атрибута"
"1395","COLSET-MOD003-0019","COLSET-MOD003-0019","Round Belly Column Set - Tuscan Round Cap & Tuscan Base Round — COLSET-MOD003","Высоко","Missing parent attribute selection","Texture","Выбрать значение каждого вариативного атрибута"
"1396","COLSET-MOD003-0020","COLSET-MOD003-0020","Round Belly Column Set - Tuscan Round Cap & Tuscan Base Round — COLSET-MOD003","Высоко","Missing parent attribute selection","Texture","Выбрать значение каждого вариативного атрибута"
"1397","COLSET-MOD003-0021","COLSET-MOD003-0021","Round Belly Column Set - Tuscan Round Cap & Tuscan Base Round — COLSET-MOD003","Высоко","Missing parent attribute selection","Texture","Выбрать значение каждого вариативного атрибута"
"1398","COLSET-MOD003-0022","COLSET-MOD003-0022","Round Belly Column Set - Tuscan Round Cap & Tuscan Base Round — COLSET-MOD003","Высоко","Missing parent attribute selection","Texture","Выбрать значение каждого вариативного атрибута"
"1399","COLSET-MOD003-0023","COLSET-MOD003-0023","Round Belly Column Set - Tuscan Round Cap & Tuscan Base Round — COLSET-MOD003","Высоко","Missing parent attribute selection","Texture","Выбрать значение каждого вариативного атрибута"
"1400","COLSET-MOD003-0024","COLSET-MOD003-0024","Round Belly Column Set - Tuscan Round Cap & Tuscan Base Round — COLSET-MOD003","Высоко","Missing parent attribute selection","Texture","Выбрать значение каждого вариативного атрибута"
"1401","COLSET-MOD003-0025","COLSET-MOD003-0025","Round Belly Column Set - Tuscan Round Cap & Tuscan Base Round — COLSET-MOD003","Высоко","Missing parent attribute selection","Texture","Выбрать значение каждого вариативного атрибута"
"1402","COLSET-MOD003-0026","COLSET-MOD003-0026","Round Belly Column Set - Tuscan Round Cap & Tuscan Base Round — COLSET-MOD003","Высоко","Missing parent attribute selection","Texture","Выбрать значение каждого вариативного атрибута"
"1403","COLSET-MOD003-0027","COLSET-MOD003-0027","Round Belly Column Set - Tuscan Round Cap & Tuscan Base Round — COLSET-MOD003","Высоко","Missing parent attribute selection","Texture","Выбрать значение каждого вариативного атрибута"
"1404","COLSET-MOD003-0028","COLSET-MOD003-0028","Round Belly Column Set - Tuscan Round Cap & Tuscan Base Round — COLSET-MOD003","Высоко","Missing parent attribute selection","Texture","Выбрать значение каждого вариативного атрибута"
"1405","COLSET-MOD003-0029","COLSET-MOD003-0029","Round Belly Column Set - Tuscan Round Cap & Tuscan Base Round — COLSET-MOD003","Высоко","Missing parent attribute selection","Texture","Выбрать значение каждого вариативного атрибута"
"1406","COLSET-MOD003-0030","COLSET-MOD003-0030","Round Belly Column Set - Tuscan Round Cap & Tuscan Base Round — COLSET-MOD003","Высоко","Missing parent attribute selection","Texture","Выбрать значение каждого вариативного атрибута"
"1407","COLSET-MOD003-0031","COLSET-MOD003-0031","Round Belly Column Set - Tuscan Round Cap & Tuscan Base Round — COLSET-MOD003","Высоко","Missing parent attribute selection","Texture","Выбрать значение каждого вариативного атрибута"
"1408","COLSET-MOD003-0032","COLSET-MOD003-0032","Round Belly Column Set - Tuscan Round Cap & Tuscan Base Round — COLSET-MOD003","Высоко","Missing parent attribute selection","Texture","Выбрать значение каждого вариативного атрибута"
"1409","COLSET-MOD003-0033","COLSET-MOD003-0033","Round Belly Column Set - Tuscan Round Cap & Tuscan Base Round — COLSET-MOD003","Высоко","Missing parent attribute selection","Texture","Выбрать значение каждого вариативного атрибута"
"1410","COLSET-MOD003-0034","COLSET-MOD003-0034","Round Belly Column Set - Tuscan Round Cap & Tuscan Base Round — COLSET-MOD003","Высоко","Missing parent attribute selection","Texture","Выбрать значение каждого вариативного атрибута"
"1411","COLSET-MOD004-0001","COLSET-MOD004-0001","Round Half-Belly Column Set - Tuscan Round Cap & Tuscan Base Round — COLSET-MOD004","Высоко","Missing parent attribute selection","Texture","Выбрать значение каждого вариативного атрибута"
"1412","COLSET-MOD004-0002","COLSET-MOD004-0002","Round Half-Belly Column Set - Tuscan Round Cap & Tuscan Base Round — COLSET-MOD004","Высоко","Missing parent attribute selection","Texture","Выбрать значение каждого вариативного атрибута"
"1413","COLSET-MOD004-0003","COLSET-MOD004-0003","Round Half-Belly Column Set - Tuscan Round Cap & Tuscan Base Round — COLSET-MOD004","Высоко","Missing parent attribute selection","Texture","Выбрать значение каждого вариативного атрибута"
"1414","COLSET-MOD004-0004","COLSET-MOD004-0004","Round Half-Belly Column Set - Tuscan Round Cap & Tuscan Base Round — COLSET-MOD004","Высоко","Missing parent attribute selection","Texture","Выбрать значение каждого вариативного атрибута"
"1415","COLSET-MOD004-0005","COLSET-MOD004-0005","Round Half-Belly Column Set - Tuscan Round Cap & Tuscan Base Round — COLSET-MOD004","Высоко","Missing parent attribute selection","Texture","Выбрать значение каждого вариативного атрибута"
"1416","COLSET-MOD004-0006","COLSET-MOD004-0006","Round Half-Belly Column Set - Tuscan Round Cap & Tuscan Base Round — COLSET-MOD004","Высоко","Missing parent attribute selection","Texture","Выбрать значение каждого вариативного атрибута"
"1417","COLSET-MOD004-0007","COLSET-MOD004-0007","Round Half-Belly Column Set - Tuscan Round Cap & Tuscan Base Round — COLSET-MOD004","Высоко","Missing parent attribute selection","Texture","Выбрать значение каждого вариативного атрибута"
"1418","COLSET-MOD004-0008","COLSET-MOD004-0008","Round Half-Belly Column Set - Tuscan Round Cap & Tuscan Base Round — COLSET-MOD004","Высоко","Missing parent attribute selection","Texture","Выбрать значение каждого вариативного атрибута"
"1419","COLSET-MOD004-0009","COLSET-MOD004-0009","Round Half-Belly Column Set - Tuscan Round Cap & Tuscan Base Round — COLSET-MOD004","Высоко","Missing parent attribute selection","Texture","Выбрать значение каждого вариативного атрибута"
"1420","COLSET-MOD004-0010","COLSET-MOD004-0010","Round Half-Belly Column Set - Tuscan Round Cap & Tuscan Base Round — COLSET-MOD004","Высоко","Missing parent attribute selection","Texture","Выбрать значение каждого вариативного атрибута"
"1421","COLSET-MOD004-0011","COLSET-MOD004-0011","Round Half-Belly Column Set - Tuscan Round Cap & Tuscan Base Round — COLSET-MOD004","Высоко","Missing parent attribute selection","Texture","Выбрать значение каждого вариативного атрибута"
"1422","COLSET-MOD004-0012","COLSET-MOD004-0012","Round Half-Belly Column Set - Tuscan Round Cap & Tuscan Base Round — COLSET-MOD004","Высоко","Missing parent attribute selection","Texture","Выбрать значение каждого вариативного атрибута"
"1423","COLSET-MOD004-0013","COLSET-MOD004-0013","Round Half-Belly Column Set - Tuscan Round Cap & Tuscan Base Round — COLSET-MOD004","Высоко","Missing parent attribute selection","Texture","Выбрать значение каждого вариативного атрибута"
"1424","COLSET-MOD004-0014","COLSET-MOD004-0014","Round Half-Belly Column Set - Tuscan Round Cap & Tuscan Base Round — COLSET-MOD004","Высоко","Missing parent attribute selection","Texture","Выбрать значение каждого вариативного атрибута"
"1425","COLSET-MOD004-0015","COLSET-MOD004-0015","Round Half-Belly Column Set - Tuscan Round Cap & Tuscan Base Round — COLSET-MOD004","Высоко","Missing parent attribute selection","Texture","Выбрать значение каждого вариативного атрибута"
"1426","COLSET-MOD004-0016","COLSET-MOD004-0016","Round Half-Belly Column Set - Tuscan Round Cap & Tuscan Base Round — COLSET-MOD004","Высоко","Missing parent attribute selection","Texture","Выбрать значение каждого вариативного атрибута"
"1427","COLSET-MOD004-0017","COLSET-MOD004-0017","Round Half-Belly Column Set - Tuscan Round Cap & Tuscan Base Round — COLSET-MOD004","Высоко","Missing parent attribute selection","Texture","Выбрать значение каждого вариативного атрибута"
"1428","COLSET-MOD004-0018","COLSET-MOD004-0018","Round Half-Belly Column Set - Tuscan Round Cap & Tuscan Base Round — COLSET-MOD004","Высоко","Missing parent attribute selection","Texture","Выбрать значение каждого вариативного атрибута"
"1429","COLSET-MOD004-0019","COLSET-MOD004-0019","Round Half-Belly Column Set - Tuscan Round Cap & Tuscan Base Round — COLSET-MOD004","Высоко","Missing parent attribute selection","Texture","Выбрать значение каждого вариативного атрибута"
"1430","COLSET-MOD004-0020","COLSET-MOD004-0020","Round Half-Belly Column Set - Tuscan Round Cap & Tuscan Base Round — COLSET-MOD004","Высоко","Missing parent attribute selection","Texture","Выбрать значение каждого вариативного атрибута"
"1431","COLSET-MOD004-0021","COLSET-MOD004-0021","Round Half-Belly Column Set - Tuscan Round Cap & Tuscan Base Round — COLSET-MOD004","Высоко","Missing parent attribute selection","Texture","Выбрать значение каждого вариативного атрибута"
"1432","COLSET-MOD004-0022","COLSET-MOD004-0022","Round Half-Belly Column Set - Tuscan Round Cap & Tuscan Base Round — COLSET-MOD004","Высоко","Missing parent attribute selection","Texture","Выбрать значение каждого вариативного атрибута"
"1433","COLSET-MOD004-0023","COLSET-MOD004-0023","Round Half-Belly Column Set - Tuscan Round Cap & Tuscan Base Round — COLSET-MOD004","Высоко","Missing parent attribute selection","Texture","Выбрать значение каждого вариативного атрибута"
"1434","COLSET-MOD004-0024","COLSET-MOD004-0024","Round Half-Belly Column Set - Tuscan Round Cap & Tuscan Base Round — COLSET-MOD004","Высоко","Missing parent attribute selection","Texture","Выбрать значение каждого вариативного атрибута"
"1435","COLSET-MOD004-0025","COLSET-MOD004-0025","Round Half-Belly Column Set - Tuscan Round Cap & Tuscan Base Round — COLSET-MOD004","Высоко","Missing parent attribute selection","Texture","Выбрать значение каждого вариативного атрибута"
"1436","COLSET-MOD004-0026","COLSET-MOD004-0026","Round Half-Belly Column Set - Tuscan Round Cap & Tuscan Base Round — COLSET-MOD004","Высоко","Missing parent attribute selection","Texture","Выбрать значение каждого вариативного атрибута"
"1437","COLSET-MOD004-0027","COLSET-MOD004-0027","Round Half-Belly Column Set - Tuscan Round Cap & Tuscan Base Round — COLSET-MOD004","Высоко","Missing parent attribute selection","Texture","Выбрать значение каждого вариативного атрибута"
"1438","COLSET-MOD004-0028","COLSET-MOD004-0028","Round Half-Belly Column Set - Tuscan Round Cap & Tuscan Base Round — COLSET-MOD004","Высоко","Missing parent attribute selection","Texture","Выбрать значение каждого вариативного атрибута"
"1439","COLSET-MOD004-0029","COLSET-MOD004-0029","Round Half-Belly Column Set - Tuscan Round Cap & Tuscan Base Round — COLSET-MOD004","Высоко","Missing parent attribute selection","Texture","Выбрать значение каждого вариативного атрибута"
"1440","COLSET-MOD004-0030","COLSET-MOD004-0030","Round Half-Belly Column Set - Tuscan Round Cap & Tuscan Base Round — COLSET-MOD004","Высоко","Missing parent attribute selection","Texture","Выбрать значение каждого вариативного атрибута"
"1441","COLSET-MOD004-0031","COLSET-MOD004-0031","Round Half-Belly Column Set - Tuscan Round Cap & Tuscan Base Round — COLSET-MOD004","Высоко","Missing parent attribute selection","Texture","Выбрать значение каждого вариативного атрибута"
"1442","COLSET-MOD004-0032","COLSET-MOD004-0032","Round Half-Belly Column Set - Tuscan Round Cap & Tuscan Base Round — COLSET-MOD004","Высоко","Missing parent attribute selection","Texture","Выбрать значение каждого вариативного атрибута"
"1443","COLSET-MOD004-0033","COLSET-MOD004-0033","Round Half-Belly Column Set - Tuscan Round Cap & Tuscan Base Round — COLSET-MOD004","Высоко","Missing parent attribute selection","Texture","Выбрать значение каждого вариативного атрибута"
"1444","COLSET-MOD004-0034","COLSET-MOD004-0034","Round Half-Belly Column Set - Tuscan Round Cap & Tuscan Base Round — COLSET-MOD004","Высоко","Missing parent attribute selection","Texture","Выбрать значение каждого вариативного атрибута"
"1445","COLSET-MOD005-0001","COLSET-MOD005-0001","Square Plain Column Set - Tuscan Square Cap & Tuscan Base Square — COLSET-MOD005","Высоко","Missing parent attribute selection","Texture","Выбрать значение каждого вариативного атрибута"
"1446","COLSET-MOD005-0002","COLSET-MOD005-0002","Square Plain Column Set - Tuscan Square Cap & Tuscan Base Square — COLSET-MOD005","Высоко","Missing parent attribute selection","Texture","Выбрать значение каждого вариативного атрибута"
"1447","COLSET-MOD005-0003","COLSET-MOD005-0003","Square Plain Column Set - Tuscan Square Cap & Tuscan Base Square — COLSET-MOD005","Высоко","Missing parent attribute selection","Texture","Выбрать значение каждого вариативного атрибута"
"1448","COLSET-MOD005-0004","COLSET-MOD005-0004","Square Plain Column Set - Tuscan Square Cap & Tuscan Base Square — COLSET-MOD005","Высоко","Missing parent attribute selection","Texture","Выбрать значение каждого вариативного атрибута"
"1449","COLSET-MOD005-0005","COLSET-MOD005-0005","Square Plain Column Set - Tuscan Square Cap & Tuscan Base Square — COLSET-MOD005","Высоко","Missing parent attribute selection","Texture","Выбрать значение каждого вариативного атрибута"
"1450","COLSET-MOD005-0006","COLSET-MOD005-0006","Square Plain Column Set - Tuscan Square Cap & Tuscan Base Square — COLSET-MOD005","Высоко","Missing parent attribute selection","Texture","Выбрать значение каждого вариативного атрибута"
"1451","COLSET-MOD005-0007","COLSET-MOD005-0007","Square Plain Column Set - Tuscan Square Cap & Tuscan Base Square — COLSET-MOD005","Высоко","Missing parent attribute selection","Texture","Выбрать значение каждого вариативного атрибута"
"1452","COLSET-MOD005-0008","COLSET-MOD005-0008","Square Plain Column Set - Tuscan Square Cap & Tuscan Base Square — COLSET-MOD005","Высоко","Missing parent attribute selection","Texture","Выбрать значение каждого вариативного атрибута"
"1453","COLSET-MOD005-0009","COLSET-MOD005-0009","Square Plain Column Set - Tuscan Square Cap & Tuscan Base Square — COLSET-MOD005","Высоко","Missing parent attribute selection","Texture","Выбрать значение каждого вариативного атрибута"
"1454","COLSET-MOD005-0010","COLSET-MOD005-0010","Square Plain Column Set - Tuscan Square Cap & Tuscan Base Square — COLSET-MOD005","Высоко","Missing parent attribute selection","Texture","Выбрать значение каждого вариативного атрибута"
"1455","COLSET-MOD005-0011","COLSET-MOD005-0011","Square Plain Column Set - Tuscan Square Cap & Tuscan Base Square — COLSET-MOD005","Высоко","Missing parent attribute selection","Texture","Выбрать значение каждого вариативного атрибута"
"1456","COLSET-MOD005-0012","COLSET-MOD005-0012","Square Plain Column Set - Tuscan Square Cap & Tuscan Base Square — COLSET-MOD005","Высоко","Missing parent attribute selection","Texture","Выбрать значение каждого вариативного атрибута"
"1457","COLSET-MOD005-0013","COLSET-MOD005-0013","Square Plain Column Set - Tuscan Square Cap & Tuscan Base Square — COLSET-MOD005","Высоко","Missing parent attribute selection","Texture","Выбрать значение каждого вариативного атрибута"
"1458","COLSET-MOD005-0014","COLSET-MOD005-0014","Square Plain Column Set - Tuscan Square Cap & Tuscan Base Square — COLSET-MOD005","Высоко","Missing parent attribute selection","Texture","Выбрать значение каждого вариативного атрибута"
"1459","COLSET-MOD005-0015","COLSET-MOD005-0015","Square Plain Column Set - Tuscan Square Cap & Tuscan Base Square — COLSET-MOD005","Высоко","Missing parent attribute selection","Texture","Выбрать значение каждого вариативного атрибута"
"1460","COLSET-MOD005-0016","COLSET-MOD005-0016","Square Plain Column Set - Tuscan Square Cap & Tuscan Base Square — COLSET-MOD005","Высоко","Missing parent attribute selection","Texture","Выбрать значение каждого вариативного атрибута"
"1461","COLSET-MOD005-0017","COLSET-MOD005-0017","Square Plain Column Set - Tuscan Square Cap & Tuscan Base Square — COLSET-MOD005","Высоко","Missing parent attribute selection","Texture","Выбрать значение каждого вариативного атрибута"
"1462","COLSET-MOD005-0018","COLSET-MOD005-0018","Square Plain Column Set - Tuscan Square Cap & Tuscan Base Square — COLSET-MOD005","Высоко","Missing parent attribute selection","Texture","Выбрать значение каждого вариативного атрибута"
"1463","COLSET-MOD005-0019","COLSET-MOD005-0019","Square Plain Column Set - Tuscan Square Cap & Tuscan Base Square — COLSET-MOD005","Высоко","Missing parent attribute selection","Texture","Выбрать значение каждого вариативного атрибута"
"1464","COLSET-MOD005-0020","COLSET-MOD005-0020","Square Plain Column Set - Tuscan Square Cap & Tuscan Base Square — COLSET-MOD005","Высоко","Missing parent attribute selection","Texture","Выбрать значение каждого вариативного атрибута"
"1465","COLSET-MOD005-0021","COLSET-MOD005-0021","Square Plain Column Set - Tuscan Square Cap & Tuscan Base Square — COLSET-MOD005","Высоко","Missing parent attribute selection","Texture","Выбрать значение каждого вариативного атрибута"
"1466","COLSET-MOD005-0022","COLSET-MOD005-0022","Square Plain Column Set - Tuscan Square Cap & Tuscan Base Square — COLSET-MOD005","Высоко","Missing parent attribute selection","Texture","Выбрать значение каждого вариативного атрибута"
"1467","COLSET-MOD005-0023","COLSET-MOD005-0023","Square Plain Column Set - Tuscan Square Cap & Tuscan Base Square — COLSET-MOD005","Высоко","Missing parent attribute selection","Texture","Выбрать значение каждого вариативного атрибута"
"1468","COLSET-MOD005-0024","COLSET-MOD005-0024","Square Plain Column Set - Tuscan Square Cap & Tuscan Base Square — COLSET-MOD005","Высоко","Missing parent attribute selection","Texture","Выбрать значение каждого вариативного атрибута"
"1469","COLSET-MOD005-0025","COLSET-MOD005-0025","Square Plain Column Set - Tuscan Square Cap & Tuscan Base Square — COLSET-MOD005","Высоко","Missing parent attribute selection","Texture","Выбрать значение каждого вариативного атрибута"
"1470","COLSET-MOD005-0026","COLSET-MOD005-0026","Square Plain Column Set - Tuscan Square Cap & Tuscan Base Square — COLSET-MOD005","Высоко","Missing parent attribute selection","Texture","Выбрать значение каждого вариативного атрибута"
"1471","COLSET-MOD005-0027","COLSET-MOD005-0027","Square Plain Column Set - Tuscan Square Cap & Tuscan Base Square — COLSET-MOD005","Высоко","Missing parent attribute selection","Texture","Выбрать значение каждого вариативного атрибута"
"1472","COLSET-MOD005-0028","COLSET-MOD005-0028","Square Plain Column Set - Tuscan Square Cap & Tuscan Base Square — COLSET-MOD005","Высоко","Missing parent attribute selection","Texture","Выбрать значение каждого вариативного атрибута"
"1473","COLSET-MOD005-0029","COLSET-MOD005-0029","Square Plain Column Set - Tuscan Square Cap & Tuscan Base Square — COLSET-MOD005","Высоко","Missing parent attribute selection","Texture","Выбрать значение каждого вариативного атрибута"
"1474","COLSET-MOD005-0030","COLSET-MOD005-0030","Square Plain Column Set - Tuscan Square Cap & Tuscan Base Square — COLSET-MOD005","Высоко","Missing parent attribute selection","Texture","Выбрать значение каждого вариативного атрибута"
"1475","COLSET-MOD005-0031","COLSET-MOD005-0031","Square Plain Column Set - Tuscan Square Cap & Tuscan Base Square — COLSET-MOD005","Высоко","Missing parent attribute selection","Texture","Выбрать значение каждого вариативного атрибута"
"1476","COLSET-MOD005-0032","COLSET-MOD005-0032","Square Plain Column Set - Tuscan Square Cap & Tuscan Base Square — COLSET-MOD005","Высоко","Missing parent attribute selection","Texture","Выбрать значение каждого вариативного атрибута"
"1477","COLSET-MOD005-0033","COLSET-MOD005-0033","Square Plain Column Set - Tuscan Square Cap & Tuscan Base Square — COLSET-MOD005","Высоко","Missing parent attribute selection","Texture","Выбрать значение каждого вариативного атрибута"
"1478","COLSET-MOD005-0034","COLSET-MOD005-0034","Square Plain Column Set - Tuscan Square Cap & Tuscan Base Square — COLSET-MOD005","Высоко","Missing parent attribute selection","Texture","Выбрать значение каждого вариативного атрибута"
"1479","COLSET-MOD006-0001","COLSET-MOD006-0001","Square Tapered Column Set - Tuscan Square Cap & Tuscan Base Square — COLSET-MOD006","Высоко","Missing parent attribute selection","Texture","Выбрать значение каждого вариативного атрибута"
"1480","COLSET-MOD006-0002","COLSET-MOD006-0002","Square Tapered Column Set - Tuscan Square Cap & Tuscan Base Square — COLSET-MOD006","Высоко","Missing parent attribute selection","Texture","Выбрать значение каждого вариативного атрибута"
"1481","COLSET-MOD006-0003","COLSET-MOD006-0003","Square Tapered Column Set - Tuscan Square Cap & Tuscan Base Square — COLSET-MOD006","Высоко","Missing parent attribute selection","Texture","Выбрать значение каждого вариативного атрибута"
"1482","COLSET-MOD006-0004","COLSET-MOD006-0004","Square Tapered Column Set - Tuscan Square Cap & Tuscan Base Square — COLSET-MOD006","Высоко","Missing parent attribute selection","Texture","Выбрать значение каждого вариативного атрибута"
"1483","COLSET-MOD006-0005","COLSET-MOD006-0005","Square Tapered Column Set - Tuscan Square Cap & Tuscan Base Square — COLSET-MOD006","Высоко","Missing parent attribute selection","Texture","Выбрать значение каждого вариативного атрибута"
"1484","COLSET-MOD006-0006","COLSET-MOD006-0006","Square Tapered Column Set - Tuscan Square Cap & Tuscan Base Square — COLSET-MOD006","Высоко","Missing parent attribute selection","Texture","Выбрать значение каждого вариативного атрибута"
"1485","COLSET-MOD006-0007","COLSET-MOD006-0007","Square Tapered Column Set - Tuscan Square Cap & Tuscan Base Square — COLSET-MOD006","Высоко","Missing parent attribute selection","Texture","Выбрать значение каждого вариативного атрибута"
"1486","COLSET-MOD006-0008","COLSET-MOD006-0008","Square Tapered Column Set - Tuscan Square Cap & Tuscan Base Square — COLSET-MOD006","Высоко","Missing parent attribute selection","Texture","Выбрать значение каждого вариативного атрибута"
"1487","COLSET-MOD006-0009","COLSET-MOD006-0009","Square Tapered Column Set - Tuscan Square Cap & Tuscan Base Square — COLSET-MOD006","Высоко","Missing parent attribute selection","Texture","Выбрать значение каждого вариативного атрибута"
"1488","COLSET-MOD006-0010","COLSET-MOD006-0010","Square Tapered Column Set - Tuscan Square Cap & Tuscan Base Square — COLSET-MOD006","Высоко","Missing parent attribute selection","Texture","Выбрать значение каждого вариативного атрибута"
"1489","COLSET-MOD006-0011","COLSET-MOD006-0011","Square Tapered Column Set - Tuscan Square Cap & Tuscan Base Square — COLSET-MOD006","Высоко","Missing parent attribute selection","Texture","Выбрать значение каждого вариативного атрибута"
"1490","COLSET-MOD006-0012","COLSET-MOD006-0012","Square Tapered Column Set - Tuscan Square Cap & Tuscan Base Square — COLSET-MOD006","Высоко","Missing parent attribute selection","Texture","Выбрать значение каждого вариативного атрибута"
"1491","COLSET-MOD006-0013","COLSET-MOD006-0013","Square Tapered Column Set - Tuscan Square Cap & Tuscan Base Square — COLSET-MOD006","Высоко","Missing parent attribute selection","Texture","Выбрать значение каждого вариативного атрибута"
"1492","COLSET-MOD006-0014","COLSET-MOD006-0014","Square Tapered Column Set - Tuscan Square Cap & Tuscan Base Square — COLSET-MOD006","Высоко","Missing parent attribute selection","Texture","Выбрать значение каждого вариативного атрибута"
"1493","COLSET-MOD006-0015","COLSET-MOD006-0015","Square Tapered Column Set - Tuscan Square Cap & Tuscan Base Square — COLSET-MOD006","Высоко","Missing parent attribute selection","Texture","Выбрать значение каждого вариативного атрибута"
"1494","COLSET-MOD006-0016","COLSET-MOD006-0016","Square Tapered Column Set - Tuscan Square Cap & Tuscan Base Square — COLSET-MOD006","Высоко","Missing parent attribute selection","Texture","Выбрать значение каждого вариативного атрибута"
"1495","COLSET-MOD006-0017","COLSET-MOD006-0017","Square Tapered Column Set - Tuscan Square Cap & Tuscan Base Square — COLSET-MOD006","Высоко","Missing parent attribute selection","Texture","Выбрать значение каждого вариативного атрибута"
"1496","COLSET-MOD006-0018","COLSET-MOD006-0018","Square Tapered Column Set - Tuscan Square Cap & Tuscan Base Square — COLSET-MOD006","Высоко","Missing parent attribute selection","Texture","Выбрать значение каждого вариативного атрибута"
"1497","COLSET-MOD006-0019","COLSET-MOD006-0019","Square Tapered Column Set - Tuscan Square Cap & Tuscan Base Square — COLSET-MOD006","Высоко","Missing parent attribute selection","Texture","Выбрать значение каждого вариативного атрибута"
"1498","COLSET-MOD006-0020","COLSET-MOD006-0020","Square Tapered Column Set - Tuscan Square Cap & Tuscan Base Square — COLSET-MOD006","Высоко","Missing parent attribute selection","Texture","Выбрать значение каждого вариативного атрибута"
"1499","COLSET-MOD006-0021","COLSET-MOD006-0021","Square Tapered Column Set - Tuscan Square Cap & Tuscan Base Square — COLSET-MOD006","Высоко","Missing parent attribute selection","Texture","Выбрать значение каждого вариативного атрибута"
"1500","COLSET-MOD006-0022","COLSET-MOD006-0022","Square Tapered Column Set - Tuscan Square Cap & Tuscan Base Square — COLSET-MOD006","Высоко","Missing parent attribute selection","Texture","Выбрать значение каждого вариативного атрибута"
"1501","COLSET-MOD006-0023","COLSET-MOD006-0023","Square Tapered Column Set - Tuscan Square Cap & Tuscan Base Square — COLSET-MOD006","Высоко","Missing parent attribute selection","Texture","Выбрать значение каждого вариативного атрибута"
"1502","COLSET-MOD006-0024","COLSET-MOD006-0024","Square Tapered Column Set - Tuscan Square Cap & Tuscan Base Square — COLSET-MOD006","Высоко","Missing parent attribute selection","Texture","Выбрать значение каждого вариативного атрибута"
"1503","COLSET-MOD006-0025","COLSET-MOD006-0025","Square Tapered Column Set - Tuscan Square Cap & Tuscan Base Square — COLSET-MOD006","Высоко","Missing parent attribute selection","Texture","Выбрать значение каждого вариативного атрибута"
"1504","COLSET-MOD006-0026","COLSET-MOD006-0026","Square Tapered Column Set - Tuscan Square Cap & Tuscan Base Square — COLSET-MOD006","Высоко","Missing parent attribute selection","Texture","Выбрать значение каждого вариативного атрибута"
"1505","COLSET-MOD006-0027","COLSET-MOD006-0027","Square Tapered Column Set - Tuscan Square Cap & Tuscan Base Square — COLSET-MOD006","Высоко","Missing parent attribute selection","Texture","Выбрать значение каждого вариативного атрибута"
"1506","COLSET-MOD006-0028","COLSET-MOD006-0028","Square Tapered Column Set - Tuscan Square Cap & Tuscan Base Square — COLSET-MOD006","Высоко","Missing parent attribute selection","Texture","Выбрать значение каждого вариативного атрибута"
"1507","COLSET-MOD006-0029","COLSET-MOD006-0029","Square Tapered Column Set - Tuscan Square Cap & Tuscan Base Square — COLSET-MOD006","Высоко","Missing parent attribute selection","Texture","Выбрать значение каждого вариативного атрибута"
"1508","COLSET-MOD006-0030","COLSET-MOD006-0030","Square Tapered Column Set - Tuscan Square Cap & Tuscan Base Square — COLSET-MOD006","Высоко","Missing parent attribute selection","Texture","Выбрать значение каждого вариативного атрибута"
"1509","COLSET-MOD006-0031","COLSET-MOD006-0031","Square Tapered Column Set - Tuscan Square Cap & Tuscan Base Square — COLSET-MOD006","Высоко","Missing parent attribute selection","Texture","Выбрать значение каждого вариативного атрибута"
"1510","COLSET-MOD006-0032","COLSET-MOD006-0032","Square Tapered Column Set - Tuscan Square Cap & Tuscan Base Square — COLSET-MOD006","Высоко","Missing parent attribute selection","Texture","Выбрать значение каждого вариативного атрибута"
"1511","COLSET-MOD006-0033","COLSET-MOD006-0033","Square Tapered Column Set - Tuscan Square Cap & Tuscan Base Square — COLSET-MOD006","Высоко","Missing parent attribute selection","Texture","Выбрать значение каждого вариативного атрибута"
"1512","COLSET-MOD006-0034","COLSET-MOD006-0034","Square Tapered Column Set - Tuscan Square Cap & Tuscan Base Square — COLSET-MOD006","Высоко","Missing parent attribute selection","Texture","Выбрать значение каждого вариативного атрибута"
"1513","COLSET-MOD007-0001","COLSET-MOD007-0001","Square Slotted Column Set - Tuscan Square Cap & Tuscan Base Square — COLSET-MOD007","Высоко","Missing parent attribute selection","Texture","Выбрать значение каждого вариативного атрибута"
"1514","COLSET-MOD007-0002","COLSET-MOD007-0002","Square Slotted Column Set - Tuscan Square Cap & Tuscan Base Square — COLSET-MOD007","Высоко","Missing parent attribute selection","Texture","Выбрать значение каждого вариативного атрибута"
"1515","COLSET-MOD007-0003","COLSET-MOD007-0003","Square Slotted Column Set - Tuscan Square Cap & Tuscan Base Square — COLSET-MOD007","Высоко","Missing parent attribute selection","Texture","Выбрать значение каждого вариативного атрибута"
"1516","COLSET-MOD007-0004","COLSET-MOD007-0004","Square Slotted Column Set - Tuscan Square Cap & Tuscan Base Square — COLSET-MOD007","Высоко","Missing parent attribute selection","Texture","Выбрать значение каждого вариативного атрибута"
"1517","COLSET-MOD007-0005","COLSET-MOD007-0005","Square Slotted Column Set - Tuscan Square Cap & Tuscan Base Square — COLSET-MOD007","Высоко","Missing parent attribute selection","Texture","Выбрать значение каждого вариативного атрибута"
"1518","COLSET-MOD007-0006","COLSET-MOD007-0006","Square Slotted Column Set - Tuscan Square Cap & Tuscan Base Square — COLSET-MOD007","Высоко","Missing parent attribute selection","Texture","Выбрать значение каждого вариативного атрибута"
"1519","COLSET-MOD007-0007","COLSET-MOD007-0007","Square Slotted Column Set - Tuscan Square Cap & Tuscan Base Square — COLSET-MOD007","Высоко","Missing parent attribute selection","Texture","Выбрать значение каждого вариативного атрибута"
"1520","COLSET-MOD007-0008","COLSET-MOD007-0008","Square Slotted Column Set - Tuscan Square Cap & Tuscan Base Square — COLSET-MOD007","Высоко","Missing parent attribute selection","Texture","Выбрать значение каждого вариативного атрибута"
"1521","COLSET-MOD007-0009","COLSET-MOD007-0009","Square Slotted Column Set - Tuscan Square Cap & Tuscan Base Square — COLSET-MOD007","Высоко","Missing parent attribute selection","Texture","Выбрать значение каждого вариативного атрибута"
"1522","COLSET-MOD007-0010","COLSET-MOD007-0010","Square Slotted Column Set - Tuscan Square Cap & Tuscan Base Square — COLSET-MOD007","Высоко","Missing parent attribute selection","Texture","Выбрать значение каждого вариативного атрибута"
"1523","COLSET-MOD007-0011","COLSET-MOD007-0011","Square Slotted Column Set - Tuscan Square Cap & Tuscan Base Square — COLSET-MOD007","Высоко","Missing parent attribute selection","Texture","Выбрать значение каждого вариативного атрибута"
"1524","COLSET-MOD007-0012","COLSET-MOD007-0012","Square Slotted Column Set - Tuscan Square Cap & Tuscan Base Square — COLSET-MOD007","Высоко","Missing parent attribute selection","Texture","Выбрать значение каждого вариативного атрибута"
"1525","COLSET-MOD007-0013","COLSET-MOD007-0013","Square Slotted Column Set - Tuscan Square Cap & Tuscan Base Square — COLSET-MOD007","Высоко","Missing parent attribute selection","Texture","Выбрать значение каждого вариативного атрибута"
"1526","COLSET-MOD007-0014","COLSET-MOD007-0014","Square Slotted Column Set - Tuscan Square Cap & Tuscan Base Square — COLSET-MOD007","Высоко","Missing parent attribute selection","Texture","Выбрать значение каждого вариативного атрибута"
"1527","COLSET-MOD007-0015","COLSET-MOD007-0015","Square Slotted Column Set - Tuscan Square Cap & Tuscan Base Square — COLSET-MOD007","Высоко","Missing parent attribute selection","Texture","Выбрать значение каждого вариативного атрибута"
"1528","COLSET-MOD007-0016","COLSET-MOD007-0016","Square Slotted Column Set - Tuscan Square Cap & Tuscan Base Square — COLSET-MOD007","Высоко","Missing parent attribute selection","Texture","Выбрать значение каждого вариативного атрибута"
"1529","COLSET-MOD007-0017","COLSET-MOD007-0017","Square Slotted Column Set - Tuscan Square Cap & Tuscan Base Square — COLSET-MOD007","Высоко","Missing parent attribute selection","Texture","Выбрать значение каждого вариативного атрибута"
"1530","COLSET-MOD007-0018","COLSET-MOD007-0018","Square Slotted Column Set - Tuscan Square Cap & Tuscan Base Square — COLSET-MOD007","Высоко","Missing parent attribute selection","Texture","Выбрать значение каждого вариативного атрибута"
"1531","COLSET-MOD007-0019","COLSET-MOD007-0019","Square Slotted Column Set - Tuscan Square Cap & Tuscan Base Square — COLSET-MOD007","Высоко","Missing parent attribute selection","Texture","Выбрать значение каждого вариативного атрибута"
"1532","COLSET-MOD007-0020","COLSET-MOD007-0020","Square Slotted Column Set - Tuscan Square Cap & Tuscan Base Square — COLSET-MOD007","Высоко","Missing parent attribute selection","Texture","Выбрать значение каждого вариативного атрибута"
"1533","COLSET-MOD007-0021","COLSET-MOD007-0021","Square Slotted Column Set - Tuscan Square Cap & Tuscan Base Square — COLSET-MOD007","Высоко","Missing parent attribute selection","Texture","Выбрать значение каждого вариативного атрибута"
"1534","COLSET-MOD007-0022","COLSET-MOD007-0022","Square Slotted Column Set - Tuscan Square Cap & Tuscan Base Square — COLSET-MOD007","Высоко","Missing parent attribute selection","Texture","Выбрать значение каждого вариативного атрибута"
"1535","COLSET-MOD007-0023","COLSET-MOD007-0023","Square Slotted Column Set - Tuscan Square Cap & Tuscan Base Square — COLSET-MOD007","Высоко","Missing parent attribute selection","Texture","Выбрать значение каждого вариативного атрибута"
"1536","COLSET-MOD007-0024","COLSET-MOD007-0024","Square Slotted Column Set - Tuscan Square Cap & Tuscan Base Square — COLSET-MOD007","Высоко","Missing parent attribute selection","Texture","Выбрать значение каждого вариативного атрибута"
"1537","COLSET-MOD007-0025","COLSET-MOD007-0025","Square Slotted Column Set - Tuscan Square Cap & Tuscan Base Square — COLSET-MOD007","Высоко","Missing parent attribute selection","Texture","Выбрать значение каждого вариативного атрибута"
"1538","COLSET-MOD007-0026","COLSET-MOD007-0026","Square Slotted Column Set - Tuscan Square Cap & Tuscan Base Square — COLSET-MOD007","Высоко","Missing parent attribute selection","Texture","Выбрать значение каждого вариативного атрибута"
"1539","COLSET-MOD007-0027","COLSET-MOD007-0027","Square Slotted Column Set - Tuscan Square Cap & Tuscan Base Square — COLSET-MOD007","Высоко","Missing parent attribute selection","Texture","Выбрать значение каждого вариативного атрибута"
"1540","COLSET-MOD007-0028","COLSET-MOD007-0028","Square Slotted Column Set - Tuscan Square Cap & Tuscan Base Square — COLSET-MOD007","Высоко","Missing parent attribute selection","Texture","Выбрать значение каждого вариативного атрибута"
"1541","COLSET-MOD007-0029","COLSET-MOD007-0029","Square Slotted Column Set - Tuscan Square Cap & Tuscan Base Square — COLSET-MOD007","Высоко","Missing parent attribute selection","Texture","Выбрать значение каждого вариативного атрибута"
"1542","COLSET-MOD007-0030","COLSET-MOD007-0030","Square Slotted Column Set - Tuscan Square Cap & Tuscan Base Square — COLSET-MOD007","Высоко","Missing parent attribute selection","Texture","Выбрать значение каждого вариативного атрибута"
"1543","COLSET-MOD007-0031","COLSET-MOD007-0031","Square Slotted Column Set - Tuscan Square Cap & Tuscan Base Square — COLSET-MOD007","Высоко","Missing parent attribute selection","Texture","Выбрать значение каждого вариативного атрибута"
"1544","COLSET-MOD007-0032","COLSET-MOD007-0032","Square Slotted Column Set - Tuscan Square Cap & Tuscan Base Square — COLSET-MOD007","Высоко","Missing parent attribute selection","Texture","Выбрать значение каждого вариативного атрибута"
"1545","COLSET-MOD007-0033","COLSET-MOD007-0033","Square Slotted Column Set - Tuscan Square Cap & Tuscan Base Square — COLSET-MOD007","Высоко","Missing parent attribute selection","Texture","Выбрать значение каждого вариативного атрибута"
"1546","COLSET-MOD007-0034","COLSET-MOD007-0034","Square Slotted Column Set - Tuscan Square Cap & Tuscan Base Square — COLSET-MOD007","Высоко","Missing parent attribute selection","Texture","Выбрать значение каждого вариативного атрибута"
"1547","COLSET-MOD008-0001","COLSET-MOD008-0001","Square Fluted Column Set - Tuscan Square Cap & Tuscan Base Square — COLSET-MOD008","Высоко","Missing parent attribute selection","Texture","Выбрать значение каждого вариативного атрибута"
"1548","COLSET-MOD008-0002","COLSET-MOD008-0002","Square Fluted Column Set - Tuscan Square Cap & Tuscan Base Square — COLSET-MOD008","Высоко","Missing parent attribute selection","Texture","Выбрать значение каждого вариативного атрибута"
"1549","COLSET-MOD008-0003","COLSET-MOD008-0003","Square Fluted Column Set - Tuscan Square Cap & Tuscan Base Square — COLSET-MOD008","Высоко","Missing parent attribute selection","Texture","Выбрать значение каждого вариативного атрибута"
"1550","COLSET-MOD008-0004","COLSET-MOD008-0004","Square Fluted Column Set - Tuscan Square Cap & Tuscan Base Square — COLSET-MOD008","Высоко","Missing parent attribute selection","Texture","Выбрать значение каждого вариативного атрибута"
"1551","COLSET-MOD008-0005","COLSET-MOD008-0005","Square Fluted Column Set - Tuscan Square Cap & Tuscan Base Square — COLSET-MOD008","Высоко","Missing parent attribute selection","Texture","Выбрать значение каждого вариативного атрибута"
"1552","COLSET-MOD008-0006","COLSET-MOD008-0006","Square Fluted Column Set - Tuscan Square Cap & Tuscan Base Square — COLSET-MOD008","Высоко","Missing parent attribute selection","Texture","Выбрать значение каждого вариативного атрибута"
"1553","COLSET-MOD008-0007","COLSET-MOD008-0007","Square Fluted Column Set - Tuscan Square Cap & Tuscan Base Square — COLSET-MOD008","Высоко","Missing parent attribute selection","Texture","Выбрать значение каждого вариативного атрибута"
"1554","COLSET-MOD008-0008","COLSET-MOD008-0008","Square Fluted Column Set - Tuscan Square Cap & Tuscan Base Square — COLSET-MOD008","Высоко","Missing parent attribute selection","Texture","Выбрать значение каждого вариативного атрибута"
"1555","COLSET-MOD008-0009","COLSET-MOD008-0009","Square Fluted Column Set - Tuscan Square Cap & Tuscan Base Square — COLSET-MOD008","Высоко","Missing parent attribute selection","Texture","Выбрать значение каждого вариативного атрибута"
"1556","COLSET-MOD008-0010","COLSET-MOD008-0010","Square Fluted Column Set - Tuscan Square Cap & Tuscan Base Square — COLSET-MOD008","Высоко","Missing parent attribute selection","Texture","Выбрать значение каждого вариативного атрибута"
"1557","COLSET-MOD008-0011","COLSET-MOD008-0011","Square Fluted Column Set - Tuscan Square Cap & Tuscan Base Square — COLSET-MOD008","Высоко","Missing parent attribute selection","Texture","Выбрать значение каждого вариативного атрибута"
"1558","COLSET-MOD008-0012","COLSET-MOD008-0012","Square Fluted Column Set - Tuscan Square Cap & Tuscan Base Square — COLSET-MOD008","Высоко","Missing parent attribute selection","Texture","Выбрать значение каждого вариативного атрибута"
"1559","COLSET-MOD008-0013","COLSET-MOD008-0013","Square Fluted Column Set - Tuscan Square Cap & Tuscan Base Square — COLSET-MOD008","Высоко","Missing parent attribute selection","Texture","Выбрать значение каждого вариативного атрибута"
"1560","COLSET-MOD008-0014","COLSET-MOD008-0014","Square Fluted Column Set - Tuscan Square Cap & Tuscan Base Square — COLSET-MOD008","Высоко","Missing parent attribute selection","Texture","Выбрать значение каждого вариативного атрибута"
"1561","COLSET-MOD008-0015","COLSET-MOD008-0015","Square Fluted Column Set - Tuscan Square Cap & Tuscan Base Square — COLSET-MOD008","Высоко","Missing parent attribute selection","Texture","Выбрать значение каждого вариативного атрибута"
"1562","COLSET-MOD008-0016","COLSET-MOD008-0016","Square Fluted Column Set - Tuscan Square Cap & Tuscan Base Square — COLSET-MOD008","Высоко","Missing parent attribute selection","Texture","Выбрать значение каждого вариативного атрибута"
"1563","COLSET-MOD008-0017","COLSET-MOD008-0017","Square Fluted Column Set - Tuscan Square Cap & Tuscan Base Square — COLSET-MOD008","Высоко","Missing parent attribute selection","Texture","Выбрать значение каждого вариативного атрибута"
"1564","COLSET-MOD008-0018","COLSET-MOD008-0018","Square Fluted Column Set - Tuscan Square Cap & Tuscan Base Square — COLSET-MOD008","Высоко","Missing parent attribute selection","Texture","Выбрать значение каждого вариативного атрибута"
"1565","COLSET-MOD008-0019","COLSET-MOD008-0019","Square Fluted Column Set - Tuscan Square Cap & Tuscan Base Square — COLSET-MOD008","Высоко","Missing parent attribute selection","Texture","Выбрать значение каждого вариативного атрибута"
"1566","COLSET-MOD008-0020","COLSET-MOD008-0020","Square Fluted Column Set - Tuscan Square Cap & Tuscan Base Square — COLSET-MOD008","Высоко","Missing parent attribute selection","Texture","Выбрать значение каждого вариативного атрибута"
"1567","COLSET-MOD008-0021","COLSET-MOD008-0021","Square Fluted Column Set - Tuscan Square Cap & Tuscan Base Square — COLSET-MOD008","Высоко","Missing parent attribute selection","Texture","Выбрать значение каждого вариативного атрибута"
"1568","COLSET-MOD008-0022","COLSET-MOD008-0022","Square Fluted Column Set - Tuscan Square Cap & Tuscan Base Square — COLSET-MOD008","Высоко","Missing parent attribute selection","Texture","Выбрать значение каждого вариативного атрибута"
"1569","COLSET-MOD008-0023","COLSET-MOD008-0023","Square Fluted Column Set - Tuscan Square Cap & Tuscan Base Square — COLSET-MOD008","Высоко","Missing parent attribute selection","Texture","Выбрать значение каждого вариативного атрибута"
"1570","COLSET-MOD008-0024","COLSET-MOD008-0024","Square Fluted Column Set - Tuscan Square Cap & Tuscan Base Square — COLSET-MOD008","Высоко","Missing parent attribute selection","Texture","Выбрать значение каждого вариативного атрибута"
"1571","COLSET-MOD008-0025","COLSET-MOD008-0025","Square Fluted Column Set - Tuscan Square Cap & Tuscan Base Square — COLSET-MOD008","Высоко","Missing parent attribute selection","Texture","Выбрать значение каждого вариативного атрибута"
"1572","COLSET-MOD008-0026","COLSET-MOD008-0026","Square Fluted Column Set - Tuscan Square Cap & Tuscan Base Square — COLSET-MOD008","Высоко","Missing parent attribute selection","Texture","Выбрать значение каждого вариативного атрибута"
"1573","COLSET-MOD008-0027","COLSET-MOD008-0027","Square Fluted Column Set - Tuscan Square Cap & Tuscan Base Square — COLSET-MOD008","Высоко","Missing parent attribute selection","Texture","Выбрать значение каждого вариативного атрибута"
"1574","COLSET-MOD008-0028","COLSET-MOD008-0028","Square Fluted Column Set - Tuscan Square Cap & Tuscan Base Square — COLSET-MOD008","Высоко","Missing parent attribute selection","Texture","Выбрать значение каждого вариативного атрибута"
"1575","COLSET-MOD008-0029","COLSET-MOD008-0029","Square Fluted Column Set - Tuscan Square Cap & Tuscan Base Square — COLSET-MOD008","Высоко","Missing parent attribute selection","Texture","Выбрать значение каждого вариативного атрибута"
"1576","COLSET-MOD008-0030","COLSET-MOD008-0030","Square Fluted Column Set - Tuscan Square Cap & Tuscan Base Square — COLSET-MOD008","Высоко","Missing parent attribute selection","Texture","Выбрать значение каждого вариативного атрибута"
"1577","COLSET-MOD008-0031","COLSET-MOD008-0031","Square Fluted Column Set - Tuscan Square Cap & Tuscan Base Square — COLSET-MOD008","Высоко","Missing parent attribute selection","Texture","Выбрать значение каждого вариативного атрибута"
"1578","COLSET-MOD008-0032","COLSET-MOD008-0032","Square Fluted Column Set - Tuscan Square Cap & Tuscan Base Square — COLSET-MOD008","Высоко","Missing parent attribute selection","Texture","Выбрать значение каждого вариативного атрибута"
"1579","COLSET-MOD008-0033","COLSET-MOD008-0033","Square Fluted Column Set - Tuscan Square Cap & Tuscan Base Square — COLSET-MOD008","Высоко","Missing parent attribute selection","Texture","Выбрать значение каждого вариативного атрибута"
"1580","COLSET-MOD008-0034","COLSET-MOD008-0034","Square Fluted Column Set - Tuscan Square Cap & Tuscan Base Square — COLSET-MOD008","Высоко","Missing parent attribute selection","Texture","Выбрать значение каждого вариативного атрибута"
"1581","COLSET-MOD009-0001","COLSET-MOD009-0001","Round Fluted Column Set - Tuscan Round Cap & Tuscan Base Round — COLSET-MOD009","Высоко","Missing parent attribute selection","Texture","Выбрать значение каждого вариативного атрибута"
"1582","COLSET-MOD009-0002","COLSET-MOD009-0002","Round Fluted Column Set - Tuscan Round Cap & Tuscan Base Round — COLSET-MOD009","Высоко","Missing parent attribute selection","Texture","Выбрать значение каждого вариативного атрибута"
"1583","COLSET-MOD009-0003","COLSET-MOD009-0003","Round Fluted Column Set - Tuscan Round Cap & Tuscan Base Round — COLSET-MOD009","Высоко","Missing parent attribute selection","Texture","Выбрать значение каждого вариативного атрибута"
"1584","COLSET-MOD009-0004","COLSET-MOD009-0004","Round Fluted Column Set - Tuscan Round Cap & Tuscan Base Round — COLSET-MOD009","Высоко","Missing parent attribute selection","Texture","Выбрать значение каждого вариативного атрибута"
"1585","COLSET-MOD009-0005","COLSET-MOD009-0005","Round Fluted Column Set - Tuscan Round Cap & Tuscan Base Round — COLSET-MOD009","Высоко","Missing parent attribute selection","Texture","Выбрать значение каждого вариативного атрибута"
"1586","COLSET-MOD009-0006","COLSET-MOD009-0006","Round Fluted Column Set - Tuscan Round Cap & Tuscan Base Round — COLSET-MOD009","Высоко","Missing parent attribute selection","Texture","Выбрать значение каждого вариативного атрибута"
"1587","COLSET-MOD009-0007","COLSET-MOD009-0007","Round Fluted Column Set - Tuscan Round Cap & Tuscan Base Round — COLSET-MOD009","Высоко","Missing parent attribute selection","Texture","Выбрать значение каждого вариативного атрибута"
"1588","COLSET-MOD009-0008","COLSET-MOD009-0008","Round Fluted Column Set - Tuscan Round Cap & Tuscan Base Round — COLSET-MOD009","Высоко","Missing parent attribute selection","Texture","Выбрать значение каждого вариативного атрибута"
"1589","COLSET-MOD009-0009","COLSET-MOD009-0009","Round Fluted Column Set - Tuscan Round Cap & Tuscan Base Round — COLSET-MOD009","Высоко","Missing parent attribute selection","Texture","Выбрать значение каждого вариативного атрибута"
"1590","COLSET-MOD009-0010","COLSET-MOD009-0010","Round Fluted Column Set - Tuscan Round Cap & Tuscan Base Round — COLSET-MOD009","Высоко","Missing parent attribute selection","Texture","Выбрать значение каждого вариативного атрибута"
"1591","COLSET-MOD009-0011","COLSET-MOD009-0011","Round Fluted Column Set - Tuscan Round Cap & Tuscan Base Round — COLSET-MOD009","Высоко","Missing parent attribute selection","Texture","Выбрать значение каждого вариативного атрибута"
"1592","COLSET-MOD009-0012","COLSET-MOD009-0012","Round Fluted Column Set - Tuscan Round Cap & Tuscan Base Round — COLSET-MOD009","Высоко","Missing parent attribute selection","Texture","Выбрать значение каждого вариативного атрибута"
"1593","COLSET-MOD009-0013","COLSET-MOD009-0013","Round Fluted Column Set - Tuscan Round Cap & Tuscan Base Round — COLSET-MOD009","Высоко","Missing parent attribute selection","Texture","Выбрать значение каждого вариативного атрибута"
"1594","COLSET-MOD009-0014","COLSET-MOD009-0014","Round Fluted Column Set - Tuscan Round Cap & Tuscan Base Round — COLSET-MOD009","Высоко","Missing parent attribute selection","Texture","Выбрать значение каждого вариативного атрибута"
"1595","COLSET-MOD009-0015","COLSET-MOD009-0015","Round Fluted Column Set - Tuscan Round Cap & Tuscan Base Round — COLSET-MOD009","Высоко","Missing parent attribute selection","Texture","Выбрать значение каждого вариативного атрибута"
"1596","COLSET-MOD009-0016","COLSET-MOD009-0016","Round Fluted Column Set - Tuscan Round Cap & Tuscan Base Round — COLSET-MOD009","Высоко","Missing parent attribute selection","Texture","Выбрать значение каждого вариативного атрибута"
"1597","COLSET-MOD009-0017","COLSET-MOD009-0017","Round Fluted Column Set - Tuscan Round Cap & Tuscan Base Round — COLSET-MOD009","Высоко","Missing parent attribute selection","Texture","Выбрать значение каждого вариативного атрибута"
"1598","COLSET-MOD009-0018","COLSET-MOD009-0018","Round Fluted Column Set - Tuscan Round Cap & Tuscan Base Round — COLSET-MOD009","Высоко","Missing parent attribute selection","Texture","Выбрать значение каждого вариативного атрибута"
"1599","COLSET-MOD009-0019","COLSET-MOD009-0019","Round Fluted Column Set - Tuscan Round Cap & Tuscan Base Round — COLSET-MOD009","Высоко","Missing parent attribute selection","Texture","Выбрать значение каждого вариативного атрибута"
"1600","COLSET-MOD009-0020","COLSET-MOD009-0020","Round Fluted Column Set - Tuscan Round Cap & Tuscan Base Round — COLSET-MOD009","Высоко","Missing parent attribute selection","Texture","Выбрать значение каждого вариативного атрибута"
"1601","COLSET-MOD009-0021","COLSET-MOD009-0021","Round Fluted Column Set - Tuscan Round Cap & Tuscan Base Round — COLSET-MOD009","Высоко","Missing parent attribute selection","Texture","Выбрать значение каждого вариативного атрибута"
"1602","COLSET-MOD009-0022","COLSET-MOD009-0022","Round Fluted Column Set - Tuscan Round Cap & Tuscan Base Round — COLSET-MOD009","Высоко","Missing parent attribute selection","Texture","Выбрать значение каждого вариативного атрибута"
"1603","COLSET-MOD009-0023","COLSET-MOD009-0023","Round Fluted Column Set - Tuscan Round Cap & Tuscan Base Round — COLSET-MOD009","Высоко","Missing parent attribute selection","Texture","Выбрать значение каждого вариативного атрибута"
"1604","COLSET-MOD009-0024","COLSET-MOD009-0024","Round Fluted Column Set - Tuscan Round Cap & Tuscan Base Round — COLSET-MOD009","Высоко","Missing parent attribute selection","Texture","Выбрать значение каждого вариативного атрибута"
"1605","COLSET-MOD009-0025","COLSET-MOD009-0025","Round Fluted Column Set - Tuscan Round Cap & Tuscan Base Round — COLSET-MOD009","Высоко","Missing parent attribute selection","Texture","Выбрать значение каждого вариативного атрибута"
"1606","COLSET-MOD009-0026","COLSET-MOD009-0026","Round Fluted Column Set - Tuscan Round Cap & Tuscan Base Round — COLSET-MOD009","Высоко","Missing parent attribute selection","Texture","Выбрать значение каждого вариативного атрибута"
"1607","COLSET-MOD009-0027","COLSET-MOD009-0027","Round Fluted Column Set - Tuscan Round Cap & Tuscan Base Round — COLSET-MOD009","Высоко","Missing parent attribute selection","Texture","Выбрать значение каждого вариативного атрибута"
"1608","COLSET-MOD009-0028","COLSET-MOD009-0028","Round Fluted Column Set - Tuscan Round Cap & Tuscan Base Round — COLSET-MOD009","Высоко","Missing parent attribute selection","Texture","Выбрать значение каждого вариативного атрибута"
"1609","COLSET-MOD009-0029","COLSET-MOD009-0029","Round Fluted Column Set - Tuscan Round Cap & Tuscan Base Round — COLSET-MOD009","Высоко","Missing parent attribute selection","Texture","Выбрать значение каждого вариативного атрибута"
"1610","COLSET-MOD009-0030","COLSET-MOD009-0030","Round Fluted Column Set - Tuscan Round Cap & Tuscan Base Round — COLSET-MOD009","Высоко","Missing parent attribute selection","Texture","Выбрать значение каждого вариативного атрибута"
"1611","COLSET-MOD009-0031","COLSET-MOD009-0031","Round Fluted Column Set - Tuscan Round Cap & Tuscan Base Round — COLSET-MOD009","Высоко","Missing parent attribute selection","Texture","Выбрать значение каждого вариативного атрибута"
"1612","COLSET-MOD009-0032","COLSET-MOD009-0032","Round Fluted Column Set - Tuscan Round Cap & Tuscan Base Round — COLSET-MOD009","Высоко","Missing parent attribute selection","Texture","Выбрать значение каждого вариативного атрибута"
"1613","COLSET-MOD009-0033","COLSET-MOD009-0033","Round Fluted Column Set - Tuscan Round Cap & Tuscan Base Round — COLSET-MOD009","Высоко","Missing parent attribute selection","Texture","Выбрать значение каждого вариативного атрибута"
"1614","COLSET-MOD009-0034","COLSET-MOD009-0034","Round Fluted Column Set - Tuscan Round Cap & Tuscan Base Round — COLSET-MOD009","Высоко","Missing parent attribute selection","Texture","Выбрать значение каждого вариативного атрибута"
"1615","COLSET-MOD010-0001","COLSET-MOD010-0001","Spiral Round Column Set - Tuscan Round Cap & Tuscan Base Round — COLSET-MOD010","Высоко","Missing parent attribute selection","Texture","Выбрать значение каждого вариативного атрибута"
"1616","COLSET-MOD010-0002","COLSET-MOD010-0002","Spiral Round Column Set - Tuscan Round Cap & Tuscan Base Round — COLSET-MOD010","Высоко","Missing parent attribute selection","Texture","Выбрать значение каждого вариативного атрибута"
"1617","COLSET-MOD010-0003","COLSET-MOD010-0003","Spiral Round Column Set - Tuscan Round Cap & Tuscan Base Round — COLSET-MOD010","Высоко","Missing parent attribute selection","Texture","Выбрать значение каждого вариативного атрибута"
"1618","COLSET-MOD010-0004","COLSET-MOD010-0004","Spiral Round Column Set - Tuscan Round Cap & Tuscan Base Round — COLSET-MOD010","Высоко","Missing parent attribute selection","Texture","Выбрать значение каждого вариативного атрибута"
"1619","COLSET-MOD010-0005","COLSET-MOD010-0005","Spiral Round Column Set - Tuscan Round Cap & Tuscan Base Round — COLSET-MOD010","Высоко","Missing parent attribute selection","Texture","Выбрать значение каждого вариативного атрибута"
"1620","COLSET-MOD010-0006","COLSET-MOD010-0006","Spiral Round Column Set - Tuscan Round Cap & Tuscan Base Round — COLSET-MOD010","Высоко","Missing parent attribute selection","Texture","Выбрать значение каждого вариативного атрибута"
"1621","COLSET-MOD010-0007","COLSET-MOD010-0007","Spiral Round Column Set - Tuscan Round Cap & Tuscan Base Round — COLSET-MOD010","Высоко","Missing parent attribute selection","Texture","Выбрать значение каждого вариативного атрибута"
"1622","COLSET-MOD010-0008","COLSET-MOD010-0008","Spiral Round Column Set - Tuscan Round Cap & Tuscan Base Round — COLSET-MOD010","Высоко","Missing parent attribute selection","Texture","Выбрать значение каждого вариативного атрибута"
"1623","COLSET-MOD010-0009","COLSET-MOD010-0009","Spiral Round Column Set - Tuscan Round Cap & Tuscan Base Round — COLSET-MOD010","Высоко","Missing parent attribute selection","Texture","Выбрать значение каждого вариативного атрибута"
"1624","COLSET-MOD010-0010","COLSET-MOD010-0010","Spiral Round Column Set - Tuscan Round Cap & Tuscan Base Round — COLSET-MOD010","Высоко","Missing parent attribute selection","Texture","Выбрать значение каждого вариативного атрибута"
"1625","COLSET-MOD010-0011","COLSET-MOD010-0011","Spiral Round Column Set - Tuscan Round Cap & Tuscan Base Round — COLSET-MOD010","Высоко","Missing parent attribute selection","Texture","Выбрать значение каждого вариативного атрибута"
"1626","COLSET-MOD010-0012","COLSET-MOD010-0012","Spiral Round Column Set - Tuscan Round Cap & Tuscan Base Round — COLSET-MOD010","Высоко","Missing parent attribute selection","Texture","Выбрать значение каждого вариативного атрибута"
"1627","COLSET-MOD010-0013","COLSET-MOD010-0013","Spiral Round Column Set - Tuscan Round Cap & Tuscan Base Round — COLSET-MOD010","Высоко","Missing parent attribute selection","Texture","Выбрать значение каждого вариативного атрибута"
"1628","COLSET-MOD010-0014","COLSET-MOD010-0014","Spiral Round Column Set - Tuscan Round Cap & Tuscan Base Round — COLSET-MOD010","Высоко","Missing parent attribute selection","Texture","Выбрать значение каждого вариативного атрибута"
"1629","COLSET-MOD010-0015","COLSET-MOD010-0015","Spiral Round Column Set - Tuscan Round Cap & Tuscan Base Round — COLSET-MOD010","Высоко","Missing parent attribute selection","Texture","Выбрать значение каждого вариативного атрибута"
"1630","COLSET-MOD010-0016","COLSET-MOD010-0016","Spiral Round Column Set - Tuscan Round Cap & Tuscan Base Round — COLSET-MOD010","Высоко","Missing parent attribute selection","Texture","Выбрать значение каждого вариативного атрибута"
"1631","COLSET-MOD010-0017","COLSET-MOD010-0017","Spiral Round Column Set - Tuscan Round Cap & Tuscan Base Round — COLSET-MOD010","Высоко","Missing parent attribute selection","Texture","Выбрать значение каждого вариативного атрибута"
"1632","COLSET-MOD010-0018","COLSET-MOD010-0018","Spiral Round Column Set - Tuscan Round Cap & Tuscan Base Round — COLSET-MOD010","Высоко","Missing parent attribute selection","Texture","Выбрать значение каждого вариативного атрибута"
"1633","COLSET-MOD010-0019","COLSET-MOD010-0019","Spiral Round Column Set - Tuscan Round Cap & Tuscan Base Round — COLSET-MOD010","Высоко","Missing parent attribute selection","Texture","Выбрать значение каждого вариативного атрибута"
"1634","COLSET-MOD010-0020","COLSET-MOD010-0020","Spiral Round Column Set - Tuscan Round Cap & Tuscan Base Round — COLSET-MOD010","Высоко","Missing parent attribute selection","Texture","Выбрать значение каждого вариативного атрибута"
"1635","COLSET-MOD010-0021","COLSET-MOD010-0021","Spiral Round Column Set - Tuscan Round Cap & Tuscan Base Round — COLSET-MOD010","Высоко","Missing parent attribute selection","Texture","Выбрать значение каждого вариативного атрибута"
"1636","COLSET-MOD010-0022","COLSET-MOD010-0022","Spiral Round Column Set - Tuscan Round Cap & Tuscan Base Round — COLSET-MOD010","Высоко","Missing parent attribute selection","Texture","Выбрать значение каждого вариативного атрибута"
"1637","COLSET-MOD010-0023","COLSET-MOD010-0023","Spiral Round Column Set - Tuscan Round Cap & Tuscan Base Round — COLSET-MOD010","Высоко","Missing parent attribute selection","Texture","Выбрать значение каждого вариативного атрибута"
"1638","COLSET-MOD010-0024","COLSET-MOD010-0024","Spiral Round Column Set - Tuscan Round Cap & Tuscan Base Round — COLSET-MOD010","Высоко","Missing parent attribute selection","Texture","Выбрать значение каждого вариативного атрибута"
"1639","COLSET-MOD010-0025","COLSET-MOD010-0025","Spiral Round Column Set - Tuscan Round Cap & Tuscan Base Round — COLSET-MOD010","Высоко","Missing parent attribute selection","Texture","Выбрать значение каждого вариативного атрибута"
"1640","COLSET-MOD010-0026","COLSET-MOD010-0026","Spiral Round Column Set - Tuscan Round Cap & Tuscan Base Round — COLSET-MOD010","Высоко","Missing parent attribute selection","Texture","Выбрать значение каждого вариативного атрибута"
"1641","COLSET-MOD010-0027","COLSET-MOD010-0027","Spiral Round Column Set - Tuscan Round Cap & Tuscan Base Round — COLSET-MOD010","Высоко","Missing parent attribute selection","Texture","Выбрать значение каждого вариативного атрибута"
"1642","COLSET-MOD010-0028","COLSET-MOD010-0028","Spiral Round Column Set - Tuscan Round Cap & Tuscan Base Round — COLSET-MOD010","Высоко","Missing parent attribute selection","Texture","Выбрать значение каждого вариативного атрибута"
"1643","COLSET-MOD010-0029","COLSET-MOD010-0029","Spiral Round Column Set - Tuscan Round Cap & Tuscan Base Round — COLSET-MOD010","Высоко","Missing parent attribute selection","Texture","Выбрать значение каждого вариативного атрибута"
"1644","COLSET-MOD010-0030","COLSET-MOD010-0030","Spiral Round Column Set - Tuscan Round Cap & Tuscan Base Round — COLSET-MOD010","Высоко","Missing parent attribute selection","Texture","Выбрать значение каждого вариативного атрибута"
"1645","COLSET-MOD010-0031","COLSET-MOD010-0031","Spiral Round Column Set - Tuscan Round Cap & Tuscan Base Round — COLSET-MOD010","Высоко","Missing parent attribute selection","Texture","Выбрать значение каждого вариативного атрибута"
"1646","COLSET-MOD010-0032","COLSET-MOD010-0032","Spiral Round Column Set - Tuscan Round Cap & Tuscan Base Round — COLSET-MOD010","Высоко","Missing parent attribute selection","Texture","Выбрать значение каждого вариативного атрибута"
"1647","COLSET-MOD010-0033","COLSET-MOD010-0033","Spiral Round Column Set - Tuscan Round Cap & Tuscan Base Round — COLSET-MOD010","Высоко","Missing parent attribute selection","Texture","Выбрать значение каждого вариативного атрибута"
"1648","COLSET-MOD010-0034","COLSET-MOD010-0034","Spiral Round Column Set - Tuscan Round Cap & Tuscan Base Round — COLSET-MOD010","Высоко","Missing parent attribute selection","Texture","Выбрать значение каждого вариативного атрибута"
"1649","COLSET-MOD011-0001","COLSET-MOD011-0001","Spiral Square Column Set - Tuscan Square Cap & Tuscan Base Square — COLSET-MOD011","Высоко","Missing parent attribute selection","Texture","Выбрать значение каждого вариативного атрибута"
"1650","COLSET-MOD011-0002","COLSET-MOD011-0002","Spiral Square Column Set - Tuscan Square Cap & Tuscan Base Square — COLSET-MOD011","Высоко","Missing parent attribute selection","Texture","Выбрать значение каждого вариативного атрибута"
"1651","COLSET-MOD011-0003","COLSET-MOD011-0003","Spiral Square Column Set - Tuscan Square Cap & Tuscan Base Square — COLSET-MOD011","Высоко","Missing parent attribute selection","Texture","Выбрать значение каждого вариативного атрибута"
"1652","COLSET-MOD011-0004","COLSET-MOD011-0004","Spiral Square Column Set - Tuscan Square Cap & Tuscan Base Square — COLSET-MOD011","Высоко","Missing parent attribute selection","Texture","Выбрать значение каждого вариативного атрибута"
"1653","COLSET-MOD011-0005","COLSET-MOD011-0005","Spiral Square Column Set - Tuscan Square Cap & Tuscan Base Square — COLSET-MOD011","Высоко","Missing parent attribute selection","Texture","Выбрать значение каждого вариативного атрибута"
"1654","COLSET-MOD011-0006","COLSET-MOD011-0006","Spiral Square Column Set - Tuscan Square Cap & Tuscan Base Square — COLSET-MOD011","Высоко","Missing parent attribute selection","Texture","Выбрать значение каждого вариативного атрибута"
"1655","COLSET-MOD011-0007","COLSET-MOD011-0007","Spiral Square Column Set - Tuscan Square Cap & Tuscan Base Square — COLSET-MOD011","Высоко","Missing parent attribute selection","Texture","Выбрать значение каждого вариативного атрибута"
"1656","COLSET-MOD011-0008","COLSET-MOD011-0008","Spiral Square Column Set - Tuscan Square Cap & Tuscan Base Square — COLSET-MOD011","Высоко","Missing parent attribute selection","Texture","Выбрать значение каждого вариативного атрибута"
"1657","COLSET-MOD011-0009","COLSET-MOD011-0009","Spiral Square Column Set - Tuscan Square Cap & Tuscan Base Square — COLSET-MOD011","Высоко","Missing parent attribute selection","Texture","Выбрать значение каждого вариативного атрибута"
"1658","COLSET-MOD011-0010","COLSET-MOD011-0010","Spiral Square Column Set - Tuscan Square Cap & Tuscan Base Square — COLSET-MOD011","Высоко","Missing parent attribute selection","Texture","Выбрать значение каждого вариативного атрибута"
"1659","COLSET-MOD011-0011","COLSET-MOD011-0011","Spiral Square Column Set - Tuscan Square Cap & Tuscan Base Square — COLSET-MOD011","Высоко","Missing parent attribute selection","Texture","Выбрать значение каждого вариативного атрибута"
"1660","COLSET-MOD011-0012","COLSET-MOD011-0012","Spiral Square Column Set - Tuscan Square Cap & Tuscan Base Square — COLSET-MOD011","Высоко","Missing parent attribute selection","Texture","Выбрать значение каждого вариативного атрибута"
"1661","COLSET-MOD011-0013","COLSET-MOD011-0013","Spiral Square Column Set - Tuscan Square Cap & Tuscan Base Square — COLSET-MOD011","Высоко","Missing parent attribute selection","Texture","Выбрать значение каждого вариативного атрибута"
"1662","COLSET-MOD011-0014","COLSET-MOD011-0014","Spiral Square Column Set - Tuscan Square Cap & Tuscan Base Square — COLSET-MOD011","Высоко","Missing parent attribute selection","Texture","Выбрать значение каждого вариативного атрибута"
"1663","COLSET-MOD011-0015","COLSET-MOD011-0015","Spiral Square Column Set - Tuscan Square Cap & Tuscan Base Square — COLSET-MOD011","Высоко","Missing parent attribute selection","Texture","Выбрать значение каждого вариативного атрибута"
"1664","COLSET-MOD011-0016","COLSET-MOD011-0016","Spiral Square Column Set - Tuscan Square Cap & Tuscan Base Square — COLSET-MOD011","Высоко","Missing parent attribute selection","Texture","Выбрать значение каждого вариативного атрибута"
"1665","COLSET-MOD011-0017","COLSET-MOD011-0017","Spiral Square Column Set - Tuscan Square Cap & Tuscan Base Square — COLSET-MOD011","Высоко","Missing parent attribute selection","Texture","Выбрать значение каждого вариативного атрибута"
"1666","COLSET-MOD011-0018","COLSET-MOD011-0018","Spiral Square Column Set - Tuscan Square Cap & Tuscan Base Square — COLSET-MOD011","Высоко","Missing parent attribute selection","Texture","Выбрать значение каждого вариативного атрибута"
"1667","COLSET-MOD011-0019","COLSET-MOD011-0019","Spiral Square Column Set - Tuscan Square Cap & Tuscan Base Square — COLSET-MOD011","Высоко","Missing parent attribute selection","Texture","Выбрать значение каждого вариативного атрибута"
"1668","COLSET-MOD011-0020","COLSET-MOD011-0020","Spiral Square Column Set - Tuscan Square Cap & Tuscan Base Square — COLSET-MOD011","Высоко","Missing parent attribute selection","Texture","Выбрать значение каждого вариативного атрибута"
"1669","COLSET-MOD011-0021","COLSET-MOD011-0021","Spiral Square Column Set - Tuscan Square Cap & Tuscan Base Square — COLSET-MOD011","Высоко","Missing parent attribute selection","Texture","Выбрать значение каждого вариативного атрибута"
"1670","COLSET-MOD011-0022","COLSET-MOD011-0022","Spiral Square Column Set - Tuscan Square Cap & Tuscan Base Square — COLSET-MOD011","Высоко","Missing parent attribute selection","Texture","Выбрать значение каждого вариативного атрибута"
"1671","COLSET-MOD011-0023","COLSET-MOD011-0023","Spiral Square Column Set - Tuscan Square Cap & Tuscan Base Square — COLSET-MOD011","Высоко","Missing parent attribute selection","Texture","Выбрать значение каждого вариативного атрибута"
"1672","COLSET-MOD011-0024","COLSET-MOD011-0024","Spiral Square Column Set - Tuscan Square Cap & Tuscan Base Square — COLSET-MOD011","Высоко","Missing parent attribute selection","Texture","Выбрать значение каждого вариативного атрибута"
"1673","COLSET-MOD011-0025","COLSET-MOD011-0025","Spiral Square Column Set - Tuscan Square Cap & Tuscan Base Square — COLSET-MOD011","Высоко","Missing parent attribute selection","Texture","Выбрать значение каждого вариативного атрибута"
"1674","COLSET-MOD011-0026","COLSET-MOD011-0026","Spiral Square Column Set - Tuscan Square Cap & Tuscan Base Square — COLSET-MOD011","Высоко","Missing parent attribute selection","Texture","Выбрать значение каждого вариативного атрибута"
"1675","COLSET-MOD011-0027","COLSET-MOD011-0027","Spiral Square Column Set - Tuscan Square Cap & Tuscan Base Square — COLSET-MOD011","Высоко","Missing parent attribute selection","Texture","Выбрать значение каждого вариативного атрибута"
"1676","COLSET-MOD011-0028","COLSET-MOD011-0028","Spiral Square Column Set - Tuscan Square Cap & Tuscan Base Square — COLSET-MOD011","Высоко","Missing parent attribute selection","Texture","Выбрать значение каждого вариативного атрибута"
"1677","COLSET-MOD011-0029","COLSET-MOD011-0029","Spiral Square Column Set - Tuscan Square Cap & Tuscan Base Square — COLSET-MOD011","Высоко","Missing parent attribute selection","Texture","Выбрать значение каждого вариативного атрибута"
"1678","COLSET-MOD011-0030","COLSET-MOD011-0030","Spiral Square Column Set - Tuscan Square Cap & Tuscan Base Square — COLSET-MOD011","Высоко","Missing parent attribute selection","Texture","Выбрать значение каждого вариативного атрибута"
"1679","COLSET-MOD011-0031","COLSET-MOD011-0031","Spiral Square Column Set - Tuscan Square Cap & Tuscan Base Square — COLSET-MOD011","Высоко","Missing parent attribute selection","Texture","Выбрать значение каждого вариативного атрибута"
"1680","COLSET-MOD011-0032","COLSET-MOD011-0032","Spiral Square Column Set - Tuscan Square Cap & Tuscan Base Square — COLSET-MOD011","Высоко","Missing parent attribute selection","Texture","Выбрать значение каждого вариативного атрибута"
"1681","COLSET-MOD011-0033","COLSET-MOD011-0033","Spiral Square Column Set - Tuscan Square Cap & Tuscan Base Square — COLSET-MOD011","Высоко","Missing parent attribute selection","Texture","Выбрать значение каждого вариативного атрибута"
"1682","COLSET-MOD011-0034","COLSET-MOD011-0034","Spiral Square Column Set - Tuscan Square Cap & Tuscan Base Square — COLSET-MOD011","Высоко","Missing parent attribute selection","Texture","Выбрать значение каждого вариативного атрибута"
"1683","COLSET-MOD012-0001","COLSET-MOD012-0001","Stacked Column Set - Tuscan Round Cap & Tuscan Base Round — COLSET-MOD012","Высоко","Missing parent attribute selection","Texture","Выбрать значение каждого вариативного атрибута"
"1684","COLSET-MOD012-0002","COLSET-MOD012-0002","Stacked Column Set - Tuscan Round Cap & Tuscan Base Round — COLSET-MOD012","Высоко","Missing parent attribute selection","Texture","Выбрать значение каждого вариативного атрибута"
"1685","COLSET-MOD012-0003","COLSET-MOD012-0003","Stacked Column Set - Tuscan Round Cap & Tuscan Base Round — COLSET-MOD012","Высоко","Missing parent attribute selection","Texture","Выбрать значение каждого вариативного атрибута"
"1686","COLSET-MOD012-0004","COLSET-MOD012-0004","Stacked Column Set - Tuscan Round Cap & Tuscan Base Round — COLSET-MOD012","Высоко","Missing parent attribute selection","Texture","Выбрать значение каждого вариативного атрибута"
"1687","COLSET-MOD012-0005","COLSET-MOD012-0005","Stacked Column Set - Tuscan Round Cap & Tuscan Base Round — COLSET-MOD012","Высоко","Missing parent attribute selection","Texture","Выбрать значение каждого вариативного атрибута"
"1688","COLSET-MOD012-0006","COLSET-MOD012-0006","Stacked Column Set - Tuscan Round Cap & Tuscan Base Round — COLSET-MOD012","Высоко","Missing parent attribute selection","Texture","Выбрать значение каждого вариативного атрибута"
"1689","COLSET-MOD012-0007","COLSET-MOD012-0007","Stacked Column Set - Tuscan Round Cap & Tuscan Base Round — COLSET-MOD012","Высоко","Missing parent attribute selection","Texture","Выбрать значение каждого вариативного атрибута"
"1690","COLSET-MOD012-0008","COLSET-MOD012-0008","Stacked Column Set - Tuscan Round Cap & Tuscan Base Round — COLSET-MOD012","Высоко","Missing parent attribute selection","Texture","Выбрать значение каждого вариативного атрибута"
"1691","COLSET-MOD012-0009","COLSET-MOD012-0009","Stacked Column Set - Tuscan Round Cap & Tuscan Base Round — COLSET-MOD012","Высоко","Missing parent attribute selection","Texture","Выбрать значение каждого вариативного атрибута"
"1692","COLSET-MOD012-0010","COLSET-MOD012-0010","Stacked Column Set - Tuscan Round Cap & Tuscan Base Round — COLSET-MOD012","Высоко","Missing parent attribute selection","Texture","Выбрать значение каждого вариативного атрибута"
"1693","COLSET-MOD012-0011","COLSET-MOD012-0011","Stacked Column Set - Tuscan Round Cap & Tuscan Base Round — COLSET-MOD012","Высоко","Missing parent attribute selection","Texture","Выбрать значение каждого вариативного атрибута"
"1694","COLSET-MOD012-0012","COLSET-MOD012-0012","Stacked Column Set - Tuscan Round Cap & Tuscan Base Round — COLSET-MOD012","Высоко","Missing parent attribute selection","Texture","Выбрать значение каждого вариативного атрибута"
"1695","COLSET-MOD012-0013","COLSET-MOD012-0013","Stacked Column Set - Tuscan Round Cap & Tuscan Base Round — COLSET-MOD012","Высоко","Missing parent attribute selection","Texture","Выбрать значение каждого вариативного атрибута"
"1696","COLSET-MOD012-0014","COLSET-MOD012-0014","Stacked Column Set - Tuscan Round Cap & Tuscan Base Round — COLSET-MOD012","Высоко","Missing parent attribute selection","Texture","Выбрать значение каждого вариативного атрибута"
"1697","COLSET-MOD012-0015","COLSET-MOD012-0015","Stacked Column Set - Tuscan Round Cap & Tuscan Base Round — COLSET-MOD012","Высоко","Missing parent attribute selection","Texture","Выбрать значение каждого вариативного атрибута"
"1698","COLSET-MOD012-0016","COLSET-MOD012-0016","Stacked Column Set - Tuscan Round Cap & Tuscan Base Round — COLSET-MOD012","Высоко","Missing parent attribute selection","Texture","Выбрать значение каждого вариативного атрибута"
"1699","COLSET-MOD012-0017","COLSET-MOD012-0017","Stacked Column Set - Tuscan Round Cap & Tuscan Base Round — COLSET-MOD012","Высоко","Missing parent attribute selection","Texture","Выбрать значение каждого вариативного атрибута"
"1700","COLSET-MOD012-0018","COLSET-MOD012-0018","Stacked Column Set - Tuscan Round Cap & Tuscan Base Round — COLSET-MOD012","Высоко","Missing parent attribute selection","Texture","Выбрать значение каждого вариативного атрибута"
"1701","COLSET-MOD012-0019","COLSET-MOD012-0019","Stacked Column Set - Tuscan Round Cap & Tuscan Base Round — COLSET-MOD012","Высоко","Missing parent attribute selection","Texture","Выбрать значение каждого вариативного атрибута"
"1702","COLSET-MOD012-0020","COLSET-MOD012-0020","Stacked Column Set - Tuscan Round Cap & Tuscan Base Round — COLSET-MOD012","Высоко","Missing parent attribute selection","Texture","Выбрать значение каждого вариативного атрибута"
"1703","COLSET-MOD012-0021","COLSET-MOD012-0021","Stacked Column Set - Tuscan Round Cap & Tuscan Base Round — COLSET-MOD012","Высоко","Missing parent attribute selection","Texture","Выбрать значение каждого вариативного атрибута"
"1704","COLSET-MOD012-0022","COLSET-MOD012-0022","Stacked Column Set - Tuscan Round Cap & Tuscan Base Round — COLSET-MOD012","Высоко","Missing parent attribute selection","Texture","Выбрать значение каждого вариативного атрибута"
"1705","COLSET-MOD012-0023","COLSET-MOD012-0023","Stacked Column Set - Tuscan Round Cap & Tuscan Base Round — COLSET-MOD012","Высоко","Missing parent attribute selection","Texture","Выбрать значение каждого вариативного атрибута"
"1706","COLSET-MOD012-0024","COLSET-MOD012-0024","Stacked Column Set - Tuscan Round Cap & Tuscan Base Round — COLSET-MOD012","Высоко","Missing parent attribute selection","Texture","Выбрать значение каждого вариативного атрибута"
"1707","COLSET-MOD012-0025","COLSET-MOD012-0025","Stacked Column Set - Tuscan Round Cap & Tuscan Base Round — COLSET-MOD012","Высоко","Missing parent attribute selection","Texture","Выбрать значение каждого вариативного атрибута"
"1708","COLSET-MOD012-0026","COLSET-MOD012-0026","Stacked Column Set - Tuscan Round Cap & Tuscan Base Round — COLSET-MOD012","Высоко","Missing parent attribute selection","Texture","Выбрать значение каждого вариативного атрибута"
"1709","COLSET-MOD012-0027","COLSET-MOD012-0027","Stacked Column Set - Tuscan Round Cap & Tuscan Base Round — COLSET-MOD012","Высоко","Missing parent attribute selection","Texture","Выбрать значение каждого вариативного атрибута"
"1710","COLSET-MOD012-0028","COLSET-MOD012-0028","Stacked Column Set - Tuscan Round Cap & Tuscan Base Round — COLSET-MOD012","Высоко","Missing parent attribute selection","Texture","Выбрать значение каждого вариативного атрибута"
"1711","COLSET-MOD012-0029","COLSET-MOD012-0029","Stacked Column Set - Tuscan Round Cap & Tuscan Base Round — COLSET-MOD012","Высоко","Missing parent attribute selection","Texture","Выбрать значение каждого вариативного атрибута"
"1712","COLSET-MOD012-0030","COLSET-MOD012-0030","Stacked Column Set - Tuscan Round Cap & Tuscan Base Round — COLSET-MOD012","Высоко","Missing parent attribute selection","Texture","Выбрать значение каждого вариативного атрибута"
"1713","COLSET-MOD012-0031","COLSET-MOD012-0031","Stacked Column Set - Tuscan Round Cap & Tuscan Base Round — COLSET-MOD012","Высоко","Missing parent attribute selection","Texture","Выбрать значение каждого вариативного атрибута"
"1714","COLSET-MOD012-0032","COLSET-MOD012-0032","Stacked Column Set - Tuscan Round Cap & Tuscan Base Round — COLSET-MOD012","Высоко","Missing parent attribute selection","Texture","Выбрать значение каждого вариативного атрибута"
"1715","COLSET-MOD012-0033","COLSET-MOD012-0033","Stacked Column Set - Tuscan Round Cap & Tuscan Base Round — COLSET-MOD012","Высоко","Missing parent attribute selection","Texture","Выбрать значение каждого вариативного атрибута"
"1716","COLSET-MOD012-0034","COLSET-MOD012-0034","Stacked Column Set - Tuscan Round Cap & Tuscan Base Round — COLSET-MOD012","Высоко","Missing parent attribute selection","Texture","Выбрать значение каждого вариативного атрибута"
"1717","COLSET-MOD013-0001","COLSET-MOD013-0001","Stacked Square Column Set - Tuscan Square Cap & Tuscan Base Square — COLSET-MOD013","Высоко","Missing parent attribute selection","Texture","Выбрать значение каждого вариативного атрибута"
"1718","COLSET-MOD013-0002","COLSET-MOD013-0002","Stacked Square Column Set - Tuscan Square Cap & Tuscan Base Square — COLSET-MOD013","Высоко","Missing parent attribute selection","Texture","Выбрать значение каждого вариативного атрибута"
"1719","COLSET-MOD013-0003","COLSET-MOD013-0003","Stacked Square Column Set - Tuscan Square Cap & Tuscan Base Square — COLSET-MOD013","Высоко","Missing parent attribute selection","Texture","Выбрать значение каждого вариативного атрибута"
"1720","COLSET-MOD013-0004","COLSET-MOD013-0004","Stacked Square Column Set - Tuscan Square Cap & Tuscan Base Square — COLSET-MOD013","Высоко","Missing parent attribute selection","Texture","Выбрать значение каждого вариативного атрибута"
"1721","COLSET-MOD013-0005","COLSET-MOD013-0005","Stacked Square Column Set - Tuscan Square Cap & Tuscan Base Square — COLSET-MOD013","Высоко","Missing parent attribute selection","Texture","Выбрать значение каждого вариативного атрибута"
"1722","COLSET-MOD013-0006","COLSET-MOD013-0006","Stacked Square Column Set - Tuscan Square Cap & Tuscan Base Square — COLSET-MOD013","Высоко","Missing parent attribute selection","Texture","Выбрать значение каждого вариативного атрибута"
"1723","COLSET-MOD013-0007","COLSET-MOD013-0007","Stacked Square Column Set - Tuscan Square Cap & Tuscan Base Square — COLSET-MOD013","Высоко","Missing parent attribute selection","Texture","Выбрать значение каждого вариативного атрибута"
"1724","COLSET-MOD013-0008","COLSET-MOD013-0008","Stacked Square Column Set - Tuscan Square Cap & Tuscan Base Square — COLSET-MOD013","Высоко","Missing parent attribute selection","Texture","Выбрать значение каждого вариативного атрибута"
"1725","COLSET-MOD013-0009","COLSET-MOD013-0009","Stacked Square Column Set - Tuscan Square Cap & Tuscan Base Square — COLSET-MOD013","Высоко","Missing parent attribute selection","Texture","Выбрать значение каждого вариативного атрибута"
"1726","COLSET-MOD013-0010","COLSET-MOD013-0010","Stacked Square Column Set - Tuscan Square Cap & Tuscan Base Square — COLSET-MOD013","Высоко","Missing parent attribute selection","Texture","Выбрать значение каждого вариативного атрибута"
"1727","COLSET-MOD013-0011","COLSET-MOD013-0011","Stacked Square Column Set - Tuscan Square Cap & Tuscan Base Square — COLSET-MOD013","Высоко","Missing parent attribute selection","Texture","Выбрать значение каждого вариативного атрибута"
"1728","COLSET-MOD013-0012","COLSET-MOD013-0012","Stacked Square Column Set - Tuscan Square Cap & Tuscan Base Square — COLSET-MOD013","Высоко","Missing parent attribute selection","Texture","Выбрать значение каждого вариативного атрибута"
"1729","COLSET-MOD013-0013","COLSET-MOD013-0013","Stacked Square Column Set - Tuscan Square Cap & Tuscan Base Square — COLSET-MOD013","Высоко","Missing parent attribute selection","Texture","Выбрать значение каждого вариативного атрибута"
"1730","COLSET-MOD013-0014","COLSET-MOD013-0014","Stacked Square Column Set - Tuscan Square Cap & Tuscan Base Square — COLSET-MOD013","Высоко","Missing parent attribute selection","Texture","Выбрать значение каждого вариативного атрибута"
"1731","COLSET-MOD013-0015","COLSET-MOD013-0015","Stacked Square Column Set - Tuscan Square Cap & Tuscan Base Square — COLSET-MOD013","Высоко","Missing parent attribute selection","Texture","Выбрать значение каждого вариативного атрибута"
"1732","COLSET-MOD013-0016","COLSET-MOD013-0016","Stacked Square Column Set - Tuscan Square Cap & Tuscan Base Square — COLSET-MOD013","Высоко","Missing parent attribute selection","Texture","Выбрать значение каждого вариативного атрибута"
"1733","COLSET-MOD013-0017","COLSET-MOD013-0017","Stacked Square Column Set - Tuscan Square Cap & Tuscan Base Square — COLSET-MOD013","Высоко","Missing parent attribute selection","Texture","Выбрать значение каждого вариативного атрибута"
"1734","COLSET-MOD013-0018","COLSET-MOD013-0018","Stacked Square Column Set - Tuscan Square Cap & Tuscan Base Square — COLSET-MOD013","Высоко","Missing parent attribute selection","Texture","Выбрать значение каждого вариативного атрибута"
"1735","COLSET-MOD013-0019","COLSET-MOD013-0019","Stacked Square Column Set - Tuscan Square Cap & Tuscan Base Square — COLSET-MOD013","Высоко","Missing parent attribute selection","Texture","Выбрать значение каждого вариативного атрибута"
"1736","COLSET-MOD013-0020","COLSET-MOD013-0020","Stacked Square Column Set - Tuscan Square Cap & Tuscan Base Square — COLSET-MOD013","Высоко","Missing parent attribute selection","Texture","Выбрать значение каждого вариативного атрибута"
"1737","COLSET-MOD013-0021","COLSET-MOD013-0021","Stacked Square Column Set - Tuscan Square Cap & Tuscan Base Square — COLSET-MOD013","Высоко","Missing parent attribute selection","Texture","Выбрать значение каждого вариативного атрибута"
"1738","COLSET-MOD013-0022","COLSET-MOD013-0022","Stacked Square Column Set - Tuscan Square Cap & Tuscan Base Square — COLSET-MOD013","Высоко","Missing parent attribute selection","Texture","Выбрать значение каждого вариативного атрибута"
"1739","COLSET-MOD013-0023","COLSET-MOD013-0023","Stacked Square Column Set - Tuscan Square Cap & Tuscan Base Square — COLSET-MOD013","Высоко","Missing parent attribute selection","Texture","Выбрать значение каждого вариативного атрибута"
"1740","COLSET-MOD013-0024","COLSET-MOD013-0024","Stacked Square Column Set - Tuscan Square Cap & Tuscan Base Square — COLSET-MOD013","Высоко","Missing parent attribute selection","Texture","Выбрать значение каждого вариативного атрибута"
"1741","COLSET-MOD013-0025","COLSET-MOD013-0025","Stacked Square Column Set - Tuscan Square Cap & Tuscan Base Square — COLSET-MOD013","Высоко","Missing parent attribute selection","Texture","Выбрать значение каждого вариативного атрибута"
"1742","COLSET-MOD013-0026","COLSET-MOD013-0026","Stacked Square Column Set - Tuscan Square Cap & Tuscan Base Square — COLSET-MOD013","Высоко","Missing parent attribute selection","Texture","Выбрать значение каждого вариативного атрибута"
"1743","COLSET-MOD013-0027","COLSET-MOD013-0027","Stacked Square Column Set - Tuscan Square Cap & Tuscan Base Square — COLSET-MOD013","Высоко","Missing parent attribute selection","Texture","Выбрать значение каждого вариативного атрибута"
"1744","COLSET-MOD013-0028","COLSET-MOD013-0028","Stacked Square Column Set - Tuscan Square Cap & Tuscan Base Square — COLSET-MOD013","Высоко","Missing parent attribute selection","Texture","Выбрать значение каждого вариативного атрибута"
"1745","COLSET-MOD013-0029","COLSET-MOD013-0029","Stacked Square Column Set - Tuscan Square Cap & Tuscan Base Square — COLSET-MOD013","Высоко","Missing parent attribute selection","Texture","Выбрать значение каждого вариативного атрибута"
"1746","COLSET-MOD013-0030","COLSET-MOD013-0030","Stacked Square Column Set - Tuscan Square Cap & Tuscan Base Square — COLSET-MOD013","Высоко","Missing parent attribute selection","Texture","Выбрать значение каждого вариативного атрибута"
"1747","COLSET-MOD013-0031","COLSET-MOD013-0031","Stacked Square Column Set - Tuscan Square Cap & Tuscan Base Square — COLSET-MOD013","Высоко","Missing parent attribute selection","Texture","Выбрать значение каждого вариативного атрибута"
"1748","COLSET-MOD013-0032","COLSET-MOD013-0032","Stacked Square Column Set - Tuscan Square Cap & Tuscan Base Square — COLSET-MOD013","Высоко","Missing parent attribute selection","Texture","Выбрать значение каждого вариативного атрибута"
"1749","COLSET-MOD013-0033","COLSET-MOD013-0033","Stacked Square Column Set - Tuscan Square Cap & Tuscan Base Square — COLSET-MOD013","Высоко","Missing parent attribute selection","Texture","Выбрать значение каждого вариативного атрибута"
"1750","COLSET-MOD013-0034","COLSET-MOD013-0034","Stacked Square Column Set - Tuscan Square Cap & Tuscan Base Square — COLSET-MOD013","Высоко","Missing parent attribute selection","Texture","Выбрать значение каждого вариативного атрибута"
"1751","FRS-MOD001-0001","FRS-MOD001-0001","Foam Routed Signs MOD001 — FRS-MOD001","Высоко","Missing parent attribute selection","Texture","Выбрать значение каждого вариативного атрибута"
"1752","FRS-MOD001-0002","FRS-MOD001-0002","Foam Routed Signs MOD001 — FRS-MOD001","Высоко","Missing parent attribute selection","Texture","Выбрать значение каждого вариативного атрибута"
"1753","FRS-MOD002-0001","FRS-MOD002-0001","Foam Routed Signs MOD002 — FRS-MOD002","Высоко","Missing parent attribute selection","Texture","Выбрать значение каждого вариативного атрибута"
"1754","FRS-MOD002-0002","FRS-MOD002-0002","Foam Routed Signs MOD002 — FRS-MOD002","Высоко","Missing parent attribute selection","Texture","Выбрать значение каждого вариативного атрибута"
"1755","FRS-MOD003-0001","FRS-MOD003-0001","Foam Routed Signs MOD003 — FRS-MOD003","Высоко","Missing parent attribute selection","Texture","Выбрать значение каждого вариативного атрибута"
"1756","FRS-MOD003-0002","FRS-MOD003-0002","Foam Routed Signs MOD003 — FRS-MOD003","Высоко","Missing parent attribute selection","Texture","Выбрать значение каждого вариативного атрибута"
"1757","FRS-MOD004-0001","FRS-MOD004-0001","Foam Routed Signs MOD004 — FRS-MOD004","Высоко","Missing parent attribute selection","Texture","Выбрать значение каждого вариативного атрибута"
"1758","FRS-MOD004-0002","FRS-MOD004-0002","Foam Routed Signs MOD004 — FRS-MOD004","Высоко","Missing parent attribute selection","Texture","Выбрать значение каждого вариативного атрибута"
"1759","FRS-MOD005-0001","FRS-MOD005-0001","Foam Routed Signs MOD005 — FRS-MOD005","Высоко","Missing parent attribute selection","Texture","Выбрать значение каждого вариативного атрибута"
"1760","FRS-MOD005-0002","FRS-MOD005-0002","Foam Routed Signs MOD005 — FRS-MOD005","Высоко","Missing parent attribute selection","Texture","Выбрать значение каждого вариативного атрибута"
"1761","FRS-MOD006-0001","FRS-MOD006-0001","Foam Routed Signs MOD006 — FRS-MOD006","Высоко","Missing parent attribute selection","Texture","Выбрать значение каждого вариативного атрибута"
"1762","FRS-MOD006-0002","FRS-MOD006-0002","Foam Routed Signs MOD006 — FRS-MOD006","Высоко","Missing parent attribute selection","Texture","Выбрать значение каждого вариативного атрибута"
"1763","FRS-MOD007-0001","FRS-MOD007-0001","Foam Routed Signs MOD007 — FRS-MOD007","Высоко","Missing parent attribute selection","Texture","Выбрать значение каждого вариативного атрибута"
"1764","FRS-MOD007-0002","FRS-MOD007-0002","Foam Routed Signs MOD007 — FRS-MOD007","Высоко","Missing parent attribute selection","Texture","Выбрать значение каждого вариативного атрибута"
"1765","FRS-MOD008-0001","FRS-MOD008-0001","Foam Routed Signs MOD008 — FRS-MOD008","Высоко","Missing parent attribute selection","Texture","Выбрать значение каждого вариативного атрибута"
"1766","FRS-MOD008-0002","FRS-MOD008-0002","Foam Routed Signs MOD008 — FRS-MOD008","Высоко","Missing parent attribute selection","Texture","Выбрать значение каждого вариативного атрибута"
"1767","FRS-MOD009-0001","FRS-MOD009-0001","Foam Routed Signs MOD009 — FRS-MOD009","Высоко","Missing parent attribute selection","Texture","Выбрать значение каждого вариативного атрибута"
"1768","FRS-MOD009-0002","FRS-MOD009-0002","Foam Routed Signs MOD009 — FRS-MOD009","Высоко","Missing parent attribute selection","Texture","Выбрать значение каждого вариативного атрибута"
"1769","FRS-MOD010-0001","FRS-MOD010-0001","Foam Routed Signs MOD010 — FRS-MOD010","Высоко","Missing parent attribute selection","Texture","Выбрать значение каждого вариативного атрибута"
"1770","FRS-MOD010-0002","FRS-MOD010-0002","Foam Routed Signs MOD010 — FRS-MOD010","Высоко","Missing parent attribute selection","Texture","Выбрать значение каждого вариативного атрибута"
"1771","SVCS-MOD001-0001","SVCS-MOD001-0001","Sandblasted & V Carved Signs MOD001 — SVCS-MOD001","Высоко","Missing parent attribute selection","Texture","Выбрать значение каждого вариативного атрибута"
"1772","SVCS-MOD001-0002","SVCS-MOD001-0002","Sandblasted & V Carved Signs MOD001 — SVCS-MOD001","Высоко","Missing parent attribute selection","Texture","Выбрать значение каждого вариативного атрибута"
"1773","SVCS-MOD002-0001","SVCS-MOD002-0001","Sandblasted & V Carved Signs MOD002 — SVCS-MOD002","Высоко","Missing parent attribute selection","Texture","Выбрать значение каждого вариативного атрибута"
"1774","SVCS-MOD002-0002","SVCS-MOD002-0002","Sandblasted & V Carved Signs MOD002 — SVCS-MOD002","Высоко","Missing parent attribute selection","Texture","Выбрать значение каждого вариативного атрибута"
"1775","SVCS-MOD003-0001","SVCS-MOD003-0001","Sandblasted & V Carved Signs MOD003 — SVCS-MOD003","Высоко","Missing parent attribute selection","Texture","Выбрать значение каждого вариативного атрибута"
"1776","SVCS-MOD003-0002","SVCS-MOD003-0002","Sandblasted & V Carved Signs MOD003 — SVCS-MOD003","Высоко","Missing parent attribute selection","Texture","Выбрать значение каждого вариативного атрибута"
"1777","SVCS-MOD004-0001","SVCS-MOD004-0001","Sandblasted & V Carved Signs MOD004 — SVCS-MOD004","Высоко","Missing parent attribute selection","Texture","Выбрать значение каждого вариативного атрибута"
"1778","SVCS-MOD004-0002","SVCS-MOD004-0002","Sandblasted & V Carved Signs MOD004 — SVCS-MOD004","Высоко","Missing parent attribute selection","Texture","Выбрать значение каждого вариативного атрибута"
"1779","SVCS-MOD005-0001","SVCS-MOD005-0001","Sandblasted & V Carved Signs MOD005 — SVCS-MOD005","Высоко","Missing parent attribute selection","Texture","Выбрать значение каждого вариативного атрибута"
"1780","SVCS-MOD005-0002","SVCS-MOD005-0002","Sandblasted & V Carved Signs MOD005 — SVCS-MOD005","Высоко","Missing parent attribute selection","Texture","Выбрать значение каждого вариативного атрибута"
"1781","SVCS-MOD006-0001","SVCS-MOD006-0001","Sandblasted & V Carved Signs MOD006 — SVCS-MOD006","Высоко","Missing parent attribute selection","Texture","Выбрать значение каждого вариативного атрибута"
"1782","SVCS-MOD006-0002","SVCS-MOD006-0002","Sandblasted & V Carved Signs MOD006 — SVCS-MOD006","Высоко","Missing parent attribute selection","Texture","Выбрать значение каждого вариативного атрибута"
"1783","SVCS-MOD007-0001","SVCS-MOD007-0001","Sandblasted & V Carved Signs MOD007 — SVCS-MOD007","Высоко","Missing parent attribute selection","Texture","Выбрать значение каждого вариативного атрибута"
"1784","SVCS-MOD007-0002","SVCS-MOD007-0002","Sandblasted & V Carved Signs MOD007 — SVCS-MOD007","Высоко","Missing parent attribute selection","Texture","Выбрать значение каждого вариативного атрибута"
"1785","SVCS-MOD008-0001","SVCS-MOD008-0001","Sandblasted & V Carved Signs MOD008 — SVCS-MOD008","Высоко","Missing parent attribute selection","Texture","Выбрать значение каждого вариативного атрибута"
"1786","SVCS-MOD008-0002","SVCS-MOD008-0002","Sandblasted & V Carved Signs MOD008 — SVCS-MOD008","Высоко","Missing parent attribute selection","Texture","Выбрать значение каждого вариативного атрибута"
"1787","SVCS-MOD009-0001","SVCS-MOD009-0001","Sandblasted & V Carved Signs MOD009 — SVCS-MOD009","Высоко","Missing parent attribute selection","Texture","Выбрать значение каждого вариативного атрибута"
"1788","SVCS-MOD009-0002","SVCS-MOD009-0002","Sandblasted & V Carved Signs MOD009 — SVCS-MOD009","Высоко","Missing parent attribute selection","Texture","Выбрать значение каждого вариативного атрибута"
"1789","SVCS-MOD010-0001","SVCS-MOD010-0001","Sandblasted & V Carved Signs MOD010 — SVCS-MOD010","Высоко","Missing parent attribute selection","Texture","Выбрать значение каждого вариативного атрибута"
"1790","SVCS-MOD010-0002","SVCS-MOD010-0002","Sandblasted & V Carved Signs MOD010 — SVCS-MOD010","Высоко","Missing parent attribute selection","Texture","Выбрать значение каждого вариативного атрибута"
"1791","SVCS-MOD011-0001","SVCS-MOD011-0001","Sandblasted & V Carved Signs MOD011 — SVCS-MOD011","Высоко","Missing parent attribute selection","Texture","Выбрать значение каждого вариативного атрибута"
"1792","SVCS-MOD011-0002","SVCS-MOD011-0002","Sandblasted & V Carved Signs MOD011 — SVCS-MOD011","Высоко","Missing parent attribute selection","Texture","Выбрать значение каждого вариативного атрибута"
"1793","SVCS-MOD012-0001","SVCS-MOD012-0001","Sandblasted & V Carved Signs MOD012 — SVCS-MOD012","Высоко","Missing parent attribute selection","Texture","Выбрать значение каждого вариативного атрибута"
"1794","SVCS-MOD012-0002","SVCS-MOD012-0002","Sandblasted & V Carved Signs MOD012 — SVCS-MOD012","Высоко","Missing parent attribute selection","Texture","Выбрать значение каждого вариативного атрибута"
"1795","SVCS-MOD013-0001","SVCS-MOD013-0001","Sandblasted & V Carved Signs MOD013 — SVCS-MOD013","Высоко","Missing parent attribute selection","Texture","Выбрать значение каждого вариативного атрибута"
"1796","SVCS-MOD013-0002","SVCS-MOD013-0002","Sandblasted & V Carved Signs MOD013 — SVCS-MOD013","Высоко","Missing parent attribute selection","Texture","Выбрать значение каждого вариативного атрибута"
"1797","SVCS-MOD014-0001","SVCS-MOD014-0001","Sandblasted & V Carved Signs MOD014 — SVCS-MOD014","Высоко","Missing parent attribute selection","Texture","Выбрать значение каждого вариативного атрибута"
"1798","SVCS-MOD014-0002","SVCS-MOD014-0002","Sandblasted & V Carved Signs MOD014 — SVCS-MOD014","Высоко","Missing parent attribute selection","Texture","Выбрать значение каждого вариативного атрибута"
"1799","SVCS-MOD015-0001","SVCS-MOD015-0001","Sandblasted & V Carved Signs MOD015 — SVCS-MOD015","Высоко","Missing parent attribute selection","Texture","Выбрать значение каждого вариативного атрибута"
"1800","SVCS-MOD015-0002","SVCS-MOD015-0002","Sandblasted & V Carved Signs MOD015 — SVCS-MOD015","Высоко","Missing parent attribute selection","Texture","Выбрать значение каждого вариативного атрибута"
"1801","OFLL-MOD001-0001","OFLL-MOD001-0001","Oversized Foam Letters & Logos MOD001 — OFLL-MOD001","Высоко","Missing parent attribute selection","Texture","Выбрать значение каждого вариативного атрибута"
"1802","OFLL-MOD001-0002","OFLL-MOD001-0002","Oversized Foam Letters & Logos MOD001 — OFLL-MOD001","Высоко","Missing parent attribute selection","Texture","Выбрать значение каждого вариативного атрибута"
"1803","OFLL-MOD002-0001","OFLL-MOD002-0001","Oversized Foam Letters & Logos MOD002 — OFLL-MOD002","Высоко","Missing parent attribute selection","Texture","Выбрать значение каждого вариативного атрибута"
"1804","OFLL-MOD002-0002","OFLL-MOD002-0002","Oversized Foam Letters & Logos MOD002 — OFLL-MOD002","Высоко","Missing parent attribute selection","Texture","Выбрать значение каждого вариативного атрибута"
"1805","OFLL-MOD003-0001","OFLL-MOD003-0001","Oversized Foam Letters & Logos MOD003 — OFLL-MOD003","Высоко","Missing parent attribute selection","Texture","Выбрать значение каждого вариативного атрибута"
"1806","OFLL-MOD003-0002","OFLL-MOD003-0002","Oversized Foam Letters & Logos MOD003 — OFLL-MOD003","Высоко","Missing parent attribute selection","Texture","Выбрать значение каждого вариативного атрибута"
"1807","OFLL-MOD004-0001","OFLL-MOD004-0001","Oversized Foam Letters & Logos MOD004 — OFLL-MOD004","Высоко","Missing parent attribute selection","Texture","Выбрать значение каждого вариативного атрибута"
"1808","OFLL-MOD004-0002","OFLL-MOD004-0002","Oversized Foam Letters & Logos MOD004 — OFLL-MOD004","Высоко","Missing parent attribute selection","Texture","Выбрать значение каждого вариативного атрибута"
"1809","OFLL-MOD005-0001","OFLL-MOD005-0001","Oversized Foam Letters & Logos MOD005 — OFLL-MOD005","Высоко","Missing parent attribute selection","Texture","Выбрать значение каждого вариативного атрибута"
"1810","OFLL-MOD005-0002","OFLL-MOD005-0002","Oversized Foam Letters & Logos MOD005 — OFLL-MOD005","Высоко","Missing parent attribute selection","Texture","Выбрать значение каждого вариативного атрибута"
"1811","OFLL-MOD006-0001","OFLL-MOD006-0001","Oversized Foam Letters & Logos MOD006 — OFLL-MOD006","Высоко","Missing parent attribute selection","Texture","Выбрать значение каждого вариативного атрибута"
"1812","OFLL-MOD006-0002","OFLL-MOD006-0002","Oversized Foam Letters & Logos MOD006 — OFLL-MOD006","Высоко","Missing parent attribute selection","Texture","Выбрать значение каждого вариативного атрибута"
"1813","OFLL-MOD007-0001","OFLL-MOD007-0001","Oversized Foam Letters & Logos MOD007 — OFLL-MOD007","Высоко","Missing parent attribute selection","Texture","Выбрать значение каждого вариативного атрибута"
"1814","OFLL-MOD007-0002","OFLL-MOD007-0002","Oversized Foam Letters & Logos MOD007 — OFLL-MOD007","Высоко","Missing parent attribute selection","Texture","Выбрать значение каждого вариативного атрибута"
"1815","OFLL-MOD008-0001","OFLL-MOD008-0001","Oversized Foam Letters & Logos MOD008 — OFLL-MOD008","Высоко","Missing parent attribute selection","Texture","Выбрать значение каждого вариативного атрибута"
"1816","OFLL-MOD008-0002","OFLL-MOD008-0002","Oversized Foam Letters & Logos MOD008 — OFLL-MOD008","Высоко","Missing parent attribute selection","Texture","Выбрать значение каждого вариативного атрибута"
"1817","OFLL-MOD009-0001","OFLL-MOD009-0001","Oversized Foam Letters & Logos MOD009 — OFLL-MOD009","Высоко","Missing parent attribute selection","Texture","Выбрать значение каждого вариативного атрибута"
"1818","OFLL-MOD009-0002","OFLL-MOD009-0002","Oversized Foam Letters & Logos MOD009 — OFLL-MOD009","Высоко","Missing parent attribute selection","Texture","Выбрать значение каждого вариативного атрибута"
"1819","OFLL-MOD010-0001","OFLL-MOD010-0001","Oversized Foam Letters & Logos MOD010 — OFLL-MOD010","Высоко","Missing parent attribute selection","Texture","Выбрать значение каждого вариативного атрибута"
"1820","OFLL-MOD010-0002","OFLL-MOD010-0002","Oversized Foam Letters & Logos MOD010 — OFLL-MOD010","Высоко","Missing parent attribute selection","Texture","Выбрать значение каждого вариативного атрибута"
"1821","OFLL-MOD011-0001","OFLL-MOD011-0001","Oversized Foam Letters & Logos MOD011 — OFLL-MOD011","Высоко","Missing parent attribute selection","Texture","Выбрать значение каждого вариативного атрибута"
"1822","OFLL-MOD011-0002","OFLL-MOD011-0002","Oversized Foam Letters & Logos MOD011 — OFLL-MOD011","Высоко","Missing parent attribute selection","Texture","Выбрать значение каждого вариативного атрибута"
"1823","OFLL-MOD012-0001","OFLL-MOD012-0001","Oversized Foam Letters & Logos MOD012 — OFLL-MOD012","Высоко","Missing parent attribute selection","Texture","Выбрать значение каждого вариативного атрибута"
"1824","OFLL-MOD012-0002","OFLL-MOD012-0002","Oversized Foam Letters & Logos MOD012 — OFLL-MOD012","Высоко","Missing parent attribute selection","Texture","Выбрать значение каждого вариативного атрибута"
"1825","OFLL-MOD013-0001","OFLL-MOD013-0001","Oversized Foam Letters & Logos MOD013 — OFLL-MOD013","Высоко","Missing parent attribute selection","Texture","Выбрать значение каждого вариативного атрибута"
"1826","OFLL-MOD013-0002","OFLL-MOD013-0002","Oversized Foam Letters & Logos MOD013 — OFLL-MOD013","Высоко","Missing parent attribute selection","Texture","Выбрать значение каждого вариативного атрибута"
"1827","OFLL-MOD014-0001","OFLL-MOD014-0001","Oversized Foam Letters & Logos MOD014 — OFLL-MOD014","Высоко","Missing parent attribute selection","Texture","Выбрать значение каждого вариативного атрибута"
"1828","OFLL-MOD014-0002","OFLL-MOD014-0002","Oversized Foam Letters & Logos MOD014 — OFLL-MOD014","Высоко","Missing parent attribute selection","Texture","Выбрать значение каждого вариативного атрибута"
"1829","OFLL-MOD015-0001","OFLL-MOD015-0001","Oversized Foam Letters & Logos MOD015 — OFLL-MOD015","Высоко","Missing parent attribute selection","Texture","Выбрать значение каждого вариативного атрибута"
"1830","OFLL-MOD015-0002","OFLL-MOD015-0002","Oversized Foam Letters & Logos MOD015 — OFLL-MOD015","Высоко","Missing parent attribute selection","Texture","Выбрать значение каждого вариативного атрибута"
"1831","OFLL-MOD016-0001","OFLL-MOD016-0001","Oversized Foam Letters & Logos MOD016 — OFLL-MOD016","Высоко","Missing parent attribute selection","Texture","Выбрать значение каждого вариативного атрибута"
"1832","OFLL-MOD016-0002","OFLL-MOD016-0002","Oversized Foam Letters & Logos MOD016 — OFLL-MOD016","Высоко","Missing parent attribute selection","Texture","Выбрать значение каждого вариативного атрибута"
"1833","OFLL-MOD017-0001","OFLL-MOD017-0001","Oversized Foam Letters & Logos MOD017 — OFLL-MOD017","Высоко","Missing parent attribute selection","Texture","Выбрать значение каждого вариативного атрибута"
"1834","OFLL-MOD017-0002","OFLL-MOD017-0002","Oversized Foam Letters & Logos MOD017 — OFLL-MOD017","Высоко","Missing parent attribute selection","Texture","Выбрать значение каждого вариативного атрибута"
"2","Variation — recbgyAFPrVRzhOOA","","Round Column Set - Tuscan Cap & Base — 333","Высоко","Not Published","Published пуст","Уточнить и исправить статус публикации"
"3","Variation — recKl8HY8OgzjbMBw","","Round Column Set - Tuscan Cap & Base — 0081E","Высоко","Not Published","Published пуст","Уточнить и исправить статус публикации"
"4","Variation — recJokRNP9rLQUCgk","","Round Column Set - Tuscan Cap & Base — 111","Высоко","Not Published","Published пуст","Уточнить и исправить статус публикации"
"9","Variation — rec8RJYXJQRGwM9EW","","""Smooth Wood Beams — TEST_SWB-001
""","Высоко","Not Published","Published пуст","Уточнить и исправить статус публикации"
"10","TEST-VARIABLE-999","TEST-VARIABLE-999","test airtable 1 — TEST-VARIABLE1","Высоко","Not Published","Published пуст","Уточнить и исправить статус публикации"
"119","CFWP-MOD002-0001","CFWP-MOD002-0001","Ceiling Faux Wood Plank MOD002 — CFWP-MOD002","Высоко","Not Published","Published пуст","Уточнить и исправить статус публикации"
"120","CFWP-MOD002-0002","CFWP-MOD002-0002","Ceiling Faux Wood Plank MOD002 — CFWP-MOD002","Высоко","Not Published","Published пуст","Уточнить и исправить статус публикации"
"121","CFWP-MOD002-0003","CFWP-MOD002-0003","Ceiling Faux Wood Plank MOD002 — CFWP-MOD002","Высоко","Not Published","Published пуст","Уточнить и исправить статус публикации"
"122","CFWP-MOD002-0004","CFWP-MOD002-0004","Ceiling Faux Wood Plank MOD002 — CFWP-MOD002","Высоко","Not Published","Published пуст","Уточнить и исправить статус публикации"
"123","CFWP-MOD002-0005","CFWP-MOD002-0005","Ceiling Faux Wood Plank MOD002 — CFWP-MOD002","Высоко","Not Published","Published пуст","Уточнить и исправить статус публикации"
"124","CFWP-MOD002-0006","CFWP-MOD002-0006","Ceiling Faux Wood Plank MOD002 — CFWP-MOD002","Высоко","Not Published","Published пуст","Уточнить и исправить статус публикации"
"125","CFWP-MOD002-0007","CFWP-MOD002-0007","Ceiling Faux Wood Plank MOD002 — CFWP-MOD002","Высоко","Not Published","Published пуст","Уточнить и исправить статус публикации"
"126","CFWP-MOD002-0008","CFWP-MOD002-0008","Ceiling Faux Wood Plank MOD002 — CFWP-MOD002","Высоко","Not Published","Published пуст","Уточнить и исправить статус публикации"
"127","CFWP-MOD002-0009","CFWP-MOD002-0009","Ceiling Faux Wood Plank MOD002 — CFWP-MOD002","Высоко","Not Published","Published пуст","Уточнить и исправить статус публикации"
"128","CFWP-MOD002-0010","CFWP-MOD002-0010","Ceiling Faux Wood Plank MOD002 — CFWP-MOD002","Высоко","Not Published","Published пуст","Уточнить и исправить статус публикации"
"129","CFWP-MOD002-0011","CFWP-MOD002-0011","Ceiling Faux Wood Plank MOD002 — CFWP-MOD002","Высоко","Not Published","Published пуст","Уточнить и исправить статус публикации"
"130","CFWP-MOD002-0012","CFWP-MOD002-0012","Ceiling Faux Wood Plank MOD002 — CFWP-MOD002","Высоко","Not Published","Published пуст","Уточнить и исправить статус публикации"
"131","CFWP-MOD002-0013","CFWP-MOD002-0013","Ceiling Faux Wood Plank MOD002 — CFWP-MOD002","Высоко","Not Published","Published пуст","Уточнить и исправить статус публикации"
"132","CFWP-MOD002-0014","CFWP-MOD002-0014","Ceiling Faux Wood Plank MOD002 — CFWP-MOD002","Высоко","Not Published","Published пуст","Уточнить и исправить статус публикации"
"133","CFWP-MOD002-0015","CFWP-MOD002-0015","Ceiling Faux Wood Plank MOD002 — CFWP-MOD002","Высоко","Not Published","Published пуст","Уточнить и исправить статус публикации"
"134","CFWP-MOD002-0016","CFWP-MOD002-0016","Ceiling Faux Wood Plank MOD002 — CFWP-MOD002","Высоко","Not Published","Published пуст","Уточнить и исправить статус публикации"
"135","CFWP-MOD002-0017","CFWP-MOD002-0017","Ceiling Faux Wood Plank MOD002 — CFWP-MOD002","Высоко","Not Published","Published пуст","Уточнить и исправить статус публикации"
"136","CFWP-MOD002-0018","CFWP-MOD002-0018","Ceiling Faux Wood Plank MOD002 — CFWP-MOD002","Высоко","Not Published","Published пуст","Уточнить и исправить статус публикации"
"137","CFWP-MOD002-0019","CFWP-MOD002-0019","Ceiling Faux Wood Plank MOD002 — CFWP-MOD002","Высоко","Not Published","Published пуст","Уточнить и исправить статус публикации"
"138","CFWP-MOD002-0020","CFWP-MOD002-0020","Ceiling Faux Wood Plank MOD002 — CFWP-MOD002","Высоко","Not Published","Published пуст","Уточнить и исправить статус публикации"
"139","CFWP-MOD002-0021","CFWP-MOD002-0021","Ceiling Faux Wood Plank MOD002 — CFWP-MOD002","Высоко","Not Published","Published пуст","Уточнить и исправить статус публикации"
"140","CFWP-MOD002-0022","CFWP-MOD002-0022","Ceiling Faux Wood Plank MOD002 — CFWP-MOD002","Высоко","Not Published","Published пуст","Уточнить и исправить статус публикации"
"141","CFWP-MOD002-0023","CFWP-MOD002-0023","Ceiling Faux Wood Plank MOD002 — CFWP-MOD002","Высоко","Not Published","Published пуст","Уточнить и исправить статус публикации"
"142","CFWP-MOD002-0024","CFWP-MOD002-0024","Ceiling Faux Wood Plank MOD002 — CFWP-MOD002","Высоко","Not Published","Published пуст","Уточнить и исправить статус публикации"
"143","CFWP-MOD002-0025","CFWP-MOD002-0025","Ceiling Faux Wood Plank MOD002 — CFWP-MOD002","Высоко","Not Published","Published пуст","Уточнить и исправить статус публикации"
"144","CFWP-MOD002-0026","CFWP-MOD002-0026","Ceiling Faux Wood Plank MOD002 — CFWP-MOD002","Высоко","Not Published","Published пуст","Уточнить и исправить статус публикации"
"145","CFWP-MOD002-0027","CFWP-MOD002-0027","Ceiling Faux Wood Plank MOD002 — CFWP-MOD002","Высоко","Not Published","Published пуст","Уточнить и исправить статус публикации"
"146","CFWP-MOD002-0028","CFWP-MOD002-0028","Ceiling Faux Wood Plank MOD002 — CFWP-MOD002","Высоко","Not Published","Published пуст","Уточнить и исправить статус публикации"
"147","CFWP-MOD002-0029","CFWP-MOD002-0029","Ceiling Faux Wood Plank MOD002 — CFWP-MOD002","Высоко","Not Published","Published пуст","Уточнить и исправить статус публикации"
"148","FWM-MOD004-0001","FWM-MOD004-0001","Faux Wood Mantel MOD004 — FWM-MOD004","Высоко","Not Published","Published пуст","Уточнить и исправить статус публикации"
"149","FWM-MOD004-0002","FWM-MOD004-0002","Faux Wood Mantel MOD004 — FWM-MOD004","Высоко","Not Published","Published пуст","Уточнить и исправить статус публикации"
"150","FWM-MOD004-0003","FWM-MOD004-0003","Faux Wood Mantel MOD004 — FWM-MOD004","Высоко","Not Published","Published пуст","Уточнить и исправить статус публикации"
"151","FWM-MOD004-0004","FWM-MOD004-0004","Faux Wood Mantel MOD004 — FWM-MOD004","Высоко","Not Published","Published пуст","Уточнить и исправить статус публикации"
"152","FWM-MOD004-0005","FWM-MOD004-0005","Faux Wood Mantel MOD004 — FWM-MOD004","Высоко","Not Published","Published пуст","Уточнить и исправить статус публикации"
"153","FWM-MOD004-0006","FWM-MOD004-0006","Faux Wood Mantel MOD004 — FWM-MOD004","Высоко","Not Published","Published пуст","Уточнить и исправить статус публикации"
"154","FWM-MOD004-0007","FWM-MOD004-0007","Faux Wood Mantel MOD004 — FWM-MOD004","Высоко","Not Published","Published пуст","Уточнить и исправить статус публикации"
"155","FWM-MOD004-0008","FWM-MOD004-0008","Faux Wood Mantel MOD004 — FWM-MOD004","Высоко","Not Published","Published пуст","Уточнить и исправить статус публикации"
"156","FWM-MOD004-0009","FWM-MOD004-0009","Faux Wood Mantel MOD004 — FWM-MOD004","Высоко","Not Published","Published пуст","Уточнить и исправить статус публикации"
"157","FWM-MOD004-0010","FWM-MOD004-0010","Faux Wood Mantel MOD004 — FWM-MOD004","Высоко","Not Published","Published пуст","Уточнить и исправить статус публикации"
"158","FWM-MOD004-0011","FWM-MOD004-0011","Faux Wood Mantel MOD004 — FWM-MOD004","Высоко","Not Published","Published пуст","Уточнить и исправить статус публикации"
"159","FWM-MOD004-0012","FWM-MOD004-0012","Faux Wood Mantel MOD004 — FWM-MOD004","Высоко","Not Published","Published пуст","Уточнить и исправить статус публикации"
"160","FWM-MOD004-0013","FWM-MOD004-0013","Faux Wood Mantel MOD004 — FWM-MOD004","Высоко","Not Published","Published пуст","Уточнить и исправить статус публикации"
"161","FWM-MOD004-0014","FWM-MOD004-0014","Faux Wood Mantel MOD004 — FWM-MOD004","Высоко","Not Published","Published пуст","Уточнить и исправить статус публикации"
"162","FWM-MOD004-0015","FWM-MOD004-0015","Faux Wood Mantel MOD004 — FWM-MOD004","Высоко","Not Published","Published пуст","Уточнить и исправить статус публикации"
"163","FWM-MOD004-0016","FWM-MOD004-0016","Faux Wood Mantel MOD004 — FWM-MOD004","Высоко","Not Published","Published пуст","Уточнить и исправить статус публикации"
"164","FWM-MOD004-0017","FWM-MOD004-0017","Faux Wood Mantel MOD004 — FWM-MOD004","Высоко","Not Published","Published пуст","Уточнить и исправить статус публикации"
"165","FWM-MOD004-0018","FWM-MOD004-0018","Faux Wood Mantel MOD004 — FWM-MOD004","Высоко","Not Published","Published пуст","Уточнить и исправить статус публикации"
"166","FWM-MOD004-0019","FWM-MOD004-0019","Faux Wood Mantel MOD004 — FWM-MOD004","Высоко","Not Published","Published пуст","Уточнить и исправить статус публикации"
"167","FWM-MOD004-0020","FWM-MOD004-0020","Faux Wood Mantel MOD004 — FWM-MOD004","Высоко","Not Published","Published пуст","Уточнить и исправить статус публикации"
"168","FWM-MOD004-0021","FWM-MOD004-0021","Faux Wood Mantel MOD004 — FWM-MOD004","Высоко","Not Published","Published пуст","Уточнить и исправить статус публикации"
"169","FWM-MOD004-0022","FWM-MOD004-0022","Faux Wood Mantel MOD004 — FWM-MOD004","Высоко","Not Published","Published пуст","Уточнить и исправить статус публикации"
"170","FWM-MOD004-0023","FWM-MOD004-0023","Faux Wood Mantel MOD004 — FWM-MOD004","Высоко","Not Published","Published пуст","Уточнить и исправить статус публикации"
"171","FWM-MOD004-0024","FWM-MOD004-0024","Faux Wood Mantel MOD004 — FWM-MOD004","Высоко","Not Published","Published пуст","Уточнить и исправить статус публикации"
"172","FWM-MOD004-0025","FWM-MOD004-0025","Faux Wood Mantel MOD004 — FWM-MOD004","Высоко","Not Published","Published пуст","Уточнить и исправить статус публикации"
"173","FWM-MOD004-0026","FWM-MOD004-0026","Faux Wood Mantel MOD004 — FWM-MOD004","Высоко","Not Published","Published пуст","Уточнить и исправить статус публикации"
"174","FWM-MOD004-0027","FWM-MOD004-0027","Faux Wood Mantel MOD004 — FWM-MOD004","Высоко","Not Published","Published пуст","Уточнить и исправить статус публикации"
"175","FWM-MOD004-0028","FWM-MOD004-0028","Faux Wood Mantel MOD004 — FWM-MOD004","Высоко","Not Published","Published пуст","Уточнить и исправить статус публикации"
"176","FWM-MOD004-0029","FWM-MOD004-0029","Faux Wood Mantel MOD004 — FWM-MOD004","Высоко","Not Published","Published пуст","Уточнить и исправить статус публикации"
"177","FWM-MOD004-0030","FWM-MOD004-0030","Faux Wood Mantel MOD004 — FWM-MOD004","Высоко","Not Published","Published пуст","Уточнить и исправить статус публикации"
"178","FWM-MOD004-0031","FWM-MOD004-0031","Faux Wood Mantel MOD004 — FWM-MOD004","Высоко","Not Published","Published пуст","Уточнить и исправить статус публикации"
"179","FWB-MOD001-0001","FWB-MOD001-0001","Faux Wood Beam MOD001 — FWB-MOD001","Высоко","Not Published","Published пуст","Уточнить и исправить статус публикации"
"180","FWB-MOD001-0002","FWB-MOD001-0002","Faux Wood Beam MOD001 — FWB-MOD001","Высоко","Not Published","Published пуст","Уточнить и исправить статус публикации"
"181","FWB-MOD001-0003","FWB-MOD001-0003","Faux Wood Beam MOD001 — FWB-MOD001","Высоко","Not Published","Published пуст","Уточнить и исправить статус публикации"
"182","FWB-MOD001-0004","FWB-MOD001-0004","Faux Wood Beam MOD001 — FWB-MOD001","Высоко","Not Published","Published пуст","Уточнить и исправить статус публикации"
"183","FWB-MOD001-0005","FWB-MOD001-0005","Faux Wood Beam MOD001 — FWB-MOD001","Высоко","Not Published","Published пуст","Уточнить и исправить статус публикации"
"184","FWB-MOD001-0006","FWB-MOD001-0006","Faux Wood Beam MOD001 — FWB-MOD001","Высоко","Not Published","Published пуст","Уточнить и исправить статус публикации"
"185","FWB-MOD001-0007","FWB-MOD001-0007","Faux Wood Beam MOD001 — FWB-MOD001","Высоко","Not Published","Published пуст","Уточнить и исправить статус публикации"
"186","FWB-MOD001-0008","FWB-MOD001-0008","Faux Wood Beam MOD001 — FWB-MOD001","Высоко","Not Published","Published пуст","Уточнить и исправить статус публикации"
"187","FWB-MOD001-0009","FWB-MOD001-0009","Faux Wood Beam MOD001 — FWB-MOD001","Высоко","Not Published","Published пуст","Уточнить и исправить статус публикации"
"188","FWB-MOD001-0010","FWB-MOD001-0010","Faux Wood Beam MOD001 — FWB-MOD001","Высоко","Not Published","Published пуст","Уточнить и исправить статус публикации"
"189","FWB-MOD001-0011","FWB-MOD001-0011","Faux Wood Beam MOD001 — FWB-MOD001","Высоко","Not Published","Published пуст","Уточнить и исправить статус публикации"
"190","FWB-MOD001-0012","FWB-MOD001-0012","Faux Wood Beam MOD001 — FWB-MOD001","Высоко","Not Published","Published пуст","Уточнить и исправить статус публикации"
"191","FWB-MOD001-0013","FWB-MOD001-0013","Faux Wood Beam MOD001 — FWB-MOD001","Высоко","Not Published","Published пуст","Уточнить и исправить статус публикации"
"192","FWB-MOD001-0014","FWB-MOD001-0014","Faux Wood Beam MOD001 — FWB-MOD001","Высоко","Not Published","Published пуст","Уточнить и исправить статус публикации"
"193","FWB-MOD001-0015","FWB-MOD001-0015","Faux Wood Beam MOD001 — FWB-MOD001","Высоко","Not Published","Published пуст","Уточнить и исправить статус публикации"
"194","FWB-MOD001-0016","FWB-MOD001-0016","Faux Wood Beam MOD001 — FWB-MOD001","Высоко","Not Published","Published пуст","Уточнить и исправить статус публикации"
"195","FWB-MOD001-0017","FWB-MOD001-0017","Faux Wood Beam MOD001 — FWB-MOD001","Высоко","Not Published","Published пуст","Уточнить и исправить статус публикации"
"196","FWB-MOD001-0018","FWB-MOD001-0018","Faux Wood Beam MOD001 — FWB-MOD001","Высоко","Not Published","Published пуст","Уточнить и исправить статус публикации"
"197","FWB-MOD001-0019","FWB-MOD001-0019","Faux Wood Beam MOD001 — FWB-MOD001","Высоко","Not Published","Published пуст","Уточнить и исправить статус публикации"
"198","FWB-MOD001-0020","FWB-MOD001-0020","Faux Wood Beam MOD001 — FWB-MOD001","Высоко","Not Published","Published пуст","Уточнить и исправить статус публикации"
"199","FWB-MOD001-0021","FWB-MOD001-0021","Faux Wood Beam MOD001 — FWB-MOD001","Высоко","Not Published","Published пуст","Уточнить и исправить статус публикации"
"200","FWB-MOD001-0022","FWB-MOD001-0022","Faux Wood Beam MOD001 — FWB-MOD001","Высоко","Not Published","Published пуст","Уточнить и исправить статус публикации"
"201","FWB-MOD001-0023","FWB-MOD001-0023","Faux Wood Beam MOD001 — FWB-MOD001","Высоко","Not Published","Published пуст","Уточнить и исправить статус публикации"
"202","FWB-MOD001-0024","FWB-MOD001-0024","Faux Wood Beam MOD001 — FWB-MOD001","Высоко","Not Published","Published пуст","Уточнить и исправить статус публикации"
"203","FWB-MOD001-0025","FWB-MOD001-0025","Faux Wood Beam MOD001 — FWB-MOD001","Высоко","Not Published","Published пуст","Уточнить и исправить статус публикации"
"204","FWB-MOD001-0026","FWB-MOD001-0026","Faux Wood Beam MOD001 — FWB-MOD001","Высоко","Not Published","Published пуст","Уточнить и исправить статус публикации"
"205","FWB-MOD001-0027","FWB-MOD001-0027","Faux Wood Beam MOD001 — FWB-MOD001","Высоко","Not Published","Published пуст","Уточнить и исправить статус публикации"
"206","FWB-MOD001-0028","FWB-MOD001-0028","Faux Wood Beam MOD001 — FWB-MOD001","Высоко","Not Published","Published пуст","Уточнить и исправить статус публикации"
"207","FWB-MOD001-0029","FWB-MOD001-0029","Faux Wood Beam MOD001 — FWB-MOD001","Высоко","Not Published","Published пуст","Уточнить и исправить статус публикации"
"208","FWB-MOD001-0030","FWB-MOD001-0030","Faux Wood Beam MOD001 — FWB-MOD001","Высоко","Not Published","Published пуст","Уточнить и исправить статус публикации"
"209","FWB-MOD001-0031","FWB-MOD001-0031","Faux Wood Beam MOD001 — FWB-MOD001","Высоко","Not Published","Published пуст","Уточнить и исправить статус публикации"
"210","FWB-MOD001-0032","FWB-MOD001-0032","Faux Wood Beam MOD001 — FWB-MOD001","Высоко","Not Published","Published пуст","Уточнить и исправить статус публикации"
"211","FWB-MOD001-0033","FWB-MOD001-0033","Faux Wood Beam MOD001 — FWB-MOD001","Высоко","Not Published","Published пуст","Уточнить и исправить статус публикации"
"212","FWB-MOD001-0034","FWB-MOD001-0034","Faux Wood Beam MOD001 — FWB-MOD001","Высоко","Not Published","Published пуст","Уточнить и исправить статус публикации"
"213","FWB-MOD001-0035","FWB-MOD001-0035","Faux Wood Beam MOD001 — FWB-MOD001","Высоко","Not Published","Published пуст","Уточнить и исправить статус публикации"
"214","FWB-MOD001-0036","FWB-MOD001-0036","Faux Wood Beam MOD001 — FWB-MOD001","Высоко","Not Published","Published пуст","Уточнить и исправить статус публикации"
"215","FWB-MOD001-0037","FWB-MOD001-0037","Faux Wood Beam MOD001 — FWB-MOD001","Высоко","Not Published","Published пуст","Уточнить и исправить статус публикации"
"216","FWB-MOD001-0038","FWB-MOD001-0038","Faux Wood Beam MOD001 — FWB-MOD001","Высоко","Not Published","Published пуст","Уточнить и исправить статус публикации"
"217","FWB-MOD001-0039","FWB-MOD001-0039","Faux Wood Beam MOD001 — FWB-MOD001","Высоко","Not Published","Published пуст","Уточнить и исправить статус публикации"
"218","FWB-MOD001-0040","FWB-MOD001-0040","Faux Wood Beam MOD001 — FWB-MOD001","Высоко","Not Published","Published пуст","Уточнить и исправить статус публикации"
"219","FWB-MOD001-0041","FWB-MOD001-0041","Faux Wood Beam MOD001 — FWB-MOD001","Высоко","Not Published","Published пуст","Уточнить и исправить статус публикации"
"220","FWB-MOD001-0042","FWB-MOD001-0042","Faux Wood Beam MOD001 — FWB-MOD001","Высоко","Not Published","Published пуст","Уточнить и исправить статус публикации"
"221","FWB-MOD001-0043","FWB-MOD001-0043","Faux Wood Beam MOD001 — FWB-MOD001","Высоко","Not Published","Published пуст","Уточнить и исправить статус публикации"
"222","FWB-MOD001-0044","FWB-MOD001-0044","Faux Wood Beam MOD001 — FWB-MOD001","Высоко","Not Published","Published пуст","Уточнить и исправить статус публикации"
"223","FWB-MOD001-0045","FWB-MOD001-0045","Faux Wood Beam MOD001 — FWB-MOD001","Высоко","Not Published","Published пуст","Уточнить и исправить статус публикации"
"224","FWB-MOD001-0046","FWB-MOD001-0046","Faux Wood Beam MOD001 — FWB-MOD001","Высоко","Not Published","Published пуст","Уточнить и исправить статус публикации"
"225","FWB-MOD001-0047","FWB-MOD001-0047","Faux Wood Beam MOD001 — FWB-MOD001","Высоко","Not Published","Published пуст","Уточнить и исправить статус публикации"
"226","FWB-MOD001-0048","FWB-MOD001-0048","Faux Wood Beam MOD001 — FWB-MOD001","Высоко","Not Published","Published пуст","Уточнить и исправить статус публикации"
"227","FWB-MOD001-0049","FWB-MOD001-0049","Faux Wood Beam MOD001 — FWB-MOD001","Высоко","Not Published","Published пуст","Уточнить и исправить статус публикации"
"228","FWB-MOD001-0050","FWB-MOD001-0050","Faux Wood Beam MOD001 — FWB-MOD001","Высоко","Not Published","Published пуст","Уточнить и исправить статус публикации"
"229","FWB-MOD001-0051","FWB-MOD001-0051","Faux Wood Beam MOD001 — FWB-MOD001","Высоко","Not Published","Published пуст","Уточнить и исправить статус публикации"
"230","FWB-MOD001-0052","FWB-MOD001-0052","Faux Wood Beam MOD001 — FWB-MOD001","Высоко","Not Published","Published пуст","Уточнить и исправить статус публикации"
"231","FWB-MOD001-0053","FWB-MOD001-0053","Faux Wood Beam MOD001 — FWB-MOD001","Высоко","Not Published","Published пуст","Уточнить и исправить статус публикации"
"232","FWB-MOD001-0054","FWB-MOD001-0054","Faux Wood Beam MOD001 — FWB-MOD001","Высоко","Not Published","Published пуст","Уточнить и исправить статус публикации"
"233","FWB-MOD001-0055","FWB-MOD001-0055","Faux Wood Beam MOD001 — FWB-MOD001","Высоко","Not Published","Published пуст","Уточнить и исправить статус публикации"
"234","FWB-MOD001-0056","FWB-MOD001-0056","Faux Wood Beam MOD001 — FWB-MOD001","Высоко","Not Published","Published пуст","Уточнить и исправить статус публикации"
"235","FWB-MOD001-0057","FWB-MOD001-0057","Faux Wood Beam MOD001 — FWB-MOD001","Высоко","Not Published","Published пуст","Уточнить и исправить статус публикации"
"236","FWB-MOD001-0058","FWB-MOD001-0058","Faux Wood Beam MOD001 — FWB-MOD001","Высоко","Not Published","Published пуст","Уточнить и исправить статус публикации"
"237","FWB-MOD001-0059","FWB-MOD001-0059","Faux Wood Beam MOD001 — FWB-MOD001","Высоко","Not Published","Published пуст","Уточнить и исправить статус публикации"
"238","FWB-MOD001-0060","FWB-MOD001-0060","Faux Wood Beam MOD001 — FWB-MOD001","Высоко","Not Published","Published пуст","Уточнить и исправить статус публикации"
"239","FWB-MOD001-0061","FWB-MOD001-0061","Faux Wood Beam MOD001 — FWB-MOD001","Высоко","Not Published","Published пуст","Уточнить и исправить статус публикации"
"240","FWB-MOD001-0062","FWB-MOD001-0062","Faux Wood Beam MOD001 — FWB-MOD001","Высоко","Not Published","Published пуст","Уточнить и исправить статус публикации"
"241","FWB-MOD001-0063","FWB-MOD001-0063","Faux Wood Beam MOD001 — FWB-MOD001","Высоко","Not Published","Published пуст","Уточнить и исправить статус публикации"
"242","FWB-MOD001-0064","FWB-MOD001-0064","Faux Wood Beam MOD001 — FWB-MOD001","Высоко","Not Published","Published пуст","Уточнить и исправить статус публикации"
"243","FWB-MOD001-0065","FWB-MOD001-0065","Faux Wood Beam MOD001 — FWB-MOD001","Высоко","Not Published","Published пуст","Уточнить и исправить статус публикации"
"244","FWB-MOD001-0066","FWB-MOD001-0066","Faux Wood Beam MOD001 — FWB-MOD001","Высоко","Not Published","Published пуст","Уточнить и исправить статус публикации"
"245","FWB-MOD001-0067","FWB-MOD001-0067","Faux Wood Beam MOD001 — FWB-MOD001","Высоко","Not Published","Published пуст","Уточнить и исправить статус публикации"
"246","FWB-MOD001-0068","FWB-MOD001-0068","Faux Wood Beam MOD001 — FWB-MOD001","Высоко","Not Published","Published пуст","Уточнить и исправить статус публикации"
"247","FWB-MOD001-0069","FWB-MOD001-0069","Faux Wood Beam MOD001 — FWB-MOD001","Высоко","Not Published","Published пуст","Уточнить и исправить статус публикации"
"248","FWB-MOD001-0070","FWB-MOD001-0070","Faux Wood Beam MOD001 — FWB-MOD001","Высоко","Not Published","Published пуст","Уточнить и исправить статус публикации"
"249","FWB-MOD001-0071","FWB-MOD001-0071","Faux Wood Beam MOD001 — FWB-MOD001","Высоко","Not Published","Published пуст","Уточнить и исправить статус публикации"
"250","FWB-MOD001-0072","FWB-MOD001-0072","Faux Wood Beam MOD001 — FWB-MOD001","Высоко","Not Published","Published пуст","Уточнить и исправить статус публикации"
"251","FWB-MOD001-0073","FWB-MOD001-0073","Faux Wood Beam MOD001 — FWB-MOD001","Высоко","Not Published","Published пуст","Уточнить и исправить статус публикации"
"252","FWB-MOD001-0074","FWB-MOD001-0074","Faux Wood Beam MOD001 — FWB-MOD001","Высоко","Not Published","Published пуст","Уточнить и исправить статус публикации"
"253","FWB-MOD001-0075","FWB-MOD001-0075","Faux Wood Beam MOD001 — FWB-MOD001","Высоко","Not Published","Published пуст","Уточнить и исправить статус публикации"
"254","FWB-MOD001-0076","FWB-MOD001-0076","Faux Wood Beam MOD001 — FWB-MOD001","Высоко","Not Published","Published пуст","Уточнить и исправить статус публикации"
"255","FWB-MOD001-0077","FWB-MOD001-0077","Faux Wood Beam MOD001 — FWB-MOD001","Высоко","Not Published","Published пуст","Уточнить и исправить статус публикации"
"256","FWB-MOD001-0078","FWB-MOD001-0078","Faux Wood Beam MOD001 — FWB-MOD001","Высоко","Not Published","Published пуст","Уточнить и исправить статус публикации"
"257","FWB-MOD001-0079","FWB-MOD001-0079","Faux Wood Beam MOD001 — FWB-MOD001","Высоко","Not Published","Published пуст","Уточнить и исправить статус публикации"
"258","FWB-MOD001-0080","FWB-MOD001-0080","Faux Wood Beam MOD001 — FWB-MOD001","Высоко","Not Published","Published пуст","Уточнить и исправить статус публикации"
"259","FWB-MOD001-0081","FWB-MOD001-0081","Faux Wood Beam MOD001 — FWB-MOD001","Высоко","Not Published","Published пуст","Уточнить и исправить статус публикации"
"260","FWB-MOD002-0001","FWB-MOD002-0001","Faux Wood Beam MOD002 — FWB-MOD002","Высоко","Not Published","Published пуст","Уточнить и исправить статус публикации"
"261","FWB-MOD002-0002","FWB-MOD002-0002","Faux Wood Beam MOD002 — FWB-MOD002","Высоко","Not Published","Published пуст","Уточнить и исправить статус публикации"
"262","FWB-MOD002-0003","FWB-MOD002-0003","Faux Wood Beam MOD002 — FWB-MOD002","Высоко","Not Published","Published пуст","Уточнить и исправить статус публикации"
"263","FWB-MOD002-0004","FWB-MOD002-0004","Faux Wood Beam MOD002 — FWB-MOD002","Высоко","Not Published","Published пуст","Уточнить и исправить статус публикации"
"264","FWB-MOD002-0005","FWB-MOD002-0005","Faux Wood Beam MOD002 — FWB-MOD002","Высоко","Not Published","Published пуст","Уточнить и исправить статус публикации"
"265","FWB-MOD002-0006","FWB-MOD002-0006","Faux Wood Beam MOD002 — FWB-MOD002","Высоко","Not Published","Published пуст","Уточнить и исправить статус публикации"
"266","FWB-MOD002-0007","FWB-MOD002-0007","Faux Wood Beam MOD002 — FWB-MOD002","Высоко","Not Published","Published пуст","Уточнить и исправить статус публикации"
"267","FWB-MOD002-0008","FWB-MOD002-0008","Faux Wood Beam MOD002 — FWB-MOD002","Высоко","Not Published","Published пуст","Уточнить и исправить статус публикации"
"268","FWB-MOD002-0009","FWB-MOD002-0009","Faux Wood Beam MOD002 — FWB-MOD002","Высоко","Not Published","Published пуст","Уточнить и исправить статус публикации"
"269","FWB-MOD002-0010","FWB-MOD002-0010","Faux Wood Beam MOD002 — FWB-MOD002","Высоко","Not Published","Published пуст","Уточнить и исправить статус публикации"
"270","FWB-MOD002-0011","FWB-MOD002-0011","Faux Wood Beam MOD002 — FWB-MOD002","Высоко","Not Published","Published пуст","Уточнить и исправить статус публикации"
"271","FWB-MOD002-0012","FWB-MOD002-0012","Faux Wood Beam MOD002 — FWB-MOD002","Высоко","Not Published","Published пуст","Уточнить и исправить статус публикации"
"272","FWB-MOD002-0013","FWB-MOD002-0013","Faux Wood Beam MOD002 — FWB-MOD002","Высоко","Not Published","Published пуст","Уточнить и исправить статус публикации"
"273","FWB-MOD002-0014","FWB-MOD002-0014","Faux Wood Beam MOD002 — FWB-MOD002","Высоко","Not Published","Published пуст","Уточнить и исправить статус публикации"
"274","FWB-MOD002-0015","FWB-MOD002-0015","Faux Wood Beam MOD002 — FWB-MOD002","Высоко","Not Published","Published пуст","Уточнить и исправить статус публикации"
"275","FWB-MOD002-0016","FWB-MOD002-0016","Faux Wood Beam MOD002 — FWB-MOD002","Высоко","Not Published","Published пуст","Уточнить и исправить статус публикации"
"276","FWB-MOD002-0017","FWB-MOD002-0017","Faux Wood Beam MOD002 — FWB-MOD002","Высоко","Not Published","Published пуст","Уточнить и исправить статус публикации"
"277","FWB-MOD002-0018","FWB-MOD002-0018","Faux Wood Beam MOD002 — FWB-MOD002","Высоко","Not Published","Published пуст","Уточнить и исправить статус публикации"
"278","FWB-MOD002-0019","FWB-MOD002-0019","Faux Wood Beam MOD002 — FWB-MOD002","Высоко","Not Published","Published пуст","Уточнить и исправить статус публикации"
"279","FWB-MOD002-0020","FWB-MOD002-0020","Faux Wood Beam MOD002 — FWB-MOD002","Высоко","Not Published","Published пуст","Уточнить и исправить статус публикации"
"280","FWB-MOD002-0021","FWB-MOD002-0021","Faux Wood Beam MOD002 — FWB-MOD002","Высоко","Not Published","Published пуст","Уточнить и исправить статус публикации"
"281","FWB-MOD002-0022","FWB-MOD002-0022","Faux Wood Beam MOD002 — FWB-MOD002","Высоко","Not Published","Published пуст","Уточнить и исправить статус публикации"
"282","FWB-MOD002-0023","FWB-MOD002-0023","Faux Wood Beam MOD002 — FWB-MOD002","Высоко","Not Published","Published пуст","Уточнить и исправить статус публикации"
"283","FWB-MOD002-0024","FWB-MOD002-0024","Faux Wood Beam MOD002 — FWB-MOD002","Высоко","Not Published","Published пуст","Уточнить и исправить статус публикации"
"284","FWB-MOD002-0025","FWB-MOD002-0025","Faux Wood Beam MOD002 — FWB-MOD002","Высоко","Not Published","Published пуст","Уточнить и исправить статус публикации"
"285","FWB-MOD002-0026","FWB-MOD002-0026","Faux Wood Beam MOD002 — FWB-MOD002","Высоко","Not Published","Published пуст","Уточнить и исправить статус публикации"
"286","FWB-MOD002-0027","FWB-MOD002-0027","Faux Wood Beam MOD002 — FWB-MOD002","Высоко","Not Published","Published пуст","Уточнить и исправить статус публикации"
"287","FWB-MOD002-0028","FWB-MOD002-0028","Faux Wood Beam MOD002 — FWB-MOD002","Высоко","Not Published","Published пуст","Уточнить и исправить статус публикации"
"288","FWB-MOD002-0029","FWB-MOD002-0029","Faux Wood Beam MOD002 — FWB-MOD002","Высоко","Not Published","Published пуст","Уточнить и исправить статус публикации"
"289","FWB-MOD002-0030","FWB-MOD002-0030","Faux Wood Beam MOD002 — FWB-MOD002","Высоко","Not Published","Published пуст","Уточнить и исправить статус публикации"
"290","FWB-MOD002-0031","FWB-MOD002-0031","Faux Wood Beam MOD002 — FWB-MOD002","Высоко","Not Published","Published пуст","Уточнить и исправить статус публикации"
"291","FWB-MOD002-0032","FWB-MOD002-0032","Faux Wood Beam MOD002 — FWB-MOD002","Высоко","Not Published","Published пуст","Уточнить и исправить статус публикации"
"292","FWB-MOD002-0033","FWB-MOD002-0033","Faux Wood Beam MOD002 — FWB-MOD002","Высоко","Not Published","Published пуст","Уточнить и исправить статус публикации"
"293","FWB-MOD002-0034","FWB-MOD002-0034","Faux Wood Beam MOD002 — FWB-MOD002","Высоко","Not Published","Published пуст","Уточнить и исправить статус публикации"
"294","FWB-MOD002-0035","FWB-MOD002-0035","Faux Wood Beam MOD002 — FWB-MOD002","Высоко","Not Published","Published пуст","Уточнить и исправить статус публикации"
"295","FWB-MOD002-0036","FWB-MOD002-0036","Faux Wood Beam MOD002 — FWB-MOD002","Высоко","Not Published","Published пуст","Уточнить и исправить статус публикации"
"296","FWB-MOD002-0037","FWB-MOD002-0037","Faux Wood Beam MOD002 — FWB-MOD002","Высоко","Not Published","Published пуст","Уточнить и исправить статус публикации"
"297","FWB-MOD002-0038","FWB-MOD002-0038","Faux Wood Beam MOD002 — FWB-MOD002","Высоко","Not Published","Published пуст","Уточнить и исправить статус публикации"
"298","FWB-MOD002-0039","FWB-MOD002-0039","Faux Wood Beam MOD002 — FWB-MOD002","Высоко","Not Published","Published пуст","Уточнить и исправить статус публикации"
"299","FWB-MOD002-0040","FWB-MOD002-0040","Faux Wood Beam MOD002 — FWB-MOD002","Высоко","Not Published","Published пуст","Уточнить и исправить статус публикации"
"300","FWB-MOD002-0041","FWB-MOD002-0041","Faux Wood Beam MOD002 — FWB-MOD002","Высоко","Not Published","Published пуст","Уточнить и исправить статус публикации"
"301","FWB-MOD002-0042","FWB-MOD002-0042","Faux Wood Beam MOD002 — FWB-MOD002","Высоко","Not Published","Published пуст","Уточнить и исправить статус публикации"
"302","FWB-MOD002-0043","FWB-MOD002-0043","Faux Wood Beam MOD002 — FWB-MOD002","Высоко","Not Published","Published пуст","Уточнить и исправить статус публикации"
"303","FWB-MOD002-0044","FWB-MOD002-0044","Faux Wood Beam MOD002 — FWB-MOD002","Высоко","Not Published","Published пуст","Уточнить и исправить статус публикации"
"304","FWB-MOD002-0045","FWB-MOD002-0045","Faux Wood Beam MOD002 — FWB-MOD002","Высоко","Not Published","Published пуст","Уточнить и исправить статус публикации"
"305","FWB-MOD002-0046","FWB-MOD002-0046","Faux Wood Beam MOD002 — FWB-MOD002","Высоко","Not Published","Published пуст","Уточнить и исправить статус публикации"
"306","FWB-MOD002-0047","FWB-MOD002-0047","Faux Wood Beam MOD002 — FWB-MOD002","Высоко","Not Published","Published пуст","Уточнить и исправить статус публикации"
"307","FWB-MOD002-0048","FWB-MOD002-0048","Faux Wood Beam MOD002 — FWB-MOD002","Высоко","Not Published","Published пуст","Уточнить и исправить статус публикации"
"308","FWB-MOD002-0049","FWB-MOD002-0049","Faux Wood Beam MOD002 — FWB-MOD002","Высоко","Not Published","Published пуст","Уточнить и исправить статус публикации"
"309","FWB-MOD002-0050","FWB-MOD002-0050","Faux Wood Beam MOD002 — FWB-MOD002","Высоко","Not Published","Published пуст","Уточнить и исправить статус публикации"
"310","FWB-MOD002-0051","FWB-MOD002-0051","Faux Wood Beam MOD002 — FWB-MOD002","Высоко","Not Published","Published пуст","Уточнить и исправить статус публикации"
"311","FWB-MOD002-0052","FWB-MOD002-0052","Faux Wood Beam MOD002 — FWB-MOD002","Высоко","Not Published","Published пуст","Уточнить и исправить статус публикации"
"312","FWB-MOD002-0053","FWB-MOD002-0053","Faux Wood Beam MOD002 — FWB-MOD002","Высоко","Not Published","Published пуст","Уточнить и исправить статус публикации"
"313","FWB-MOD002-0054","FWB-MOD002-0054","Faux Wood Beam MOD002 — FWB-MOD002","Высоко","Not Published","Published пуст","Уточнить и исправить статус публикации"
"314","FWB-MOD002-0055","FWB-MOD002-0055","Faux Wood Beam MOD002 — FWB-MOD002","Высоко","Not Published","Published пуст","Уточнить и исправить статус публикации"
"315","FWB-MOD002-0056","FWB-MOD002-0056","Faux Wood Beam MOD002 — FWB-MOD002","Высоко","Not Published","Published пуст","Уточнить и исправить статус публикации"
"316","FWB-MOD002-0057","FWB-MOD002-0057","Faux Wood Beam MOD002 — FWB-MOD002","Высоко","Not Published","Published пуст","Уточнить и исправить статус публикации"
"317","FWB-MOD002-0058","FWB-MOD002-0058","Faux Wood Beam MOD002 — FWB-MOD002","Высоко","Not Published","Published пуст","Уточнить и исправить статус публикации"
"318","FWB-MOD002-0059","FWB-MOD002-0059","Faux Wood Beam MOD002 — FWB-MOD002","Высоко","Not Published","Published пуст","Уточнить и исправить статус публикации"
"319","FWB-MOD002-0060","FWB-MOD002-0060","Faux Wood Beam MOD002 — FWB-MOD002","Высоко","Not Published","Published пуст","Уточнить и исправить статус публикации"
"320","FWB-MOD002-0061","FWB-MOD002-0061","Faux Wood Beam MOD002 — FWB-MOD002","Высоко","Not Published","Published пуст","Уточнить и исправить статус публикации"
"321","FWB-MOD002-0062","FWB-MOD002-0062","Faux Wood Beam MOD002 — FWB-MOD002","Высоко","Not Published","Published пуст","Уточнить и исправить статус публикации"
"322","FWB-MOD002-0063","FWB-MOD002-0063","Faux Wood Beam MOD002 — FWB-MOD002","Высоко","Not Published","Published пуст","Уточнить и исправить статус публикации"
"323","FWB-MOD002-0064","FWB-MOD002-0064","Faux Wood Beam MOD002 — FWB-MOD002","Высоко","Not Published","Published пуст","Уточнить и исправить статус публикации"
"324","FWB-MOD002-0065","FWB-MOD002-0065","Faux Wood Beam MOD002 — FWB-MOD002","Высоко","Not Published","Published пуст","Уточнить и исправить статус публикации"
"325","FWB-MOD002-0066","FWB-MOD002-0066","Faux Wood Beam MOD002 — FWB-MOD002","Высоко","Not Published","Published пуст","Уточнить и исправить статус публикации"
"326","FWB-MOD002-0067","FWB-MOD002-0067","Faux Wood Beam MOD002 — FWB-MOD002","Высоко","Not Published","Published пуст","Уточнить и исправить статус публикации"
"327","FWB-MOD002-0068","FWB-MOD002-0068","Faux Wood Beam MOD002 — FWB-MOD002","Высоко","Not Published","Published пуст","Уточнить и исправить статус публикации"
"328","FWB-MOD002-0069","FWB-MOD002-0069","Faux Wood Beam MOD002 — FWB-MOD002","Высоко","Not Published","Published пуст","Уточнить и исправить статус публикации"
"329","FWB-MOD002-0070","FWB-MOD002-0070","Faux Wood Beam MOD002 — FWB-MOD002","Высоко","Not Published","Published пуст","Уточнить и исправить статус публикации"
"330","FWB-MOD002-0071","FWB-MOD002-0071","Faux Wood Beam MOD002 — FWB-MOD002","Высоко","Not Published","Published пуст","Уточнить и исправить статус публикации"
"331","FWB-MOD002-0072","FWB-MOD002-0072","Faux Wood Beam MOD002 — FWB-MOD002","Высоко","Not Published","Published пуст","Уточнить и исправить статус публикации"
"332","FWB-MOD002-0073","FWB-MOD002-0073","Faux Wood Beam MOD002 — FWB-MOD002","Высоко","Not Published","Published пуст","Уточнить и исправить статус публикации"
"333","FWB-MOD002-0074","FWB-MOD002-0074","Faux Wood Beam MOD002 — FWB-MOD002","Высоко","Not Published","Published пуст","Уточнить и исправить статус публикации"
"334","FWB-MOD002-0075","FWB-MOD002-0075","Faux Wood Beam MOD002 — FWB-MOD002","Высоко","Not Published","Published пуст","Уточнить и исправить статус публикации"
"335","FWB-MOD002-0076","FWB-MOD002-0076","Faux Wood Beam MOD002 — FWB-MOD002","Высоко","Not Published","Published пуст","Уточнить и исправить статус публикации"
"336","FWB-MOD002-0077","FWB-MOD002-0077","Faux Wood Beam MOD002 — FWB-MOD002","Высоко","Not Published","Published пуст","Уточнить и исправить статус публикации"
"337","FWB-MOD002-0078","FWB-MOD002-0078","Faux Wood Beam MOD002 — FWB-MOD002","Высоко","Not Published","Published пуст","Уточнить и исправить статус публикации"
"338","FWB-MOD002-0079","FWB-MOD002-0079","Faux Wood Beam MOD002 — FWB-MOD002","Высоко","Not Published","Published пуст","Уточнить и исправить статус публикации"
"339","FWB-MOD002-0080","FWB-MOD002-0080","Faux Wood Beam MOD002 — FWB-MOD002","Высоко","Not Published","Published пуст","Уточнить и исправить статус публикации"
"340","FWB-MOD002-0081","FWB-MOD002-0081","Faux Wood Beam MOD002 — FWB-MOD002","Высоко","Not Published","Published пуст","Уточнить и исправить статус публикации"
"341","FWB-MOD003-0001","FWB-MOD003-0001","Faux Wood Beam MOD003 — FWB-MOD003","Высоко","Not Published","Published пуст","Уточнить и исправить статус публикации"
"342","FWB-MOD003-0002","FWB-MOD003-0002","Faux Wood Beam MOD003 — FWB-MOD003","Высоко","Not Published","Published пуст","Уточнить и исправить статус публикации"
"343","FWB-MOD003-0003","FWB-MOD003-0003","Faux Wood Beam MOD003 — FWB-MOD003","Высоко","Not Published","Published пуст","Уточнить и исправить статус публикации"
"344","FWB-MOD003-0004","FWB-MOD003-0004","Faux Wood Beam MOD003 — FWB-MOD003","Высоко","Not Published","Published пуст","Уточнить и исправить статус публикации"
"345","FWB-MOD003-0005","FWB-MOD003-0005","Faux Wood Beam MOD003 — FWB-MOD003","Высоко","Not Published","Published пуст","Уточнить и исправить статус публикации"
"346","FWB-MOD003-0006","FWB-MOD003-0006","Faux Wood Beam MOD003 — FWB-MOD003","Высоко","Not Published","Published пуст","Уточнить и исправить статус публикации"
"347","FWB-MOD003-0007","FWB-MOD003-0007","Faux Wood Beam MOD003 — FWB-MOD003","Высоко","Not Published","Published пуст","Уточнить и исправить статус публикации"
"348","FWB-MOD003-0008","FWB-MOD003-0008","Faux Wood Beam MOD003 — FWB-MOD003","Высоко","Not Published","Published пуст","Уточнить и исправить статус публикации"
"349","FWB-MOD003-0009","FWB-MOD003-0009","Faux Wood Beam MOD003 — FWB-MOD003","Высоко","Not Published","Published пуст","Уточнить и исправить статус публикации"
"350","FWB-MOD003-0010","FWB-MOD003-0010","Faux Wood Beam MOD003 — FWB-MOD003","Высоко","Not Published","Published пуст","Уточнить и исправить статус публикации"
"351","FWB-MOD003-0011","FWB-MOD003-0011","Faux Wood Beam MOD003 — FWB-MOD003","Высоко","Not Published","Published пуст","Уточнить и исправить статус публикации"
"352","FWB-MOD003-0012","FWB-MOD003-0012","Faux Wood Beam MOD003 — FWB-MOD003","Высоко","Not Published","Published пуст","Уточнить и исправить статус публикации"
"353","FWB-MOD003-0013","FWB-MOD003-0013","Faux Wood Beam MOD003 — FWB-MOD003","Высоко","Not Published","Published пуст","Уточнить и исправить статус публикации"
"354","FWB-MOD003-0014","FWB-MOD003-0014","Faux Wood Beam MOD003 — FWB-MOD003","Высоко","Not Published","Published пуст","Уточнить и исправить статус публикации"
"355","FWB-MOD003-0015","FWB-MOD003-0015","Faux Wood Beam MOD003 — FWB-MOD003","Высоко","Not Published","Published пуст","Уточнить и исправить статус публикации"
"356","FWB-MOD003-0016","FWB-MOD003-0016","Faux Wood Beam MOD003 — FWB-MOD003","Высоко","Not Published","Published пуст","Уточнить и исправить статус публикации"
"357","FWB-MOD003-0017","FWB-MOD003-0017","Faux Wood Beam MOD003 — FWB-MOD003","Высоко","Not Published","Published пуст","Уточнить и исправить статус публикации"
"358","FWB-MOD003-0018","FWB-MOD003-0018","Faux Wood Beam MOD003 — FWB-MOD003","Высоко","Not Published","Published пуст","Уточнить и исправить статус публикации"
"359","FWB-MOD003-0019","FWB-MOD003-0019","Faux Wood Beam MOD003 — FWB-MOD003","Высоко","Not Published","Published пуст","Уточнить и исправить статус публикации"
"360","FWB-MOD003-0020","FWB-MOD003-0020","Faux Wood Beam MOD003 — FWB-MOD003","Высоко","Not Published","Published пуст","Уточнить и исправить статус публикации"
"361","FWB-MOD003-0021","FWB-MOD003-0021","Faux Wood Beam MOD003 — FWB-MOD003","Высоко","Not Published","Published пуст","Уточнить и исправить статус публикации"
"362","FWB-MOD003-0022","FWB-MOD003-0022","Faux Wood Beam MOD003 — FWB-MOD003","Высоко","Not Published","Published пуст","Уточнить и исправить статус публикации"
"363","FWB-MOD003-0023","FWB-MOD003-0023","Faux Wood Beam MOD003 — FWB-MOD003","Высоко","Not Published","Published пуст","Уточнить и исправить статус публикации"
"364","FWB-MOD003-0024","FWB-MOD003-0024","Faux Wood Beam MOD003 — FWB-MOD003","Высоко","Not Published","Published пуст","Уточнить и исправить статус публикации"
"365","FWB-MOD003-0025","FWB-MOD003-0025","Faux Wood Beam MOD003 — FWB-MOD003","Высоко","Not Published","Published пуст","Уточнить и исправить статус публикации"
"366","FWB-MOD003-0026","FWB-MOD003-0026","Faux Wood Beam MOD003 — FWB-MOD003","Высоко","Not Published","Published пуст","Уточнить и исправить статус публикации"
"367","FWB-MOD003-0027","FWB-MOD003-0027","Faux Wood Beam MOD003 — FWB-MOD003","Высоко","Not Published","Published пуст","Уточнить и исправить статус публикации"
"368","FWB-MOD003-0028","FWB-MOD003-0028","Faux Wood Beam MOD003 — FWB-MOD003","Высоко","Not Published","Published пуст","Уточнить и исправить статус публикации"
"369","FWB-MOD003-0029","FWB-MOD003-0029","Faux Wood Beam MOD003 — FWB-MOD003","Высоко","Not Published","Published пуст","Уточнить и исправить статус публикации"
"370","FWB-MOD003-0030","FWB-MOD003-0030","Faux Wood Beam MOD003 — FWB-MOD003","Высоко","Not Published","Published пуст","Уточнить и исправить статус публикации"
"371","FWB-MOD003-0031","FWB-MOD003-0031","Faux Wood Beam MOD003 — FWB-MOD003","Высоко","Not Published","Published пуст","Уточнить и исправить статус публикации"
"372","FWB-MOD003-0032","FWB-MOD003-0032","Faux Wood Beam MOD003 — FWB-MOD003","Высоко","Not Published","Published пуст","Уточнить и исправить статус публикации"
"373","FWB-MOD003-0033","FWB-MOD003-0033","Faux Wood Beam MOD003 — FWB-MOD003","Высоко","Not Published","Published пуст","Уточнить и исправить статус публикации"
"374","FWB-MOD003-0034","FWB-MOD003-0034","Faux Wood Beam MOD003 — FWB-MOD003","Высоко","Not Published","Published пуст","Уточнить и исправить статус публикации"
"375","FWB-MOD003-0035","FWB-MOD003-0035","Faux Wood Beam MOD003 — FWB-MOD003","Высоко","Not Published","Published пуст","Уточнить и исправить статус публикации"
"376","FWB-MOD003-0036","FWB-MOD003-0036","Faux Wood Beam MOD003 — FWB-MOD003","Высоко","Not Published","Published пуст","Уточнить и исправить статус публикации"
"377","FWB-MOD003-0037","FWB-MOD003-0037","Faux Wood Beam MOD003 — FWB-MOD003","Высоко","Not Published","Published пуст","Уточнить и исправить статус публикации"
"378","FWB-MOD003-0038","FWB-MOD003-0038","Faux Wood Beam MOD003 — FWB-MOD003","Высоко","Not Published","Published пуст","Уточнить и исправить статус публикации"
"379","FWB-MOD003-0039","FWB-MOD003-0039","Faux Wood Beam MOD003 — FWB-MOD003","Высоко","Not Published","Published пуст","Уточнить и исправить статус публикации"
"380","FWB-MOD003-0040","FWB-MOD003-0040","Faux Wood Beam MOD003 — FWB-MOD003","Высоко","Not Published","Published пуст","Уточнить и исправить статус публикации"
"381","FWB-MOD003-0041","FWB-MOD003-0041","Faux Wood Beam MOD003 — FWB-MOD003","Высоко","Not Published","Published пуст","Уточнить и исправить статус публикации"
"382","FWB-MOD003-0042","FWB-MOD003-0042","Faux Wood Beam MOD003 — FWB-MOD003","Высоко","Not Published","Published пуст","Уточнить и исправить статус публикации"
"383","FWB-MOD003-0043","FWB-MOD003-0043","Faux Wood Beam MOD003 — FWB-MOD003","Высоко","Not Published","Published пуст","Уточнить и исправить статус публикации"
"384","FWB-MOD003-0044","FWB-MOD003-0044","Faux Wood Beam MOD003 — FWB-MOD003","Высоко","Not Published","Published пуст","Уточнить и исправить статус публикации"
"385","FWB-MOD003-0045","FWB-MOD003-0045","Faux Wood Beam MOD003 — FWB-MOD003","Высоко","Not Published","Published пуст","Уточнить и исправить статус публикации"
"386","FWB-MOD003-0046","FWB-MOD003-0046","Faux Wood Beam MOD003 — FWB-MOD003","Высоко","Not Published","Published пуст","Уточнить и исправить статус публикации"
"387","FWB-MOD003-0047","FWB-MOD003-0047","Faux Wood Beam MOD003 — FWB-MOD003","Высоко","Not Published","Published пуст","Уточнить и исправить статус публикации"
"388","FWB-MOD003-0048","FWB-MOD003-0048","Faux Wood Beam MOD003 — FWB-MOD003","Высоко","Not Published","Published пуст","Уточнить и исправить статус публикации"
"389","FWB-MOD003-0049","FWB-MOD003-0049","Faux Wood Beam MOD003 — FWB-MOD003","Высоко","Not Published","Published пуст","Уточнить и исправить статус публикации"
"390","FWB-MOD003-0050","FWB-MOD003-0050","Faux Wood Beam MOD003 — FWB-MOD003","Высоко","Not Published","Published пуст","Уточнить и исправить статус публикации"
"391","FWB-MOD003-0051","FWB-MOD003-0051","Faux Wood Beam MOD003 — FWB-MOD003","Высоко","Not Published","Published пуст","Уточнить и исправить статус публикации"
"392","FWB-MOD003-0052","FWB-MOD003-0052","Faux Wood Beam MOD003 — FWB-MOD003","Высоко","Not Published","Published пуст","Уточнить и исправить статус публикации"
"393","FWB-MOD003-0053","FWB-MOD003-0053","Faux Wood Beam MOD003 — FWB-MOD003","Высоко","Not Published","Published пуст","Уточнить и исправить статус публикации"
"394","FWB-MOD003-0054","FWB-MOD003-0054","Faux Wood Beam MOD003 — FWB-MOD003","Высоко","Not Published","Published пуст","Уточнить и исправить статус публикации"
"395","FWB-MOD003-0055","FWB-MOD003-0055","Faux Wood Beam MOD003 — FWB-MOD003","Высоко","Not Published","Published пуст","Уточнить и исправить статус публикации"
"396","FWB-MOD003-0056","FWB-MOD003-0056","Faux Wood Beam MOD003 — FWB-MOD003","Высоко","Not Published","Published пуст","Уточнить и исправить статус публикации"
"397","FWB-MOD003-0057","FWB-MOD003-0057","Faux Wood Beam MOD003 — FWB-MOD003","Высоко","Not Published","Published пуст","Уточнить и исправить статус публикации"
"398","FWB-MOD003-0058","FWB-MOD003-0058","Faux Wood Beam MOD003 — FWB-MOD003","Высоко","Not Published","Published пуст","Уточнить и исправить статус публикации"
"399","FWB-MOD003-0059","FWB-MOD003-0059","Faux Wood Beam MOD003 — FWB-MOD003","Высоко","Not Published","Published пуст","Уточнить и исправить статус публикации"
"400","FWB-MOD003-0060","FWB-MOD003-0060","Faux Wood Beam MOD003 — FWB-MOD003","Высоко","Not Published","Published пуст","Уточнить и исправить статус публикации"
"401","FWB-MOD003-0061","FWB-MOD003-0061","Faux Wood Beam MOD003 — FWB-MOD003","Высоко","Not Published","Published пуст","Уточнить и исправить статус публикации"
"402","FWB-MOD003-0062","FWB-MOD003-0062","Faux Wood Beam MOD003 — FWB-MOD003","Высоко","Not Published","Published пуст","Уточнить и исправить статус публикации"
"403","FWB-MOD003-0063","FWB-MOD003-0063","Faux Wood Beam MOD003 — FWB-MOD003","Высоко","Not Published","Published пуст","Уточнить и исправить статус публикации"
"404","FWB-MOD003-0064","FWB-MOD003-0064","Faux Wood Beam MOD003 — FWB-MOD003","Высоко","Not Published","Published пуст","Уточнить и исправить статус публикации"
"405","FWB-MOD003-0065","FWB-MOD003-0065","Faux Wood Beam MOD003 — FWB-MOD003","Высоко","Not Published","Published пуст","Уточнить и исправить статус публикации"
"406","FWB-MOD003-0066","FWB-MOD003-0066","Faux Wood Beam MOD003 — FWB-MOD003","Высоко","Not Published","Published пуст","Уточнить и исправить статус публикации"
"407","FWB-MOD003-0067","FWB-MOD003-0067","Faux Wood Beam MOD003 — FWB-MOD003","Высоко","Not Published","Published пуст","Уточнить и исправить статус публикации"
"408","FWB-MOD003-0068","FWB-MOD003-0068","Faux Wood Beam MOD003 — FWB-MOD003","Высоко","Not Published","Published пуст","Уточнить и исправить статус публикации"
"409","FWB-MOD003-0069","FWB-MOD003-0069","Faux Wood Beam MOD003 — FWB-MOD003","Высоко","Not Published","Published пуст","Уточнить и исправить статус публикации"
"410","FWB-MOD003-0070","FWB-MOD003-0070","Faux Wood Beam MOD003 — FWB-MOD003","Высоко","Not Published","Published пуст","Уточнить и исправить статус публикации"
"411","FWB-MOD003-0071","FWB-MOD003-0071","Faux Wood Beam MOD003 — FWB-MOD003","Высоко","Not Published","Published пуст","Уточнить и исправить статус публикации"
"412","FWB-MOD003-0072","FWB-MOD003-0072","Faux Wood Beam MOD003 — FWB-MOD003","Высоко","Not Published","Published пуст","Уточнить и исправить статус публикации"
"413","FWB-MOD003-0073","FWB-MOD003-0073","Faux Wood Beam MOD003 — FWB-MOD003","Высоко","Not Published","Published пуст","Уточнить и исправить статус публикации"
"414","FWB-MOD003-0074","FWB-MOD003-0074","Faux Wood Beam MOD003 — FWB-MOD003","Высоко","Not Published","Published пуст","Уточнить и исправить статус публикации"
"415","FWB-MOD003-0075","FWB-MOD003-0075","Faux Wood Beam MOD003 — FWB-MOD003","Высоко","Not Published","Published пуст","Уточнить и исправить статус публикации"
"416","FWB-MOD003-0076","FWB-MOD003-0076","Faux Wood Beam MOD003 — FWB-MOD003","Высоко","Not Published","Published пуст","Уточнить и исправить статус публикации"
"417","FWB-MOD003-0077","FWB-MOD003-0077","Faux Wood Beam MOD003 — FWB-MOD003","Высоко","Not Published","Published пуст","Уточнить и исправить статус публикации"
"418","FWB-MOD003-0078","FWB-MOD003-0078","Faux Wood Beam MOD003 — FWB-MOD003","Высоко","Not Published","Published пуст","Уточнить и исправить статус публикации"
"419","FWB-MOD003-0079","FWB-MOD003-0079","Faux Wood Beam MOD003 — FWB-MOD003","Высоко","Not Published","Published пуст","Уточнить и исправить статус публикации"
"420","FWB-MOD003-0080","FWB-MOD003-0080","Faux Wood Beam MOD003 — FWB-MOD003","Высоко","Not Published","Published пуст","Уточнить и исправить статус публикации"
"421","FWB-MOD003-0081","FWB-MOD003-0081","Faux Wood Beam MOD003 — FWB-MOD003","Высоко","Not Published","Published пуст","Уточнить и исправить статус публикации"
"422","CFWP-MOD001-0001","CFWP-MOD001-0001","Ceiling Faux Wood Plank MOD001 — CFWP-MOD001","Высоко","Not Published","Published пуст","Уточнить и исправить статус публикации"
"423","CFWP-MOD001-0002","CFWP-MOD001-0002","Ceiling Faux Wood Plank MOD001 — CFWP-MOD001","Высоко","Not Published","Published пуст","Уточнить и исправить статус публикации"
"424","CFWP-MOD001-0003","CFWP-MOD001-0003","Ceiling Faux Wood Plank MOD001 — CFWP-MOD001","Высоко","Not Published","Published пуст","Уточнить и исправить статус публикации"
"425","CFWP-MOD001-0004","CFWP-MOD001-0004","Ceiling Faux Wood Plank MOD001 — CFWP-MOD001","Высоко","Not Published","Published пуст","Уточнить и исправить статус публикации"
"426","CFWP-MOD001-0005","CFWP-MOD001-0005","Ceiling Faux Wood Plank MOD001 — CFWP-MOD001","Высоко","Not Published","Published пуст","Уточнить и исправить статус публикации"
"427","CFWP-MOD001-0006-1","CFWP-MOD001-0006-1","Ceiling Faux Wood Plank MOD001 — CFWP-MOD001","Высоко","Not Published","Published пуст","Уточнить и исправить статус публикации"
"428","CFWP-MOD001-0007","CFWP-MOD001-0007","Ceiling Faux Wood Plank MOD001 — CFWP-MOD001","Высоко","Not Published","Published пуст","Уточнить и исправить статус публикации"
"429","CFWP-MOD001-0008","CFWP-MOD001-0008","Ceiling Faux Wood Plank MOD001 — CFWP-MOD001","Высоко","Not Published","Published пуст","Уточнить и исправить статус публикации"
"430","CFWP-MOD001-0009","CFWP-MOD001-0009","Ceiling Faux Wood Plank MOD001 — CFWP-MOD001","Высоко","Not Published","Published пуст","Уточнить и исправить статус публикации"
"431","CFWP-MOD001-0010","CFWP-MOD001-0010","Ceiling Faux Wood Plank MOD001 — CFWP-MOD001","Высоко","Not Published","Published пуст","Уточнить и исправить статус публикации"
"432","CFWP-MOD001-0011","CFWP-MOD001-0011","Ceiling Faux Wood Plank MOD001 — CFWP-MOD001","Высоко","Not Published","Published пуст","Уточнить и исправить статус публикации"
"433","CFWP-MOD001-0012","CFWP-MOD001-0012","Ceiling Faux Wood Plank MOD001 — CFWP-MOD001","Высоко","Not Published","Published пуст","Уточнить и исправить статус публикации"
"434","CFWP-MOD001-0013","CFWP-MOD001-0013","Ceiling Faux Wood Plank MOD001 — CFWP-MOD001","Высоко","Not Published","Published пуст","Уточнить и исправить статус публикации"
"435","CFWP-MOD001-0014","CFWP-MOD001-0014","Ceiling Faux Wood Plank MOD001 — CFWP-MOD001","Высоко","Not Published","Published пуст","Уточнить и исправить статус публикации"
"436","CFWP-MOD001-0015-1","CFWP-MOD001-0015-1","Ceiling Faux Wood Plank MOD001 — CFWP-MOD001","Высоко","Not Published","Published пуст","Уточнить и исправить статус публикации"
"437","CFWP-MOD001-0016","CFWP-MOD001-0016","Ceiling Faux Wood Plank MOD001 — CFWP-MOD001","Высоко","Not Published","Published пуст","Уточнить и исправить статус публикации"
"438","CFWP-MOD001-0017","CFWP-MOD001-0017","Ceiling Faux Wood Plank MOD001 — CFWP-MOD001","Высоко","Not Published","Published пуст","Уточнить и исправить статус публикации"
"439","CFWP-MOD001-0018","CFWP-MOD001-0018","Ceiling Faux Wood Plank MOD001 — CFWP-MOD001","Высоко","Not Published","Published пуст","Уточнить и исправить статус публикации"
"440","CFWP-MOD001-0019","CFWP-MOD001-0019","Ceiling Faux Wood Plank MOD001 — CFWP-MOD001","Высоко","Not Published","Published пуст","Уточнить и исправить статус публикации"
"441","CFWP-MOD001-0020","CFWP-MOD001-0020","Ceiling Faux Wood Plank MOD001 — CFWP-MOD001","Высоко","Not Published","Published пуст","Уточнить и исправить статус публикации"
"442","CFWP-MOD001-0021","CFWP-MOD001-0021","Ceiling Faux Wood Plank MOD001 — CFWP-MOD001","Высоко","Not Published","Published пуст","Уточнить и исправить статус публикации"
"443","CFWP-MOD001-0022","CFWP-MOD001-0022","Ceiling Faux Wood Plank MOD001 — CFWP-MOD001","Высоко","Not Published","Published пуст","Уточнить и исправить статус публикации"
"444","CFWP-MOD001-0023","CFWP-MOD001-0023","Ceiling Faux Wood Plank MOD001 — CFWP-MOD001","Высоко","Not Published","Published пуст","Уточнить и исправить статус публикации"
"445","CFWP-MOD001-0024","CFWP-MOD001-0024","Ceiling Faux Wood Plank MOD001 — CFWP-MOD001","Высоко","Not Published","Published пуст","Уточнить и исправить статус публикации"
"446","CFWP-MOD001-0025","CFWP-MOD001-0025","Ceiling Faux Wood Plank MOD001 — CFWP-MOD001","Высоко","Not Published","Published пуст","Уточнить и исправить статус публикации"
"447","CFWP-MOD001-0026","CFWP-MOD001-0026","Ceiling Faux Wood Plank MOD001 — CFWP-MOD001","Высоко","Not Published","Published пуст","Уточнить и исправить статус публикации"
"448","CFWP-MOD001-0027","CFWP-MOD001-0027","Ceiling Faux Wood Plank MOD001 — CFWP-MOD001","Высоко","Not Published","Published пуст","Уточнить и исправить статус публикации"
"449","CFWP-MOD001-0028","CFWP-MOD001-0028","Ceiling Faux Wood Plank MOD001 — CFWP-MOD001","Высоко","Not Published","Published пуст","Уточнить и исправить статус публикации"
"450","CFWP-MOD001-0029","CFWP-MOD001-0029","Ceiling Faux Wood Plank MOD001 — CFWP-MOD001","Высоко","Not Published","Published пуст","Уточнить и исправить статус публикации"
"451","CFWP-MOD003-0001","CFWP-MOD003-0001","Ceiling Faux Wood Plank MOD003 — CFWP-MOD003","Высоко","Not Published","Published пуст","Уточнить и исправить статус публикации"
"452","CFWP-MOD003-0002","CFWP-MOD003-0002","Ceiling Faux Wood Plank MOD003 — CFWP-MOD003","Высоко","Not Published","Published пуст","Уточнить и исправить статус публикации"
"453","CFWP-MOD003-0003","CFWP-MOD003-0003","Ceiling Faux Wood Plank MOD003 — CFWP-MOD003","Высоко","Not Published","Published пуст","Уточнить и исправить статус публикации"
"454","CFWP-MOD003-0004","CFWP-MOD003-0004","Ceiling Faux Wood Plank MOD003 — CFWP-MOD003","Высоко","Not Published","Published пуст","Уточнить и исправить статус публикации"
"455","CFWP-MOD003-0005","CFWP-MOD003-0005","Ceiling Faux Wood Plank MOD003 — CFWP-MOD003","Высоко","Not Published","Published пуст","Уточнить и исправить статус публикации"
"456","CFWP-MOD003-0006","CFWP-MOD003-0006","Ceiling Faux Wood Plank MOD003 — CFWP-MOD003","Высоко","Not Published","Published пуст","Уточнить и исправить статус публикации"
"457","CFWP-MOD003-0007","CFWP-MOD003-0007","Ceiling Faux Wood Plank MOD003 — CFWP-MOD003","Высоко","Not Published","Published пуст","Уточнить и исправить статус публикации"
"458","CFWP-MOD003-0008","CFWP-MOD003-0008","Ceiling Faux Wood Plank MOD003 — CFWP-MOD003","Высоко","Not Published","Published пуст","Уточнить и исправить статус публикации"
"459","CFWP-MOD003-0009","CFWP-MOD003-0009","Ceiling Faux Wood Plank MOD003 — CFWP-MOD003","Высоко","Not Published","Published пуст","Уточнить и исправить статус публикации"
"460","CFWP-MOD003-0010","CFWP-MOD003-0010","Ceiling Faux Wood Plank MOD003 — CFWP-MOD003","Высоко","Not Published","Published пуст","Уточнить и исправить статус публикации"
"461","CFWP-MOD003-0011","CFWP-MOD003-0011","Ceiling Faux Wood Plank MOD003 — CFWP-MOD003","Высоко","Not Published","Published пуст","Уточнить и исправить статус публикации"
"462","CFWP-MOD003-0012","CFWP-MOD003-0012","Ceiling Faux Wood Plank MOD003 — CFWP-MOD003","Высоко","Not Published","Published пуст","Уточнить и исправить статус публикации"
"463","CFWP-MOD003-0013","CFWP-MOD003-0013","Ceiling Faux Wood Plank MOD003 — CFWP-MOD003","Высоко","Not Published","Published пуст","Уточнить и исправить статус публикации"
"464","CFWP-MOD003-0014","CFWP-MOD003-0014","Ceiling Faux Wood Plank MOD003 — CFWP-MOD003","Высоко","Not Published","Published пуст","Уточнить и исправить статус публикации"
"465","CFWP-MOD003-0015","CFWP-MOD003-0015","Ceiling Faux Wood Plank MOD003 — CFWP-MOD003","Высоко","Not Published","Published пуст","Уточнить и исправить статус публикации"
"466","CFWP-MOD003-0016","CFWP-MOD003-0016","Ceiling Faux Wood Plank MOD003 — CFWP-MOD003","Высоко","Not Published","Published пуст","Уточнить и исправить статус публикации"
"467","CFWP-MOD003-0017","CFWP-MOD003-0017","Ceiling Faux Wood Plank MOD003 — CFWP-MOD003","Высоко","Not Published","Published пуст","Уточнить и исправить статус публикации"
"468","CFWP-MOD003-0018","CFWP-MOD003-0018","Ceiling Faux Wood Plank MOD003 — CFWP-MOD003","Высоко","Not Published","Published пуст","Уточнить и исправить статус публикации"
"469","CFWP-MOD003-0019","CFWP-MOD003-0019","Ceiling Faux Wood Plank MOD003 — CFWP-MOD003","Высоко","Not Published","Published пуст","Уточнить и исправить статус публикации"
"470","CFWP-MOD003-0020","CFWP-MOD003-0020","Ceiling Faux Wood Plank MOD003 — CFWP-MOD003","Высоко","Not Published","Published пуст","Уточнить и исправить статус публикации"
"471","CFWP-MOD003-0021","CFWP-MOD003-0021","Ceiling Faux Wood Plank MOD003 — CFWP-MOD003","Высоко","Not Published","Published пуст","Уточнить и исправить статус публикации"
"472","CFWP-MOD003-0022","CFWP-MOD003-0022","Ceiling Faux Wood Plank MOD003 — CFWP-MOD003","Высоко","Not Published","Published пуст","Уточнить и исправить статус публикации"
"473","CFWP-MOD003-0023","CFWP-MOD003-0023","Ceiling Faux Wood Plank MOD003 — CFWP-MOD003","Высоко","Not Published","Published пуст","Уточнить и исправить статус публикации"
"474","CFWP-MOD003-0024","CFWP-MOD003-0024","Ceiling Faux Wood Plank MOD003 — CFWP-MOD003","Высоко","Not Published","Published пуст","Уточнить и исправить статус публикации"
"475","CFWP-MOD003-0025","CFWP-MOD003-0025","Ceiling Faux Wood Plank MOD003 — CFWP-MOD003","Высоко","Not Published","Published пуст","Уточнить и исправить статус публикации"
"476","CFWP-MOD003-0026","CFWP-MOD003-0026","Ceiling Faux Wood Plank MOD003 — CFWP-MOD003","Высоко","Not Published","Published пуст","Уточнить и исправить статус публикации"
"477","CFWP-MOD003-0027","CFWP-MOD003-0027","Ceiling Faux Wood Plank MOD003 — CFWP-MOD003","Высоко","Not Published","Published пуст","Уточнить и исправить статус публикации"
"478","CFWP-MOD003-0028","CFWP-MOD003-0028","Ceiling Faux Wood Plank MOD003 — CFWP-MOD003","Высоко","Not Published","Published пуст","Уточнить и исправить статус публикации"
"479","CFWP-MOD003-0029","CFWP-MOD003-0029","Ceiling Faux Wood Plank MOD003 — CFWP-MOD003","Высоко","Not Published","Published пуст","Уточнить и исправить статус публикации"
"480","CFWP-MOD004-0001","CFWP-MOD004-0001","Ceiling Faux Wood Plank MOD004 — CFWP-MOD004","Высоко","Not Published","Published пуст","Уточнить и исправить статус публикации"
"481","CFWP-MOD004-0002","CFWP-MOD004-0002","Ceiling Faux Wood Plank MOD004 — CFWP-MOD004","Высоко","Not Published","Published пуст","Уточнить и исправить статус публикации"
"482","CFWP-MOD004-0003","CFWP-MOD004-0003","Ceiling Faux Wood Plank MOD004 — CFWP-MOD004","Высоко","Not Published","Published пуст","Уточнить и исправить статус публикации"
"483","CFWP-MOD004-0004","CFWP-MOD004-0004","Ceiling Faux Wood Plank MOD004 — CFWP-MOD004","Высоко","Not Published","Published пуст","Уточнить и исправить статус публикации"
"484","CFWP-MOD004-0005","CFWP-MOD004-0005","Ceiling Faux Wood Plank MOD004 — CFWP-MOD004","Высоко","Not Published","Published пуст","Уточнить и исправить статус публикации"
"485","CFWP-MOD004-0006","CFWP-MOD004-0006","Ceiling Faux Wood Plank MOD004 — CFWP-MOD004","Высоко","Not Published","Published пуст","Уточнить и исправить статус публикации"
"486","CFWP-MOD004-0007","CFWP-MOD004-0007","Ceiling Faux Wood Plank MOD004 — CFWP-MOD004","Высоко","Not Published","Published пуст","Уточнить и исправить статус публикации"
"487","CFWP-MOD004-0008","CFWP-MOD004-0008","Ceiling Faux Wood Plank MOD004 — CFWP-MOD004","Высоко","Not Published","Published пуст","Уточнить и исправить статус публикации"
"488","CFWP-MOD004-0009","CFWP-MOD004-0009","Ceiling Faux Wood Plank MOD004 — CFWP-MOD004","Высоко","Not Published","Published пуст","Уточнить и исправить статус публикации"
"489","CFWP-MOD004-0010","CFWP-MOD004-0010","Ceiling Faux Wood Plank MOD004 — CFWP-MOD004","Высоко","Not Published","Published пуст","Уточнить и исправить статус публикации"
"490","CFWP-MOD004-0011","CFWP-MOD004-0011","Ceiling Faux Wood Plank MOD004 — CFWP-MOD004","Высоко","Not Published","Published пуст","Уточнить и исправить статус публикации"
"491","CFWP-MOD004-0012","CFWP-MOD004-0012","Ceiling Faux Wood Plank MOD004 — CFWP-MOD004","Высоко","Not Published","Published пуст","Уточнить и исправить статус публикации"
"492","CFWP-MOD004-0013","CFWP-MOD004-0013","Ceiling Faux Wood Plank MOD004 — CFWP-MOD004","Высоко","Not Published","Published пуст","Уточнить и исправить статус публикации"
"493","CFWP-MOD004-0014","CFWP-MOD004-0014","Ceiling Faux Wood Plank MOD004 — CFWP-MOD004","Высоко","Not Published","Published пуст","Уточнить и исправить статус публикации"
"494","CFWP-MOD004-0015","CFWP-MOD004-0015","Ceiling Faux Wood Plank MOD004 — CFWP-MOD004","Высоко","Not Published","Published пуст","Уточнить и исправить статус публикации"
"495","CFWP-MOD004-0016","CFWP-MOD004-0016","Ceiling Faux Wood Plank MOD004 — CFWP-MOD004","Высоко","Not Published","Published пуст","Уточнить и исправить статус публикации"
"496","CFWP-MOD004-0017","CFWP-MOD004-0017","Ceiling Faux Wood Plank MOD004 — CFWP-MOD004","Высоко","Not Published","Published пуст","Уточнить и исправить статус публикации"
"497","CFWP-MOD004-0018","CFWP-MOD004-0018","Ceiling Faux Wood Plank MOD004 — CFWP-MOD004","Высоко","Not Published","Published пуст","Уточнить и исправить статус публикации"
"498","CFWP-MOD004-0019","CFWP-MOD004-0019","Ceiling Faux Wood Plank MOD004 — CFWP-MOD004","Высоко","Not Published","Published пуст","Уточнить и исправить статус публикации"
"499","CFWP-MOD004-0020","CFWP-MOD004-0020","Ceiling Faux Wood Plank MOD004 — CFWP-MOD004","Высоко","Not Published","Published пуст","Уточнить и исправить статус публикации"
"500","CFWP-MOD004-0021","CFWP-MOD004-0021","Ceiling Faux Wood Plank MOD004 — CFWP-MOD004","Высоко","Not Published","Published пуст","Уточнить и исправить статус публикации"
"501","CFWP-MOD004-0022","CFWP-MOD004-0022","Ceiling Faux Wood Plank MOD004 — CFWP-MOD004","Высоко","Not Published","Published пуст","Уточнить и исправить статус публикации"
"502","CFWP-MOD004-0023","CFWP-MOD004-0023","Ceiling Faux Wood Plank MOD004 — CFWP-MOD004","Высоко","Not Published","Published пуст","Уточнить и исправить статус публикации"
"503","CFWP-MOD004-0024","CFWP-MOD004-0024","Ceiling Faux Wood Plank MOD004 — CFWP-MOD004","Высоко","Not Published","Published пуст","Уточнить и исправить статус публикации"
"504","CFWP-MOD004-0025","CFWP-MOD004-0025","Ceiling Faux Wood Plank MOD004 — CFWP-MOD004","Высоко","Not Published","Published пуст","Уточнить и исправить статус публикации"
"505","CFWP-MOD004-0026","CFWP-MOD004-0026","Ceiling Faux Wood Plank MOD004 — CFWP-MOD004","Высоко","Not Published","Published пуст","Уточнить и исправить статус публикации"
"506","CFWP-MOD004-0027","CFWP-MOD004-0027","Ceiling Faux Wood Plank MOD004 — CFWP-MOD004","Высоко","Not Published","Published пуст","Уточнить и исправить статус публикации"
"507","CFWP-MOD004-0028","CFWP-MOD004-0028","Ceiling Faux Wood Plank MOD004 — CFWP-MOD004","Высоко","Not Published","Published пуст","Уточнить и исправить статус публикации"
"508","CFWP-MOD004-0029","CFWP-MOD004-0029","Ceiling Faux Wood Plank MOD004 — CFWP-MOD004","Высоко","Not Published","Published пуст","Уточнить и исправить статус публикации"
"509","CFWP-MOD005-0001","CFWP-MOD005-0001","Ceiling Faux Wood Plank MOD005 — CFWP-MOD005","Высоко","Not Published","Published пуст","Уточнить и исправить статус публикации"
"510","CFWP-MOD005-0002","CFWP-MOD005-0002","Ceiling Faux Wood Plank MOD005 — CFWP-MOD005","Высоко","Not Published","Published пуст","Уточнить и исправить статус публикации"
"511","CFWP-MOD005-0003","CFWP-MOD005-0003","Ceiling Faux Wood Plank MOD005 — CFWP-MOD005","Высоко","Not Published","Published пуст","Уточнить и исправить статус публикации"
"512","CFWP-MOD005-0004","CFWP-MOD005-0004","Ceiling Faux Wood Plank MOD005 — CFWP-MOD005","Высоко","Not Published","Published пуст","Уточнить и исправить статус публикации"
"513","CFWP-MOD005-0005","CFWP-MOD005-0005","Ceiling Faux Wood Plank MOD005 — CFWP-MOD005","Высоко","Not Published","Published пуст","Уточнить и исправить статус публикации"
"514","CFWP-MOD005-0006","CFWP-MOD005-0006","Ceiling Faux Wood Plank MOD005 — CFWP-MOD005","Высоко","Not Published","Published пуст","Уточнить и исправить статус публикации"
"515","CFWP-MOD005-0007","CFWP-MOD005-0007","Ceiling Faux Wood Plank MOD005 — CFWP-MOD005","Высоко","Not Published","Published пуст","Уточнить и исправить статус публикации"
"516","CFWP-MOD005-0008","CFWP-MOD005-0008","Ceiling Faux Wood Plank MOD005 — CFWP-MOD005","Высоко","Not Published","Published пуст","Уточнить и исправить статус публикации"
"517","CFWP-MOD005-0009","CFWP-MOD005-0009","Ceiling Faux Wood Plank MOD005 — CFWP-MOD005","Высоко","Not Published","Published пуст","Уточнить и исправить статус публикации"
"518","CFWP-MOD005-0010","CFWP-MOD005-0010","Ceiling Faux Wood Plank MOD005 — CFWP-MOD005","Высоко","Not Published","Published пуст","Уточнить и исправить статус публикации"
"519","CFWP-MOD005-0011","CFWP-MOD005-0011","Ceiling Faux Wood Plank MOD005 — CFWP-MOD005","Высоко","Not Published","Published пуст","Уточнить и исправить статус публикации"
"520","CFWP-MOD005-0012","CFWP-MOD005-0012","Ceiling Faux Wood Plank MOD005 — CFWP-MOD005","Высоко","Not Published","Published пуст","Уточнить и исправить статус публикации"
"521","CFWP-MOD005-0013","CFWP-MOD005-0013","Ceiling Faux Wood Plank MOD005 — CFWP-MOD005","Высоко","Not Published","Published пуст","Уточнить и исправить статус публикации"
"522","CFWP-MOD005-0014","CFWP-MOD005-0014","Ceiling Faux Wood Plank MOD005 — CFWP-MOD005","Высоко","Not Published","Published пуст","Уточнить и исправить статус публикации"
"523","CFWP-MOD005-0015","CFWP-MOD005-0015","Ceiling Faux Wood Plank MOD005 — CFWP-MOD005","Высоко","Not Published","Published пуст","Уточнить и исправить статус публикации"
"524","CFWP-MOD005-0016","CFWP-MOD005-0016","Ceiling Faux Wood Plank MOD005 — CFWP-MOD005","Высоко","Not Published","Published пуст","Уточнить и исправить статус публикации"
"525","CFWP-MOD005-0017","CFWP-MOD005-0017","Ceiling Faux Wood Plank MOD005 — CFWP-MOD005","Высоко","Not Published","Published пуст","Уточнить и исправить статус публикации"
"526","CFWP-MOD005-0018","CFWP-MOD005-0018","Ceiling Faux Wood Plank MOD005 — CFWP-MOD005","Высоко","Not Published","Published пуст","Уточнить и исправить статус публикации"
"527","CFWP-MOD005-0019","CFWP-MOD005-0019","Ceiling Faux Wood Plank MOD005 — CFWP-MOD005","Высоко","Not Published","Published пуст","Уточнить и исправить статус публикации"
"528","CFWP-MOD005-0020","CFWP-MOD005-0020","Ceiling Faux Wood Plank MOD005 — CFWP-MOD005","Высоко","Not Published","Published пуст","Уточнить и исправить статус публикации"
"529","CFWP-MOD005-0021","CFWP-MOD005-0021","Ceiling Faux Wood Plank MOD005 — CFWP-MOD005","Высоко","Not Published","Published пуст","Уточнить и исправить статус публикации"
"530","CFWP-MOD005-0022","CFWP-MOD005-0022","Ceiling Faux Wood Plank MOD005 — CFWP-MOD005","Высоко","Not Published","Published пуст","Уточнить и исправить статус публикации"
"531","CFWP-MOD005-0023","CFWP-MOD005-0023","Ceiling Faux Wood Plank MOD005 — CFWP-MOD005","Высоко","Not Published","Published пуст","Уточнить и исправить статус публикации"
"532","CFWP-MOD005-0024","CFWP-MOD005-0024","Ceiling Faux Wood Plank MOD005 — CFWP-MOD005","Высоко","Not Published","Published пуст","Уточнить и исправить статус публикации"
"533","CFWP-MOD005-0025","CFWP-MOD005-0025","Ceiling Faux Wood Plank MOD005 — CFWP-MOD005","Высоко","Not Published","Published пуст","Уточнить и исправить статус публикации"
"534","CFWP-MOD005-0026","CFWP-MOD005-0026","Ceiling Faux Wood Plank MOD005 — CFWP-MOD005","Высоко","Not Published","Published пуст","Уточнить и исправить статус публикации"
"535","CFWP-MOD005-0027","CFWP-MOD005-0027","Ceiling Faux Wood Plank MOD005 — CFWP-MOD005","Высоко","Not Published","Published пуст","Уточнить и исправить статус публикации"
"536","CFWP-MOD005-0028","CFWP-MOD005-0028","Ceiling Faux Wood Plank MOD005 — CFWP-MOD005","Высоко","Not Published","Published пуст","Уточнить и исправить статус публикации"
"537","CFWP-MOD005-0029","CFWP-MOD005-0029","Ceiling Faux Wood Plank MOD005 — CFWP-MOD005","Высоко","Not Published","Published пуст","Уточнить и исправить статус публикации"
"538","CFWP-MOD006-0001","CFWP-MOD006-0001","Ceiling Faux Wood Plank MOD006 — CFWP-MOD006","Высоко","Not Published","Published пуст","Уточнить и исправить статус публикации"
"539","CFWP-MOD006-0002","CFWP-MOD006-0002","Ceiling Faux Wood Plank MOD006 — CFWP-MOD006","Высоко","Not Published","Published пуст","Уточнить и исправить статус публикации"
"540","CFWP-MOD006-0003","CFWP-MOD006-0003","Ceiling Faux Wood Plank MOD006 — CFWP-MOD006","Высоко","Not Published","Published пуст","Уточнить и исправить статус публикации"
"541","CFWP-MOD006-0004","CFWP-MOD006-0004","Ceiling Faux Wood Plank MOD006 — CFWP-MOD006","Высоко","Not Published","Published пуст","Уточнить и исправить статус публикации"
"542","CFWP-MOD006-0005","CFWP-MOD006-0005","Ceiling Faux Wood Plank MOD006 — CFWP-MOD006","Высоко","Not Published","Published пуст","Уточнить и исправить статус публикации"
"543","CFWP-MOD006-0006","CFWP-MOD006-0006","Ceiling Faux Wood Plank MOD006 — CFWP-MOD006","Высоко","Not Published","Published пуст","Уточнить и исправить статус публикации"
"544","CFWP-MOD006-0007","CFWP-MOD006-0007","Ceiling Faux Wood Plank MOD006 — CFWP-MOD006","Высоко","Not Published","Published пуст","Уточнить и исправить статус публикации"
"545","CFWP-MOD006-0008","CFWP-MOD006-0008","Ceiling Faux Wood Plank MOD006 — CFWP-MOD006","Высоко","Not Published","Published пуст","Уточнить и исправить статус публикации"
"546","CFWP-MOD006-0009","CFWP-MOD006-0009","Ceiling Faux Wood Plank MOD006 — CFWP-MOD006","Высоко","Not Published","Published пуст","Уточнить и исправить статус публикации"
"547","CFWP-MOD006-0010","CFWP-MOD006-0010","Ceiling Faux Wood Plank MOD006 — CFWP-MOD006","Высоко","Not Published","Published пуст","Уточнить и исправить статус публикации"
"548","CFWP-MOD006-0011","CFWP-MOD006-0011","Ceiling Faux Wood Plank MOD006 — CFWP-MOD006","Высоко","Not Published","Published пуст","Уточнить и исправить статус публикации"
"549","CFWP-MOD006-0012","CFWP-MOD006-0012","Ceiling Faux Wood Plank MOD006 — CFWP-MOD006","Высоко","Not Published","Published пуст","Уточнить и исправить статус публикации"
"550","CFWP-MOD006-0013","CFWP-MOD006-0013","Ceiling Faux Wood Plank MOD006 — CFWP-MOD006","Высоко","Not Published","Published пуст","Уточнить и исправить статус публикации"
"551","CFWP-MOD006-0014","CFWP-MOD006-0014","Ceiling Faux Wood Plank MOD006 — CFWP-MOD006","Высоко","Not Published","Published пуст","Уточнить и исправить статус публикации"
"552","CFWP-MOD006-0015","CFWP-MOD006-0015","Ceiling Faux Wood Plank MOD006 — CFWP-MOD006","Высоко","Not Published","Published пуст","Уточнить и исправить статус публикации"
"553","CFWP-MOD006-0016","CFWP-MOD006-0016","Ceiling Faux Wood Plank MOD006 — CFWP-MOD006","Высоко","Not Published","Published пуст","Уточнить и исправить статус публикации"
"554","CFWP-MOD006-0017","CFWP-MOD006-0017","Ceiling Faux Wood Plank MOD006 — CFWP-MOD006","Высоко","Not Published","Published пуст","Уточнить и исправить статус публикации"
"555","CFWP-MOD006-0018","CFWP-MOD006-0018","Ceiling Faux Wood Plank MOD006 — CFWP-MOD006","Высоко","Not Published","Published пуст","Уточнить и исправить статус публикации"
"556","CFWP-MOD006-0019","CFWP-MOD006-0019","Ceiling Faux Wood Plank MOD006 — CFWP-MOD006","Высоко","Not Published","Published пуст","Уточнить и исправить статус публикации"
"557","CFWP-MOD006-0020","CFWP-MOD006-0020","Ceiling Faux Wood Plank MOD006 — CFWP-MOD006","Высоко","Not Published","Published пуст","Уточнить и исправить статус публикации"
"558","CFWP-MOD006-0021","CFWP-MOD006-0021","Ceiling Faux Wood Plank MOD006 — CFWP-MOD006","Высоко","Not Published","Published пуст","Уточнить и исправить статус публикации"
"559","CFWP-MOD006-0022","CFWP-MOD006-0022","Ceiling Faux Wood Plank MOD006 — CFWP-MOD006","Высоко","Not Published","Published пуст","Уточнить и исправить статус публикации"
"560","CFWP-MOD006-0023","CFWP-MOD006-0023","Ceiling Faux Wood Plank MOD006 — CFWP-MOD006","Высоко","Not Published","Published пуст","Уточнить и исправить статус публикации"
"561","CFWP-MOD006-0024","CFWP-MOD006-0024","Ceiling Faux Wood Plank MOD006 — CFWP-MOD006","Высоко","Not Published","Published пуст","Уточнить и исправить статус публикации"
"562","CFWP-MOD006-0025","CFWP-MOD006-0025","Ceiling Faux Wood Plank MOD006 — CFWP-MOD006","Высоко","Not Published","Published пуст","Уточнить и исправить статус публикации"
"563","CFWP-MOD006-0026","CFWP-MOD006-0026","Ceiling Faux Wood Plank MOD006 — CFWP-MOD006","Высоко","Not Published","Published пуст","Уточнить и исправить статус публикации"
"564","CFWP-MOD006-0027","CFWP-MOD006-0027","Ceiling Faux Wood Plank MOD006 — CFWP-MOD006","Высоко","Not Published","Published пуст","Уточнить и исправить статус публикации"
"565","CFWP-MOD006-0028","CFWP-MOD006-0028","Ceiling Faux Wood Plank MOD006 — CFWP-MOD006","Высоко","Not Published","Published пуст","Уточнить и исправить статус публикации"
"566","CFWP-MOD006-0029","CFWP-MOD006-0029","Ceiling Faux Wood Plank MOD006 — CFWP-MOD006","Высоко","Not Published","Published пуст","Уточнить и исправить статус публикации"
"567","CFWP-MOD007-0001","CFWP-MOD007-0001","Ceiling Faux Wood Plank MOD007 — CFWP-MOD007","Высоко","Not Published","Published пуст","Уточнить и исправить статус публикации"
"568","CFWP-MOD007-0002","CFWP-MOD007-0002","Ceiling Faux Wood Plank MOD007 — CFWP-MOD007","Высоко","Not Published","Published пуст","Уточнить и исправить статус публикации"
"569","CFWP-MOD007-0003","CFWP-MOD007-0003","Ceiling Faux Wood Plank MOD007 — CFWP-MOD007","Высоко","Not Published","Published пуст","Уточнить и исправить статус публикации"
"570","CFWP-MOD007-0004","CFWP-MOD007-0004","Ceiling Faux Wood Plank MOD007 — CFWP-MOD007","Высоко","Not Published","Published пуст","Уточнить и исправить статус публикации"
"571","CFWP-MOD007-0005","CFWP-MOD007-0005","Ceiling Faux Wood Plank MOD007 — CFWP-MOD007","Высоко","Not Published","Published пуст","Уточнить и исправить статус публикации"
"572","CFWP-MOD007-0006","CFWP-MOD007-0006","Ceiling Faux Wood Plank MOD007 — CFWP-MOD007","Высоко","Not Published","Published пуст","Уточнить и исправить статус публикации"
"573","CFWP-MOD007-0007","CFWP-MOD007-0007","Ceiling Faux Wood Plank MOD007 — CFWP-MOD007","Высоко","Not Published","Published пуст","Уточнить и исправить статус публикации"
"574","CFWP-MOD007-0008","CFWP-MOD007-0008","Ceiling Faux Wood Plank MOD007 — CFWP-MOD007","Высоко","Not Published","Published пуст","Уточнить и исправить статус публикации"
"575","CFWP-MOD007-0009","CFWP-MOD007-0009","Ceiling Faux Wood Plank MOD007 — CFWP-MOD007","Высоко","Not Published","Published пуст","Уточнить и исправить статус публикации"
"576","CFWP-MOD007-0010","CFWP-MOD007-0010","Ceiling Faux Wood Plank MOD007 — CFWP-MOD007","Высоко","Not Published","Published пуст","Уточнить и исправить статус публикации"
"577","CFWP-MOD007-0011","CFWP-MOD007-0011","Ceiling Faux Wood Plank MOD007 — CFWP-MOD007","Высоко","Not Published","Published пуст","Уточнить и исправить статус публикации"
"578","CFWP-MOD007-0012","CFWP-MOD007-0012","Ceiling Faux Wood Plank MOD007 — CFWP-MOD007","Высоко","Not Published","Published пуст","Уточнить и исправить статус публикации"
"579","CFWP-MOD007-0013","CFWP-MOD007-0013","Ceiling Faux Wood Plank MOD007 — CFWP-MOD007","Высоко","Not Published","Published пуст","Уточнить и исправить статус публикации"
"580","CFWP-MOD007-0014","CFWP-MOD007-0014","Ceiling Faux Wood Plank MOD007 — CFWP-MOD007","Высоко","Not Published","Published пуст","Уточнить и исправить статус публикации"
"581","CFWP-MOD007-0015","CFWP-MOD007-0015","Ceiling Faux Wood Plank MOD007 — CFWP-MOD007","Высоко","Not Published","Published пуст","Уточнить и исправить статус публикации"
"582","CFWP-MOD007-0016","CFWP-MOD007-0016","Ceiling Faux Wood Plank MOD007 — CFWP-MOD007","Высоко","Not Published","Published пуст","Уточнить и исправить статус публикации"
"583","CFWP-MOD007-0017","CFWP-MOD007-0017","Ceiling Faux Wood Plank MOD007 — CFWP-MOD007","Высоко","Not Published","Published пуст","Уточнить и исправить статус публикации"
"584","CFWP-MOD007-0018","CFWP-MOD007-0018","Ceiling Faux Wood Plank MOD007 — CFWP-MOD007","Высоко","Not Published","Published пуст","Уточнить и исправить статус публикации"
"585","CFWP-MOD007-0019","CFWP-MOD007-0019","Ceiling Faux Wood Plank MOD007 — CFWP-MOD007","Высоко","Not Published","Published пуст","Уточнить и исправить статус публикации"
"586","CFWP-MOD007-0020","CFWP-MOD007-0020","Ceiling Faux Wood Plank MOD007 — CFWP-MOD007","Высоко","Not Published","Published пуст","Уточнить и исправить статус публикации"
"587","CFWP-MOD007-0021","CFWP-MOD007-0021","Ceiling Faux Wood Plank MOD007 — CFWP-MOD007","Высоко","Not Published","Published пуст","Уточнить и исправить статус публикации"
"588","CFWP-MOD007-0022","CFWP-MOD007-0022","Ceiling Faux Wood Plank MOD007 — CFWP-MOD007","Высоко","Not Published","Published пуст","Уточнить и исправить статус публикации"
"589","CFWP-MOD007-0023","CFWP-MOD007-0023","Ceiling Faux Wood Plank MOD007 — CFWP-MOD007","Высоко","Not Published","Published пуст","Уточнить и исправить статус публикации"
"590","CFWP-MOD007-0024","CFWP-MOD007-0024","Ceiling Faux Wood Plank MOD007 — CFWP-MOD007","Высоко","Not Published","Published пуст","Уточнить и исправить статус публикации"
"591","CFWP-MOD007-0025","CFWP-MOD007-0025","Ceiling Faux Wood Plank MOD007 — CFWP-MOD007","Высоко","Not Published","Published пуст","Уточнить и исправить статус публикации"
"592","CFWP-MOD007-0026","CFWP-MOD007-0026","Ceiling Faux Wood Plank MOD007 — CFWP-MOD007","Высоко","Not Published","Published пуст","Уточнить и исправить статус публикации"
"593","CFWP-MOD007-0027","CFWP-MOD007-0027","Ceiling Faux Wood Plank MOD007 — CFWP-MOD007","Высоко","Not Published","Published пуст","Уточнить и исправить статус публикации"
"594","CFWP-MOD007-0028","CFWP-MOD007-0028","Ceiling Faux Wood Plank MOD007 — CFWP-MOD007","Высоко","Not Published","Published пуст","Уточнить и исправить статус публикации"
"595","CFWP-MOD007-0029","CFWP-MOD007-0029","Ceiling Faux Wood Plank MOD007 — CFWP-MOD007","Высоко","Not Published","Published пуст","Уточнить и исправить статус публикации"
"596","CFWP-MOD008-0001","CFWP-MOD008-0001","Ceiling Faux Wood Plank MOD008 — CFWP-MOD008","Высоко","Not Published","Published пуст","Уточнить и исправить статус публикации"
"597","CFWP-MOD008-0002","CFWP-MOD008-0002","Ceiling Faux Wood Plank MOD008 — CFWP-MOD008","Высоко","Not Published","Published пуст","Уточнить и исправить статус публикации"
"598","CFWP-MOD008-0003","CFWP-MOD008-0003","Ceiling Faux Wood Plank MOD008 — CFWP-MOD008","Высоко","Not Published","Published пуст","Уточнить и исправить статус публикации"
"599","CFWP-MOD008-0004","CFWP-MOD008-0004","Ceiling Faux Wood Plank MOD008 — CFWP-MOD008","Высоко","Not Published","Published пуст","Уточнить и исправить статус публикации"
"600","CFWP-MOD008-0005","CFWP-MOD008-0005","Ceiling Faux Wood Plank MOD008 — CFWP-MOD008","Высоко","Not Published","Published пуст","Уточнить и исправить статус публикации"
"601","CFWP-MOD008-0006","CFWP-MOD008-0006","Ceiling Faux Wood Plank MOD008 — CFWP-MOD008","Высоко","Not Published","Published пуст","Уточнить и исправить статус публикации"
"602","CFWP-MOD008-0007","CFWP-MOD008-0007","Ceiling Faux Wood Plank MOD008 — CFWP-MOD008","Высоко","Not Published","Published пуст","Уточнить и исправить статус публикации"
"603","CFWP-MOD008-0008","CFWP-MOD008-0008","Ceiling Faux Wood Plank MOD008 — CFWP-MOD008","Высоко","Not Published","Published пуст","Уточнить и исправить статус публикации"
"604","CFWP-MOD008-0009","CFWP-MOD008-0009","Ceiling Faux Wood Plank MOD008 — CFWP-MOD008","Высоко","Not Published","Published пуст","Уточнить и исправить статус публикации"
"605","CFWP-MOD008-0010","CFWP-MOD008-0010","Ceiling Faux Wood Plank MOD008 — CFWP-MOD008","Высоко","Not Published","Published пуст","Уточнить и исправить статус публикации"
"606","CFWP-MOD008-0011","CFWP-MOD008-0011","Ceiling Faux Wood Plank MOD008 — CFWP-MOD008","Высоко","Not Published","Published пуст","Уточнить и исправить статус публикации"
"607","CFWP-MOD008-0012","CFWP-MOD008-0012","Ceiling Faux Wood Plank MOD008 — CFWP-MOD008","Высоко","Not Published","Published пуст","Уточнить и исправить статус публикации"
"608","CFWP-MOD008-0013","CFWP-MOD008-0013","Ceiling Faux Wood Plank MOD008 — CFWP-MOD008","Высоко","Not Published","Published пуст","Уточнить и исправить статус публикации"
"609","CFWP-MOD008-0014","CFWP-MOD008-0014","Ceiling Faux Wood Plank MOD008 — CFWP-MOD008","Высоко","Not Published","Published пуст","Уточнить и исправить статус публикации"
"610","CFWP-MOD008-0015","CFWP-MOD008-0015","Ceiling Faux Wood Plank MOD008 — CFWP-MOD008","Высоко","Not Published","Published пуст","Уточнить и исправить статус публикации"
"611","CFWP-MOD008-0016","CFWP-MOD008-0016","Ceiling Faux Wood Plank MOD008 — CFWP-MOD008","Высоко","Not Published","Published пуст","Уточнить и исправить статус публикации"
"612","CFWP-MOD008-0017","CFWP-MOD008-0017","Ceiling Faux Wood Plank MOD008 — CFWP-MOD008","Высоко","Not Published","Published пуст","Уточнить и исправить статус публикации"
"613","CFWP-MOD008-0018","CFWP-MOD008-0018","Ceiling Faux Wood Plank MOD008 — CFWP-MOD008","Высоко","Not Published","Published пуст","Уточнить и исправить статус публикации"
"614","CFWP-MOD008-0019","CFWP-MOD008-0019","Ceiling Faux Wood Plank MOD008 — CFWP-MOD008","Высоко","Not Published","Published пуст","Уточнить и исправить статус публикации"
"615","CFWP-MOD008-0020","CFWP-MOD008-0020","Ceiling Faux Wood Plank MOD008 — CFWP-MOD008","Высоко","Not Published","Published пуст","Уточнить и исправить статус публикации"
"616","CFWP-MOD008-0021","CFWP-MOD008-0021","Ceiling Faux Wood Plank MOD008 — CFWP-MOD008","Высоко","Not Published","Published пуст","Уточнить и исправить статус публикации"
"617","CFWP-MOD008-0022","CFWP-MOD008-0022","Ceiling Faux Wood Plank MOD008 — CFWP-MOD008","Высоко","Not Published","Published пуст","Уточнить и исправить статус публикации"
"618","CFWP-MOD008-0023","CFWP-MOD008-0023","Ceiling Faux Wood Plank MOD008 — CFWP-MOD008","Высоко","Not Published","Published пуст","Уточнить и исправить статус публикации"
"619","CFWP-MOD008-0024","CFWP-MOD008-0024","Ceiling Faux Wood Plank MOD008 — CFWP-MOD008","Высоко","Not Published","Published пуст","Уточнить и исправить статус публикации"
"620","CFWP-MOD008-0025","CFWP-MOD008-0025","Ceiling Faux Wood Plank MOD008 — CFWP-MOD008","Высоко","Not Published","Published пуст","Уточнить и исправить статус публикации"
"621","CFWP-MOD008-0026","CFWP-MOD008-0026","Ceiling Faux Wood Plank MOD008 — CFWP-MOD008","Высоко","Not Published","Published пуст","Уточнить и исправить статус публикации"
"622","CFWP-MOD008-0027","CFWP-MOD008-0027","Ceiling Faux Wood Plank MOD008 — CFWP-MOD008","Высоко","Not Published","Published пуст","Уточнить и исправить статус публикации"
"623","CFWP-MOD008-0028","CFWP-MOD008-0028","Ceiling Faux Wood Plank MOD008 — CFWP-MOD008","Высоко","Not Published","Published пуст","Уточнить и исправить статус публикации"
"624","CFWP-MOD008-0029","CFWP-MOD008-0029","Ceiling Faux Wood Plank MOD008 — CFWP-MOD008","Высоко","Not Published","Published пуст","Уточнить и исправить статус публикации"
"625","FWM-MOD001-0001","FWM-MOD001-0001","Faux Wood Mantel MOD001 — FWM-MOD001","Высоко","Not Published","Published пуст","Уточнить и исправить статус публикации"
"626","FWM-MOD001-0002","FWM-MOD001-0002","Faux Wood Mantel MOD001 — FWM-MOD001","Высоко","Not Published","Published пуст","Уточнить и исправить статус публикации"
"627","FWM-MOD001-0003","FWM-MOD001-0003","Faux Wood Mantel MOD001 — FWM-MOD001","Высоко","Not Published","Published пуст","Уточнить и исправить статус публикации"
"628","FWM-MOD001-0004","FWM-MOD001-0004","Faux Wood Mantel MOD001 — FWM-MOD001","Высоко","Not Published","Published пуст","Уточнить и исправить статус публикации"
"629","FWM-MOD001-0005","FWM-MOD001-0005","Faux Wood Mantel MOD001 — FWM-MOD001","Высоко","Not Published","Published пуст","Уточнить и исправить статус публикации"
"630","FWM-MOD001-0006","FWM-MOD001-0006","Faux Wood Mantel MOD001 — FWM-MOD001","Высоко","Not Published","Published пуст","Уточнить и исправить статус публикации"
"631","FWM-MOD001-0007","FWM-MOD001-0007","Faux Wood Mantel MOD001 — FWM-MOD001","Высоко","Not Published","Published пуст","Уточнить и исправить статус публикации"
"632","FWM-MOD001-0008","FWM-MOD001-0008","Faux Wood Mantel MOD001 — FWM-MOD001","Высоко","Not Published","Published пуст","Уточнить и исправить статус публикации"
"633","FWM-MOD001-0009","FWM-MOD001-0009","Faux Wood Mantel MOD001 — FWM-MOD001","Высоко","Not Published","Published пуст","Уточнить и исправить статус публикации"
"634","FWM-MOD001-0010","FWM-MOD001-0010","Faux Wood Mantel MOD001 — FWM-MOD001","Высоко","Not Published","Published пуст","Уточнить и исправить статус публикации"
"635","FWM-MOD001-0011","FWM-MOD001-0011","Faux Wood Mantel MOD001 — FWM-MOD001","Высоко","Not Published","Published пуст","Уточнить и исправить статус публикации"
"636","FWM-MOD001-0012","FWM-MOD001-0012","Faux Wood Mantel MOD001 — FWM-MOD001","Высоко","Not Published","Published пуст","Уточнить и исправить статус публикации"
"637","FWM-MOD001-0013","FWM-MOD001-0013","Faux Wood Mantel MOD001 — FWM-MOD001","Высоко","Not Published","Published пуст","Уточнить и исправить статус публикации"
"638","FWM-MOD001-0014","FWM-MOD001-0014","Faux Wood Mantel MOD001 — FWM-MOD001","Высоко","Not Published","Published пуст","Уточнить и исправить статус публикации"
"639","FWM-MOD001-0015","FWM-MOD001-0015","Faux Wood Mantel MOD001 — FWM-MOD001","Высоко","Not Published","Published пуст","Уточнить и исправить статус публикации"
"640","FWM-MOD001-0016","FWM-MOD001-0016","Faux Wood Mantel MOD001 — FWM-MOD001","Высоко","Not Published","Published пуст","Уточнить и исправить статус публикации"
"641","FWM-MOD001-0017","FWM-MOD001-0017","Faux Wood Mantel MOD001 — FWM-MOD001","Высоко","Not Published","Published пуст","Уточнить и исправить статус публикации"
"642","FWM-MOD001-0018","FWM-MOD001-0018","Faux Wood Mantel MOD001 — FWM-MOD001","Высоко","Not Published","Published пуст","Уточнить и исправить статус публикации"
"643","FWM-MOD001-0019","FWM-MOD001-0019","Faux Wood Mantel MOD001 — FWM-MOD001","Высоко","Not Published","Published пуст","Уточнить и исправить статус публикации"
"644","FWM-MOD001-0020","FWM-MOD001-0020","Faux Wood Mantel MOD001 — FWM-MOD001","Высоко","Not Published","Published пуст","Уточнить и исправить статус публикации"
"645","FWM-MOD001-0021","FWM-MOD001-0021","Faux Wood Mantel MOD001 — FWM-MOD001","Высоко","Not Published","Published пуст","Уточнить и исправить статус публикации"
"646","FWM-MOD001-0022","FWM-MOD001-0022","Faux Wood Mantel MOD001 — FWM-MOD001","Высоко","Not Published","Published пуст","Уточнить и исправить статус публикации"
"647","FWM-MOD001-0023","FWM-MOD001-0023","Faux Wood Mantel MOD001 — FWM-MOD001","Высоко","Not Published","Published пуст","Уточнить и исправить статус публикации"
"648","FWM-MOD001-0024","FWM-MOD001-0024","Faux Wood Mantel MOD001 — FWM-MOD001","Высоко","Not Published","Published пуст","Уточнить и исправить статус публикации"
"649","FWM-MOD001-0025","FWM-MOD001-0025","Faux Wood Mantel MOD001 — FWM-MOD001","Высоко","Not Published","Published пуст","Уточнить и исправить статус публикации"
"650","FWM-MOD001-0026","FWM-MOD001-0026","Faux Wood Mantel MOD001 — FWM-MOD001","Высоко","Not Published","Published пуст","Уточнить и исправить статус публикации"
"651","FWM-MOD001-0027","FWM-MOD001-0027","Faux Wood Mantel MOD001 — FWM-MOD001","Высоко","Not Published","Published пуст","Уточнить и исправить статус публикации"
"652","FWM-MOD001-0028","FWM-MOD001-0028","Faux Wood Mantel MOD001 — FWM-MOD001","Высоко","Not Published","Published пуст","Уточнить и исправить статус публикации"
"653","FWM-MOD001-0029","FWM-MOD001-0029","Faux Wood Mantel MOD001 — FWM-MOD001","Высоко","Not Published","Published пуст","Уточнить и исправить статус публикации"
"654","FWM-MOD001-0030","FWM-MOD001-0030","Faux Wood Mantel MOD001 — FWM-MOD001","Высоко","Not Published","Published пуст","Уточнить и исправить статус публикации"
"655","FWM-MOD001-0031","FWM-MOD001-0031","Faux Wood Mantel MOD001 — FWM-MOD001","Высоко","Not Published","Published пуст","Уточнить и исправить статус публикации"
"656","FWM-MOD002-0001","FWM-MOD002-0001","Faux Wood Mantel MOD002 — FWM-MOD002","Высоко","Not Published","Published пуст","Уточнить и исправить статус публикации"
"657","FWM-MOD002-0002","FWM-MOD002-0002","Faux Wood Mantel MOD002 — FWM-MOD002","Высоко","Not Published","Published пуст","Уточнить и исправить статус публикации"
"658","FWM-MOD002-0003","FWM-MOD002-0003","Faux Wood Mantel MOD002 — FWM-MOD002","Высоко","Not Published","Published пуст","Уточнить и исправить статус публикации"
"659","FWM-MOD002-0004","FWM-MOD002-0004","Faux Wood Mantel MOD002 — FWM-MOD002","Высоко","Not Published","Published пуст","Уточнить и исправить статус публикации"
"660","FWM-MOD002-0005","FWM-MOD002-0005","Faux Wood Mantel MOD002 — FWM-MOD002","Высоко","Not Published","Published пуст","Уточнить и исправить статус публикации"
"661","FWM-MOD002-0006","FWM-MOD002-0006","Faux Wood Mantel MOD002 — FWM-MOD002","Высоко","Not Published","Published пуст","Уточнить и исправить статус публикации"
"662","FWM-MOD002-0007","FWM-MOD002-0007","Faux Wood Mantel MOD002 — FWM-MOD002","Высоко","Not Published","Published пуст","Уточнить и исправить статус публикации"
"663","FWM-MOD002-0008","FWM-MOD002-0008","Faux Wood Mantel MOD002 — FWM-MOD002","Высоко","Not Published","Published пуст","Уточнить и исправить статус публикации"
"664","FWM-MOD002-0009","FWM-MOD002-0009","Faux Wood Mantel MOD002 — FWM-MOD002","Высоко","Not Published","Published пуст","Уточнить и исправить статус публикации"
"665","FWM-MOD002-0010","FWM-MOD002-0010","Faux Wood Mantel MOD002 — FWM-MOD002","Высоко","Not Published","Published пуст","Уточнить и исправить статус публикации"
"666","FWM-MOD002-0011","FWM-MOD002-0011","Faux Wood Mantel MOD002 — FWM-MOD002","Высоко","Not Published","Published пуст","Уточнить и исправить статус публикации"
"667","FWM-MOD002-0012","FWM-MOD002-0012","Faux Wood Mantel MOD002 — FWM-MOD002","Высоко","Not Published","Published пуст","Уточнить и исправить статус публикации"
"668","FWM-MOD002-0013","FWM-MOD002-0013","Faux Wood Mantel MOD002 — FWM-MOD002","Высоко","Not Published","Published пуст","Уточнить и исправить статус публикации"
"669","FWM-MOD002-0014","FWM-MOD002-0014","Faux Wood Mantel MOD002 — FWM-MOD002","Высоко","Not Published","Published пуст","Уточнить и исправить статус публикации"
"670","FWM-MOD002-0015","FWM-MOD002-0015","Faux Wood Mantel MOD002 — FWM-MOD002","Высоко","Not Published","Published пуст","Уточнить и исправить статус публикации"
"671","FWM-MOD002-0016","FWM-MOD002-0016","Faux Wood Mantel MOD002 — FWM-MOD002","Высоко","Not Published","Published пуст","Уточнить и исправить статус публикации"
"672","FWM-MOD002-0017","FWM-MOD002-0017","Faux Wood Mantel MOD002 — FWM-MOD002","Высоко","Not Published","Published пуст","Уточнить и исправить статус публикации"
"673","FWM-MOD002-0018","FWM-MOD002-0018","Faux Wood Mantel MOD002 — FWM-MOD002","Высоко","Not Published","Published пуст","Уточнить и исправить статус публикации"
"674","FWM-MOD002-0019","FWM-MOD002-0019","Faux Wood Mantel MOD002 — FWM-MOD002","Высоко","Not Published","Published пуст","Уточнить и исправить статус публикации"
"675","FWM-MOD002-0020","FWM-MOD002-0020","Faux Wood Mantel MOD002 — FWM-MOD002","Высоко","Not Published","Published пуст","Уточнить и исправить статус публикации"
"676","FWM-MOD002-0021","FWM-MOD002-0021","Faux Wood Mantel MOD002 — FWM-MOD002","Высоко","Not Published","Published пуст","Уточнить и исправить статус публикации"
"677","FWM-MOD002-0022","FWM-MOD002-0022","Faux Wood Mantel MOD002 — FWM-MOD002","Высоко","Not Published","Published пуст","Уточнить и исправить статус публикации"
"678","FWM-MOD002-0023","FWM-MOD002-0023","Faux Wood Mantel MOD002 — FWM-MOD002","Высоко","Not Published","Published пуст","Уточнить и исправить статус публикации"
"679","FWM-MOD002-0024","FWM-MOD002-0024","Faux Wood Mantel MOD002 — FWM-MOD002","Высоко","Not Published","Published пуст","Уточнить и исправить статус публикации"
"680","FWM-MOD002-0025","FWM-MOD002-0025","Faux Wood Mantel MOD002 — FWM-MOD002","Высоко","Not Published","Published пуст","Уточнить и исправить статус публикации"
"681","FWM-MOD002-0026","FWM-MOD002-0026","Faux Wood Mantel MOD002 — FWM-MOD002","Высоко","Not Published","Published пуст","Уточнить и исправить статус публикации"
"682","FWM-MOD002-0027","FWM-MOD002-0027","Faux Wood Mantel MOD002 — FWM-MOD002","Высоко","Not Published","Published пуст","Уточнить и исправить статус публикации"
"683","FWM-MOD002-0028","FWM-MOD002-0028","Faux Wood Mantel MOD002 — FWM-MOD002","Высоко","Not Published","Published пуст","Уточнить и исправить статус публикации"
"684","FWM-MOD002-0029","FWM-MOD002-0029","Faux Wood Mantel MOD002 — FWM-MOD002","Высоко","Not Published","Published пуст","Уточнить и исправить статус публикации"
"685","FWM-MOD002-0030","FWM-MOD002-0030","Faux Wood Mantel MOD002 — FWM-MOD002","Высоко","Not Published","Published пуст","Уточнить и исправить статус публикации"
"686","FWM-MOD002-0031","FWM-MOD002-0031","Faux Wood Mantel MOD002 — FWM-MOD002","Высоко","Not Published","Published пуст","Уточнить и исправить статус публикации"
"687","FWM-MOD003-0001","FWM-MOD003-0001","Faux Wood Mantel MOD003 — FWM-MOD003","Высоко","Not Published","Published пуст","Уточнить и исправить статус публикации"
"688","FWM-MOD003-0002","FWM-MOD003-0002","Faux Wood Mantel MOD003 — FWM-MOD003","Высоко","Not Published","Published пуст","Уточнить и исправить статус публикации"
"689","FWM-MOD003-0003","FWM-MOD003-0003","Faux Wood Mantel MOD003 — FWM-MOD003","Высоко","Not Published","Published пуст","Уточнить и исправить статус публикации"
"690","FWM-MOD003-0004","FWM-MOD003-0004","Faux Wood Mantel MOD003 — FWM-MOD003","Высоко","Not Published","Published пуст","Уточнить и исправить статус публикации"
"691","FWM-MOD003-0005","FWM-MOD003-0005","Faux Wood Mantel MOD003 — FWM-MOD003","Высоко","Not Published","Published пуст","Уточнить и исправить статус публикации"
"692","FWM-MOD003-0006","FWM-MOD003-0006","Faux Wood Mantel MOD003 — FWM-MOD003","Высоко","Not Published","Published пуст","Уточнить и исправить статус публикации"
"693","FWM-MOD003-0007","FWM-MOD003-0007","Faux Wood Mantel MOD003 — FWM-MOD003","Высоко","Not Published","Published пуст","Уточнить и исправить статус публикации"
"694","FWM-MOD003-0008","FWM-MOD003-0008","Faux Wood Mantel MOD003 — FWM-MOD003","Высоко","Not Published","Published пуст","Уточнить и исправить статус публикации"
"695","FWM-MOD003-0009","FWM-MOD003-0009","Faux Wood Mantel MOD003 — FWM-MOD003","Высоко","Not Published","Published пуст","Уточнить и исправить статус публикации"
"696","FWM-MOD003-0010","FWM-MOD003-0010","Faux Wood Mantel MOD003 — FWM-MOD003","Высоко","Not Published","Published пуст","Уточнить и исправить статус публикации"
"697","FWM-MOD003-0011","FWM-MOD003-0011","Faux Wood Mantel MOD003 — FWM-MOD003","Высоко","Not Published","Published пуст","Уточнить и исправить статус публикации"
"698","FWM-MOD003-0012","FWM-MOD003-0012","Faux Wood Mantel MOD003 — FWM-MOD003","Высоко","Not Published","Published пуст","Уточнить и исправить статус публикации"
"699","FWM-MOD003-0013","FWM-MOD003-0013","Faux Wood Mantel MOD003 — FWM-MOD003","Высоко","Not Published","Published пуст","Уточнить и исправить статус публикации"
"700","FWM-MOD003-0014","FWM-MOD003-0014","Faux Wood Mantel MOD003 — FWM-MOD003","Высоко","Not Published","Published пуст","Уточнить и исправить статус публикации"
"701","FWM-MOD003-0015","FWM-MOD003-0015","Faux Wood Mantel MOD003 — FWM-MOD003","Высоко","Not Published","Published пуст","Уточнить и исправить статус публикации"
"702","FWM-MOD003-0016","FWM-MOD003-0016","Faux Wood Mantel MOD003 — FWM-MOD003","Высоко","Not Published","Published пуст","Уточнить и исправить статус публикации"
"703","FWM-MOD003-0017","FWM-MOD003-0017","Faux Wood Mantel MOD003 — FWM-MOD003","Высоко","Not Published","Published пуст","Уточнить и исправить статус публикации"
"704","FWM-MOD003-0018","FWM-MOD003-0018","Faux Wood Mantel MOD003 — FWM-MOD003","Высоко","Not Published","Published пуст","Уточнить и исправить статус публикации"
"705","FWM-MOD003-0019","FWM-MOD003-0019","Faux Wood Mantel MOD003 — FWM-MOD003","Высоко","Not Published","Published пуст","Уточнить и исправить статус публикации"
"706","FWM-MOD003-0020","FWM-MOD003-0020","Faux Wood Mantel MOD003 — FWM-MOD003","Высоко","Not Published","Published пуст","Уточнить и исправить статус публикации"
"707","FWM-MOD003-0021","FWM-MOD003-0021","Faux Wood Mantel MOD003 — FWM-MOD003","Высоко","Not Published","Published пуст","Уточнить и исправить статус публикации"
"708","FWM-MOD003-0022","FWM-MOD003-0022","Faux Wood Mantel MOD003 — FWM-MOD003","Высоко","Not Published","Published пуст","Уточнить и исправить статус публикации"
"709","FWM-MOD003-0023","FWM-MOD003-0023","Faux Wood Mantel MOD003 — FWM-MOD003","Высоко","Not Published","Published пуст","Уточнить и исправить статус публикации"
"710","FWM-MOD003-0024","FWM-MOD003-0024","Faux Wood Mantel MOD003 — FWM-MOD003","Высоко","Not Published","Published пуст","Уточнить и исправить статус публикации"
"711","FWM-MOD003-0025","FWM-MOD003-0025","Faux Wood Mantel MOD003 — FWM-MOD003","Высоко","Not Published","Published пуст","Уточнить и исправить статус публикации"
"712","FWM-MOD003-0026","FWM-MOD003-0026","Faux Wood Mantel MOD003 — FWM-MOD003","Высоко","Not Published","Published пуст","Уточнить и исправить статус публикации"
"713","FWM-MOD003-0027","FWM-MOD003-0027","Faux Wood Mantel MOD003 — FWM-MOD003","Высоко","Not Published","Published пуст","Уточнить и исправить статус публикации"
"714","FWM-MOD003-0028","FWM-MOD003-0028","Faux Wood Mantel MOD003 — FWM-MOD003","Высоко","Not Published","Published пуст","Уточнить и исправить статус публикации"
"715","FWM-MOD003-0029","FWM-MOD003-0029","Faux Wood Mantel MOD003 — FWM-MOD003","Высоко","Not Published","Published пуст","Уточнить и исправить статус публикации"
"716","FWM-MOD003-0030","FWM-MOD003-0030","Faux Wood Mantel MOD003 — FWM-MOD003","Высоко","Not Published","Published пуст","Уточнить и исправить статус публикации"
"717","FWM-MOD003-0031","FWM-MOD003-0031","Faux Wood Mantel MOD003 — FWM-MOD003","Высоко","Not Published","Published пуст","Уточнить и исправить статус публикации"
"718","FWM-MOD005-0001","FWM-MOD005-0001","Faux Wood Mantel MOD005 — FWM-MOD005","Высоко","Not Published","Published пуст","Уточнить и исправить статус публикации"
"719","FWM-MOD005-0002","FWM-MOD005-0002","Faux Wood Mantel MOD005 — FWM-MOD005","Высоко","Not Published","Published пуст","Уточнить и исправить статус публикации"
"720","FWM-MOD005-0003","FWM-MOD005-0003","Faux Wood Mantel MOD005 — FWM-MOD005","Высоко","Not Published","Published пуст","Уточнить и исправить статус публикации"
"721","FWM-MOD005-0004","FWM-MOD005-0004","Faux Wood Mantel MOD005 — FWM-MOD005","Высоко","Not Published","Published пуст","Уточнить и исправить статус публикации"
"722","FWM-MOD005-0005","FWM-MOD005-0005","Faux Wood Mantel MOD005 — FWM-MOD005","Высоко","Not Published","Published пуст","Уточнить и исправить статус публикации"
"723","FWM-MOD005-0006","FWM-MOD005-0006","Faux Wood Mantel MOD005 — FWM-MOD005","Высоко","Not Published","Published пуст","Уточнить и исправить статус публикации"
"724","FWM-MOD005-0007","FWM-MOD005-0007","Faux Wood Mantel MOD005 — FWM-MOD005","Высоко","Not Published","Published пуст","Уточнить и исправить статус публикации"
"725","FWM-MOD005-0008","FWM-MOD005-0008","Faux Wood Mantel MOD005 — FWM-MOD005","Высоко","Not Published","Published пуст","Уточнить и исправить статус публикации"
"726","FWM-MOD005-0009","FWM-MOD005-0009","Faux Wood Mantel MOD005 — FWM-MOD005","Высоко","Not Published","Published пуст","Уточнить и исправить статус публикации"
"727","FWM-MOD005-0010","FWM-MOD005-0010","Faux Wood Mantel MOD005 — FWM-MOD005","Высоко","Not Published","Published пуст","Уточнить и исправить статус публикации"
"728","FWM-MOD005-0011","FWM-MOD005-0011","Faux Wood Mantel MOD005 — FWM-MOD005","Высоко","Not Published","Published пуст","Уточнить и исправить статус публикации"
"729","FWM-MOD005-0012","FWM-MOD005-0012","Faux Wood Mantel MOD005 — FWM-MOD005","Высоко","Not Published","Published пуст","Уточнить и исправить статус публикации"
"730","FWM-MOD005-0013","FWM-MOD005-0013","Faux Wood Mantel MOD005 — FWM-MOD005","Высоко","Not Published","Published пуст","Уточнить и исправить статус публикации"
"731","FWM-MOD005-0014","FWM-MOD005-0014","Faux Wood Mantel MOD005 — FWM-MOD005","Высоко","Not Published","Published пуст","Уточнить и исправить статус публикации"
"732","FWM-MOD005-0015","FWM-MOD005-0015","Faux Wood Mantel MOD005 — FWM-MOD005","Высоко","Not Published","Published пуст","Уточнить и исправить статус публикации"
"733","FWM-MOD005-0016","FWM-MOD005-0016","Faux Wood Mantel MOD005 — FWM-MOD005","Высоко","Not Published","Published пуст","Уточнить и исправить статус публикации"
"734","FWM-MOD005-0017","FWM-MOD005-0017","Faux Wood Mantel MOD005 — FWM-MOD005","Высоко","Not Published","Published пуст","Уточнить и исправить статус публикации"
"735","FWM-MOD005-0018","FWM-MOD005-0018","Faux Wood Mantel MOD005 — FWM-MOD005","Высоко","Not Published","Published пуст","Уточнить и исправить статус публикации"
"736","FWM-MOD005-0019","FWM-MOD005-0019","Faux Wood Mantel MOD005 — FWM-MOD005","Высоко","Not Published","Published пуст","Уточнить и исправить статус публикации"
"737","FWM-MOD005-0020","FWM-MOD005-0020","Faux Wood Mantel MOD005 — FWM-MOD005","Высоко","Not Published","Published пуст","Уточнить и исправить статус публикации"
"738","FWM-MOD005-0021","FWM-MOD005-0021","Faux Wood Mantel MOD005 — FWM-MOD005","Высоко","Not Published","Published пуст","Уточнить и исправить статус публикации"
"739","FWM-MOD005-0022","FWM-MOD005-0022","Faux Wood Mantel MOD005 — FWM-MOD005","Высоко","Not Published","Published пуст","Уточнить и исправить статус публикации"
"740","FWM-MOD005-0023","FWM-MOD005-0023","Faux Wood Mantel MOD005 — FWM-MOD005","Высоко","Not Published","Published пуст","Уточнить и исправить статус публикации"
"741","FWM-MOD005-0024","FWM-MOD005-0024","Faux Wood Mantel MOD005 — FWM-MOD005","Высоко","Not Published","Published пуст","Уточнить и исправить статус публикации"
"742","FWM-MOD005-0025","FWM-MOD005-0025","Faux Wood Mantel MOD005 — FWM-MOD005","Высоко","Not Published","Published пуст","Уточнить и исправить статус публикации"
"743","FWM-MOD005-0026","FWM-MOD005-0026","Faux Wood Mantel MOD005 — FWM-MOD005","Высоко","Not Published","Published пуст","Уточнить и исправить статус публикации"
"744","FWM-MOD005-0027","FWM-MOD005-0027","Faux Wood Mantel MOD005 — FWM-MOD005","Высоко","Not Published","Published пуст","Уточнить и исправить статус публикации"
"745","FWM-MOD005-0028","FWM-MOD005-0028","Faux Wood Mantel MOD005 — FWM-MOD005","Высоко","Not Published","Published пуст","Уточнить и исправить статус публикации"
"746","FWM-MOD005-0029","FWM-MOD005-0029","Faux Wood Mantel MOD005 — FWM-MOD005","Высоко","Not Published","Published пуст","Уточнить и исправить статус публикации"
"747","FWM-MOD005-0030","FWM-MOD005-0030","Faux Wood Mantel MOD005 — FWM-MOD005","Высоко","Not Published","Published пуст","Уточнить и исправить статус публикации"
"748","FWM-MOD005-0031","FWM-MOD005-0031","Faux Wood Mantel MOD005 — FWM-MOD005","Высоко","Not Published","Published пуст","Уточнить и исправить статус публикации"
"749","FWM-MOD006-0001","FWM-MOD006-0001","Faux Wood Mantel MOD006 — FWM-MOD006","Высоко","Not Published","Published пуст","Уточнить и исправить статус публикации"
"750","FWM-MOD006-0002","FWM-MOD006-0002","Faux Wood Mantel MOD006 — FWM-MOD006","Высоко","Not Published","Published пуст","Уточнить и исправить статус публикации"
"751","FWM-MOD006-0003","FWM-MOD006-0003","Faux Wood Mantel MOD006 — FWM-MOD006","Высоко","Not Published","Published пуст","Уточнить и исправить статус публикации"
"752","FWM-MOD006-0004","FWM-MOD006-0004","Faux Wood Mantel MOD006 — FWM-MOD006","Высоко","Not Published","Published пуст","Уточнить и исправить статус публикации"
"753","FWM-MOD006-0005","FWM-MOD006-0005","Faux Wood Mantel MOD006 — FWM-MOD006","Высоко","Not Published","Published пуст","Уточнить и исправить статус публикации"
"754","FWM-MOD006-0006","FWM-MOD006-0006","Faux Wood Mantel MOD006 — FWM-MOD006","Высоко","Not Published","Published пуст","Уточнить и исправить статус публикации"
"755","FWM-MOD006-0007","FWM-MOD006-0007","Faux Wood Mantel MOD006 — FWM-MOD006","Высоко","Not Published","Published пуст","Уточнить и исправить статус публикации"
"756","FWM-MOD006-0008","FWM-MOD006-0008","Faux Wood Mantel MOD006 — FWM-MOD006","Высоко","Not Published","Published пуст","Уточнить и исправить статус публикации"
"757","FWM-MOD006-0009","FWM-MOD006-0009","Faux Wood Mantel MOD006 — FWM-MOD006","Высоко","Not Published","Published пуст","Уточнить и исправить статус публикации"
"758","FWM-MOD006-0010","FWM-MOD006-0010","Faux Wood Mantel MOD006 — FWM-MOD006","Высоко","Not Published","Published пуст","Уточнить и исправить статус публикации"
"759","FWM-MOD006-0011","FWM-MOD006-0011","Faux Wood Mantel MOD006 — FWM-MOD006","Высоко","Not Published","Published пуст","Уточнить и исправить статус публикации"
"760","FWM-MOD006-0012","FWM-MOD006-0012","Faux Wood Mantel MOD006 — FWM-MOD006","Высоко","Not Published","Published пуст","Уточнить и исправить статус публикации"
"761","FWM-MOD006-0013","FWM-MOD006-0013","Faux Wood Mantel MOD006 — FWM-MOD006","Высоко","Not Published","Published пуст","Уточнить и исправить статус публикации"
"762","FWM-MOD006-0014","FWM-MOD006-0014","Faux Wood Mantel MOD006 — FWM-MOD006","Высоко","Not Published","Published пуст","Уточнить и исправить статус публикации"
"763","FWM-MOD006-0015","FWM-MOD006-0015","Faux Wood Mantel MOD006 — FWM-MOD006","Высоко","Not Published","Published пуст","Уточнить и исправить статус публикации"
"764","FWM-MOD006-0016","FWM-MOD006-0016","Faux Wood Mantel MOD006 — FWM-MOD006","Высоко","Not Published","Published пуст","Уточнить и исправить статус публикации"
"765","FWM-MOD006-0017","FWM-MOD006-0017","Faux Wood Mantel MOD006 — FWM-MOD006","Высоко","Not Published","Published пуст","Уточнить и исправить статус публикации"
"766","FWM-MOD006-0018","FWM-MOD006-0018","Faux Wood Mantel MOD006 — FWM-MOD006","Высоко","Not Published","Published пуст","Уточнить и исправить статус публикации"
"767","FWM-MOD006-0019","FWM-MOD006-0019","Faux Wood Mantel MOD006 — FWM-MOD006","Высоко","Not Published","Published пуст","Уточнить и исправить статус публикации"
"768","FWM-MOD006-0020","FWM-MOD006-0020","Faux Wood Mantel MOD006 — FWM-MOD006","Высоко","Not Published","Published пуст","Уточнить и исправить статус публикации"
"769","FWM-MOD006-0021","FWM-MOD006-0021","Faux Wood Mantel MOD006 — FWM-MOD006","Высоко","Not Published","Published пуст","Уточнить и исправить статус публикации"
"770","FWM-MOD006-0022","FWM-MOD006-0022","Faux Wood Mantel MOD006 — FWM-MOD006","Высоко","Not Published","Published пуст","Уточнить и исправить статус публикации"
"771","FWM-MOD006-0023","FWM-MOD006-0023","Faux Wood Mantel MOD006 — FWM-MOD006","Высоко","Not Published","Published пуст","Уточнить и исправить статус публикации"
"772","FWM-MOD006-0024","FWM-MOD006-0024","Faux Wood Mantel MOD006 — FWM-MOD006","Высоко","Not Published","Published пуст","Уточнить и исправить статус публикации"
"773","FWM-MOD006-0025","FWM-MOD006-0025","Faux Wood Mantel MOD006 — FWM-MOD006","Высоко","Not Published","Published пуст","Уточнить и исправить статус публикации"
"774","FWM-MOD006-0026","FWM-MOD006-0026","Faux Wood Mantel MOD006 — FWM-MOD006","Высоко","Not Published","Published пуст","Уточнить и исправить статус публикации"
"775","FWM-MOD006-0027","FWM-MOD006-0027","Faux Wood Mantel MOD006 — FWM-MOD006","Высоко","Not Published","Published пуст","Уточнить и исправить статус публикации"
"776","FWM-MOD006-0028","FWM-MOD006-0028","Faux Wood Mantel MOD006 — FWM-MOD006","Высоко","Not Published","Published пуст","Уточнить и исправить статус публикации"
"777","FWM-MOD006-0029","FWM-MOD006-0029","Faux Wood Mantel MOD006 — FWM-MOD006","Высоко","Not Published","Published пуст","Уточнить и исправить статус публикации"
"778","FWM-MOD006-0030","FWM-MOD006-0030","Faux Wood Mantel MOD006 — FWM-MOD006","Высоко","Not Published","Published пуст","Уточнить и исправить статус публикации"
"779","FWM-MOD006-0031","FWM-MOD006-0031","Faux Wood Mantel MOD006 — FWM-MOD006","Высоко","Not Published","Published пуст","Уточнить и исправить статус публикации"
"780","FWM-MOD007-0001","FWM-MOD007-0001","Faux Wood Mantel MOD007 — FWM-MOD007","Высоко","Not Published","Published пуст","Уточнить и исправить статус публикации"
"781","FWM-MOD007-0002","FWM-MOD007-0002","Faux Wood Mantel MOD007 — FWM-MOD007","Высоко","Not Published","Published пуст","Уточнить и исправить статус публикации"
"782","FWM-MOD007-0003","FWM-MOD007-0003","Faux Wood Mantel MOD007 — FWM-MOD007","Высоко","Not Published","Published пуст","Уточнить и исправить статус публикации"
"783","FWM-MOD007-0004","FWM-MOD007-0004","Faux Wood Mantel MOD007 — FWM-MOD007","Высоко","Not Published","Published пуст","Уточнить и исправить статус публикации"
"784","FWM-MOD007-0005","FWM-MOD007-0005","Faux Wood Mantel MOD007 — FWM-MOD007","Высоко","Not Published","Published пуст","Уточнить и исправить статус публикации"
"785","FWM-MOD007-0006","FWM-MOD007-0006","Faux Wood Mantel MOD007 — FWM-MOD007","Высоко","Not Published","Published пуст","Уточнить и исправить статус публикации"
"786","FWM-MOD007-0007","FWM-MOD007-0007","Faux Wood Mantel MOD007 — FWM-MOD007","Высоко","Not Published","Published пуст","Уточнить и исправить статус публикации"
"787","FWM-MOD007-0008","FWM-MOD007-0008","Faux Wood Mantel MOD007 — FWM-MOD007","Высоко","Not Published","Published пуст","Уточнить и исправить статус публикации"
"788","FWM-MOD007-0009","FWM-MOD007-0009","Faux Wood Mantel MOD007 — FWM-MOD007","Высоко","Not Published","Published пуст","Уточнить и исправить статус публикации"
"789","FWM-MOD007-0010","FWM-MOD007-0010","Faux Wood Mantel MOD007 — FWM-MOD007","Высоко","Not Published","Published пуст","Уточнить и исправить статус публикации"
"790","FWM-MOD007-0011","FWM-MOD007-0011","Faux Wood Mantel MOD007 — FWM-MOD007","Высоко","Not Published","Published пуст","Уточнить и исправить статус публикации"
"791","FWM-MOD007-0012","FWM-MOD007-0012","Faux Wood Mantel MOD007 — FWM-MOD007","Высоко","Not Published","Published пуст","Уточнить и исправить статус публикации"
"792","FWM-MOD007-0013","FWM-MOD007-0013","Faux Wood Mantel MOD007 — FWM-MOD007","Высоко","Not Published","Published пуст","Уточнить и исправить статус публикации"
"793","FWM-MOD007-0014","FWM-MOD007-0014","Faux Wood Mantel MOD007 — FWM-MOD007","Высоко","Not Published","Published пуст","Уточнить и исправить статус публикации"
"794","FWM-MOD007-0015","FWM-MOD007-0015","Faux Wood Mantel MOD007 — FWM-MOD007","Высоко","Not Published","Published пуст","Уточнить и исправить статус публикации"
"795","FWM-MOD007-0016","FWM-MOD007-0016","Faux Wood Mantel MOD007 — FWM-MOD007","Высоко","Not Published","Published пуст","Уточнить и исправить статус публикации"
"796","FWM-MOD007-0017","FWM-MOD007-0017","Faux Wood Mantel MOD007 — FWM-MOD007","Высоко","Not Published","Published пуст","Уточнить и исправить статус публикации"
"797","FWM-MOD007-0018","FWM-MOD007-0018","Faux Wood Mantel MOD007 — FWM-MOD007","Высоко","Not Published","Published пуст","Уточнить и исправить статус публикации"
"798","FWM-MOD007-0019","FWM-MOD007-0019","Faux Wood Mantel MOD007 — FWM-MOD007","Высоко","Not Published","Published пуст","Уточнить и исправить статус публикации"
"799","FWM-MOD007-0020","FWM-MOD007-0020","Faux Wood Mantel MOD007 — FWM-MOD007","Высоко","Not Published","Published пуст","Уточнить и исправить статус публикации"
"800","FWM-MOD007-0021","FWM-MOD007-0021","Faux Wood Mantel MOD007 — FWM-MOD007","Высоко","Not Published","Published пуст","Уточнить и исправить статус публикации"
"801","FWM-MOD007-0022","FWM-MOD007-0022","Faux Wood Mantel MOD007 — FWM-MOD007","Высоко","Not Published","Published пуст","Уточнить и исправить статус публикации"
"802","FWM-MOD007-0023","FWM-MOD007-0023","Faux Wood Mantel MOD007 — FWM-MOD007","Высоко","Not Published","Published пуст","Уточнить и исправить статус публикации"
"803","FWM-MOD007-0024","FWM-MOD007-0024","Faux Wood Mantel MOD007 — FWM-MOD007","Высоко","Not Published","Published пуст","Уточнить и исправить статус публикации"
"804","FWM-MOD007-0025","FWM-MOD007-0025","Faux Wood Mantel MOD007 — FWM-MOD007","Высоко","Not Published","Published пуст","Уточнить и исправить статус публикации"
"805","FWM-MOD007-0026","FWM-MOD007-0026","Faux Wood Mantel MOD007 — FWM-MOD007","Высоко","Not Published","Published пуст","Уточнить и исправить статус публикации"
"806","FWM-MOD007-0027","FWM-MOD007-0027","Faux Wood Mantel MOD007 — FWM-MOD007","Высоко","Not Published","Published пуст","Уточнить и исправить статус публикации"
"807","FWM-MOD007-0028","FWM-MOD007-0028","Faux Wood Mantel MOD007 — FWM-MOD007","Высоко","Not Published","Published пуст","Уточнить и исправить статус публикации"
"808","FWM-MOD007-0029","FWM-MOD007-0029","Faux Wood Mantel MOD007 — FWM-MOD007","Высоко","Not Published","Published пуст","Уточнить и исправить статус публикации"
"809","FWM-MOD007-0030","FWM-MOD007-0030","Faux Wood Mantel MOD007 — FWM-MOD007","Высоко","Not Published","Published пуст","Уточнить и исправить статус публикации"
"810","FWM-MOD007-0031","FWM-MOD007-0031","Faux Wood Mantel MOD007 — FWM-MOD007","Высоко","Not Published","Published пуст","Уточнить и исправить статус публикации"
"811","FWM-MOD008-0001","FWM-MOD008-0001","Faux Wood Mantel MOD008 — FWM-MOD008","Высоко","Not Published","Published пуст","Уточнить и исправить статус публикации"
"812","FWM-MOD008-0002","FWM-MOD008-0002","Faux Wood Mantel MOD008 — FWM-MOD008","Высоко","Not Published","Published пуст","Уточнить и исправить статус публикации"
"813","FWM-MOD008-0003","FWM-MOD008-0003","Faux Wood Mantel MOD008 — FWM-MOD008","Высоко","Not Published","Published пуст","Уточнить и исправить статус публикации"
"814","FWM-MOD008-0004","FWM-MOD008-0004","Faux Wood Mantel MOD008 — FWM-MOD008","Высоко","Not Published","Published пуст","Уточнить и исправить статус публикации"
"815","FWM-MOD008-0005","FWM-MOD008-0005","Faux Wood Mantel MOD008 — FWM-MOD008","Высоко","Not Published","Published пуст","Уточнить и исправить статус публикации"
"816","FWM-MOD008-0006","FWM-MOD008-0006","Faux Wood Mantel MOD008 — FWM-MOD008","Высоко","Not Published","Published пуст","Уточнить и исправить статус публикации"
"817","FWM-MOD008-0007","FWM-MOD008-0007","Faux Wood Mantel MOD008 — FWM-MOD008","Высоко","Not Published","Published пуст","Уточнить и исправить статус публикации"
"818","FWM-MOD008-0008","FWM-MOD008-0008","Faux Wood Mantel MOD008 — FWM-MOD008","Высоко","Not Published","Published пуст","Уточнить и исправить статус публикации"
"819","FWM-MOD008-0009","FWM-MOD008-0009","Faux Wood Mantel MOD008 — FWM-MOD008","Высоко","Not Published","Published пуст","Уточнить и исправить статус публикации"
"820","FWM-MOD008-0010","FWM-MOD008-0010","Faux Wood Mantel MOD008 — FWM-MOD008","Высоко","Not Published","Published пуст","Уточнить и исправить статус публикации"
"821","FWM-MOD008-0011","FWM-MOD008-0011","Faux Wood Mantel MOD008 — FWM-MOD008","Высоко","Not Published","Published пуст","Уточнить и исправить статус публикации"
"822","FWM-MOD008-0012","FWM-MOD008-0012","Faux Wood Mantel MOD008 — FWM-MOD008","Высоко","Not Published","Published пуст","Уточнить и исправить статус публикации"
"823","FWM-MOD008-0013","FWM-MOD008-0013","Faux Wood Mantel MOD008 — FWM-MOD008","Высоко","Not Published","Published пуст","Уточнить и исправить статус публикации"
"824","FWM-MOD008-0014","FWM-MOD008-0014","Faux Wood Mantel MOD008 — FWM-MOD008","Высоко","Not Published","Published пуст","Уточнить и исправить статус публикации"
"825","FWM-MOD008-0015","FWM-MOD008-0015","Faux Wood Mantel MOD008 — FWM-MOD008","Высоко","Not Published","Published пуст","Уточнить и исправить статус публикации"
"826","FWM-MOD008-0016","FWM-MOD008-0016","Faux Wood Mantel MOD008 — FWM-MOD008","Высоко","Not Published","Published пуст","Уточнить и исправить статус публикации"
"827","FWM-MOD008-0017","FWM-MOD008-0017","Faux Wood Mantel MOD008 — FWM-MOD008","Высоко","Not Published","Published пуст","Уточнить и исправить статус публикации"
"828","FWM-MOD008-0018","FWM-MOD008-0018","Faux Wood Mantel MOD008 — FWM-MOD008","Высоко","Not Published","Published пуст","Уточнить и исправить статус публикации"
"829","FWM-MOD008-0019","FWM-MOD008-0019","Faux Wood Mantel MOD008 — FWM-MOD008","Высоко","Not Published","Published пуст","Уточнить и исправить статус публикации"
"830","FWM-MOD008-0020","FWM-MOD008-0020","Faux Wood Mantel MOD008 — FWM-MOD008","Высоко","Not Published","Published пуст","Уточнить и исправить статус публикации"
"831","FWM-MOD008-0021","FWM-MOD008-0021","Faux Wood Mantel MOD008 — FWM-MOD008","Высоко","Not Published","Published пуст","Уточнить и исправить статус публикации"
"832","FWM-MOD008-0022","FWM-MOD008-0022","Faux Wood Mantel MOD008 — FWM-MOD008","Высоко","Not Published","Published пуст","Уточнить и исправить статус публикации"
"833","FWM-MOD008-0023","FWM-MOD008-0023","Faux Wood Mantel MOD008 — FWM-MOD008","Высоко","Not Published","Published пуст","Уточнить и исправить статус публикации"
"834","FWM-MOD008-0024","FWM-MOD008-0024","Faux Wood Mantel MOD008 — FWM-MOD008","Высоко","Not Published","Published пуст","Уточнить и исправить статус публикации"
"835","FWM-MOD008-0025","FWM-MOD008-0025","Faux Wood Mantel MOD008 — FWM-MOD008","Высоко","Not Published","Published пуст","Уточнить и исправить статус публикации"
"836","FWM-MOD008-0026","FWM-MOD008-0026","Faux Wood Mantel MOD008 — FWM-MOD008","Высоко","Not Published","Published пуст","Уточнить и исправить статус публикации"
"837","FWM-MOD008-0027","FWM-MOD008-0027","Faux Wood Mantel MOD008 — FWM-MOD008","Высоко","Not Published","Published пуст","Уточнить и исправить статус публикации"
"838","FWM-MOD008-0028","FWM-MOD008-0028","Faux Wood Mantel MOD008 — FWM-MOD008","Высоко","Not Published","Published пуст","Уточнить и исправить статус публикации"
"839","FWM-MOD008-0029","FWM-MOD008-0029","Faux Wood Mantel MOD008 — FWM-MOD008","Высоко","Not Published","Published пуст","Уточнить и исправить статус публикации"
"840","FWM-MOD008-0030","FWM-MOD008-0030","Faux Wood Mantel MOD008 — FWM-MOD008","Высоко","Not Published","Published пуст","Уточнить и исправить статус публикации"
"841","FWM-MOD008-0031","FWM-MOD008-0031","Faux Wood Mantel MOD008 — FWM-MOD008","Высоко","Not Published","Published пуст","Уточнить и исправить статус публикации"
"842","FWB-MOD004-0001","FWB-MOD004-0001","Faux Wood Beam MOD004 — FWB-MOD004","Высоко","Not Published","Published пуст","Уточнить и исправить статус публикации"
"843","FWB-MOD004-0002","FWB-MOD004-0002","Faux Wood Beam MOD004 — FWB-MOD004","Высоко","Not Published","Published пуст","Уточнить и исправить статус публикации"
"844","FWB-MOD004-0003","FWB-MOD004-0003","Faux Wood Beam MOD004 — FWB-MOD004","Высоко","Not Published","Published пуст","Уточнить и исправить статус публикации"
"845","FWB-MOD004-0004","FWB-MOD004-0004","Faux Wood Beam MOD004 — FWB-MOD004","Высоко","Not Published","Published пуст","Уточнить и исправить статус публикации"
"846","FWB-MOD004-0005","FWB-MOD004-0005","Faux Wood Beam MOD004 — FWB-MOD004","Высоко","Not Published","Published пуст","Уточнить и исправить статус публикации"
"847","FWB-MOD004-0006","FWB-MOD004-0006","Faux Wood Beam MOD004 — FWB-MOD004","Высоко","Not Published","Published пуст","Уточнить и исправить статус публикации"
"848","FWB-MOD004-0007","FWB-MOD004-0007","Faux Wood Beam MOD004 — FWB-MOD004","Высоко","Not Published","Published пуст","Уточнить и исправить статус публикации"
"849","FWB-MOD004-0008","FWB-MOD004-0008","Faux Wood Beam MOD004 — FWB-MOD004","Высоко","Not Published","Published пуст","Уточнить и исправить статус публикации"
"850","FWB-MOD004-0009","FWB-MOD004-0009","Faux Wood Beam MOD004 — FWB-MOD004","Высоко","Not Published","Published пуст","Уточнить и исправить статус публикации"
"851","FWB-MOD004-0010","FWB-MOD004-0010","Faux Wood Beam MOD004 — FWB-MOD004","Высоко","Not Published","Published пуст","Уточнить и исправить статус публикации"
"852","FWB-MOD004-0011","FWB-MOD004-0011","Faux Wood Beam MOD004 — FWB-MOD004","Высоко","Not Published","Published пуст","Уточнить и исправить статус публикации"
"853","FWB-MOD004-0012","FWB-MOD004-0012","Faux Wood Beam MOD004 — FWB-MOD004","Высоко","Not Published","Published пуст","Уточнить и исправить статус публикации"
"854","FWB-MOD004-0013","FWB-MOD004-0013","Faux Wood Beam MOD004 — FWB-MOD004","Высоко","Not Published","Published пуст","Уточнить и исправить статус публикации"
"855","FWB-MOD004-0014","FWB-MOD004-0014","Faux Wood Beam MOD004 — FWB-MOD004","Высоко","Not Published","Published пуст","Уточнить и исправить статус публикации"
"856","FWB-MOD004-0015","FWB-MOD004-0015","Faux Wood Beam MOD004 — FWB-MOD004","Высоко","Not Published","Published пуст","Уточнить и исправить статус публикации"
"857","FWB-MOD004-0016","FWB-MOD004-0016","Faux Wood Beam MOD004 — FWB-MOD004","Высоко","Not Published","Published пуст","Уточнить и исправить статус публикации"
"858","FWB-MOD004-0017","FWB-MOD004-0017","Faux Wood Beam MOD004 — FWB-MOD004","Высоко","Not Published","Published пуст","Уточнить и исправить статус публикации"
"859","FWB-MOD004-0018","FWB-MOD004-0018","Faux Wood Beam MOD004 — FWB-MOD004","Высоко","Not Published","Published пуст","Уточнить и исправить статус публикации"
"860","FWB-MOD004-0019","FWB-MOD004-0019","Faux Wood Beam MOD004 — FWB-MOD004","Высоко","Not Published","Published пуст","Уточнить и исправить статус публикации"
"861","FWB-MOD004-0020","FWB-MOD004-0020","Faux Wood Beam MOD004 — FWB-MOD004","Высоко","Not Published","Published пуст","Уточнить и исправить статус публикации"
"862","FWB-MOD004-0021","FWB-MOD004-0021","Faux Wood Beam MOD004 — FWB-MOD004","Высоко","Not Published","Published пуст","Уточнить и исправить статус публикации"
"863","FWB-MOD004-0022","FWB-MOD004-0022","Faux Wood Beam MOD004 — FWB-MOD004","Высоко","Not Published","Published пуст","Уточнить и исправить статус публикации"
"864","FWB-MOD004-0023","FWB-MOD004-0023","Faux Wood Beam MOD004 — FWB-MOD004","Высоко","Not Published","Published пуст","Уточнить и исправить статус публикации"
"865","FWB-MOD004-0024","FWB-MOD004-0024","Faux Wood Beam MOD004 — FWB-MOD004","Высоко","Not Published","Published пуст","Уточнить и исправить статус публикации"
"866","FWB-MOD004-0025","FWB-MOD004-0025","Faux Wood Beam MOD004 — FWB-MOD004","Высоко","Not Published","Published пуст","Уточнить и исправить статус публикации"
"867","FWB-MOD004-0026","FWB-MOD004-0026","Faux Wood Beam MOD004 — FWB-MOD004","Высоко","Not Published","Published пуст","Уточнить и исправить статус публикации"
"868","FWB-MOD004-0027","FWB-MOD004-0027","Faux Wood Beam MOD004 — FWB-MOD004","Высоко","Not Published","Published пуст","Уточнить и исправить статус публикации"
"869","FWB-MOD004-0028","FWB-MOD004-0028","Faux Wood Beam MOD004 — FWB-MOD004","Высоко","Not Published","Published пуст","Уточнить и исправить статус публикации"
"870","FWB-MOD004-0029","FWB-MOD004-0029","Faux Wood Beam MOD004 — FWB-MOD004","Высоко","Not Published","Published пуст","Уточнить и исправить статус публикации"
"871","FWB-MOD004-0030","FWB-MOD004-0030","Faux Wood Beam MOD004 — FWB-MOD004","Высоко","Not Published","Published пуст","Уточнить и исправить статус публикации"
"872","FWB-MOD004-0031","FWB-MOD004-0031","Faux Wood Beam MOD004 — FWB-MOD004","Высоко","Not Published","Published пуст","Уточнить и исправить статус публикации"
"873","FWB-MOD004-0032","FWB-MOD004-0032","Faux Wood Beam MOD004 — FWB-MOD004","Высоко","Not Published","Published пуст","Уточнить и исправить статус публикации"
"874","FWB-MOD004-0033","FWB-MOD004-0033","Faux Wood Beam MOD004 — FWB-MOD004","Высоко","Not Published","Published пуст","Уточнить и исправить статус публикации"
"875","FWB-MOD004-0034","FWB-MOD004-0034","Faux Wood Beam MOD004 — FWB-MOD004","Высоко","Not Published","Published пуст","Уточнить и исправить статус публикации"
"876","FWB-MOD004-0035","FWB-MOD004-0035","Faux Wood Beam MOD004 — FWB-MOD004","Высоко","Not Published","Published пуст","Уточнить и исправить статус публикации"
"877","FWB-MOD004-0036","FWB-MOD004-0036","Faux Wood Beam MOD004 — FWB-MOD004","Высоко","Not Published","Published пуст","Уточнить и исправить статус публикации"
"878","FWB-MOD004-0037","FWB-MOD004-0037","Faux Wood Beam MOD004 — FWB-MOD004","Высоко","Not Published","Published пуст","Уточнить и исправить статус публикации"
"879","FWB-MOD004-0038","FWB-MOD004-0038","Faux Wood Beam MOD004 — FWB-MOD004","Высоко","Not Published","Published пуст","Уточнить и исправить статус публикации"
"880","FWB-MOD004-0039","FWB-MOD004-0039","Faux Wood Beam MOD004 — FWB-MOD004","Высоко","Not Published","Published пуст","Уточнить и исправить статус публикации"
"881","FWB-MOD004-0040","FWB-MOD004-0040","Faux Wood Beam MOD004 — FWB-MOD004","Высоко","Not Published","Published пуст","Уточнить и исправить статус публикации"
"882","FWB-MOD004-0041","FWB-MOD004-0041","Faux Wood Beam MOD004 — FWB-MOD004","Высоко","Not Published","Published пуст","Уточнить и исправить статус публикации"
"883","FWB-MOD004-0042","FWB-MOD004-0042","Faux Wood Beam MOD004 — FWB-MOD004","Высоко","Not Published","Published пуст","Уточнить и исправить статус публикации"
"884","FWB-MOD004-0043","FWB-MOD004-0043","Faux Wood Beam MOD004 — FWB-MOD004","Высоко","Not Published","Published пуст","Уточнить и исправить статус публикации"
"885","FWB-MOD004-0044","FWB-MOD004-0044","Faux Wood Beam MOD004 — FWB-MOD004","Высоко","Not Published","Published пуст","Уточнить и исправить статус публикации"
"886","FWB-MOD004-0045","FWB-MOD004-0045","Faux Wood Beam MOD004 — FWB-MOD004","Высоко","Not Published","Published пуст","Уточнить и исправить статус публикации"
"887","FWB-MOD004-0046","FWB-MOD004-0046","Faux Wood Beam MOD004 — FWB-MOD004","Высоко","Not Published","Published пуст","Уточнить и исправить статус публикации"
"888","FWB-MOD004-0047","FWB-MOD004-0047","Faux Wood Beam MOD004 — FWB-MOD004","Высоко","Not Published","Published пуст","Уточнить и исправить статус публикации"
"889","FWB-MOD004-0048","FWB-MOD004-0048","Faux Wood Beam MOD004 — FWB-MOD004","Высоко","Not Published","Published пуст","Уточнить и исправить статус публикации"
"890","FWB-MOD004-0049","FWB-MOD004-0049","Faux Wood Beam MOD004 — FWB-MOD004","Высоко","Not Published","Published пуст","Уточнить и исправить статус публикации"
"891","FWB-MOD004-0050","FWB-MOD004-0050","Faux Wood Beam MOD004 — FWB-MOD004","Высоко","Not Published","Published пуст","Уточнить и исправить статус публикации"
"892","FWB-MOD004-0051","FWB-MOD004-0051","Faux Wood Beam MOD004 — FWB-MOD004","Высоко","Not Published","Published пуст","Уточнить и исправить статус публикации"
"893","FWB-MOD004-0052","FWB-MOD004-0052","Faux Wood Beam MOD004 — FWB-MOD004","Высоко","Not Published","Published пуст","Уточнить и исправить статус публикации"
"894","FWB-MOD004-0053","FWB-MOD004-0053","Faux Wood Beam MOD004 — FWB-MOD004","Высоко","Not Published","Published пуст","Уточнить и исправить статус публикации"
"895","FWB-MOD004-0054","FWB-MOD004-0054","Faux Wood Beam MOD004 — FWB-MOD004","Высоко","Not Published","Published пуст","Уточнить и исправить статус публикации"
"896","FWB-MOD004-0055","FWB-MOD004-0055","Faux Wood Beam MOD004 — FWB-MOD004","Высоко","Not Published","Published пуст","Уточнить и исправить статус публикации"
"897","FWB-MOD004-0056","FWB-MOD004-0056","Faux Wood Beam MOD004 — FWB-MOD004","Высоко","Not Published","Published пуст","Уточнить и исправить статус публикации"
"898","FWB-MOD004-0057","FWB-MOD004-0057","Faux Wood Beam MOD004 — FWB-MOD004","Высоко","Not Published","Published пуст","Уточнить и исправить статус публикации"
"899","FWB-MOD004-0058","FWB-MOD004-0058","Faux Wood Beam MOD004 — FWB-MOD004","Высоко","Not Published","Published пуст","Уточнить и исправить статус публикации"
"900","FWB-MOD004-0059","FWB-MOD004-0059","Faux Wood Beam MOD004 — FWB-MOD004","Высоко","Not Published","Published пуст","Уточнить и исправить статус публикации"
"901","FWB-MOD004-0060","FWB-MOD004-0060","Faux Wood Beam MOD004 — FWB-MOD004","Высоко","Not Published","Published пуст","Уточнить и исправить статус публикации"
"902","FWB-MOD004-0061","FWB-MOD004-0061","Faux Wood Beam MOD004 — FWB-MOD004","Высоко","Not Published","Published пуст","Уточнить и исправить статус публикации"
"903","FWB-MOD004-0062","FWB-MOD004-0062","Faux Wood Beam MOD004 — FWB-MOD004","Высоко","Not Published","Published пуст","Уточнить и исправить статус публикации"
"904","FWB-MOD004-0063","FWB-MOD004-0063","Faux Wood Beam MOD004 — FWB-MOD004","Высоко","Not Published","Published пуст","Уточнить и исправить статус публикации"
"905","FWB-MOD004-0064","FWB-MOD004-0064","Faux Wood Beam MOD004 — FWB-MOD004","Высоко","Not Published","Published пуст","Уточнить и исправить статус публикации"
"906","FWB-MOD004-0065","FWB-MOD004-0065","Faux Wood Beam MOD004 — FWB-MOD004","Высоко","Not Published","Published пуст","Уточнить и исправить статус публикации"
"907","FWB-MOD004-0066","FWB-MOD004-0066","Faux Wood Beam MOD004 — FWB-MOD004","Высоко","Not Published","Published пуст","Уточнить и исправить статус публикации"
"908","FWB-MOD004-0067","FWB-MOD004-0067","Faux Wood Beam MOD004 — FWB-MOD004","Высоко","Not Published","Published пуст","Уточнить и исправить статус публикации"
"909","FWB-MOD004-0068","FWB-MOD004-0068","Faux Wood Beam MOD004 — FWB-MOD004","Высоко","Not Published","Published пуст","Уточнить и исправить статус публикации"
"910","FWB-MOD004-0069","FWB-MOD004-0069","Faux Wood Beam MOD004 — FWB-MOD004","Высоко","Not Published","Published пуст","Уточнить и исправить статус публикации"
"911","FWB-MOD004-0070","FWB-MOD004-0070","Faux Wood Beam MOD004 — FWB-MOD004","Высоко","Not Published","Published пуст","Уточнить и исправить статус публикации"
"912","FWB-MOD004-0071","FWB-MOD004-0071","Faux Wood Beam MOD004 — FWB-MOD004","Высоко","Not Published","Published пуст","Уточнить и исправить статус публикации"
"913","FWB-MOD004-0072","FWB-MOD004-0072","Faux Wood Beam MOD004 — FWB-MOD004","Высоко","Not Published","Published пуст","Уточнить и исправить статус публикации"
"914","FWB-MOD004-0073","FWB-MOD004-0073","Faux Wood Beam MOD004 — FWB-MOD004","Высоко","Not Published","Published пуст","Уточнить и исправить статус публикации"
"915","FWB-MOD004-0074","FWB-MOD004-0074","Faux Wood Beam MOD004 — FWB-MOD004","Высоко","Not Published","Published пуст","Уточнить и исправить статус публикации"
"916","FWB-MOD004-0075","FWB-MOD004-0075","Faux Wood Beam MOD004 — FWB-MOD004","Высоко","Not Published","Published пуст","Уточнить и исправить статус публикации"
"917","FWB-MOD004-0076","FWB-MOD004-0076","Faux Wood Beam MOD004 — FWB-MOD004","Высоко","Not Published","Published пуст","Уточнить и исправить статус публикации"
"918","FWB-MOD004-0077","FWB-MOD004-0077","Faux Wood Beam MOD004 — FWB-MOD004","Высоко","Not Published","Published пуст","Уточнить и исправить статус публикации"
"919","FWB-MOD004-0078","FWB-MOD004-0078","Faux Wood Beam MOD004 — FWB-MOD004","Высоко","Not Published","Published пуст","Уточнить и исправить статус публикации"
"920","FWB-MOD004-0079","FWB-MOD004-0079","Faux Wood Beam MOD004 — FWB-MOD004","Высоко","Not Published","Published пуст","Уточнить и исправить статус публикации"
"921","FWB-MOD004-0080","FWB-MOD004-0080","Faux Wood Beam MOD004 — FWB-MOD004","Высоко","Not Published","Published пуст","Уточнить и исправить статус публикации"
"922","FWB-MOD004-0081","FWB-MOD004-0081","Faux Wood Beam MOD004 — FWB-MOD004","Высоко","Not Published","Published пуст","Уточнить и исправить статус публикации"
"923","FWB-MOD005-0001","FWB-MOD005-0001","Faux Wood Beam MOD005 — FWB-MOD005","Высоко","Not Published","Published пуст","Уточнить и исправить статус публикации"
"924","FWB-MOD005-0002","FWB-MOD005-0002","Faux Wood Beam MOD005 — FWB-MOD005","Высоко","Not Published","Published пуст","Уточнить и исправить статус публикации"
"925","FWB-MOD005-0003","FWB-MOD005-0003","Faux Wood Beam MOD005 — FWB-MOD005","Высоко","Not Published","Published пуст","Уточнить и исправить статус публикации"
"926","FWB-MOD005-0004","FWB-MOD005-0004","Faux Wood Beam MOD005 — FWB-MOD005","Высоко","Not Published","Published пуст","Уточнить и исправить статус публикации"
"927","FWB-MOD005-0005","FWB-MOD005-0005","Faux Wood Beam MOD005 — FWB-MOD005","Высоко","Not Published","Published пуст","Уточнить и исправить статус публикации"
"928","FWB-MOD005-0006","FWB-MOD005-0006","Faux Wood Beam MOD005 — FWB-MOD005","Высоко","Not Published","Published пуст","Уточнить и исправить статус публикации"
"929","FWB-MOD005-0007","FWB-MOD005-0007","Faux Wood Beam MOD005 — FWB-MOD005","Высоко","Not Published","Published пуст","Уточнить и исправить статус публикации"
"930","FWB-MOD005-0008","FWB-MOD005-0008","Faux Wood Beam MOD005 — FWB-MOD005","Высоко","Not Published","Published пуст","Уточнить и исправить статус публикации"
"931","FWB-MOD005-0009","FWB-MOD005-0009","Faux Wood Beam MOD005 — FWB-MOD005","Высоко","Not Published","Published пуст","Уточнить и исправить статус публикации"
"932","FWB-MOD005-0010","FWB-MOD005-0010","Faux Wood Beam MOD005 — FWB-MOD005","Высоко","Not Published","Published пуст","Уточнить и исправить статус публикации"
"933","FWB-MOD005-0011","FWB-MOD005-0011","Faux Wood Beam MOD005 — FWB-MOD005","Высоко","Not Published","Published пуст","Уточнить и исправить статус публикации"
"934","FWB-MOD005-0012","FWB-MOD005-0012","Faux Wood Beam MOD005 — FWB-MOD005","Высоко","Not Published","Published пуст","Уточнить и исправить статус публикации"
"935","FWB-MOD005-0013","FWB-MOD005-0013","Faux Wood Beam MOD005 — FWB-MOD005","Высоко","Not Published","Published пуст","Уточнить и исправить статус публикации"
"936","FWB-MOD005-0014","FWB-MOD005-0014","Faux Wood Beam MOD005 — FWB-MOD005","Высоко","Not Published","Published пуст","Уточнить и исправить статус публикации"
"937","FWB-MOD005-0015","FWB-MOD005-0015","Faux Wood Beam MOD005 — FWB-MOD005","Высоко","Not Published","Published пуст","Уточнить и исправить статус публикации"
"938","FWB-MOD005-0016","FWB-MOD005-0016","Faux Wood Beam MOD005 — FWB-MOD005","Высоко","Not Published","Published пуст","Уточнить и исправить статус публикации"
"939","FWB-MOD005-0017","FWB-MOD005-0017","Faux Wood Beam MOD005 — FWB-MOD005","Высоко","Not Published","Published пуст","Уточнить и исправить статус публикации"
"940","FWB-MOD005-0018","FWB-MOD005-0018","Faux Wood Beam MOD005 — FWB-MOD005","Высоко","Not Published","Published пуст","Уточнить и исправить статус публикации"
"941","FWB-MOD005-0019","FWB-MOD005-0019","Faux Wood Beam MOD005 — FWB-MOD005","Высоко","Not Published","Published пуст","Уточнить и исправить статус публикации"
"942","FWB-MOD005-0020","FWB-MOD005-0020","Faux Wood Beam MOD005 — FWB-MOD005","Высоко","Not Published","Published пуст","Уточнить и исправить статус публикации"
"943","FWB-MOD005-0021","FWB-MOD005-0021","Faux Wood Beam MOD005 — FWB-MOD005","Высоко","Not Published","Published пуст","Уточнить и исправить статус публикации"
"944","FWB-MOD005-0022","FWB-MOD005-0022","Faux Wood Beam MOD005 — FWB-MOD005","Высоко","Not Published","Published пуст","Уточнить и исправить статус публикации"
"945","FWB-MOD005-0023","FWB-MOD005-0023","Faux Wood Beam MOD005 — FWB-MOD005","Высоко","Not Published","Published пуст","Уточнить и исправить статус публикации"
"946","FWB-MOD005-0024","FWB-MOD005-0024","Faux Wood Beam MOD005 — FWB-MOD005","Высоко","Not Published","Published пуст","Уточнить и исправить статус публикации"
"947","FWB-MOD005-0025","FWB-MOD005-0025","Faux Wood Beam MOD005 — FWB-MOD005","Высоко","Not Published","Published пуст","Уточнить и исправить статус публикации"
"948","FWB-MOD005-0026","FWB-MOD005-0026","Faux Wood Beam MOD005 — FWB-MOD005","Высоко","Not Published","Published пуст","Уточнить и исправить статус публикации"
"949","FWB-MOD005-0027","FWB-MOD005-0027","Faux Wood Beam MOD005 — FWB-MOD005","Высоко","Not Published","Published пуст","Уточнить и исправить статус публикации"
"950","FWB-MOD005-0028","FWB-MOD005-0028","Faux Wood Beam MOD005 — FWB-MOD005","Высоко","Not Published","Published пуст","Уточнить и исправить статус публикации"
"951","FWB-MOD005-0029","FWB-MOD005-0029","Faux Wood Beam MOD005 — FWB-MOD005","Высоко","Not Published","Published пуст","Уточнить и исправить статус публикации"
"952","FWB-MOD005-0030","FWB-MOD005-0030","Faux Wood Beam MOD005 — FWB-MOD005","Высоко","Not Published","Published пуст","Уточнить и исправить статус публикации"
"953","FWB-MOD005-0031","FWB-MOD005-0031","Faux Wood Beam MOD005 — FWB-MOD005","Высоко","Not Published","Published пуст","Уточнить и исправить статус публикации"
"954","FWB-MOD005-0032","FWB-MOD005-0032","Faux Wood Beam MOD005 — FWB-MOD005","Высоко","Not Published","Published пуст","Уточнить и исправить статус публикации"
"955","FWB-MOD005-0033","FWB-MOD005-0033","Faux Wood Beam MOD005 — FWB-MOD005","Высоко","Not Published","Published пуст","Уточнить и исправить статус публикации"
"956","FWB-MOD005-0034","FWB-MOD005-0034","Faux Wood Beam MOD005 — FWB-MOD005","Высоко","Not Published","Published пуст","Уточнить и исправить статус публикации"
"957","FWB-MOD005-0035","FWB-MOD005-0035","Faux Wood Beam MOD005 — FWB-MOD005","Высоко","Not Published","Published пуст","Уточнить и исправить статус публикации"
"958","FWB-MOD005-0036","FWB-MOD005-0036","Faux Wood Beam MOD005 — FWB-MOD005","Высоко","Not Published","Published пуст","Уточнить и исправить статус публикации"
"959","FWB-MOD005-0037","FWB-MOD005-0037","Faux Wood Beam MOD005 — FWB-MOD005","Высоко","Not Published","Published пуст","Уточнить и исправить статус публикации"
"960","FWB-MOD005-0038","FWB-MOD005-0038","Faux Wood Beam MOD005 — FWB-MOD005","Высоко","Not Published","Published пуст","Уточнить и исправить статус публикации"
"961","FWB-MOD005-0039","FWB-MOD005-0039","Faux Wood Beam MOD005 — FWB-MOD005","Высоко","Not Published","Published пуст","Уточнить и исправить статус публикации"
"962","FWB-MOD005-0040","FWB-MOD005-0040","Faux Wood Beam MOD005 — FWB-MOD005","Высоко","Not Published","Published пуст","Уточнить и исправить статус публикации"
"963","FWB-MOD005-0041","FWB-MOD005-0041","Faux Wood Beam MOD005 — FWB-MOD005","Высоко","Not Published","Published пуст","Уточнить и исправить статус публикации"
"964","FWB-MOD005-0042","FWB-MOD005-0042","Faux Wood Beam MOD005 — FWB-MOD005","Высоко","Not Published","Published пуст","Уточнить и исправить статус публикации"
"965","FWB-MOD005-0043","FWB-MOD005-0043","Faux Wood Beam MOD005 — FWB-MOD005","Высоко","Not Published","Published пуст","Уточнить и исправить статус публикации"
"966","FWB-MOD005-0044","FWB-MOD005-0044","Faux Wood Beam MOD005 — FWB-MOD005","Высоко","Not Published","Published пуст","Уточнить и исправить статус публикации"
"967","FWB-MOD005-0045","FWB-MOD005-0045","Faux Wood Beam MOD005 — FWB-MOD005","Высоко","Not Published","Published пуст","Уточнить и исправить статус публикации"
"968","FWB-MOD005-0046","FWB-MOD005-0046","Faux Wood Beam MOD005 — FWB-MOD005","Высоко","Not Published","Published пуст","Уточнить и исправить статус публикации"
"969","FWB-MOD005-0047","FWB-MOD005-0047","Faux Wood Beam MOD005 — FWB-MOD005","Высоко","Not Published","Published пуст","Уточнить и исправить статус публикации"
"970","FWB-MOD005-0048","FWB-MOD005-0048","Faux Wood Beam MOD005 — FWB-MOD005","Высоко","Not Published","Published пуст","Уточнить и исправить статус публикации"
"971","FWB-MOD005-0049","FWB-MOD005-0049","Faux Wood Beam MOD005 — FWB-MOD005","Высоко","Not Published","Published пуст","Уточнить и исправить статус публикации"
"972","FWB-MOD005-0050","FWB-MOD005-0050","Faux Wood Beam MOD005 — FWB-MOD005","Высоко","Not Published","Published пуст","Уточнить и исправить статус публикации"
"973","FWB-MOD005-0051","FWB-MOD005-0051","Faux Wood Beam MOD005 — FWB-MOD005","Высоко","Not Published","Published пуст","Уточнить и исправить статус публикации"
"974","FWB-MOD005-0052","FWB-MOD005-0052","Faux Wood Beam MOD005 — FWB-MOD005","Высоко","Not Published","Published пуст","Уточнить и исправить статус публикации"
"975","FWB-MOD005-0053","FWB-MOD005-0053","Faux Wood Beam MOD005 — FWB-MOD005","Высоко","Not Published","Published пуст","Уточнить и исправить статус публикации"
"976","FWB-MOD005-0054","FWB-MOD005-0054","Faux Wood Beam MOD005 — FWB-MOD005","Высоко","Not Published","Published пуст","Уточнить и исправить статус публикации"
"977","FWB-MOD005-0055","FWB-MOD005-0055","Faux Wood Beam MOD005 — FWB-MOD005","Высоко","Not Published","Published пуст","Уточнить и исправить статус публикации"
"978","FWB-MOD005-0056","FWB-MOD005-0056","Faux Wood Beam MOD005 — FWB-MOD005","Высоко","Not Published","Published пуст","Уточнить и исправить статус публикации"
"979","FWB-MOD005-0057","FWB-MOD005-0057","Faux Wood Beam MOD005 — FWB-MOD005","Высоко","Not Published","Published пуст","Уточнить и исправить статус публикации"
"980","FWB-MOD005-0058","FWB-MOD005-0058","Faux Wood Beam MOD005 — FWB-MOD005","Высоко","Not Published","Published пуст","Уточнить и исправить статус публикации"
"981","FWB-MOD005-0059","FWB-MOD005-0059","Faux Wood Beam MOD005 — FWB-MOD005","Высоко","Not Published","Published пуст","Уточнить и исправить статус публикации"
"982","FWB-MOD005-0060","FWB-MOD005-0060","Faux Wood Beam MOD005 — FWB-MOD005","Высоко","Not Published","Published пуст","Уточнить и исправить статус публикации"
"983","FWB-MOD005-0061","FWB-MOD005-0061","Faux Wood Beam MOD005 — FWB-MOD005","Высоко","Not Published","Published пуст","Уточнить и исправить статус публикации"
"984","FWB-MOD005-0062","FWB-MOD005-0062","Faux Wood Beam MOD005 — FWB-MOD005","Высоко","Not Published","Published пуст","Уточнить и исправить статус публикации"
"985","FWB-MOD005-0063","FWB-MOD005-0063","Faux Wood Beam MOD005 — FWB-MOD005","Высоко","Not Published","Published пуст","Уточнить и исправить статус публикации"
"986","FWB-MOD005-0064","FWB-MOD005-0064","Faux Wood Beam MOD005 — FWB-MOD005","Высоко","Not Published","Published пуст","Уточнить и исправить статус публикации"
"987","FWB-MOD005-0065","FWB-MOD005-0065","Faux Wood Beam MOD005 — FWB-MOD005","Высоко","Not Published","Published пуст","Уточнить и исправить статус публикации"
"988","FWB-MOD005-0066","FWB-MOD005-0066","Faux Wood Beam MOD005 — FWB-MOD005","Высоко","Not Published","Published пуст","Уточнить и исправить статус публикации"
"989","FWB-MOD005-0067","FWB-MOD005-0067","Faux Wood Beam MOD005 — FWB-MOD005","Высоко","Not Published","Published пуст","Уточнить и исправить статус публикации"
"990","FWB-MOD005-0068","FWB-MOD005-0068","Faux Wood Beam MOD005 — FWB-MOD005","Высоко","Not Published","Published пуст","Уточнить и исправить статус публикации"
"991","FWB-MOD005-0069","FWB-MOD005-0069","Faux Wood Beam MOD005 — FWB-MOD005","Высоко","Not Published","Published пуст","Уточнить и исправить статус публикации"
"992","FWB-MOD005-0070","FWB-MOD005-0070","Faux Wood Beam MOD005 — FWB-MOD005","Высоко","Not Published","Published пуст","Уточнить и исправить статус публикации"
"993","FWB-MOD005-0071","FWB-MOD005-0071","Faux Wood Beam MOD005 — FWB-MOD005","Высоко","Not Published","Published пуст","Уточнить и исправить статус публикации"
"994","FWB-MOD005-0072","FWB-MOD005-0072","Faux Wood Beam MOD005 — FWB-MOD005","Высоко","Not Published","Published пуст","Уточнить и исправить статус публикации"
"995","FWB-MOD005-0073","FWB-MOD005-0073","Faux Wood Beam MOD005 — FWB-MOD005","Высоко","Not Published","Published пуст","Уточнить и исправить статус публикации"
"996","FWB-MOD005-0074","FWB-MOD005-0074","Faux Wood Beam MOD005 — FWB-MOD005","Высоко","Not Published","Published пуст","Уточнить и исправить статус публикации"
"997","FWB-MOD005-0075","FWB-MOD005-0075","Faux Wood Beam MOD005 — FWB-MOD005","Высоко","Not Published","Published пуст","Уточнить и исправить статус публикации"
"998","FWB-MOD005-0076","FWB-MOD005-0076","Faux Wood Beam MOD005 — FWB-MOD005","Высоко","Not Published","Published пуст","Уточнить и исправить статус публикации"
"999","FWB-MOD005-0077","FWB-MOD005-0077","Faux Wood Beam MOD005 — FWB-MOD005","Высоко","Not Published","Published пуст","Уточнить и исправить статус публикации"
"1000","FWB-MOD005-0078","FWB-MOD005-0078","Faux Wood Beam MOD005 — FWB-MOD005","Высоко","Not Published","Published пуст","Уточнить и исправить статус публикации"
"1001","FWB-MOD005-0079","FWB-MOD005-0079","Faux Wood Beam MOD005 — FWB-MOD005","Высоко","Not Published","Published пуст","Уточнить и исправить статус публикации"
"1002","FWB-MOD005-0080","FWB-MOD005-0080","Faux Wood Beam MOD005 — FWB-MOD005","Высоко","Not Published","Published пуст","Уточнить и исправить статус публикации"
"1003","FWB-MOD005-0081","FWB-MOD005-0081","Faux Wood Beam MOD005 — FWB-MOD005","Высоко","Not Published","Published пуст","Уточнить и исправить статус публикации"
"1004","FWB-MOD006-0001","FWB-MOD006-0001","Faux Wood Beam MOD006 — FWB-MOD006","Высоко","Not Published","Published пуст","Уточнить и исправить статус публикации"
"1005","FWB-MOD006-0002","FWB-MOD006-0002","Faux Wood Beam MOD006 — FWB-MOD006","Высоко","Not Published","Published пуст","Уточнить и исправить статус публикации"
"1006","FWB-MOD006-0003","FWB-MOD006-0003","Faux Wood Beam MOD006 — FWB-MOD006","Высоко","Not Published","Published пуст","Уточнить и исправить статус публикации"
"1007","FWB-MOD006-0004","FWB-MOD006-0004","Faux Wood Beam MOD006 — FWB-MOD006","Высоко","Not Published","Published пуст","Уточнить и исправить статус публикации"
"1008","FWB-MOD006-0005","FWB-MOD006-0005","Faux Wood Beam MOD006 — FWB-MOD006","Высоко","Not Published","Published пуст","Уточнить и исправить статус публикации"
"1009","FWB-MOD006-0006","FWB-MOD006-0006","Faux Wood Beam MOD006 — FWB-MOD006","Высоко","Not Published","Published пуст","Уточнить и исправить статус публикации"
"1010","FWB-MOD006-0007","FWB-MOD006-0007","Faux Wood Beam MOD006 — FWB-MOD006","Высоко","Not Published","Published пуст","Уточнить и исправить статус публикации"
"1011","FWB-MOD006-0008","FWB-MOD006-0008","Faux Wood Beam MOD006 — FWB-MOD006","Высоко","Not Published","Published пуст","Уточнить и исправить статус публикации"
"1012","FWB-MOD006-0009","FWB-MOD006-0009","Faux Wood Beam MOD006 — FWB-MOD006","Высоко","Not Published","Published пуст","Уточнить и исправить статус публикации"
"1013","FWB-MOD006-0010","FWB-MOD006-0010","Faux Wood Beam MOD006 — FWB-MOD006","Высоко","Not Published","Published пуст","Уточнить и исправить статус публикации"
"1014","FWB-MOD006-0011","FWB-MOD006-0011","Faux Wood Beam MOD006 — FWB-MOD006","Высоко","Not Published","Published пуст","Уточнить и исправить статус публикации"
"1015","FWB-MOD006-0012","FWB-MOD006-0012","Faux Wood Beam MOD006 — FWB-MOD006","Высоко","Not Published","Published пуст","Уточнить и исправить статус публикации"
"1016","FWB-MOD006-0013","FWB-MOD006-0013","Faux Wood Beam MOD006 — FWB-MOD006","Высоко","Not Published","Published пуст","Уточнить и исправить статус публикации"
"1017","FWB-MOD006-0014","FWB-MOD006-0014","Faux Wood Beam MOD006 — FWB-MOD006","Высоко","Not Published","Published пуст","Уточнить и исправить статус публикации"
"1018","FWB-MOD006-0015","FWB-MOD006-0015","Faux Wood Beam MOD006 — FWB-MOD006","Высоко","Not Published","Published пуст","Уточнить и исправить статус публикации"
"1019","FWB-MOD006-0016","FWB-MOD006-0016","Faux Wood Beam MOD006 — FWB-MOD006","Высоко","Not Published","Published пуст","Уточнить и исправить статус публикации"
"1020","FWB-MOD006-0017","FWB-MOD006-0017","Faux Wood Beam MOD006 — FWB-MOD006","Высоко","Not Published","Published пуст","Уточнить и исправить статус публикации"
"1021","FWB-MOD006-0018","FWB-MOD006-0018","Faux Wood Beam MOD006 — FWB-MOD006","Высоко","Not Published","Published пуст","Уточнить и исправить статус публикации"
"1022","FWB-MOD006-0019","FWB-MOD006-0019","Faux Wood Beam MOD006 — FWB-MOD006","Высоко","Not Published","Published пуст","Уточнить и исправить статус публикации"
"1023","FWB-MOD006-0020","FWB-MOD006-0020","Faux Wood Beam MOD006 — FWB-MOD006","Высоко","Not Published","Published пуст","Уточнить и исправить статус публикации"
"1024","FWB-MOD006-0021","FWB-MOD006-0021","Faux Wood Beam MOD006 — FWB-MOD006","Высоко","Not Published","Published пуст","Уточнить и исправить статус публикации"
"1025","FWB-MOD006-0022","FWB-MOD006-0022","Faux Wood Beam MOD006 — FWB-MOD006","Высоко","Not Published","Published пуст","Уточнить и исправить статус публикации"
"1026","FWB-MOD006-0023","FWB-MOD006-0023","Faux Wood Beam MOD006 — FWB-MOD006","Высоко","Not Published","Published пуст","Уточнить и исправить статус публикации"
"1027","FWB-MOD006-0024","FWB-MOD006-0024","Faux Wood Beam MOD006 — FWB-MOD006","Высоко","Not Published","Published пуст","Уточнить и исправить статус публикации"
"1028","FWB-MOD006-0025","FWB-MOD006-0025","Faux Wood Beam MOD006 — FWB-MOD006","Высоко","Not Published","Published пуст","Уточнить и исправить статус публикации"
"1029","FWB-MOD006-0026","FWB-MOD006-0026","Faux Wood Beam MOD006 — FWB-MOD006","Высоко","Not Published","Published пуст","Уточнить и исправить статус публикации"
"1030","FWB-MOD006-0027","FWB-MOD006-0027","Faux Wood Beam MOD006 — FWB-MOD006","Высоко","Not Published","Published пуст","Уточнить и исправить статус публикации"
"1031","FWB-MOD006-0028","FWB-MOD006-0028","Faux Wood Beam MOD006 — FWB-MOD006","Высоко","Not Published","Published пуст","Уточнить и исправить статус публикации"
"1032","FWB-MOD006-0029","FWB-MOD006-0029","Faux Wood Beam MOD006 — FWB-MOD006","Высоко","Not Published","Published пуст","Уточнить и исправить статус публикации"
"1033","FWB-MOD006-0030","FWB-MOD006-0030","Faux Wood Beam MOD006 — FWB-MOD006","Высоко","Not Published","Published пуст","Уточнить и исправить статус публикации"
"1034","FWB-MOD006-0031","FWB-MOD006-0031","Faux Wood Beam MOD006 — FWB-MOD006","Высоко","Not Published","Published пуст","Уточнить и исправить статус публикации"
"1035","FWB-MOD006-0032","FWB-MOD006-0032","Faux Wood Beam MOD006 — FWB-MOD006","Высоко","Not Published","Published пуст","Уточнить и исправить статус публикации"
"1036","FWB-MOD006-0033","FWB-MOD006-0033","Faux Wood Beam MOD006 — FWB-MOD006","Высоко","Not Published","Published пуст","Уточнить и исправить статус публикации"
"1037","FWB-MOD006-0034","FWB-MOD006-0034","Faux Wood Beam MOD006 — FWB-MOD006","Высоко","Not Published","Published пуст","Уточнить и исправить статус публикации"
"1038","FWB-MOD006-0035","FWB-MOD006-0035","Faux Wood Beam MOD006 — FWB-MOD006","Высоко","Not Published","Published пуст","Уточнить и исправить статус публикации"
"1039","FWB-MOD006-0036","FWB-MOD006-0036","Faux Wood Beam MOD006 — FWB-MOD006","Высоко","Not Published","Published пуст","Уточнить и исправить статус публикации"
"1040","FWB-MOD006-0037","FWB-MOD006-0037","Faux Wood Beam MOD006 — FWB-MOD006","Высоко","Not Published","Published пуст","Уточнить и исправить статус публикации"
"1041","FWB-MOD006-0038","FWB-MOD006-0038","Faux Wood Beam MOD006 — FWB-MOD006","Высоко","Not Published","Published пуст","Уточнить и исправить статус публикации"
"1042","FWB-MOD006-0039","FWB-MOD006-0039","Faux Wood Beam MOD006 — FWB-MOD006","Высоко","Not Published","Published пуст","Уточнить и исправить статус публикации"
"1043","FWB-MOD006-0040","FWB-MOD006-0040","Faux Wood Beam MOD006 — FWB-MOD006","Высоко","Not Published","Published пуст","Уточнить и исправить статус публикации"
"1044","FWB-MOD006-0041","FWB-MOD006-0041","Faux Wood Beam MOD006 — FWB-MOD006","Высоко","Not Published","Published пуст","Уточнить и исправить статус публикации"
"1045","FWB-MOD006-0042","FWB-MOD006-0042","Faux Wood Beam MOD006 — FWB-MOD006","Высоко","Not Published","Published пуст","Уточнить и исправить статус публикации"
"1046","FWB-MOD006-0043","FWB-MOD006-0043","Faux Wood Beam MOD006 — FWB-MOD006","Высоко","Not Published","Published пуст","Уточнить и исправить статус публикации"
"1047","FWB-MOD006-0044","FWB-MOD006-0044","Faux Wood Beam MOD006 — FWB-MOD006","Высоко","Not Published","Published пуст","Уточнить и исправить статус публикации"
"1048","FWB-MOD006-0045","FWB-MOD006-0045","Faux Wood Beam MOD006 — FWB-MOD006","Высоко","Not Published","Published пуст","Уточнить и исправить статус публикации"
"1049","FWB-MOD006-0046","FWB-MOD006-0046","Faux Wood Beam MOD006 — FWB-MOD006","Высоко","Not Published","Published пуст","Уточнить и исправить статус публикации"
"1050","FWB-MOD006-0047","FWB-MOD006-0047","Faux Wood Beam MOD006 — FWB-MOD006","Высоко","Not Published","Published пуст","Уточнить и исправить статус публикации"
"1051","FWB-MOD006-0048","FWB-MOD006-0048","Faux Wood Beam MOD006 — FWB-MOD006","Высоко","Not Published","Published пуст","Уточнить и исправить статус публикации"
"1052","FWB-MOD006-0049","FWB-MOD006-0049","Faux Wood Beam MOD006 — FWB-MOD006","Высоко","Not Published","Published пуст","Уточнить и исправить статус публикации"
"1053","FWB-MOD006-0050","FWB-MOD006-0050","Faux Wood Beam MOD006 — FWB-MOD006","Высоко","Not Published","Published пуст","Уточнить и исправить статус публикации"
"1054","FWB-MOD006-0051","FWB-MOD006-0051","Faux Wood Beam MOD006 — FWB-MOD006","Высоко","Not Published","Published пуст","Уточнить и исправить статус публикации"
"1055","FWB-MOD006-0052","FWB-MOD006-0052","Faux Wood Beam MOD006 — FWB-MOD006","Высоко","Not Published","Published пуст","Уточнить и исправить статус публикации"
"1056","FWB-MOD006-0053","FWB-MOD006-0053","Faux Wood Beam MOD006 — FWB-MOD006","Высоко","Not Published","Published пуст","Уточнить и исправить статус публикации"
"1057","FWB-MOD006-0054","FWB-MOD006-0054","Faux Wood Beam MOD006 — FWB-MOD006","Высоко","Not Published","Published пуст","Уточнить и исправить статус публикации"
"1058","FWB-MOD006-0055","FWB-MOD006-0055","Faux Wood Beam MOD006 — FWB-MOD006","Высоко","Not Published","Published пуст","Уточнить и исправить статус публикации"
"1059","FWB-MOD006-0056","FWB-MOD006-0056","Faux Wood Beam MOD006 — FWB-MOD006","Высоко","Not Published","Published пуст","Уточнить и исправить статус публикации"
"1060","FWB-MOD006-0057","FWB-MOD006-0057","Faux Wood Beam MOD006 — FWB-MOD006","Высоко","Not Published","Published пуст","Уточнить и исправить статус публикации"
"1061","FWB-MOD006-0058","FWB-MOD006-0058","Faux Wood Beam MOD006 — FWB-MOD006","Высоко","Not Published","Published пуст","Уточнить и исправить статус публикации"
"1062","FWB-MOD006-0059","FWB-MOD006-0059","Faux Wood Beam MOD006 — FWB-MOD006","Высоко","Not Published","Published пуст","Уточнить и исправить статус публикации"
"1063","FWB-MOD006-0060","FWB-MOD006-0060","Faux Wood Beam MOD006 — FWB-MOD006","Высоко","Not Published","Published пуст","Уточнить и исправить статус публикации"
"1064","FWB-MOD006-0061","FWB-MOD006-0061","Faux Wood Beam MOD006 — FWB-MOD006","Высоко","Not Published","Published пуст","Уточнить и исправить статус публикации"
"1065","FWB-MOD006-0062","FWB-MOD006-0062","Faux Wood Beam MOD006 — FWB-MOD006","Высоко","Not Published","Published пуст","Уточнить и исправить статус публикации"
"1066","FWB-MOD006-0063","FWB-MOD006-0063","Faux Wood Beam MOD006 — FWB-MOD006","Высоко","Not Published","Published пуст","Уточнить и исправить статус публикации"
"1067","FWB-MOD006-0064","FWB-MOD006-0064","Faux Wood Beam MOD006 — FWB-MOD006","Высоко","Not Published","Published пуст","Уточнить и исправить статус публикации"
"1068","FWB-MOD006-0065","FWB-MOD006-0065","Faux Wood Beam MOD006 — FWB-MOD006","Высоко","Not Published","Published пуст","Уточнить и исправить статус публикации"
"1069","FWB-MOD006-0066","FWB-MOD006-0066","Faux Wood Beam MOD006 — FWB-MOD006","Высоко","Not Published","Published пуст","Уточнить и исправить статус публикации"
"1070","FWB-MOD006-0067","FWB-MOD006-0067","Faux Wood Beam MOD006 — FWB-MOD006","Высоко","Not Published","Published пуст","Уточнить и исправить статус публикации"
"1071","FWB-MOD006-0068","FWB-MOD006-0068","Faux Wood Beam MOD006 — FWB-MOD006","Высоко","Not Published","Published пуст","Уточнить и исправить статус публикации"
"1072","FWB-MOD006-0069","FWB-MOD006-0069","Faux Wood Beam MOD006 — FWB-MOD006","Высоко","Not Published","Published пуст","Уточнить и исправить статус публикации"
"1073","FWB-MOD006-0070","FWB-MOD006-0070","Faux Wood Beam MOD006 — FWB-MOD006","Высоко","Not Published","Published пуст","Уточнить и исправить статус публикации"
"1074","FWB-MOD006-0071","FWB-MOD006-0071","Faux Wood Beam MOD006 — FWB-MOD006","Высоко","Not Published","Published пуст","Уточнить и исправить статус публикации"
"1075","FWB-MOD006-0072","FWB-MOD006-0072","Faux Wood Beam MOD006 — FWB-MOD006","Высоко","Not Published","Published пуст","Уточнить и исправить статус публикации"
"1076","FWB-MOD006-0073","FWB-MOD006-0073","Faux Wood Beam MOD006 — FWB-MOD006","Высоко","Not Published","Published пуст","Уточнить и исправить статус публикации"
"1077","FWB-MOD006-0074","FWB-MOD006-0074","Faux Wood Beam MOD006 — FWB-MOD006","Высоко","Not Published","Published пуст","Уточнить и исправить статус публикации"
"1078","FWB-MOD006-0075","FWB-MOD006-0075","Faux Wood Beam MOD006 — FWB-MOD006","Высоко","Not Published","Published пуст","Уточнить и исправить статус публикации"
"1079","FWB-MOD006-0076","FWB-MOD006-0076","Faux Wood Beam MOD006 — FWB-MOD006","Высоко","Not Published","Published пуст","Уточнить и исправить статус публикации"
"1080","FWB-MOD006-0077","FWB-MOD006-0077","Faux Wood Beam MOD006 — FWB-MOD006","Высоко","Not Published","Published пуст","Уточнить и исправить статус публикации"
"1081","FWB-MOD006-0078","FWB-MOD006-0078","Faux Wood Beam MOD006 — FWB-MOD006","Высоко","Not Published","Published пуст","Уточнить и исправить статус публикации"
"1082","FWB-MOD006-0079","FWB-MOD006-0079","Faux Wood Beam MOD006 — FWB-MOD006","Высоко","Not Published","Published пуст","Уточнить и исправить статус публикации"
"1083","FWB-MOD006-0080","FWB-MOD006-0080","Faux Wood Beam MOD006 — FWB-MOD006","Высоко","Not Published","Published пуст","Уточнить и исправить статус публикации"
"1084","FWB-MOD006-0081","FWB-MOD006-0081","Faux Wood Beam MOD006 — FWB-MOD006","Высоко","Not Published","Published пуст","Уточнить и исправить статус публикации"
"1085","FWB-MOD007-0001","FWB-MOD007-0001","Faux Wood Beam MOD007 — FWB-MOD007","Высоко","Not Published","Published пуст","Уточнить и исправить статус публикации"
"1086","FWB-MOD007-0002","FWB-MOD007-0002","Faux Wood Beam MOD007 — FWB-MOD007","Высоко","Not Published","Published пуст","Уточнить и исправить статус публикации"
"1087","FWB-MOD007-0003","FWB-MOD007-0003","Faux Wood Beam MOD007 — FWB-MOD007","Высоко","Not Published","Published пуст","Уточнить и исправить статус публикации"
"1088","FWB-MOD007-0004","FWB-MOD007-0004","Faux Wood Beam MOD007 — FWB-MOD007","Высоко","Not Published","Published пуст","Уточнить и исправить статус публикации"
"1089","FWB-MOD007-0005","FWB-MOD007-0005","Faux Wood Beam MOD007 — FWB-MOD007","Высоко","Not Published","Published пуст","Уточнить и исправить статус публикации"
"1090","FWB-MOD007-0006","FWB-MOD007-0006","Faux Wood Beam MOD007 — FWB-MOD007","Высоко","Not Published","Published пуст","Уточнить и исправить статус публикации"
"1091","FWB-MOD007-0007","FWB-MOD007-0007","Faux Wood Beam MOD007 — FWB-MOD007","Высоко","Not Published","Published пуст","Уточнить и исправить статус публикации"
"1092","FWB-MOD007-0008","FWB-MOD007-0008","Faux Wood Beam MOD007 — FWB-MOD007","Высоко","Not Published","Published пуст","Уточнить и исправить статус публикации"
"1093","FWB-MOD007-0009","FWB-MOD007-0009","Faux Wood Beam MOD007 — FWB-MOD007","Высоко","Not Published","Published пуст","Уточнить и исправить статус публикации"
"1094","FWB-MOD007-0010","FWB-MOD007-0010","Faux Wood Beam MOD007 — FWB-MOD007","Высоко","Not Published","Published пуст","Уточнить и исправить статус публикации"
"1095","FWB-MOD007-0011","FWB-MOD007-0011","Faux Wood Beam MOD007 — FWB-MOD007","Высоко","Not Published","Published пуст","Уточнить и исправить статус публикации"
"1096","FWB-MOD007-0012","FWB-MOD007-0012","Faux Wood Beam MOD007 — FWB-MOD007","Высоко","Not Published","Published пуст","Уточнить и исправить статус публикации"
"1097","FWB-MOD007-0013","FWB-MOD007-0013","Faux Wood Beam MOD007 — FWB-MOD007","Высоко","Not Published","Published пуст","Уточнить и исправить статус публикации"
"1098","FWB-MOD007-0014","FWB-MOD007-0014","Faux Wood Beam MOD007 — FWB-MOD007","Высоко","Not Published","Published пуст","Уточнить и исправить статус публикации"
"1099","FWB-MOD007-0015","FWB-MOD007-0015","Faux Wood Beam MOD007 — FWB-MOD007","Высоко","Not Published","Published пуст","Уточнить и исправить статус публикации"
"1100","FWB-MOD007-0016","FWB-MOD007-0016","Faux Wood Beam MOD007 — FWB-MOD007","Высоко","Not Published","Published пуст","Уточнить и исправить статус публикации"
"1101","FWB-MOD007-0017","FWB-MOD007-0017","Faux Wood Beam MOD007 — FWB-MOD007","Высоко","Not Published","Published пуст","Уточнить и исправить статус публикации"
"1102","FWB-MOD007-0018","FWB-MOD007-0018","Faux Wood Beam MOD007 — FWB-MOD007","Высоко","Not Published","Published пуст","Уточнить и исправить статус публикации"
"1103","FWB-MOD007-0019","FWB-MOD007-0019","Faux Wood Beam MOD007 — FWB-MOD007","Высоко","Not Published","Published пуст","Уточнить и исправить статус публикации"
"1104","FWB-MOD007-0020","FWB-MOD007-0020","Faux Wood Beam MOD007 — FWB-MOD007","Высоко","Not Published","Published пуст","Уточнить и исправить статус публикации"
"1105","FWB-MOD007-0021","FWB-MOD007-0021","Faux Wood Beam MOD007 — FWB-MOD007","Высоко","Not Published","Published пуст","Уточнить и исправить статус публикации"
"1106","FWB-MOD007-0022","FWB-MOD007-0022","Faux Wood Beam MOD007 — FWB-MOD007","Высоко","Not Published","Published пуст","Уточнить и исправить статус публикации"
"1107","FWB-MOD007-0023","FWB-MOD007-0023","Faux Wood Beam MOD007 — FWB-MOD007","Высоко","Not Published","Published пуст","Уточнить и исправить статус публикации"
"1108","FWB-MOD007-0024","FWB-MOD007-0024","Faux Wood Beam MOD007 — FWB-MOD007","Высоко","Not Published","Published пуст","Уточнить и исправить статус публикации"
"1109","FWB-MOD007-0025","FWB-MOD007-0025","Faux Wood Beam MOD007 — FWB-MOD007","Высоко","Not Published","Published пуст","Уточнить и исправить статус публикации"
"1110","FWB-MOD007-0026","FWB-MOD007-0026","Faux Wood Beam MOD007 — FWB-MOD007","Высоко","Not Published","Published пуст","Уточнить и исправить статус публикации"
"1111","FWB-MOD007-0027","FWB-MOD007-0027","Faux Wood Beam MOD007 — FWB-MOD007","Высоко","Not Published","Published пуст","Уточнить и исправить статус публикации"
"1112","FWB-MOD007-0028","FWB-MOD007-0028","Faux Wood Beam MOD007 — FWB-MOD007","Высоко","Not Published","Published пуст","Уточнить и исправить статус публикации"
"1113","FWB-MOD007-0029","FWB-MOD007-0029","Faux Wood Beam MOD007 — FWB-MOD007","Высоко","Not Published","Published пуст","Уточнить и исправить статус публикации"
"1114","FWB-MOD007-0030","FWB-MOD007-0030","Faux Wood Beam MOD007 — FWB-MOD007","Высоко","Not Published","Published пуст","Уточнить и исправить статус публикации"
"1115","FWB-MOD007-0031","FWB-MOD007-0031","Faux Wood Beam MOD007 — FWB-MOD007","Высоко","Not Published","Published пуст","Уточнить и исправить статус публикации"
"1116","FWB-MOD007-0032","FWB-MOD007-0032","Faux Wood Beam MOD007 — FWB-MOD007","Высоко","Not Published","Published пуст","Уточнить и исправить статус публикации"
"1117","FWB-MOD007-0033","FWB-MOD007-0033","Faux Wood Beam MOD007 — FWB-MOD007","Высоко","Not Published","Published пуст","Уточнить и исправить статус публикации"
"1118","FWB-MOD007-0034","FWB-MOD007-0034","Faux Wood Beam MOD007 — FWB-MOD007","Высоко","Not Published","Published пуст","Уточнить и исправить статус публикации"
"1119","FWB-MOD007-0035","FWB-MOD007-0035","Faux Wood Beam MOD007 — FWB-MOD007","Высоко","Not Published","Published пуст","Уточнить и исправить статус публикации"
"1120","FWB-MOD007-0036","FWB-MOD007-0036","Faux Wood Beam MOD007 — FWB-MOD007","Высоко","Not Published","Published пуст","Уточнить и исправить статус публикации"
"1121","FWB-MOD007-0037","FWB-MOD007-0037","Faux Wood Beam MOD007 — FWB-MOD007","Высоко","Not Published","Published пуст","Уточнить и исправить статус публикации"
"1122","FWB-MOD007-0038","FWB-MOD007-0038","Faux Wood Beam MOD007 — FWB-MOD007","Высоко","Not Published","Published пуст","Уточнить и исправить статус публикации"
"1123","FWB-MOD007-0039","FWB-MOD007-0039","Faux Wood Beam MOD007 — FWB-MOD007","Высоко","Not Published","Published пуст","Уточнить и исправить статус публикации"
"1124","FWB-MOD007-0040","FWB-MOD007-0040","Faux Wood Beam MOD007 — FWB-MOD007","Высоко","Not Published","Published пуст","Уточнить и исправить статус публикации"
"1125","FWB-MOD007-0041","FWB-MOD007-0041","Faux Wood Beam MOD007 — FWB-MOD007","Высоко","Not Published","Published пуст","Уточнить и исправить статус публикации"
"1126","FWB-MOD007-0042","FWB-MOD007-0042","Faux Wood Beam MOD007 — FWB-MOD007","Высоко","Not Published","Published пуст","Уточнить и исправить статус публикации"
"1127","FWB-MOD007-0043","FWB-MOD007-0043","Faux Wood Beam MOD007 — FWB-MOD007","Высоко","Not Published","Published пуст","Уточнить и исправить статус публикации"
"1128","FWB-MOD007-0044","FWB-MOD007-0044","Faux Wood Beam MOD007 — FWB-MOD007","Высоко","Not Published","Published пуст","Уточнить и исправить статус публикации"
"1129","FWB-MOD007-0045","FWB-MOD007-0045","Faux Wood Beam MOD007 — FWB-MOD007","Высоко","Not Published","Published пуст","Уточнить и исправить статус публикации"
"1130","FWB-MOD007-0046","FWB-MOD007-0046","Faux Wood Beam MOD007 — FWB-MOD007","Высоко","Not Published","Published пуст","Уточнить и исправить статус публикации"
"1131","FWB-MOD007-0047","FWB-MOD007-0047","Faux Wood Beam MOD007 — FWB-MOD007","Высоко","Not Published","Published пуст","Уточнить и исправить статус публикации"
"1132","FWB-MOD007-0048","FWB-MOD007-0048","Faux Wood Beam MOD007 — FWB-MOD007","Высоко","Not Published","Published пуст","Уточнить и исправить статус публикации"
"1133","FWB-MOD007-0049","FWB-MOD007-0049","Faux Wood Beam MOD007 — FWB-MOD007","Высоко","Not Published","Published пуст","Уточнить и исправить статус публикации"
"1134","FWB-MOD007-0050","FWB-MOD007-0050","Faux Wood Beam MOD007 — FWB-MOD007","Высоко","Not Published","Published пуст","Уточнить и исправить статус публикации"
"1135","FWB-MOD007-0051","FWB-MOD007-0051","Faux Wood Beam MOD007 — FWB-MOD007","Высоко","Not Published","Published пуст","Уточнить и исправить статус публикации"
"1136","FWB-MOD007-0052","FWB-MOD007-0052","Faux Wood Beam MOD007 — FWB-MOD007","Высоко","Not Published","Published пуст","Уточнить и исправить статус публикации"
"1137","FWB-MOD007-0053","FWB-MOD007-0053","Faux Wood Beam MOD007 — FWB-MOD007","Высоко","Not Published","Published пуст","Уточнить и исправить статус публикации"
"1138","FWB-MOD007-0054","FWB-MOD007-0054","Faux Wood Beam MOD007 — FWB-MOD007","Высоко","Not Published","Published пуст","Уточнить и исправить статус публикации"
"1139","FWB-MOD007-0055","FWB-MOD007-0055","Faux Wood Beam MOD007 — FWB-MOD007","Высоко","Not Published","Published пуст","Уточнить и исправить статус публикации"
"1140","FWB-MOD007-0056","FWB-MOD007-0056","Faux Wood Beam MOD007 — FWB-MOD007","Высоко","Not Published","Published пуст","Уточнить и исправить статус публикации"
"1141","FWB-MOD007-0057","FWB-MOD007-0057","Faux Wood Beam MOD007 — FWB-MOD007","Высоко","Not Published","Published пуст","Уточнить и исправить статус публикации"
"1142","FWB-MOD007-0058","FWB-MOD007-0058","Faux Wood Beam MOD007 — FWB-MOD007","Высоко","Not Published","Published пуст","Уточнить и исправить статус публикации"
"1143","FWB-MOD007-0059","FWB-MOD007-0059","Faux Wood Beam MOD007 — FWB-MOD007","Высоко","Not Published","Published пуст","Уточнить и исправить статус публикации"
"1144","FWB-MOD007-0060","FWB-MOD007-0060","Faux Wood Beam MOD007 — FWB-MOD007","Высоко","Not Published","Published пуст","Уточнить и исправить статус публикации"
"1145","FWB-MOD007-0061","FWB-MOD007-0061","Faux Wood Beam MOD007 — FWB-MOD007","Высоко","Not Published","Published пуст","Уточнить и исправить статус публикации"
"1146","FWB-MOD007-0062","FWB-MOD007-0062","Faux Wood Beam MOD007 — FWB-MOD007","Высоко","Not Published","Published пуст","Уточнить и исправить статус публикации"
"1147","FWB-MOD007-0063","FWB-MOD007-0063","Faux Wood Beam MOD007 — FWB-MOD007","Высоко","Not Published","Published пуст","Уточнить и исправить статус публикации"
"1148","FWB-MOD007-0064","FWB-MOD007-0064","Faux Wood Beam MOD007 — FWB-MOD007","Высоко","Not Published","Published пуст","Уточнить и исправить статус публикации"
"1149","FWB-MOD007-0065","FWB-MOD007-0065","Faux Wood Beam MOD007 — FWB-MOD007","Высоко","Not Published","Published пуст","Уточнить и исправить статус публикации"
"1150","FWB-MOD007-0066","FWB-MOD007-0066","Faux Wood Beam MOD007 — FWB-MOD007","Высоко","Not Published","Published пуст","Уточнить и исправить статус публикации"
"1151","FWB-MOD007-0067","FWB-MOD007-0067","Faux Wood Beam MOD007 — FWB-MOD007","Высоко","Not Published","Published пуст","Уточнить и исправить статус публикации"
"1152","FWB-MOD007-0068","FWB-MOD007-0068","Faux Wood Beam MOD007 — FWB-MOD007","Высоко","Not Published","Published пуст","Уточнить и исправить статус публикации"
"1153","FWB-MOD007-0069","FWB-MOD007-0069","Faux Wood Beam MOD007 — FWB-MOD007","Высоко","Not Published","Published пуст","Уточнить и исправить статус публикации"
"1154","FWB-MOD007-0070","FWB-MOD007-0070","Faux Wood Beam MOD007 — FWB-MOD007","Высоко","Not Published","Published пуст","Уточнить и исправить статус публикации"
"1155","FWB-MOD007-0071","FWB-MOD007-0071","Faux Wood Beam MOD007 — FWB-MOD007","Высоко","Not Published","Published пуст","Уточнить и исправить статус публикации"
"1156","FWB-MOD007-0072","FWB-MOD007-0072","Faux Wood Beam MOD007 — FWB-MOD007","Высоко","Not Published","Published пуст","Уточнить и исправить статус публикации"
"1157","FWB-MOD007-0073","FWB-MOD007-0073","Faux Wood Beam MOD007 — FWB-MOD007","Высоко","Not Published","Published пуст","Уточнить и исправить статус публикации"
"1158","FWB-MOD007-0074","FWB-MOD007-0074","Faux Wood Beam MOD007 — FWB-MOD007","Высоко","Not Published","Published пуст","Уточнить и исправить статус публикации"
"1159","FWB-MOD007-0075","FWB-MOD007-0075","Faux Wood Beam MOD007 — FWB-MOD007","Высоко","Not Published","Published пуст","Уточнить и исправить статус публикации"
"1160","FWB-MOD007-0076","FWB-MOD007-0076","Faux Wood Beam MOD007 — FWB-MOD007","Высоко","Not Published","Published пуст","Уточнить и исправить статус публикации"
"1161","FWB-MOD007-0077","FWB-MOD007-0077","Faux Wood Beam MOD007 — FWB-MOD007","Высоко","Not Published","Published пуст","Уточнить и исправить статус публикации"
"1162","FWB-MOD007-0078","FWB-MOD007-0078","Faux Wood Beam MOD007 — FWB-MOD007","Высоко","Not Published","Published пуст","Уточнить и исправить статус публикации"
"1163","FWB-MOD007-0079","FWB-MOD007-0079","Faux Wood Beam MOD007 — FWB-MOD007","Высоко","Not Published","Published пуст","Уточнить и исправить статус публикации"
"1164","FWB-MOD007-0080","FWB-MOD007-0080","Faux Wood Beam MOD007 — FWB-MOD007","Высоко","Not Published","Published пуст","Уточнить и исправить статус публикации"
"1165","FWB-MOD007-0081","FWB-MOD007-0081","Faux Wood Beam MOD007 — FWB-MOD007","Высоко","Not Published","Published пуст","Уточнить и исправить статус публикации"
"1166","FWB-MOD008-0001","FWB-MOD008-0001","Faux Wood Beam MOD008 — FWB-MOD008","Высоко","Not Published","Published пуст","Уточнить и исправить статус публикации"
"1167","FWB-MOD008-0002","FWB-MOD008-0002","Faux Wood Beam MOD008 — FWB-MOD008","Высоко","Not Published","Published пуст","Уточнить и исправить статус публикации"
"1168","FWB-MOD008-0003","FWB-MOD008-0003","Faux Wood Beam MOD008 — FWB-MOD008","Высоко","Not Published","Published пуст","Уточнить и исправить статус публикации"
"1169","FWB-MOD008-0004","FWB-MOD008-0004","Faux Wood Beam MOD008 — FWB-MOD008","Высоко","Not Published","Published пуст","Уточнить и исправить статус публикации"
"1170","FWB-MOD008-0005","FWB-MOD008-0005","Faux Wood Beam MOD008 — FWB-MOD008","Высоко","Not Published","Published пуст","Уточнить и исправить статус публикации"
"1171","FWB-MOD008-0006","FWB-MOD008-0006","Faux Wood Beam MOD008 — FWB-MOD008","Высоко","Not Published","Published пуст","Уточнить и исправить статус публикации"
"1172","FWB-MOD008-0007","FWB-MOD008-0007","Faux Wood Beam MOD008 — FWB-MOD008","Высоко","Not Published","Published пуст","Уточнить и исправить статус публикации"
"1173","FWB-MOD008-0008","FWB-MOD008-0008","Faux Wood Beam MOD008 — FWB-MOD008","Высоко","Not Published","Published пуст","Уточнить и исправить статус публикации"
"1174","FWB-MOD008-0009","FWB-MOD008-0009","Faux Wood Beam MOD008 — FWB-MOD008","Высоко","Not Published","Published пуст","Уточнить и исправить статус публикации"
"1175","FWB-MOD008-0010","FWB-MOD008-0010","Faux Wood Beam MOD008 — FWB-MOD008","Высоко","Not Published","Published пуст","Уточнить и исправить статус публикации"
"1176","FWB-MOD008-0011","FWB-MOD008-0011","Faux Wood Beam MOD008 — FWB-MOD008","Высоко","Not Published","Published пуст","Уточнить и исправить статус публикации"
"1177","FWB-MOD008-0012","FWB-MOD008-0012","Faux Wood Beam MOD008 — FWB-MOD008","Высоко","Not Published","Published пуст","Уточнить и исправить статус публикации"
"1178","FWB-MOD008-0013","FWB-MOD008-0013","Faux Wood Beam MOD008 — FWB-MOD008","Высоко","Not Published","Published пуст","Уточнить и исправить статус публикации"
"1179","FWB-MOD008-0014","FWB-MOD008-0014","Faux Wood Beam MOD008 — FWB-MOD008","Высоко","Not Published","Published пуст","Уточнить и исправить статус публикации"
"1180","FWB-MOD008-0015","FWB-MOD008-0015","Faux Wood Beam MOD008 — FWB-MOD008","Высоко","Not Published","Published пуст","Уточнить и исправить статус публикации"
"1181","FWB-MOD008-0016","FWB-MOD008-0016","Faux Wood Beam MOD008 — FWB-MOD008","Высоко","Not Published","Published пуст","Уточнить и исправить статус публикации"
"1182","FWB-MOD008-0017","FWB-MOD008-0017","Faux Wood Beam MOD008 — FWB-MOD008","Высоко","Not Published","Published пуст","Уточнить и исправить статус публикации"
"1183","FWB-MOD008-0018","FWB-MOD008-0018","Faux Wood Beam MOD008 — FWB-MOD008","Высоко","Not Published","Published пуст","Уточнить и исправить статус публикации"
"1184","FWB-MOD008-0019","FWB-MOD008-0019","Faux Wood Beam MOD008 — FWB-MOD008","Высоко","Not Published","Published пуст","Уточнить и исправить статус публикации"
"1185","FWB-MOD008-0020","FWB-MOD008-0020","Faux Wood Beam MOD008 — FWB-MOD008","Высоко","Not Published","Published пуст","Уточнить и исправить статус публикации"
"1186","FWB-MOD008-0021","FWB-MOD008-0021","Faux Wood Beam MOD008 — FWB-MOD008","Высоко","Not Published","Published пуст","Уточнить и исправить статус публикации"
"1187","FWB-MOD008-0022","FWB-MOD008-0022","Faux Wood Beam MOD008 — FWB-MOD008","Высоко","Not Published","Published пуст","Уточнить и исправить статус публикации"
"1188","FWB-MOD008-0023","FWB-MOD008-0023","Faux Wood Beam MOD008 — FWB-MOD008","Высоко","Not Published","Published пуст","Уточнить и исправить статус публикации"
"1189","FWB-MOD008-0024","FWB-MOD008-0024","Faux Wood Beam MOD008 — FWB-MOD008","Высоко","Not Published","Published пуст","Уточнить и исправить статус публикации"
"1190","FWB-MOD008-0025","FWB-MOD008-0025","Faux Wood Beam MOD008 — FWB-MOD008","Высоко","Not Published","Published пуст","Уточнить и исправить статус публикации"
"1191","FWB-MOD008-0026","FWB-MOD008-0026","Faux Wood Beam MOD008 — FWB-MOD008","Высоко","Not Published","Published пуст","Уточнить и исправить статус публикации"
"1192","FWB-MOD008-0027","FWB-MOD008-0027","Faux Wood Beam MOD008 — FWB-MOD008","Высоко","Not Published","Published пуст","Уточнить и исправить статус публикации"
"1193","FWB-MOD008-0028","FWB-MOD008-0028","Faux Wood Beam MOD008 — FWB-MOD008","Высоко","Not Published","Published пуст","Уточнить и исправить статус публикации"
"1194","FWB-MOD008-0029","FWB-MOD008-0029","Faux Wood Beam MOD008 — FWB-MOD008","Высоко","Not Published","Published пуст","Уточнить и исправить статус публикации"
"1195","FWB-MOD008-0030","FWB-MOD008-0030","Faux Wood Beam MOD008 — FWB-MOD008","Высоко","Not Published","Published пуст","Уточнить и исправить статус публикации"
"1196","FWB-MOD008-0031","FWB-MOD008-0031","Faux Wood Beam MOD008 — FWB-MOD008","Высоко","Not Published","Published пуст","Уточнить и исправить статус публикации"
"1197","FWB-MOD008-0032","FWB-MOD008-0032","Faux Wood Beam MOD008 — FWB-MOD008","Высоко","Not Published","Published пуст","Уточнить и исправить статус публикации"
"1198","FWB-MOD008-0033","FWB-MOD008-0033","Faux Wood Beam MOD008 — FWB-MOD008","Высоко","Not Published","Published пуст","Уточнить и исправить статус публикации"
"1199","FWB-MOD008-0034","FWB-MOD008-0034","Faux Wood Beam MOD008 — FWB-MOD008","Высоко","Not Published","Published пуст","Уточнить и исправить статус публикации"
"1200","FWB-MOD008-0035","FWB-MOD008-0035","Faux Wood Beam MOD008 — FWB-MOD008","Высоко","Not Published","Published пуст","Уточнить и исправить статус публикации"
"1201","FWB-MOD008-0036","FWB-MOD008-0036","Faux Wood Beam MOD008 — FWB-MOD008","Высоко","Not Published","Published пуст","Уточнить и исправить статус публикации"
"1202","FWB-MOD008-0037","FWB-MOD008-0037","Faux Wood Beam MOD008 — FWB-MOD008","Высоко","Not Published","Published пуст","Уточнить и исправить статус публикации"
"1203","FWB-MOD008-0038","FWB-MOD008-0038","Faux Wood Beam MOD008 — FWB-MOD008","Высоко","Not Published","Published пуст","Уточнить и исправить статус публикации"
"1204","FWB-MOD008-0039","FWB-MOD008-0039","Faux Wood Beam MOD008 — FWB-MOD008","Высоко","Not Published","Published пуст","Уточнить и исправить статус публикации"
"1205","FWB-MOD008-0040","FWB-MOD008-0040","Faux Wood Beam MOD008 — FWB-MOD008","Высоко","Not Published","Published пуст","Уточнить и исправить статус публикации"
"1206","FWB-MOD008-0041","FWB-MOD008-0041","Faux Wood Beam MOD008 — FWB-MOD008","Высоко","Not Published","Published пуст","Уточнить и исправить статус публикации"
"1207","FWB-MOD008-0042","FWB-MOD008-0042","Faux Wood Beam MOD008 — FWB-MOD008","Высоко","Not Published","Published пуст","Уточнить и исправить статус публикации"
"1208","FWB-MOD008-0043","FWB-MOD008-0043","Faux Wood Beam MOD008 — FWB-MOD008","Высоко","Not Published","Published пуст","Уточнить и исправить статус публикации"
"1209","FWB-MOD008-0044","FWB-MOD008-0044","Faux Wood Beam MOD008 — FWB-MOD008","Высоко","Not Published","Published пуст","Уточнить и исправить статус публикации"
"1210","FWB-MOD008-0045","FWB-MOD008-0045","Faux Wood Beam MOD008 — FWB-MOD008","Высоко","Not Published","Published пуст","Уточнить и исправить статус публикации"
"1211","FWB-MOD008-0046","FWB-MOD008-0046","Faux Wood Beam MOD008 — FWB-MOD008","Высоко","Not Published","Published пуст","Уточнить и исправить статус публикации"
"1212","FWB-MOD008-0047","FWB-MOD008-0047","Faux Wood Beam MOD008 — FWB-MOD008","Высоко","Not Published","Published пуст","Уточнить и исправить статус публикации"
"1213","FWB-MOD008-0048","FWB-MOD008-0048","Faux Wood Beam MOD008 — FWB-MOD008","Высоко","Not Published","Published пуст","Уточнить и исправить статус публикации"
"1214","FWB-MOD008-0049","FWB-MOD008-0049","Faux Wood Beam MOD008 — FWB-MOD008","Высоко","Not Published","Published пуст","Уточнить и исправить статус публикации"
"1215","FWB-MOD008-0050","FWB-MOD008-0050","Faux Wood Beam MOD008 — FWB-MOD008","Высоко","Not Published","Published пуст","Уточнить и исправить статус публикации"
"1216","FWB-MOD008-0051","FWB-MOD008-0051","Faux Wood Beam MOD008 — FWB-MOD008","Высоко","Not Published","Published пуст","Уточнить и исправить статус публикации"
"1217","FWB-MOD008-0052","FWB-MOD008-0052","Faux Wood Beam MOD008 — FWB-MOD008","Высоко","Not Published","Published пуст","Уточнить и исправить статус публикации"
"1218","FWB-MOD008-0053","FWB-MOD008-0053","Faux Wood Beam MOD008 — FWB-MOD008","Высоко","Not Published","Published пуст","Уточнить и исправить статус публикации"
"1219","FWB-MOD008-0054","FWB-MOD008-0054","Faux Wood Beam MOD008 — FWB-MOD008","Высоко","Not Published","Published пуст","Уточнить и исправить статус публикации"
"1220","FWB-MOD008-0055","FWB-MOD008-0055","Faux Wood Beam MOD008 — FWB-MOD008","Высоко","Not Published","Published пуст","Уточнить и исправить статус публикации"
"1221","FWB-MOD008-0056","FWB-MOD008-0056","Faux Wood Beam MOD008 — FWB-MOD008","Высоко","Not Published","Published пуст","Уточнить и исправить статус публикации"
"1222","FWB-MOD008-0057","FWB-MOD008-0057","Faux Wood Beam MOD008 — FWB-MOD008","Высоко","Not Published","Published пуст","Уточнить и исправить статус публикации"
"1223","FWB-MOD008-0058","FWB-MOD008-0058","Faux Wood Beam MOD008 — FWB-MOD008","Высоко","Not Published","Published пуст","Уточнить и исправить статус публикации"
"1224","FWB-MOD008-0059","FWB-MOD008-0059","Faux Wood Beam MOD008 — FWB-MOD008","Высоко","Not Published","Published пуст","Уточнить и исправить статус публикации"
"1225","FWB-MOD008-0060","FWB-MOD008-0060","Faux Wood Beam MOD008 — FWB-MOD008","Высоко","Not Published","Published пуст","Уточнить и исправить статус публикации"
"1226","FWB-MOD008-0061","FWB-MOD008-0061","Faux Wood Beam MOD008 — FWB-MOD008","Высоко","Not Published","Published пуст","Уточнить и исправить статус публикации"
"1227","FWB-MOD008-0062","FWB-MOD008-0062","Faux Wood Beam MOD008 — FWB-MOD008","Высоко","Not Published","Published пуст","Уточнить и исправить статус публикации"
"1228","FWB-MOD008-0063","FWB-MOD008-0063","Faux Wood Beam MOD008 — FWB-MOD008","Высоко","Not Published","Published пуст","Уточнить и исправить статус публикации"
"1229","FWB-MOD008-0064","FWB-MOD008-0064","Faux Wood Beam MOD008 — FWB-MOD008","Высоко","Not Published","Published пуст","Уточнить и исправить статус публикации"
"1230","FWB-MOD008-0065","FWB-MOD008-0065","Faux Wood Beam MOD008 — FWB-MOD008","Высоко","Not Published","Published пуст","Уточнить и исправить статус публикации"
"1231","FWB-MOD008-0066","FWB-MOD008-0066","Faux Wood Beam MOD008 — FWB-MOD008","Высоко","Not Published","Published пуст","Уточнить и исправить статус публикации"
"1232","FWB-MOD008-0067","FWB-MOD008-0067","Faux Wood Beam MOD008 — FWB-MOD008","Высоко","Not Published","Published пуст","Уточнить и исправить статус публикации"
"1233","FWB-MOD008-0068","FWB-MOD008-0068","Faux Wood Beam MOD008 — FWB-MOD008","Высоко","Not Published","Published пуст","Уточнить и исправить статус публикации"
"1234","FWB-MOD008-0069","FWB-MOD008-0069","Faux Wood Beam MOD008 — FWB-MOD008","Высоко","Not Published","Published пуст","Уточнить и исправить статус публикации"
"1235","FWB-MOD008-0070","FWB-MOD008-0070","Faux Wood Beam MOD008 — FWB-MOD008","Высоко","Not Published","Published пуст","Уточнить и исправить статус публикации"
"1236","FWB-MOD008-0071","FWB-MOD008-0071","Faux Wood Beam MOD008 — FWB-MOD008","Высоко","Not Published","Published пуст","Уточнить и исправить статус публикации"
"1237","FWB-MOD008-0072","FWB-MOD008-0072","Faux Wood Beam MOD008 — FWB-MOD008","Высоко","Not Published","Published пуст","Уточнить и исправить статус публикации"
"1238","FWB-MOD008-0073","FWB-MOD008-0073","Faux Wood Beam MOD008 — FWB-MOD008","Высоко","Not Published","Published пуст","Уточнить и исправить статус публикации"
"1239","FWB-MOD008-0074","FWB-MOD008-0074","Faux Wood Beam MOD008 — FWB-MOD008","Высоко","Not Published","Published пуст","Уточнить и исправить статус публикации"
"1240","FWB-MOD008-0075","FWB-MOD008-0075","Faux Wood Beam MOD008 — FWB-MOD008","Высоко","Not Published","Published пуст","Уточнить и исправить статус публикации"
"1241","FWB-MOD008-0076","FWB-MOD008-0076","Faux Wood Beam MOD008 — FWB-MOD008","Высоко","Not Published","Published пуст","Уточнить и исправить статус публикации"
"1242","FWB-MOD008-0077","FWB-MOD008-0077","Faux Wood Beam MOD008 — FWB-MOD008","Высоко","Not Published","Published пуст","Уточнить и исправить статус публикации"
"1243","FWB-MOD008-0078","FWB-MOD008-0078","Faux Wood Beam MOD008 — FWB-MOD008","Высоко","Not Published","Published пуст","Уточнить и исправить статус публикации"
"1244","FWB-MOD008-0079","FWB-MOD008-0079","Faux Wood Beam MOD008 — FWB-MOD008","Высоко","Not Published","Published пуст","Уточнить и исправить статус публикации"
"1245","FWB-MOD008-0080","FWB-MOD008-0080","Faux Wood Beam MOD008 — FWB-MOD008","Высоко","Not Published","Published пуст","Уточнить и исправить статус публикации"
"1246","FWB-MOD008-0081","FWB-MOD008-0081","Faux Wood Beam MOD008 — FWB-MOD008","Высоко","Not Published","Published пуст","Уточнить и исправить статус публикации"
"3","Variation — recKl8HY8OgzjbMBw","","Round Column Set - Tuscan Cap & Base — 0081E","Средне","Missing Active status","Is Active? пуст","Заполнить статус"
"4","Variation — recJokRNP9rLQUCgk","","Round Column Set - Tuscan Cap & Base — 111","Средне","Missing Active status","Is Active? пуст","Заполнить статус"
"5","TEST-VARIABLE-001-S","TEST-VARIABLE-001-S","","Высоко","Test SKU","TEST-VARIABLE-001-S","Исключить из production"
"6","TEST-VARIABLE-001-L","TEST-VARIABLE-001-L","","Высоко","Test SKU","TEST-VARIABLE-001-L","Исключить из production"
"7","TEST-VARIABLE-055-test","TEST-VARIABLE-055-test","test airtable 334 — TEST-VARIABLE11-004","Высоко","Test SKU","TEST-VARIABLE-055-test","Исключить из production"
"8","TEST-VARIABLE-1","TEST-VARIABLE-1","test airtable 1 — TEST-VARIABLE1","Высоко","Test SKU","TEST-VARIABLE-1","Исключить из production"
"10","TEST-VARIABLE-999","TEST-VARIABLE-999","test airtable 1 — TEST-VARIABLE1","Высоко","Test SKU","TEST-VARIABLE-999","Исключить из production"
"7","TEST-VARIABLE-055-test","TEST-VARIABLE-055-test","test airtable 334 — TEST-VARIABLE11-004","Средне","Legacy tier pricing format","7:173,20:165","Преобразовать в JSON"
"8","TEST-VARIABLE-1","TEST-VARIABLE-1","test airtable 1 — TEST-VARIABLE1","Средне","Legacy tier pricing format","7:173,20:165","Преобразовать в JSON"
